block_id,block_section_id,tasks_included,departments,merge_group_id,requested_start,requested_duration_min,sanctioned_start,sanctioned_duration_min,actual_start,actual_end,availed,overrun_min,overrun_reason,crew_id,machine_id,weather,season,was_merged
BLK-2025-00001,TRL-AJJ-DN_SUB,TRD-2025-01836,TRD,,2025-12-16 02:00,151,2025-12-16 02:00,189,2025-12-16 01:53,2025-12-16 05:01,true,-1,none,TRD-AJJ-A,OHE-TC-04,heavy_rain,monsoon,false
BLK-2026-00002,MAS-BBQ-UP_SUB,ENG-2026-05730,ENG,,2026-04-22 02:15,218,2026-04-22 02:15,271,2026-04-22 02:30,2026-04-22 06:23,true,-38,none,ENG-ENR-B,TAMP-SR-07,clear,normal,false
BLK-2025-00003,MSB-MS-UP_SUB,ENG-2025-04256,ENG,,2025-11-19 02:45,397,2025-11-19 02:45,494,2025-11-19 02:56,2025-11-19 09:58,true,-72,none,ENG-MBM-A,,rain,monsoon,false
BLK-2026-00004,CGL-WJ-SINGLE,ENG-2026-05316,ENG,,2026-07-09 01:30,145,2026-07-09 01:15,167,2026-07-09 01:32,2026-07-09 04:26,true,7,none,ENG-TRL-B,,clear,normal,false
BLK-2026-00005,MSB-MS-UP_SUB,SNT-2026-01364,SNT,,2026-05-24 03:30,119,2026-05-24 03:30,145,2026-05-24 03:47,2026-05-24 05:55,true,-17,none,SNT-CJ-A,,rain,normal,false
BLK-2026-00006,TI-TRL-UP,ENG-2026-04349,ENG,,2026-08-26 03:00,199,2026-08-26 02:45,244,2026-08-26 03:02,2026-08-26 06:34,true,-32,none,ENG-MBM-B,TAMP-SR-03,clear,normal,false
BLK-2025-00007,TRL-AJJ-DN,ENG-2025-04985;ENG-2026-05169;ENG-2026-05389,ENG,MG-2025-0001,2025-11-26 01:45,611,2025-11-26 02:00,734,2025-11-26 02:08,2025-11-26 14:11,true,-11,none,ENG-MSB-B,TAMP-SR-05,rain,monsoon,true
BLK-2025-00008,TI-TRL-UP_SUB,ENG-2025-04091,ENG,,2025-12-23 03:30,237,2025-12-23 03:15,296,,,false,,,ENG-MSB-A,,rain,monsoon,false
BLK-2026-00009,TRL-AJJ-DN_SUB,SNT-2026-01424,SNT,,2026-01-18 03:00,75,2026-01-18 03:00,87,2026-01-18 02:59,2026-01-18 04:37,true,11,crew_short,SNT-GI-A,,clear,normal,false
BLK-2026-00010,BBQ-TNP-UP,SNT-2026-01116;SNT-2026-01269;ENG-2026-05111,ENG;SNT,MG-2026-0002,2026-01-12 03:00,681,2026-01-12 03:00,833,2026-01-12 03:17,2026-01-12 14:52,true,-138,none,ENG-TI-C,,clear,normal,true
BLK-2026-00011,ENR-MJR-UP,TRD-2026-01198,TRD,,2026-03-28 02:15,75,2026-03-28 02:15,91,,,false,,,TRD-AJJ-A,OHE-TC-01,clear,normal,false
BLK-2026-00012,PER-ABU-UP_SUB,TRD-2026-01322,TRD,,2026-06-11 00:00,80,2026-06-11 00:00,99,2026-06-11 00:04,2026-06-11 01:21,true,-22,none,TRD-ENR-A,OHE-TC-08,clear,normal,false
BLK-2025-00013,PER-ABU-DN_SUB,ENG-2026-04818;ENG-2025-05064;ENG-2025-05108,ENG,MG-2025-0003,2025-11-14 02:30,725,2025-11-14 02:30,916,2025-11-14 02:34,2025-11-14 15:41,true,-129,none,ENG-TI-C,,clear,monsoon,true
BLK-2026-00014,TRL-AJJ-UP,SNT-2026-00622;TRD-2026-01364;SNT-2026-01031,SNT;TRD,MG-2026-0004,2026-01-25 02:30,192,2026-01-25 02:45,223,2026-01-25 02:42,2026-01-25 06:40,true,15,unexpected_condition,TRD-MSB-B,OHE-TC-05,clear,normal,true
BLK-2026-00015,MBM-GI-DN_SUB,SNT-2026-00989,SNT,,2026-06-01 03:15,40,2026-06-01 03:15,47,2026-06-01 03:06,2026-06-01 03:56,true,3,none,SNT-TBM-A,,clear,normal,false
BLK-2025-00016,PER-ABU-UP,ENG-2025-05259,ENG,,2025-12-22 02:00,409,2025-12-22 02:00,476,2025-12-22 02:08,2025-12-22 09:31,true,-33,none,ENG-ABU-A,,rain,monsoon,false
BLK-2026-00017,PV-TBM-UP_SUB,ENG-2026-04959,ENG,,2026-08-21 01:30,239,2026-08-21 01:30,286,2026-08-21 01:33,2026-08-21 05:02,true,-77,none,ENG-AJJ-B,TAMP-SR-07,clear,normal,false
BLK-2025-00018,PER-ABU-UP_SUB,SNT-2025-01360,SNT,,2025-10-07 00:15,104,2025-10-07 00:15,125,2025-10-07 00:27,2025-10-07 01:57,true,-35,none,SNT-CJ-A,,heavy_rain,monsoon,false
BLK-2026-00019,PV-TBM-UP,ENG-2025-04298;TRD-2026-01863;SNT-2025-00717,ENG;SNT;TRD,MG-2026-0005,2026-08-18 01:15,194,2026-08-18 01:30,243,2026-08-18 01:20,2026-08-18 05:12,true,-11,none,TRD-AJJ-C,OHE-TC-06,rain,normal,true
BLK-2026-00020,MSB-MS-UP,ENG-2026-06003,ENG,,2026-07-08 03:45,155,2026-07-08 03:45,192,2026-07-08 03:47,2026-07-08 07:03,true,4,none,ENG-AJJ-B,TAMP-SR-05,rain,normal,false
BLK-2026-00021,PV-TBM-UP_SUB,ENG-2026-05507,ENG,,2026-06-21 00:15,140,2026-06-21 00:15,168,,,false,,,ENG-TBM-B,BRM-SR-06,rain,normal,false
BLK-2026-00022,MSB-MS-DN_SUB,ENG-2026-06013,ENG,,2026-01-30 11:45,75,2026-01-30 12:00,88,2026-01-30 12:10,2026-01-30 13:23,true,-15,none,ENG-PER-A,,clear,normal,false
BLK-2026-00023,PER-ABU-DN,ENG-2025-05121,ENG,,2026-01-14 03:30,297,2026-01-14 03:30,346,2026-01-14 03:49,2026-01-14 09:37,true,2,none,ENG-TRL-B,,rain,normal,false
BLK-2025-00024,PV-TBM-DN_SUB,TRD-2025-01569,TRD,,2025-12-28 01:15,367,2025-12-28 01:00,441,2025-12-28 00:54,2025-12-28 09:28,true,73,material_delay,TRD-GI-B,OHE-TC-03,rain,monsoon,false
BLK-2026-00025,ENR-MJR-DN,ENG-2026-05976,ENG,,2026-03-06 02:00,99,2026-03-06 01:45,121,,,false,,,ENG-ENR-C,USFD-SR-01,rain,normal,false
BLK-2026-00026,MJR-PON-UP,ENG-2025-05810,ENG,,2026-01-24 02:30,202,2026-01-24 02:30,233,,,false,,,ENG-TNP-C,,clear,normal,false
BLK-2026-00027,MAS-BBQ-UP_SUB,SNT-2026-00739,SNT,,2026-03-15 02:15,149,2026-03-15 02:15,189,,,false,,,SNT-TNP-B,,clear,normal,false
BLK-2026-00028,TRL-AJJ-DN,ENG-2026-04922,ENG,,2026-04-17 03:45,126,2026-04-17 04:00,159,2026-04-17 04:08,2026-04-17 06:36,true,-11,none,ENG-MS-C,USFD-SR-04,clear,normal,false
BLK-2026-00029,MSB-MS-DN_SUB,ENG-2026-05387,ENG,,2026-03-10 02:00,424,2026-03-10 02:15,500,2026-03-10 02:18,2026-03-10 08:53,true,-105,none,ENG-ABU-A,,clear,normal,false
BLK-2026-00030,PON-GPD-DN,TRD-2026-01013,TRD,,2026-03-09 01:30,73,2026-03-09 01:15,90,2026-03-09 01:23,2026-03-09 02:51,true,-2,none,TRD-AVD-A,OHE-TC-08,clear,normal,false
BLK-2025-00031,ABU-AVD-UP_SUB,TRD-2025-01755,TRD,,2025-10-03 03:45,335,2025-10-03 04:00,413,2025-10-03 04:02,2025-10-03 09:12,true,-103,none,TRD-MSB-C,,clear,monsoon,false
BLK-2026-00032,MSB-MS-UP_SUB,ENG-2026-04631,ENG,,2026-09-04 02:00,181,2026-09-04 02:00,217,2026-09-04 01:57,2026-09-04 05:18,true,-16,none,ENG-STM-B,TAMP-SR-05,clear,normal,false
BLK-2025-00033,AVD-TI-UP_SUB,ENG-2025-04240,ENG,,2025-12-14 01:00,160,2025-12-14 01:00,200,2025-12-14 01:18,2025-12-14 04:21,true,-17,none,ENG-PV-B,BRM-SR-06,clear,monsoon,false
BLK-2026-00034,GI-STM-DN,SNT-2026-00781,SNT,,2026-06-29 01:30,75,2026-06-29 01:45,92,,,false,,,SNT-MAS-A,,clear,normal,false
BLK-2026-00035,CGL-WJ-SINGLE,ENG-2025-05659,ENG,,2026-01-17 01:45,216,2026-01-17 01:30,253,2026-01-17 01:44,2026-01-17 06:52,true,55,weather,ENG-GPD-B,RGM-SR-01,heavy_rain,normal,false
BLK-2025-00036,AVD-TI-UP,TRD-2025-01129,TRD,,2025-12-07 00:00,107,2025-12-07 00:00,126,,,false,,,TRD-AJJ-B,OHE-TC-03,clear,monsoon,false
BLK-2026-00037,TRL-AJJ-UP_SUB,TRD-2026-01691,TRD,,2026-01-13 03:30,188,2026-01-13 03:45,222,,,false,,,TRD-TBM-B,OHE-TC-06,clear,normal,false
BLK-2025-00038,AVD-TI-DN,ENG-2026-05899;ENG-2025-05476;SNT-2026-01100,ENG;SNT,MG-2025-0006,2025-11-30 00:00,643,2025-11-30 00:00,777,2025-11-29 23:50,2025-11-30 13:18,true,31,crew_short,ENG-GPD-A,,clear,monsoon,true
BLK-2026-00039,BBQ-TNP-DN,ENG-2026-04125;ENG-2026-04446;ENG-2025-05693,ENG,MG-2026-0007,2026-08-02 03:00,453,2026-08-02 03:15,571,2026-08-02 03:25,2026-08-02 12:20,true,-36,none,ENG-PER-C,,clear,normal,true
BLK-2026-00040,TRL-AJJ-DN,ENG-2026-04725,ENG,,2026-06-22 01:30,255,2026-06-22 01:45,320,2026-06-22 01:50,2026-06-22 06:19,true,-51,none,ENG-TRL-B,,rain,normal,false
BLK-2026-00041,TNP-ENR-UP,ENG-2026-04601,ENG,,2026-03-18 03:30,246,2026-03-18 03:15,283,2026-03-18 03:30,2026-03-18 07:32,true,-41,none,ENG-CJ-B,,clear,normal,false
BLK-2026-00042,TRL-AJJ-UP,ENG-2026-04858,ENG,,2026-08-05 00:00,293,2026-08-04 23:45,366,2026-08-05 00:04,2026-08-05 05:04,true,-66,none,ENG-CGL-B,,rain,normal,false
BLK-2026-00043,AVD-TI-UP,ENG-2026-05461,ENG,,2026-08-02 10:30,105,2026-08-02 10:15,121,,,false,,,ENG-STM-A,,heavy_rain,normal,false
BLK-2025-00044,MSB-MS-UP_SUB,SNT-2025-01550;SNT-2026-00980;SNT-2026-00768,SNT,MG-2025-0008,2025-12-14 02:00,74,2025-12-14 02:00,86,2025-12-14 01:57,2025-12-14 03:47,true,24,material_delay,SNT-MS-A,,heavy_rain,monsoon,true
BLK-2025-00045,PER-ABU-UP,SNT-2025-01336,SNT,,2025-12-16 01:45,43,2025-12-16 01:45,51,2025-12-16 01:38,2025-12-16 02:24,true,-5,none,SNT-TBM-A,,rain,monsoon,false
BLK-2026-00046,TRL-AJJ-UP,SNT-2026-00783,SNT,,2026-03-19 00:00,72,2026-03-19 00:00,85,2026-03-19 00:11,2026-03-19 01:22,true,-14,none,SNT-TNP-A,,clear,normal,false
BLK-2026-00047,PV-TBM-DN_SUB,SNT-2026-01385,SNT,,2026-03-06 00:45,78,2026-03-06 00:45,100,2026-03-06 00:44,2026-03-06 02:12,true,-12,none,SNT-TRL-A,,clear,normal,false
BLK-2025-00048,MAS-BBQ-UP_SUB,ENG-2025-05287,ENG,,2025-10-29 02:30,216,2025-10-29 02:30,251,2025-10-29 02:34,2025-10-29 07:13,true,28,crew_short,ENG-GPD-B,TAMP-SR-03,rain,monsoon,false
BLK-2026-00049,PER-ABU-DN,TRD-2026-01114,TRD,,2026-03-03 00:15,177,2026-03-03 00:00,204,2026-03-03 00:19,2026-03-03 03:35,true,-8,none,TRD-TBM-B,OHE-TC-01,clear,normal,false
BLK-2026-00050,MSB-MS-UP_SUB,ENG-2026-05140;TRD-2025-01017;SNT-2026-01453,ENG;SNT;TRD,MG-2026-0009,2026-06-28 01:00,212,2026-06-28 01:00,246,2026-06-28 00:52,2026-06-28 04:42,true,-16,none,ENG-GI-A,,clear,normal,true
BLK-2026-00051,STM-PV-UP,ENG-2026-05627,ENG,,2026-08-23 01:00,357,2026-08-23 01:15,436,2026-08-23 01:31,2026-08-23 09:24,true,37,material_delay,ENG-MBM-B,BCM-SR-01,clear,normal,false
BLK-2026-00052,MS-MBM-DN,ENG-2025-04312,ENG,,2026-01-27 03:30,318,2026-01-27 03:15,407,2026-01-27 03:11,2026-01-27 08:19,true,-99,none,ENG-PV-B,BCM-SR-01,clear,normal,false
BLK-2026-00053,ENR-MJR-UP,ENG-2026-04822,ENG,,2026-07-22 00:00,387,2026-07-22 00:00,455,,,false,,,ENG-TNP-A,,rain,normal,false
BLK-2026-00054,PV-TBM-UP_SUB,SNT-2026-01359,SNT,,2026-02-06 00:45,207,2026-02-06 00:45,239,2026-02-06 00:55,2026-02-06 04:54,true,0,none,SNT-CJ-B,,clear,normal,false
BLK-2026-00055,AVD-TI-DN_SUB,ENG-2026-05275,ENG,,2026-07-13 01:15,239,2026-07-13 01:15,296,2026-07-13 01:09,2026-07-13 05:48,true,-17,none,ENG-STM-B,RGM-SR-01,clear,normal,false
BLK-2026-00056,PON-GPD-UP,SNT-2026-01203,SNT,,2026-08-05 01:30,35,2026-08-05 01:30,45,2026-08-05 01:21,2026-08-05 02:05,true,-1,none,SNT-PER-B,,rain,normal,false
BLK-2026-00057,STM-PV-UP_SUB,SNT-2026-00559,SNT,,2026-04-01 02:45,113,2026-04-01 02:30,139,2026-04-01 02:44,2026-04-01 05:01,true,-2,none,SNT-AVD-B,,rain,normal,false
BLK-2025-00058,TRL-AJJ-UP,SNT-2025-00824,SNT,,2025-10-16 03:30,148,2025-10-16 03:30,180,,,false,,,SNT-CGL-B,,heavy_rain,monsoon,false
BLK-2026-00059,MAS-BBQ-UP_SUB,ENG-2026-04388,ENG,,2026-05-19 02:15,416,2026-05-19 02:15,502,2026-05-19 02:05,2026-05-19 09:18,true,-69,none,ENG-MAS-C,,clear,normal,false
BLK-2025-00060,PON-GPD-UP,ENG-2025-05959,ENG,,2025-10-15 00:00,434,2025-10-15 00:00,536,2025-10-14 23:51,2025-10-15 07:02,true,-105,none,ENG-CGL-B,,clear,monsoon,false
BLK-2026-00061,TI-TRL-DN,ENG-2026-05643,ENG,,2026-02-18 03:15,337,2026-02-18 03:15,421,2026-02-18 03:24,2026-02-18 09:21,true,-64,none,ENG-PV-B,TAMP-SR-03,clear,normal,false
BLK-2026-00062,MSB-MS-UP,SNT-2026-01120,SNT,,2026-05-17 12:30,291,2026-05-17 12:45,340,2026-05-17 12:55,2026-05-17 18:09,true,-26,none,SNT-AJJ-B,,clear,normal,false
BLK-2026-00063,MAS-BBQ-UP_SUB,ENG-2026-05997,ENG,,2026-06-20 02:00,171,2026-06-20 02:15,203,2026-06-20 02:30,2026-06-20 05:42,true,-11,none,ENG-AJJ-B,TAMP-SR-03,heavy_rain,normal,false
BLK-2026-00064,TI-TRL-UP,TRD-2026-01799,TRD,,2026-04-08 03:45,166,2026-04-08 03:45,210,,,false,,,TRD-GI-A,OHE-TC-05,rain,normal,false
BLK-2026-00065,MSB-MS-DN_SUB,ENG-2025-04708,ENG,,2026-01-07 00:30,369,2026-01-07 00:30,458,2026-01-07 00:49,2026-01-07 05:29,true,-178,none,ENG-MAS-C,,clear,normal,false
BLK-2026-00066,MS-MBM-DN,ENG-2026-04906,ENG,,2026-01-27 00:15,230,2026-01-27 00:15,292,2026-01-27 00:27,2026-01-27 04:22,true,-57,none,ENG-PV-A,,clear,normal,false
BLK-2026-00067,WJ-CJ-SINGLE,TRD-2026-01826,TRD,,2026-04-02 02:15,115,2026-04-02 02:30,140,2026-04-02 02:46,2026-04-02 04:52,true,-14,none,TRD-ENR-A,OHE-TC-02,clear,normal,false
BLK-2026-00068,MSB-MS-DN,SNT-2026-01310,SNT,,2026-09-03 01:15,257,2026-09-03 01:15,308,,,false,,,SNT-GI-B,,rain,normal,false
BLK-2026-00069,CGL-WJ-SINGLE,SNT-2026-01197,SNT,,2026-06-29 01:00,96,2026-06-29 01:15,111,2026-06-29 01:12,2026-06-29 02:47,true,-16,none,SNT-MSB-A,,clear,normal,false
BLK-2026-00070,AVD-TI-DN_SUB,SNT-2026-01329;SNT-2026-00702;TRD-2026-01195,SNT;TRD,MG-2026-0010,2026-03-26 02:45,241,2026-03-26 02:30,280,2026-03-26 02:28,2026-03-26 06:59,true,-9,none,SNT-CJ-B,,clear,normal,true
BLK-2026-00071,TRL-AJJ-DN,ENG-2026-04459,ENG,,2026-02-05 10:45,321,2026-02-05 10:45,369,2026-02-05 10:59,2026-02-05 16:14,true,-54,none,ENG-STM-C,,clear,normal,false
BLK-2026-00072,TRL-AJJ-UP_SUB,ENG-2026-05101,ENG,,2026-01-16 02:45,252,2026-01-16 02:45,314,2026-01-16 02:54,2026-01-16 06:47,true,-81,none,ENG-AVD-B,,clear,normal,false
BLK-2026-00073,CGL-WJ-SINGLE,SNT-2026-01486,SNT,,2026-02-23 02:15,81,2026-02-23 02:00,99,,,false,,,SNT-PER-B,,clear,normal,false
BLK-2025-00074,TRL-AJJ-DN,ENG-2025-04037;SNT-2025-00703;TRD-2025-01186,ENG;SNT;TRD,MG-2025-0011,2025-11-11 03:15,230,2025-11-11 03:00,294,2025-11-11 03:13,2025-11-11 08:04,true,-3,none,ENG-MS-B,RGM-SR-01,clear,monsoon,true
BLK-2025-00075,PON-GPD-DN,ENG-2025-05717,ENG,,2025-11-21 02:45,249,2025-11-21 02:45,289,2025-11-21 03:03,2025-11-21 07:27,true,-25,none,ENG-CGL-A,,clear,monsoon,false
BLK-2026-00076,ABU-AVD-UP_SUB,SNT-2025-01366;TRD-2026-01771;TRD-2025-01530,SNT;TRD,MG-2026-0012,2026-06-25 02:45,125,2026-06-25 02:45,151,2026-06-25 02:42,2026-06-25 05:21,true,8,none,TRD-TBM-A,OHE-TC-05,clear,normal,true
BLK-2026-00077,MS-MBM-DN_SUB,SNT-2026-01227,SNT,,2026-04-24 01:15,109,2026-04-24 01:15,132,2026-04-24 01:23,2026-04-24 03:20,true,-15,none,SNT-TBM-A,,clear,normal,false
BLK-2025-00078,ENR-MJR-UP,TRD-2025-01261,TRD,,2025-10-11 01:45,113,2025-10-11 02:00,133,2025-10-11 02:07,2025-10-11 03:50,true,-30,none,TRD-AJJ-B,OHE-TC-01,clear,monsoon,false
BLK-2026-00079,MBM-GI-UP_SUB,TRD-2026-01185,TRD,,2026-08-01 00:30,216,2026-08-01 00:45,267,2026-08-01 00:46,2026-08-01 04:37,true,-36,none,TRD-MAS-C,OHE-TC-07,clear,normal,false
BLK-2026-00080,AVD-TI-UP,ENG-2026-05786,ENG,,2026-05-09 02:15,257,2026-05-09 02:15,323,2026-05-09 02:27,2026-05-09 06:37,true,-73,none,ENG-MJR-A,,clear,normal,false
BLK-2026-00081,MS-MBM-DN,ENG-2026-04082,ENG,,2026-02-24 02:15,223,2026-02-24 02:15,278,2026-02-24 02:22,2026-02-24 06:42,true,-18,none,ENG-AJJ-B,TAMP-SR-05,clear,normal,false
BLK-2026-00082,TNP-ENR-DN,ENG-2026-05902,ENG,,2026-07-11 00:00,475,2026-07-11 00:00,573,2026-07-10 23:51,2026-07-11 06:00,true,-204,none,ENG-PER-C,,heavy_rain,normal,false
BLK-2026-00083,BBQ-PER-UP,ENG-2026-04012,ENG,,2026-06-24 03:45,168,2026-06-24 04:00,193,2026-06-24 04:20,2026-06-24 07:18,true,-15,none,ENG-ENR-B,TAMP-SR-03,clear,normal,false
BLK-2026-00084,BBQ-PER-UP,SNT-2026-00631,SNT,,2026-08-06 03:45,111,2026-08-06 03:45,137,2026-08-06 03:41,2026-08-06 05:40,true,-18,none,SNT-TRL-A,,clear,normal,false
BLK-2025-00085,MAS-BBQ-UP_SUB,ENG-2026-04020;ENG-2025-04490;ENG-2025-04122,ENG,MG-2025-0013,2025-10-07 02:15,388,2025-10-07 02:00,469,2025-10-07 02:14,2025-10-07 10:38,true,35,unexpected_condition,ENG-TNP-C,,clear,monsoon,true
BLK-2026-00086,MAS-BBQ-UP,ENG-2026-04070,ENG,,2026-03-26 02:30,397,2026-03-26 02:45,472,2026-03-26 02:41,2026-03-26 09:28,true,-65,none,ENG-TNP-C,,clear,normal,false
BLK-2026-00087,TRL-AJJ-UP,ENG-2026-04085,ENG,,2026-06-14 03:45,161,2026-06-14 03:45,186,2026-06-14 03:41,2026-06-14 06:34,true,-13,none,ENG-ENR-C,USFD-SR-01,clear,normal,false
BLK-2026-00088,TI-TRL-DN,SNT-2026-01042,SNT,,2026-04-03 03:00,75,2026-04-03 02:45,89,2026-04-03 03:01,2026-04-03 04:26,true,-4,none,SNT-PER-B,,rain,normal,false
BLK-2026-00089,PER-ABU-UP_SUB,ENG-2026-04509,ENG,,2026-02-25 00:00,279,2026-02-25 00:15,342,2026-02-25 00:08,2026-02-25 06:03,true,13,material_delay,ENG-CJ-A,,clear,normal,false
BLK-2026-00090,MSB-MS-DN_SUB,SNT-2026-00868;ENG-2026-05802;ENG-2026-05866,ENG;SNT,MG-2026-0014,2026-04-09 00:45,545,2026-04-09 00:45,665,,,false,,,ENG-AVD-C,,clear,normal,true
BLK-2025-00091,PV-TBM-UP_SUB,ENG-2025-04412;ENG-2026-05376;ENG-2025-05100,ENG,MG-2025-0015,2025-12-06 01:45,289,2025-12-06 01:45,341,2025-12-06 01:37,2025-12-06 07:48,true,30,weather,ENG-AJJ-C,,rain,monsoon,true
BLK-2025-00092,MJR-PON-UP,ENG-2025-05714,ENG,,2025-10-31 03:00,458,2025-10-31 03:15,586,2025-10-31 03:06,2025-10-31 10:01,true,-171,none,ENG-CGL-B,,clear,monsoon,false
BLK-2026-00093,MAS-BBQ-DN_SUB,ENG-2026-04612,ENG,,2026-05-19 03:30,371,2026-05-19 03:30,437,2026-05-19 03:23,2026-05-19 10:08,true,-32,none,ENG-MAS-B,,clear,normal,false
BLK-2026-00094,TI-TRL-UP,TRD-2026-01252;ENG-2026-05326;ENG-2025-05581,ENG;TRD,MG-2026-0016,2026-08-10 02:00,345,2026-08-10 02:00,406,,,false,,,ENG-CGL-B,,clear,normal,true
BLK-2026-00095,TNP-ENR-UP,ENG-2026-05446,ENG,,2026-02-14 03:30,231,2026-02-14 03:15,274,,,false,,,ENG-AJJ-C,,clear,normal,false
BLK-2025-00096,ABU-AVD-UP_SUB,SNT-2025-01029,SNT,,2025-10-18 03:15,237,2025-10-18 03:30,273,2025-10-18 03:40,2025-10-18 07:59,true,-14,none,SNT-TNP-B,,rain,monsoon,false
BLK-2026-00097,CGL-WJ-SINGLE,SNT-2026-01143,SNT,,2026-02-28 01:00,95,2026-02-28 01:00,115,2026-02-28 00:59,2026-02-28 02:34,true,-20,none,SNT-TBM-A,,clear,normal,false
BLK-2026-00098,PON-GPD-UP,ENG-2026-04371,ENG,,2026-04-06 02:30,318,2026-04-06 02:30,385,2026-04-06 02:43,2026-04-06 09:00,true,-8,none,ENG-MSB-A,,clear,normal,false
BLK-2026-00099,TI-TRL-DN_SUB,ENG-2025-04581,ENG,,2026-01-26 02:15,138,2026-01-26 02:15,173,,,false,,,ENG-PV-A,,clear,normal,false
BLK-2026-00100,MS-MBM-DN_SUB,ENG-2026-05343,ENG,,2026-07-23 01:30,407,2026-07-23 01:30,502,2026-07-23 01:45,2026-07-23 09:32,true,-35,none,ENG-TNP-B,BCM-SR-01,clear,normal,false
BLK-2026-00101,ABU-AVD-UP,ENG-2026-05592,ENG,,2026-02-01 01:15,324,2026-02-01 01:15,412,,,false,,,ENG-TRL-C,,clear,normal,false
BLK-2026-00102,MJR-PON-UP,ENG-2026-05374;TRD-2026-01092;ENG-2026-04780,ENG;TRD,MG-2026-0017,2026-07-03 01:45,624,2026-07-03 02:00,719,2026-07-03 01:59,2026-07-03 14:41,true,43,machine_late,ENG-CJ-B,,clear,normal,true
BLK-2026-00103,MAS-BBQ-UP_SUB,ENG-2026-04686,ENG,,2026-07-28 02:00,226,2026-07-28 02:00,272,2026-07-28 02:08,2026-07-28 06:41,true,1,none,ENG-MSB-B,TAMP-SR-07,clear,normal,false
BLK-2026-00104,TRL-AJJ-DN_SUB,ENG-2026-05539,ENG,,2026-03-01 03:45,186,2026-03-01 03:30,228,2026-03-01 03:31,2026-03-01 06:20,true,-59,none,ENG-PER-A,,clear,normal,false
BLK-2026-00105,MAS-BBQ-UP,ENG-2026-05635,ENG,,2026-01-23 00:30,232,2026-01-23 00:15,287,2026-01-23 00:16,2026-01-23 03:41,true,-82,none,ENG-PER-A,,clear,normal,false
BLK-2025-00106,PV-TBM-UP,SNT-2025-01214;ENG-2026-05864;ENG-2025-05966,ENG;SNT,MG-2025-0018,2025-11-28 01:15,339,2025-11-28 01:00,429,,,false,,,ENG-TI-C,,clear,monsoon,true
BLK-2026-00107,PV-TBM-DN,ENG-2025-04101,ENG,,2026-01-06 03:15,500,2026-01-06 03:30,588,2026-01-06 03:29,2026-01-06 11:34,true,-103,none,ENG-CJ-B,,clear,normal,false
BLK-2026-00108,TI-TRL-DN,ENG-2026-05319,ENG,,2026-07-24 01:00,232,2026-07-24 01:00,279,2026-07-24 00:57,2026-07-24 06:04,true,28,traffic_hold,ENG-TBM-A,,clear,normal,false
BLK-2026-00109,MS-MBM-DN_SUB,ENG-2026-05528,ENG,,2026-07-19 01:00,454,2026-07-19 00:45,548,2026-07-19 00:58,2026-07-19 08:52,true,-74,none,ENG-TI-C,,clear,normal,false
BLK-2026-00110,STM-PV-UP,ENG-2026-04243,ENG,,2026-08-26 01:00,221,2026-08-26 01:00,263,2026-08-26 01:16,2026-08-26 05:42,true,3,none,ENG-MJR-B,RGM-SR-01,clear,normal,false
BLK-2026-00111,GI-STM-DN,TRD-2025-01474,TRD,,2026-01-07 03:45,325,2026-01-07 04:00,381,2026-01-07 04:17,2026-01-07 10:53,true,15,traffic_hold,TRD-ENR-C,OHE-TC-01,clear,normal,false
BLK-2025-00112,PON-GPD-DN,ENG-2025-04593;ENG-2026-04436;TRD-2026-01293,ENG;TRD,MG-2025-0019,2025-11-26 03:00,401,2025-11-26 02:45,494,2025-11-26 02:51,2025-11-26 08:50,true,-135,none,ENG-MBM-A,,rain,monsoon,true
BLK-2025-00113,MAS-BBQ-UP,ENG-2025-05523,ENG,,2025-11-24 00:00,400,2025-11-24 00:00,488,2025-11-23 23:50,2025-11-24 06:37,true,-81,none,ENG-ABU-B,,rain,monsoon,false
BLK-2026-00114,TI-TRL-UP_SUB,TRD-2026-01729,TRD,,2026-08-06 00:15,167,2026-08-06 00:15,209,2026-08-06 00:28,2026-08-06 03:35,true,-22,none,TRD-CGL-A,OHE-TC-05,clear,normal,false
BLK-2026-00115,MSB-MS-DN_SUB,TRD-2026-01044,TRD,,2026-08-02 03:30,61,2026-08-02 03:45,74,2026-08-02 04:01,2026-08-02 05:07,true,-8,none,TRD-CGL-A,,clear,normal,false
BLK-2025-00116,MSB-MS-UP,SNT-2025-00912;SNT-2026-01114;SNT-2026-01440,SNT,MG-2025-0020,2025-10-31 03:45,114,2025-10-31 03:45,131,2025-10-31 03:48,2025-10-31 05:26,true,-33,none,SNT-TNP-A,,clear,monsoon,true
BLK-2025-00117,ENR-MJR-DN,TRD-2025-01665,TRD,,2025-11-07 03:45,165,2025-11-07 03:45,191,2025-11-07 03:42,2025-11-07 06:42,true,-11,none,TRD-GPD-A,OHE-TC-06,heavy_rain,monsoon,false
BLK-2026-00118,TRL-AJJ-UP,SNT-2026-00766,SNT,,2026-06-01 03:00,129,2026-06-01 03:00,150,2026-06-01 02:54,2026-06-01 05:13,true,-11,none,SNT-ENR-A,,clear,normal,false
BLK-2026-00119,MAS-BBQ-UP_SUB,SNT-2026-00757;ENG-2026-04970;ENG-2026-04383,ENG;SNT,MG-2026-0021,2026-05-16 03:15,414,2026-05-16 03:00,510,2026-05-16 02:55,2026-05-16 11:00,true,-25,none,ENG-TNP-C,,clear,normal,true
BLK-2025-00120,PON-GPD-UP,SNT-2025-01351,SNT,,2025-11-06 00:45,109,2025-11-06 00:45,132,2025-11-06 00:53,2025-11-06 03:19,true,14,crew_short,SNT-MSB-A,,heavy_rain,monsoon,false
BLK-2026-00121,MBM-GI-UP_SUB,ENG-2026-04107,ENG,,2026-08-31 02:30,264,2026-08-31 02:45,311,2026-08-31 02:52,2026-08-31 08:07,true,4,none,ENG-MJR-A,,clear,normal,false
BLK-2025-00122,TKO-AJJ-SINGLE,SNT-2025-01497,SNT,,2025-12-17 03:30,40,2025-12-17 03:30,48,,,false,,,SNT-PER-B,,clear,monsoon,false
BLK-2026-00123,BBQ-PER-UP,SNT-2026-01529,SNT,,2026-02-26 01:30,56,2026-02-26 01:45,66,2026-02-26 01:42,2026-02-26 02:51,true,3,none,SNT-AJJ-A,,clear,normal,false
BLK-2026-00124,AVD-TI-UP_SUB,TRD-2026-01157,TRD,,2026-04-11 01:45,168,2026-04-11 01:45,196,,,false,,,TRD-AVD-C,OHE-TC-02,clear,normal,false
BLK-2025-00125,MS-MBM-UP_SUB,ENG-2025-05384,ENG,,2025-12-18 00:30,230,2025-12-18 00:15,282,2025-12-18 00:16,2025-12-18 04:19,true,-39,none,ENG-PER-A,,rain,monsoon,false
BLK-2026-00126,MS-MBM-UP_SUB,TRD-2026-01716,TRD,,2026-07-22 01:45,118,2026-07-22 02:00,140,2026-07-22 01:58,2026-07-22 03:51,true,-27,none,TRD-AJJ-C,OHE-TC-06,clear,normal,false
BLK-2026-00127,AVD-TI-DN,ENG-2026-04366,ENG,,2026-03-09 02:30,241,2026-03-09 02:45,284,2026-03-09 02:53,2026-03-09 07:45,true,8,none,ENG-GPD-B,RGM-SR-01,clear,normal,false
BLK-2026-00128,CGL-WJ-SINGLE,ENG-2026-04226,ENG,,2026-07-27 02:00,519,2026-07-27 01:45,600,2026-07-27 01:47,2026-07-27 12:18,true,31,weather,ENG-CGL-B,,rain,normal,false
BLK-2025-00129,BBQ-PER-UP_SUB,SNT-2025-00578,SNT,,2025-11-27 02:15,89,2025-11-27 02:15,113,,,false,,,SNT-MAS-A,,clear,monsoon,false
BLK-2025-00130,ABU-AVD-UP_SUB,SNT-2025-00536,SNT,,2025-12-02 02:15,46,2025-12-02 02:00,54,2025-12-02 01:52,2025-12-02 02:51,true,5,none,SNT-AJJ-A,,rain,monsoon,false
BLK-2026-00131,ABU-AVD-UP,TRD-2026-01385,TRD,,2026-02-13 00:15,354,2026-02-13 00:00,428,2026-02-13 00:04,2026-02-13 07:17,true,5,none,TRD-ENR-C,OHE-TC-08,rain,normal,false
BLK-2026-00132,ENR-MJR-UP,ENG-2026-04893,ENG,,2026-06-02 02:30,208,2026-06-02 02:30,247,2026-06-02 02:45,2026-06-02 07:20,true,28,weather,ENG-STM-B,RGM-SR-01,heavy_rain,normal,false
BLK-2025-00133,ABU-AVD-DN_SUB,ENG-2025-05006,ENG,,2025-12-29 01:15,157,2025-12-29 01:00,192,2025-12-29 01:07,2025-12-29 03:28,true,-51,none,ENG-MS-B,RGM-SR-01,clear,monsoon,false
BLK-2026-00134,AVD-TI-UP,ENG-2026-05651,ENG,,2026-04-23 02:00,142,2026-04-23 02:00,169,2026-04-23 01:55,2026-04-23 04:32,true,-12,none,ENG-GI-B,BRM-SR-06,clear,normal,false
BLK-2025-00135,TI-TRL-UP,ENG-2025-04729,ENG,,2025-10-09 00:00,293,2025-10-09 00:00,373,2025-10-09 00:19,2025-10-09 06:25,true,-7,none,ENG-MAS-C,,clear,monsoon,false
BLK-2026-00136,TNP-ENR-UP,TRD-2025-01064,TRD,,2026-01-04 02:45,116,2026-01-04 02:30,146,2026-01-04 02:36,2026-01-04 05:14,true,12,machine_late,TRD-AVD-B,OHE-TC-03,clear,normal,false
BLK-2026-00137,MS-MBM-UP_SUB,ENG-2026-05770,ENG,,2026-03-22 02:45,234,2026-03-22 02:45,283,2026-03-22 02:58,2026-03-22 06:54,true,-47,none,ENG-TI-C,,clear,normal,false
BLK-2026-00138,ABU-AVD-UP,ENG-2026-04671,ENG,,2026-04-07 00:30,434,2026-04-07 00:30,533,2026-04-07 00:32,2026-04-07 07:11,true,-134,none,ENG-MSB-A,,clear,normal,false
BLK-2026-00139,TRL-AJJ-DN,SNT-2026-00987;ENG-2026-04598;ENG-2026-04551,ENG;SNT,MG-2026-0022,2026-06-25 00:15,363,2026-06-25 00:30,434,,,false,,,ENG-TI-A,,clear,normal,true
BLK-2026-00140,TRL-AJJ-UP,ENG-2026-05172,ENG,,2026-01-25 01:15,406,2026-01-25 01:00,499,2026-01-25 01:15,2026-01-25 08:24,true,-70,none,ENG-TI-C,,clear,normal,false
BLK-2026-00141,PER-ABU-DN,ENG-2026-05058,ENG,,2026-07-27 01:45,354,2026-07-27 01:45,415,2026-07-27 01:49,2026-07-27 08:42,true,-2,none,ENG-PV-B,BCM-SR-01,rain,normal,false
BLK-2026-00142,MS-MBM-UP,ENG-2026-04434,ENG,,2026-03-18 00:45,165,2026-03-18 00:45,209,2026-03-18 01:00,2026-03-18 04:07,true,-22,none,ENG-GI-C,USFD-SR-04,clear,normal,false
BLK-2025-00143,PER-ABU-DN,ENG-2025-05469,ENG,,2025-11-07 01:30,252,2025-11-07 01:15,305,,,false,,,ENG-ABU-A,,clear,monsoon,false
BLK-2026-00144,TRL-AJJ-DN_SUB,TRD-2026-01666,TRD,,2026-04-16 00:00,275,2026-04-15 23:45,324,2026-04-15 23:36,2026-04-16 02:54,true,-126,none,TRD-TBM-B,OHE-TC-06,clear,normal,false
BLK-2025-00145,TRL-AJJ-UP_SUB,ENG-2025-05776,ENG,,2025-11-23 00:15,144,2025-11-23 00:15,176,2025-11-23 00:12,2025-11-23 03:10,true,2,none,ENG-MBM-B,RGM-SR-01,rain,monsoon,false
BLK-2025-00146,PV-TBM-UP_SUB,ENG-2025-04420,ENG,,2025-11-16 03:45,186,2025-11-16 03:30,217,2025-11-16 03:42,2025-11-16 07:08,true,-11,none,ENG-GI-B,RGM-SR-01,clear,monsoon,false
BLK-2026-00147,BBQ-TNP-UP,SNT-2026-01142,SNT,,2026-03-31 00:00,85,2026-03-31 00:00,98,2026-03-30 23:52,2026-03-31 01:26,true,-4,none,SNT-AVD-B,,rain,normal,false
BLK-2026-00148,TI-TRL-UP_SUB,SNT-2026-00514,SNT,,2026-04-28 02:45,99,2026-04-28 03:00,119,2026-04-28 03:01,2026-04-28 04:46,true,-14,none,SNT-MAS-A,,clear,normal,false
BLK-2025-00149,CGL-WJ-SINGLE,ENG-2025-04121,ENG,,2025-11-01 13:15,122,2025-11-01 13:15,150,2025-11-01 13:15,2025-11-01 15:33,true,-12,none,ENG-MS-C,,rain,monsoon,false
BLK-2026-00150,ABU-AVD-UP,ENG-2026-05963,ENG,,2026-08-21 02:15,332,2026-08-21 02:30,385,2026-08-21 02:38,2026-08-21 08:11,true,-52,none,ENG-TRL-B,,clear,normal,false
BLK-2026-00151,TKO-AJJ-SINGLE,SNT-2026-00546,SNT,,2026-06-12 03:30,102,2026-06-12 03:45,124,,,false,,,SNT-TNP-A,,clear,normal,false
BLK-2026-00152,TRL-AJJ-UP_SUB,TRD-2026-01366,TRD,,2026-08-30 00:45,145,2026-08-30 00:45,180,2026-08-30 00:43,2026-08-30 03:12,true,-31,none,TRD-AVD-C,OHE-TC-07,clear,normal,false
BLK-2026-00153,TI-TRL-DN,ENG-2026-05418,ENG,,2026-06-15 13:15,117,2026-06-15 13:15,137,2026-06-15 13:12,2026-06-15 15:36,true,7,none,ENG-MSB-C,,clear,normal,false
BLK-2026-00154,ABU-AVD-UP,ENG-2026-05791,ENG,,2026-04-27 02:15,414,2026-04-27 02:15,488,2026-04-27 02:34,2026-04-27 09:43,true,-59,none,ENG-TRL-A,,clear,normal,false
BLK-2026-00155,TI-TRL-UP_SUB,SNT-2026-00606,SNT,,2026-04-08 00:30,57,2026-04-08 00:15,72,2026-04-08 00:16,2026-04-08 01:16,true,-12,none,SNT-MAS-A,,clear,normal,false
BLK-2026-00156,MSB-MS-UP_SUB,SNT-2026-00904;SNT-2026-00870;ENG-2026-05724,ENG;SNT,MG-2026-0023,2026-07-10 02:00,420,2026-07-10 02:15,503,2026-07-10 02:08,2026-07-10 10:13,true,-18,none,ENG-AVD-C,,clear,normal,true
BLK-2026-00157,MS-MBM-UP_SUB,TRD-2026-01727,TRD,,2026-02-15 03:00,200,2026-02-15 03:15,237,2026-02-15 03:15,2026-02-15 06:26,true,-46,none,TRD-CGL-B,OHE-TC-05,clear,normal,false
BLK-2026-00158,BBQ-PER-UP_SUB,ENG-2026-05321,ENG,,2026-04-27 03:15,154,2026-04-27 03:15,193,2026-04-27 03:13,2026-04-27 05:12,true,-74,none,ENG-MS-B,TAMP-SR-03,clear,normal,false
BLK-2026-00159,TI-TRL-UP_SUB,TRD-2026-01577,TRD,,2026-04-19 01:45,68,2026-04-19 02:00,84,2026-04-19 02:02,2026-04-19 03:18,true,-8,none,TRD-GPD-A,OHE-TC-01,clear,normal,false
BLK-2026-00160,STM-PV-DN_SUB,ENG-2026-04319,ENG,,2026-01-29 02:45,427,2026-01-29 03:00,541,2026-01-29 02:58,2026-01-29 08:51,true,-188,none,ENG-MAS-C,,clear,normal,false
BLK-2025-00161,TNP-ENR-DN,ENG-2025-05120,ENG,,2025-12-05 00:15,141,2025-12-05 00:15,174,,,false,,,ENG-ENR-C,USFD-SR-04,clear,monsoon,false
BLK-2025-00162,TRL-AJJ-UP,ENG-2025-05715,ENG,,2025-10-05 01:15,278,2025-10-05 01:00,347,2025-10-05 01:12,2025-10-05 06:05,true,-54,none,ENG-TNP-C,,clear,monsoon,false
BLK-2026-00163,ABU-AVD-UP_SUB,SNT-2026-01315,SNT,,2026-05-08 02:30,231,2026-05-08 02:30,268,,,false,,,SNT-CJ-B,,clear,normal,false
BLK-2025-00164,BBQ-PER-UP_SUB,ENG-2025-04197,ENG,,2025-11-07 00:00,246,2025-11-07 00:00,310,2025-11-06 23:52,2025-11-07 05:26,true,24,traffic_hold,ENG-MS-B,TAMP-SR-03,heavy_rain,monsoon,false
BLK-2026-00165,ENR-MJR-UP,SNT-2026-01284,SNT,,2026-07-31 02:00,91,2026-07-31 02:00,106,2026-07-31 02:18,2026-07-31 04:10,true,6,none,SNT-CJ-A,,clear,normal,false
BLK-2026-00166,MS-MBM-DN_SUB,ENG-2026-05553,ENG,,2026-08-14 01:15,145,2026-08-14 01:15,185,2026-08-14 01:33,2026-08-14 04:15,true,-23,none,ENG-MS-B,RGM-SR-01,clear,normal,false
BLK-2026-00167,AVD-TI-DN_SUB,TRD-2026-01505,TRD,,2026-07-28 00:30,143,2026-07-28 00:30,168,2026-07-28 00:32,2026-07-28 02:53,true,-27,none,TRD-AJJ-C,OHE-TC-01,clear,normal,false
BLK-2026-00168,TRL-AJJ-UP,SNT-2026-01189,SNT,,2026-06-11 03:15,104,2026-06-11 03:00,124,2026-06-11 02:55,2026-06-11 05:05,true,6,none,SNT-PER-B,,clear,normal,false
BLK-2026-00169,BBQ-TNP-UP,ENG-2026-05146,ENG,,2026-04-21 02:00,165,2026-04-21 02:00,199,2026-04-21 02:20,2026-04-21 05:47,true,8,none,ENG-GI-B,TAMP-SR-03,clear,normal,false
BLK-2026-00170,TNP-ENR-DN,ENG-2026-05095,ENG,,2026-03-27 00:45,224,2026-03-27 00:45,260,2026-03-27 00:36,2026-03-27 04:42,true,-14,none,ENG-AJJ-A,,clear,normal,false
BLK-2025-00171,TI-TRL-UP,ENG-2025-04642,ENG,,2025-12-21 01:15,151,2025-12-21 01:00,190,2025-12-21 00:56,2025-12-21 03:51,true,-15,none,ENG-MJR-C,USFD-SR-04,heavy_rain,monsoon,false
BLK-2026-00172,TRL-AJJ-UP,ENG-2026-05907,ENG,,2026-06-22 02:00,260,2026-06-22 02:15,311,2026-06-22 02:25,2026-06-22 06:51,true,-45,none,ENG-PV-A,,clear,normal,false
BLK-2025-00173,MS-MBM-DN_SUB,TRD-2025-01212,TRD,,2025-12-11 02:15,127,2025-12-11 02:15,158,2025-12-11 02:11,2025-12-11 04:03,true,-46,none,TRD-AJJ-B,OHE-TC-08,clear,monsoon,false
BLK-2026-00174,PV-TBM-UP_SUB,ENG-2026-05692;ENG-2026-05318;ENG-2026-05855,ENG,MG-2026-0024,2026-01-09 01:15,388,2026-01-09 01:15,447,2026-01-09 01:19,2026-01-09 06:36,true,-130,none,ENG-MBM-A,,clear,normal,true
BLK-2026-00175,CJ-TMLP-SINGLE,ENG-2026-05535,ENG,,2026-03-13 00:00,195,2026-03-13 00:15,248,2026-03-13 00:24,2026-03-13 05:35,true,63,machine_late,ENG-MBM-B,RGM-SR-01,heavy_rain,normal,false
BLK-2026-00176,MS-MBM-DN_SUB,SNT-2026-01498,SNT,,2026-08-08 00:30,76,2026-08-08 00:30,96,,,false,,,SNT-PER-B,,clear,normal,false
BLK-2026-00177,MAS-BBQ-UP,SNT-2026-01223,SNT,,2026-08-31 03:15,114,2026-08-31 03:00,139,2026-08-31 03:08,2026-08-31 05:19,true,-8,none,SNT-MSB-A,,clear,normal,false
BLK-2026-00178,ABU-AVD-UP_SUB,SNT-2026-01045,SNT,,2026-06-09 02:15,223,2026-06-09 02:00,285,2026-06-09 01:54,2026-06-09 05:56,true,-43,none,SNT-STM-B,,clear,normal,false
BLK-2025-00179,TRL-AJJ-UP,TRD-2025-01324,TRD,,2025-10-24 02:45,76,2025-10-24 02:30,88,2025-10-24 02:37,2025-10-24 04:03,true,-2,none,TRD-AVD-A,,clear,monsoon,false
BLK-2026-00180,PON-GPD-DN,ENG-2026-04454,ENG,,2026-05-30 02:30,342,2026-05-30 02:30,434,2026-05-30 02:39,2026-05-30 07:53,true,-120,none,ENG-AJJ-C,,rain,normal,false
BLK-2026-00181,TRL-AJJ-UP,SNT-2026-01462,SNT,,2026-03-19 00:30,229,2026-03-19 00:30,267,2026-03-19 00:48,2026-03-19 04:10,true,-65,none,SNT-ENR-B,,clear,normal,false
BLK-2026-00182,BBQ-TNP-UP,ENG-2026-05745,ENG,,2026-04-13 03:00,158,2026-04-13 03:15,198,2026-04-13 03:11,2026-04-13 06:13,true,-16,none,ENG-MJR-B,TAMP-SR-03,clear,normal,false
BLK-2025-00183,MAS-BBQ-UP_SUB,SNT-2025-01210,SNT,,2025-11-24 03:30,59,2025-11-24 03:45,74,2025-11-24 03:37,2025-11-24 04:58,true,7,none,SNT-ENR-A,,heavy_rain,monsoon,false
BLK-2026-00184,TRL-AJJ-DN,TRD-2026-01715,TRD,,2026-07-08 02:30,119,2026-07-08 02:15,144,,,false,,,TRD-AJJ-A,OHE-TC-05,rain,normal,false
BLK-2025-00185,PER-ABU-DN,TRD-2025-01632,TRD,,2025-11-13 02:00,142,2025-11-13 02:00,175,2025-11-13 02:07,2025-11-13 04:36,true,-26,none,TRD-ENR-C,OHE-TC-02,clear,monsoon,false
BLK-2026-00186,CGL-WJ-SINGLE,SNT-2026-00720,SNT,,2026-08-07 02:15,161,2026-08-07 02:00,206,2026-08-07 01:50,2026-08-07 04:29,true,-47,none,SNT-GI-A,,clear,normal,false
BLK-2026-00187,MS-MBM-UP_SUB,ENG-2026-05637,ENG,,2026-03-13 02:00,184,2026-03-13 02:00,226,2026-03-13 01:51,2026-03-13 04:47,true,-50,none,ENG-TNP-C,,clear,normal,false
BLK-2026-00188,STM-PV-DN,TRD-2026-01182,TRD,,2026-06-21 00:15,405,2026-06-21 00:00,511,2026-06-20 23:52,2026-06-21 07:46,true,-37,none,TRD-ENR-C,OHE-TC-05,clear,normal,false
BLK-2026-00189,ENR-MJR-UP,ENG-2026-04670,ENG,,2026-07-26 02:15,149,2026-07-26 02:15,186,2026-07-26 02:27,2026-07-26 04:58,true,-35,none,ENG-STM-B,TAMP-SR-07,clear,normal,false
BLK-2025-00190,MAS-BBQ-UP,TRD-2025-01778,TRD,,2025-09-13 02:15,91,2025-09-13 02:15,110,2025-09-13 02:06,2025-09-13 03:28,true,-28,none,TRD-AVD-A,OHE-TC-01,clear,normal,false
BLK-2026-00191,PON-GPD-DN,ENG-2026-04365,ENG,,2026-06-23 01:45,343,2026-06-23 01:30,401,2026-06-23 01:42,2026-06-23 07:47,true,-36,none,ENG-TRL-C,,clear,normal,false
BLK-2026-00192,ENR-MJR-UP,TRD-2026-01580;TRD-2026-01656;ENG-2026-04217,ENG;TRD,MG-2026-0025,2026-01-20 02:30,185,2026-01-20 02:45,225,2026-01-20 03:04,2026-01-20 06:03,true,-46,none,TRD-GI-B,OHE-TC-01,clear,normal,true
BLK-2026-00193,MBM-GI-UP,ENG-2026-05157,ENG,,2026-03-01 02:00,388,2026-03-01 01:45,482,2026-03-01 01:49,2026-03-01 08:57,true,-54,none,ENG-AVD-C,,clear,normal,false
BLK-2026-00194,TRL-AJJ-DN_SUB,SNT-2026-01053,SNT,,2026-05-03 03:45,83,2026-05-03 03:30,97,,,false,,,SNT-AVD-A,,clear,normal,false
BLK-2025-00195,MS-MBM-DN_SUB,ENG-2025-05145,ENG,,2025-09-23 13:30,139,2025-09-23 13:30,173,2025-09-23 13:25,2025-09-23 15:31,true,-47,none,ENG-CGL-A,,clear,normal,false
BLK-2025-00196,AVD-TI-UP_SUB,TRD-2025-01232,TRD,,2025-11-03 02:30,72,2025-11-03 02:45,87,2025-11-03 02:47,2025-11-03 04:15,true,1,none,TRD-GI-A,OHE-TC-01,clear,monsoon,false
BLK-2026-00197,PER-ABU-DN,ENG-2026-04796;SNT-2026-00880;ENG-2026-05029,ENG;SNT,MG-2026-0026,2026-08-31 02:15,259,2026-08-31 02:15,316,2026-08-31 02:27,2026-08-31 07:34,true,-9,none,ENG-MBM-A,,clear,normal,true
BLK-2026-00198,TI-TRL-UP,ENG-2026-04161,ENG,,2026-04-24 01:15,174,2026-04-24 01:00,219,2026-04-24 01:15,2026-04-24 04:57,true,3,none,ENG-TBM-B,TAMP-SR-05,clear,normal,false
BLK-2026-00199,PV-TBM-DN_SUB,TRD-2026-01128,TRD,,2026-08-17 02:15,108,2026-08-17 02:30,124,2026-08-17 02:46,2026-08-17 04:39,true,-11,none,TRD-TBM-A,OHE-TC-05,clear,normal,false
BLK-2025-00200,MS-MBM-DN_SUB,ENG-2025-04405,ENG,,2025-12-02 02:30,318,2025-12-02 02:30,375,2025-12-02 02:37,2025-12-02 08:36,true,-16,none,ENG-AVD-C,,heavy_rain,monsoon,false
BLK-2025-00201,MS-MBM-DN_SUB,TRD-2025-01004,TRD,,2025-12-30 01:15,94,2025-12-30 01:15,112,,,false,,,TRD-ENR-A,OHE-TC-08,rain,monsoon,false
BLK-2025-00202,BBQ-PER-DN_SUB,SNT-2025-01262,SNT,,2025-12-14 01:00,86,2025-12-14 01:00,100,2025-12-14 01:15,2025-12-14 02:37,true,-18,none,SNT-GPD-A,,rain,monsoon,false
BLK-2026-00203,TRL-AJJ-UP,TRD-2026-01854,TRD,,2026-02-21 02:00,78,2026-02-21 01:45,92,2026-02-21 01:42,2026-02-21 03:02,true,-12,none,TRD-AJJ-B,,clear,normal,false
BLK-2025-00204,MJR-PON-DN,TRD-2025-01675,TRD,,2025-10-26 03:00,165,2025-10-26 02:45,209,,,false,,,TRD-AVD-C,OHE-TC-04,clear,monsoon,false
BLK-2026-00205,TRL-AJJ-UP,TRD-2025-01349;ENG-2025-04672;TRD-2026-01359,ENG;TRD,MG-2026-0027,2026-01-27 03:15,294,2026-01-27 03:15,344,,,false,,,TRD-TBM-B,OHE-TC-05,clear,normal,true
BLK-2026-00206,TRL-AJJ-UP,ENG-2026-04230,ENG,,2026-08-15 02:00,299,2026-08-15 02:00,373,2026-08-15 01:54,2026-08-15 06:52,true,-75,none,ENG-CGL-B,,clear,normal,false
BLK-2026-00207,CGL-WJ-SINGLE,TRD-2025-01214,TRD,,2026-01-07 03:30,208,2026-01-07 03:15,255,2026-01-07 03:11,2026-01-07 06:34,true,-52,none,TRD-ENR-C,OHE-TC-06,clear,normal,false
BLK-2025-00208,ABU-AVD-UP_SUB,SNT-2025-01169,SNT,,2025-11-09 03:45,99,2025-11-09 03:45,126,,,false,,,SNT-PER-A,,clear,monsoon,false
BLK-2026-00209,AVD-TI-DN,SNT-2026-00539,SNT,,2026-06-14 03:15,69,2026-06-14 03:00,83,2026-06-14 02:59,2026-06-14 04:03,true,-19,none,SNT-TBM-A,,rain,normal,false
BLK-2026-00210,TRL-AJJ-DN,ENG-2026-05090,ENG,,2026-04-06 01:30,91,2026-04-06 01:30,113,2026-04-06 01:22,2026-04-06 02:45,true,-30,none,ENG-ENR-C,USFD-SR-01,clear,normal,false
BLK-2026-00211,PER-ABU-UP,ENG-2026-04369,ENG,,2026-05-15 02:45,383,2026-05-15 02:45,486,2026-05-15 02:59,2026-05-15 08:16,true,-169,none,ENG-TNP-C,,clear,normal,false
BLK-2026-00212,ABU-AVD-UP_SUB,ENG-2026-04812,ENG,,2026-03-28 03:15,189,2026-03-28 03:15,240,2026-03-28 03:09,2026-03-28 06:53,true,-16,none,ENG-STM-B,TAMP-SR-03,clear,normal,false
BLK-2026-00213,STM-PV-DN_SUB,SNT-2026-01317,SNT,,2026-05-03 01:15,89,2026-05-03 01:15,106,,,false,,,SNT-AJJ-A,,clear,normal,false
BLK-2026-00214,WJ-CJ-SINGLE,SNT-2026-00825,SNT,,2026-06-09 02:15,74,2026-06-09 02:15,88,2026-06-09 02:05,2026-06-09 03:29,true,-4,none,SNT-PER-A,,clear,normal,false
BLK-2026-00215,MSB-MS-UP_SUB,ENG-2026-05135,ENG,,2026-02-09 01:00,314,2026-02-09 00:45,372,2026-02-09 01:00,2026-02-09 05:31,true,-101,none,ENG-MJR-A,,clear,normal,false
BLK-2026-00216,PON-GPD-DN,ENG-2026-05515,ENG,,2026-02-02 02:30,317,2026-02-02 02:30,383,2026-02-02 02:24,2026-02-02 08:41,true,-6,none,ENG-STM-A,,clear,normal,false
BLK-2026-00217,CGL-WJ-SINGLE,ENG-2026-04377,ENG,,2026-02-19 03:45,191,2026-02-19 04:00,243,2026-02-19 04:13,2026-02-19 06:54,true,-82,none,ENG-AJJ-B,TAMP-SR-05,clear,normal,false
BLK-2025-00218,STM-PV-UP,ENG-2026-05381;ENG-2025-05572;ENG-2026-04576,ENG,MG-2025-0028,2025-11-22 03:15,313,2025-11-22 03:00,380,2025-11-22 03:00,2025-11-22 09:53,true,33,crew_short,ENG-TBM-A,,rain,monsoon,true
BLK-2025-00219,PON-GPD-DN,SNT-2025-00764,SNT,,2025-11-04 11:15,318,2025-11-04 11:30,369,2025-11-04 11:35,2025-11-04 18:27,true,43,traffic_hold,SNT-MSB-B,,clear,monsoon,false
BLK-2025-00220,MAS-BBQ-UP,ENG-2025-05494;SNT-2026-01408;TRD-2026-01535,ENG;SNT;TRD,MG-2025-0029,2025-11-25 01:00,164,2025-11-25 01:00,206,2025-11-25 00:50,2025-11-25 04:26,true,10,none,ENG-TNP-B,BRM-SR-02,clear,monsoon,true
BLK-2026-00221,ABU-AVD-UP_SUB,TRD-2026-01169,TRD,,2026-07-06 03:30,237,2026-07-06 03:30,275,2026-07-06 03:30,2026-07-06 08:45,true,40,material_delay,TRD-MSB-B,OHE-TC-08,heavy_rain,normal,false
BLK-2026-00222,TI-TRL-DN,ENG-2026-04001,ENG,,2026-04-07 02:45,288,2026-04-07 02:45,353,2026-04-07 02:37,2026-04-07 07:10,true,-80,none,ENG-MSB-B,TAMP-SR-03,clear,normal,false
BLK-2025-00223,ABU-AVD-UP_SUB,SNT-2025-01188,SNT,,2025-11-11 03:00,77,2025-11-11 03:00,94,2025-11-11 02:55,2025-11-11 04:24,true,-5,none,SNT-CJ-A,,rain,monsoon,false
BLK-2026-00224,TI-TRL-UP,TRD-2026-01562,TRD,,2026-02-01 03:45,74,2026-02-01 03:45,91,2026-02-01 03:52,2026-02-01 05:33,true,10,none,TRD-TBM-A,OHE-TC-05,clear,normal,false
BLK-2026-00225,PV-TBM-DN,ENG-2026-05361,ENG,,2026-02-25 13:30,175,2026-02-25 13:45,206,2026-02-25 13:48,2026-02-25 16:12,true,-62,none,ENG-MAS-B,,rain,normal,false
BLK-2026-00226,ABU-AVD-DN_SUB,ENG-2026-05705,ENG,,2026-01-15 03:30,482,2026-01-15 03:30,587,2026-01-15 03:24,2026-01-15 10:30,true,-161,none,ENG-TRL-C,,clear,normal,false
BLK-2026-00227,BBQ-PER-UP_SUB,ENG-2026-04357,ENG,,2026-04-11 02:15,240,2026-04-11 02:00,283,2026-04-11 02:02,2026-04-11 05:55,true,-50,none,ENG-GI-B,TAMP-SR-05,clear,normal,false
BLK-2026-00228,PER-ABU-UP,SNT-2026-00797;SNT-2025-01332;SNT-2026-01149,SNT,MG-2026-0030,2026-05-09 01:15,242,2026-05-09 01:30,296,2026-05-09 01:33,2026-05-09 07:29,true,60,machine_late,SNT-TNP-B,,clear,normal,true
BLK-2026-00229,TI-TRL-UP_SUB,ENG-2025-05527,ENG,,2026-01-12 02:45,390,2026-01-12 02:45,475,2026-01-12 02:41,2026-01-12 09:32,true,-64,none,ENG-TRL-A,,clear,normal,false
BLK-2026-00230,TI-TRL-UP_SUB,SNT-2026-01437,SNT,,2026-06-16 01:00,172,2026-06-16 01:00,205,2026-06-16 01:05,2026-06-16 03:53,true,-37,none,SNT-ENR-B,,clear,normal,false
BLK-2026-00231,TI-TRL-DN,ENG-2026-05199,ENG,,2026-04-14 03:30,133,2026-04-14 03:15,158,2026-04-14 03:25,2026-04-14 05:34,true,-29,none,ENG-ENR-C,USFD-SR-01,clear,normal,false
BLK-2025-00232,MAS-BBQ-UP_SUB,ENG-2025-04912,ENG,,2025-10-16 00:45,145,2025-10-16 00:30,181,2025-10-16 00:33,2025-10-16 03:33,true,-1,none,ENG-GI-B,TAMP-SR-03,heavy_rain,monsoon,false
BLK-2025-00233,PER-ABU-UP_SUB,TRD-2025-01504,TRD,,2025-12-20 03:45,171,2025-12-20 03:45,217,2025-12-20 03:57,2025-12-20 06:56,true,-38,none,TRD-AVD-C,OHE-TC-05,clear,monsoon,false
BLK-2026-00234,ABU-AVD-UP_SUB,ENG-2026-05036,ENG,,2026-05-26 01:15,221,2026-05-26 01:15,282,2026-05-26 01:34,2026-05-26 05:28,true,-48,none,ENG-AVD-A,,clear,normal,false
BLK-2026-00235,BBQ-PER-DN_SUB,SNT-2026-00561,SNT,,2026-05-18 03:15,86,2026-05-18 03:30,105,2026-05-18 03:25,2026-05-18 05:21,true,11,material_delay,SNT-CGL-A,,rain,normal,false
BLK-2026-00236,MS-MBM-DN,SNT-2026-00672,SNT,,2026-05-10 13:00,246,2026-05-10 13:00,292,2026-05-10 12:53,2026-05-10 18:40,true,55,weather,SNT-TRL-B,,rain,normal,false
BLK-2026-00237,PV-TBM-UP_SUB,ENG-2026-05774,ENG,,2026-03-16 02:45,254,2026-03-16 02:45,322,,,false,,,ENG-CJ-B,,clear,normal,false
BLK-2026-00238,TI-TRL-DN,TRD-2026-01360,TRD,,2026-04-24 02:45,223,2026-04-24 02:30,285,2026-04-24 02:24,2026-04-24 07:32,true,23,unexpected_condition,TRD-TBM-B,OHE-TC-03,clear,normal,false
BLK-2025-00239,STM-PV-UP_SUB,TRD-2025-01260,TRD,,2025-11-15 03:45,179,2025-11-15 03:45,206,2025-11-15 03:49,2025-11-15 07:18,true,3,none,TRD-AVD-C,OHE-TC-07,heavy_rain,monsoon,false
BLK-2026-00240,TNP-ENR-DN,ENG-2025-05365;SNT-2026-00817;ENG-2025-04139,ENG;SNT,MG-2026-0031,2026-01-01 03:15,224,2026-01-01 03:30,263,,,false,,,ENG-TI-C,,clear,normal,true
BLK-2026-00241,TRL-AJJ-DN,TRD-2026-01461,TRD,,2026-05-31 03:45,420,2026-05-31 03:45,504,,,false,,,TRD-AVD-C,OHE-TC-03,clear,normal,false
BLK-2026-00242,BBQ-PER-UP,ENG-2026-04979,ENG,,2026-05-12 13:00,105,2026-05-12 12:45,127,2026-05-12 12:52,2026-05-12 14:34,true,-25,none,ENG-PV-A,,rain,normal,false
BLK-2025-00243,PON-GPD-DN,TRD-2025-01825,TRD,,2025-12-20 02:00,134,2025-12-20 02:00,164,2025-12-20 01:51,2025-12-20 03:49,true,-46,none,TRD-CGL-B,OHE-TC-03,clear,monsoon,false
BLK-2025-00244,STM-PV-UP_SUB,SNT-2025-00891,SNT,,2025-12-30 01:15,67,2025-12-30 01:15,83,,,false,,,SNT-STM-A,,rain,monsoon,false
BLK-2025-00245,TRL-AJJ-DN_SUB,ENG-2025-05501,ENG,,2025-11-02 03:15,232,2025-11-02 03:15,277,2025-11-02 03:16,2025-11-02 07:00,true,-53,none,ENG-TRL-A,,rain,monsoon,false
BLK-2026-00246,GI-STM-DN,SNT-2026-00913,SNT,,2026-02-12 03:00,114,2026-02-12 03:00,142,2026-02-12 03:00,2026-02-12 04:36,true,-46,none,SNT-ENR-A,,clear,normal,false
BLK-2026-00247,MAS-BBQ-UP_SUB,TRD-2026-01134,TRD,,2026-05-28 01:00,127,2026-05-28 01:00,149,2026-05-28 01:07,2026-05-28 03:13,true,-23,none,TRD-ENR-A,OHE-TC-02,clear,normal,false
BLK-2026-00248,MJR-PON-DN,SNT-2026-01491,SNT,,2026-03-22 00:45,110,2026-03-22 00:45,130,2026-03-22 00:35,2026-03-22 02:15,true,-30,none,SNT-CJ-A,,clear,normal,false
BLK-2026-00249,TNP-ENR-UP,SNT-2026-00756,SNT,,2026-06-10 02:15,125,2026-06-10 02:15,149,2026-06-10 02:16,2026-06-10 04:27,true,-18,none,SNT-PER-A,,clear,normal,false
BLK-2025-00250,MAS-BBQ-UP_SUB,SNT-2025-01013,SNT,,2025-10-10 02:45,72,2025-10-10 02:30,88,2025-10-10 02:40,2025-10-10 03:59,true,-9,none,SNT-CJ-A,,clear,monsoon,false
BLK-2026-00251,TRL-AJJ-UP,TRD-2026-01085,TRD,,2026-02-18 02:00,142,2026-02-18 01:45,164,2026-02-18 01:57,2026-02-18 03:39,true,-62,none,TRD-ENR-C,OHE-TC-03,clear,normal,false
BLK-2026-00252,MSB-MS-UP_SUB,ENG-2026-04652,ENG,,2026-07-16 00:30,283,2026-07-16 00:45,359,2026-07-16 01:02,2026-07-16 05:29,true,-92,none,ENG-TNP-C,,clear,normal,false
BLK-2026-00253,MAS-BBQ-UP_SUB,ENG-2026-04215,ENG,,2026-07-02 02:45,184,2026-07-02 02:45,230,,,false,,,ENG-MS-B,TAMP-SR-05,clear,normal,false
BLK-2026-00254,TRL-AJJ-DN,TRD-2026-01509,TRD,,2026-03-14 01:15,130,2026-03-14 01:15,162,2026-03-14 01:18,2026-03-14 03:37,true,-23,none,TRD-AJJ-B,OHE-TC-07,clear,normal,false
BLK-2026-00255,TRL-AJJ-DN,ENG-2026-05640,ENG,,2026-07-28 01:00,223,2026-07-28 00:45,263,,,false,,,ENG-TNP-B,RGM-SR-01,clear,normal,false
BLK-2025-00256,PV-TBM-DN_SUB,TRD-2025-01542,TRD,,2025-12-05 03:00,137,2025-12-05 02:45,169,2025-12-05 02:52,2025-12-05 05:40,true,-1,none,TRD-AJJ-B,OHE-TC-04,clear,monsoon,false
BLK-2025-00257,PV-TBM-DN,ENG-2025-05419;TRD-2025-01222;SNT-2025-01018,ENG;SNT;TRD,MG-2025-0032,2025-09-24 02:15,279,2025-09-24 02:00,344,2025-09-24 02:03,2025-09-24 07:59,true,12,unexpected_condition,ENG-TNP-C,,clear,normal,true
BLK-2026-00258,PER-ABU-DN_SUB,SNT-2026-01489,SNT,,2026-05-30 01:00,124,2026-05-30 01:00,151,2026-05-30 01:10,2026-05-30 03:00,true,-41,none,SNT-GI-A,,clear,normal,false
BLK-2026-00259,TRL-AJJ-UP,TRD-2026-01221,TRD,,2026-07-25 00:45,71,2026-07-25 00:45,88,2026-07-25 00:36,2026-07-25 02:05,true,1,none,TRD-ENR-A,OHE-TC-07,rain,normal,false
BLK-2026-00260,STM-PV-DN_SUB,SNT-2026-01311,SNT,,2026-02-08 01:45,226,2026-02-08 01:45,261,2026-02-08 01:52,2026-02-08 06:15,true,2,none,SNT-MSB-B,,clear,normal,false
BLK-2025-00261,AVD-TI-DN,ENG-2025-04247,ENG,,2025-10-13 03:45,245,2025-10-13 03:45,288,2025-10-13 04:04,2025-10-13 08:57,true,5,none,ENG-TRL-A,,clear,monsoon,false
BLK-2025-00262,MAS-BBQ-UP_SUB,ENG-2025-04188,ENG,,2025-10-29 00:30,256,2025-10-29 00:30,312,2025-10-29 00:50,2025-10-29 04:34,true,-88,none,ENG-CJ-B,,clear,monsoon,false
BLK-2025-00263,TI-TRL-DN_SUB,TRD-2025-01193,TRD,,2025-12-12 03:45,51,2025-12-12 03:30,61,2025-12-12 03:44,2025-12-12 04:34,true,-11,none,TRD-GI-A,,clear,monsoon,false
BLK-2026-00264,PV-TBM-DN_SUB,ENG-2025-05868,ENG,,2026-01-01 01:15,282,2026-01-01 01:15,360,2026-01-01 01:24,2026-01-01 04:47,true,-157,none,ENG-AVD-B,,clear,normal,false
BLK-2026-00265,MJR-PON-DN,ENG-2026-05726,ENG,,2026-06-17 12:15,112,2026-06-17 12:15,140,2026-06-17 12:33,2026-06-17 14:49,true,-4,none,ENG-MBM-C,,clear,normal,false
BLK-2026-00266,GI-STM-DN_SUB,ENG-2026-04760;TRD-2026-01595;TRD-2026-01584,ENG;TRD,MG-2026-0033,2026-07-03 03:30,250,2026-07-03 03:30,308,2026-07-03 03:40,2026-07-03 07:27,true,-81,none,ENG-MAS-B,,clear,normal,true
BLK-2026-00267,TRL-AJJ-DN_SUB,TRD-2026-01168,TRD,,2026-03-28 00:45,214,2026-03-28 01:00,265,2026-03-28 00:56,2026-03-28 05:26,true,5,none,TRD-TBM-B,OHE-TC-07,clear,normal,false
BLK-2025-00268,TRL-AJJ-UP,TRD-2025-01649;SNT-2026-00742;SNT-2025-00975,SNT;TRD,MG-2025-0034,2025-12-08 01:30,127,2025-12-08 01:30,151,,,false,,,SNT-STM-A,,clear,monsoon,true
BLK-2025-00269,MSB-MS-UP,ENG-2025-04130,ENG,,2025-12-31 11:30,104,2025-12-31 11:30,122,2025-12-31 11:21,2025-12-31 13:15,true,-8,none,ENG-TNP-A,,rain,monsoon,false
BLK-2026-00270,TI-TRL-UP,SNT-2026-01068,SNT,,2026-04-28 00:15,47,2026-04-28 00:15,54,,,false,,,SNT-MSB-A,,clear,normal,false
BLK-2026-00271,TI-TRL-UP_SUB,TRD-2026-01422,TRD,,2026-08-24 03:15,128,2026-08-24 03:00,154,,,false,,,TRD-TBM-B,OHE-TC-08,clear,normal,false
BLK-2025-00272,MSB-MS-UP_SUB,ENG-2025-04057,ENG,,2025-11-04 01:45,381,2025-11-04 01:45,485,2025-11-04 01:54,2025-11-04 09:09,true,-50,none,ENG-TRL-C,,clear,monsoon,false
BLK-2026-00273,STM-PV-DN_SUB,ENG-2026-04375,ENG,,2026-06-18 03:15,148,2026-06-18 03:15,178,2026-06-18 03:17,2026-06-18 05:54,true,-21,none,ENG-MSB-C,USFD-SR-01,clear,normal,false
BLK-2026-00274,MS-MBM-DN_SUB,TRD-2026-01052,TRD,,2026-07-09 00:15,77,2026-07-09 00:15,97,2026-07-09 00:26,2026-07-09 01:37,true,-26,none,TRD-MAS-A,,clear,normal,false
BLK-2026-00275,MS-MBM-DN_SUB,ENG-2026-04244,ENG,,2026-05-25 00:15,190,2026-05-25 00:00,229,2026-05-25 00:13,2026-05-25 02:37,true,-85,none,ENG-TNP-C,,clear,normal,false
BLK-2025-00276,PON-GPD-UP,SNT-2025-01477,SNT,,2025-11-26 02:45,245,2025-11-26 03:00,283,2025-11-26 03:05,2025-11-26 08:19,true,31,unexpected_condition,SNT-ENR-B,,rain,monsoon,false
BLK-2026-00277,TI-TRL-DN_SUB,ENG-2026-04972,ENG,,2026-07-02 03:45,190,2026-07-02 03:45,239,2026-07-02 03:51,2026-07-02 06:18,true,-92,none,ENG-TRL-C,,clear,normal,false
BLK-2026-00278,MJR-PON-DN,ENG-2026-04079,ENG,,2026-08-12 00:00,276,2026-08-12 00:00,351,2026-08-12 00:06,2026-08-12 04:44,true,-73,none,ENG-PER-C,,clear,normal,false
BLK-2026-00279,MS-MBM-DN,TRD-2025-01439;ENG-2026-05839;SNT-2025-01478,ENG;SNT;TRD,MG-2026-0035,2026-08-31 02:45,256,2026-08-31 02:45,327,2026-08-31 02:35,2026-08-31 07:05,true,-57,none,ENG-TRL-B,,clear,normal,true
BLK-2025-00280,GI-STM-UP_SUB,TRD-2025-01316,TRD,,2025-11-09 02:45,82,2025-11-09 03:00,102,,,false,,,TRD-CGL-A,OHE-TC-04,rain,monsoon,false
BLK-2026-00281,BBQ-PER-UP_SUB,ENG-2026-05250;ENG-2025-05856;SNT-2026-00524,ENG;SNT,MG-2026-0036,2026-01-07 00:00,269,2026-01-07 00:15,313,2026-01-07 00:22,2026-01-07 06:22,true,47,machine_late,ENG-CGL-B,,clear,normal,true
BLK-2026-00282,STM-PV-DN_SUB,ENG-2026-04428,ENG,,2026-05-20 00:15,255,2026-05-20 00:30,297,,,false,,,ENG-ENR-B,TAMP-SR-07,clear,normal,false
BLK-2026-00283,GI-STM-UP_SUB,SNT-2026-00688,SNT,,2026-07-31 01:45,126,2026-07-31 01:45,159,2026-07-31 01:41,2026-07-31 03:43,true,-37,none,SNT-STM-A,,clear,normal,false
BLK-2026-00284,BBQ-PER-DN_SUB,ENG-2026-04099,ENG,,2026-07-12 11:30,68,2026-07-12 11:30,83,2026-07-12 11:21,2026-07-12 12:34,true,-10,none,ENG-TRL-A,,clear,normal,false
BLK-2026-00285,MS-MBM-UP_SUB,ENG-2026-05849;ENG-2026-04968;ENG-2025-05838,ENG,MG-2026-0037,2026-08-14 00:30,302,2026-08-14 00:30,377,2026-08-14 00:38,2026-08-14 09:01,true,126,machine_late,ENG-TI-B,,clear,normal,true
BLK-2026-00286,TI-TRL-DN,ENG-2026-04740,ENG,,2026-02-18 03:30,260,2026-02-18 03:30,322,2026-02-18 03:49,2026-02-18 09:29,true,18,material_delay,ENG-AJJ-A,,clear,normal,false
BLK-2026-00287,TI-TRL-DN,ENG-2026-04351;ENG-2026-05853;TRD-2025-01707,ENG;TRD,MG-2026-0038,2026-04-14 01:15,764,2026-04-14 01:30,918,2026-04-14 01:42,2026-04-14 18:26,true,86,material_delay,ENG-AJJ-C,,clear,normal,true
BLK-2026-00288,CGL-WJ-SINGLE,ENG-2026-05958,ENG,,2026-07-28 01:45,110,2026-07-28 02:00,140,2026-07-28 01:56,2026-07-28 03:58,true,-18,none,ENG-TI-B,,clear,normal,false
BLK-2026-00289,MAS-BBQ-UP_SUB,SNT-2026-00788,SNT,,2026-02-20 03:00,72,2026-02-20 03:00,83,2026-02-20 03:05,2026-02-20 04:20,true,-8,none,SNT-TBM-A,,clear,normal,false
BLK-2025-00290,BBQ-PER-DN_SUB,ENG-2025-05882,ENG,,2025-10-12 02:15,333,2025-10-12 02:15,398,2025-10-12 02:12,2025-10-12 07:58,true,-52,none,ENG-MBM-B,BCM-SR-01,clear,monsoon,false
BLK-2026-00291,MSB-MS-DN_SUB,SNT-2026-01331,SNT,,2026-08-14 01:30,78,2026-08-14 01:30,99,2026-08-14 01:34,2026-08-14 03:02,true,-11,none,SNT-STM-A,,rain,normal,false
BLK-2026-00292,MAS-BBQ-UP_SUB,SNT-2026-00746,SNT,,2026-01-24 01:45,217,2026-01-24 01:45,269,2026-01-24 01:37,2026-01-24 05:39,true,-27,none,SNT-MSB-B,,clear,normal,false
BLK-2026-00293,PV-TBM-DN_SUB,ENG-2026-05995,ENG,,2026-04-24 10:30,131,2026-04-24 10:30,162,2026-04-24 10:28,2026-04-24 12:39,true,-31,none,ENG-CJ-A,,clear,normal,false
BLK-2026-00294,TRL-AJJ-DN,TRD-2026-01091,TRD,,2026-04-21 01:00,122,2026-04-21 01:15,154,2026-04-21 01:20,2026-04-21 04:06,true,12,traffic_hold,TRD-MAS-A,OHE-TC-05,clear,normal,false
BLK-2026-00295,AVD-TI-DN,SNT-2026-00964,SNT,,2026-05-26 02:00,112,2026-05-26 02:00,131,2026-05-26 02:18,2026-05-26 04:32,true,3,none,SNT-MAS-A,,clear,normal,false
BLK-2026-00296,CGL-WJ-SINGLE,ENG-2026-05385;TRD-2026-01523;SNT-2026-01499,ENG;SNT;TRD,MG-2026-0039,2026-06-14 01:15,218,2026-06-14 01:15,266,2026-06-14 01:32,2026-06-14 05:31,true,-27,none,ENG-MS-B,RGM-SR-01,clear,normal,true
BLK-2025-00297,AVD-TI-UP,SNT-2025-00889,SNT,,2025-11-14 01:30,87,2025-11-14 01:30,110,2025-11-14 01:35,2025-11-14 03:37,true,12,traffic_hold,SNT-AVD-B,,heavy_rain,monsoon,false
BLK-2026-00298,PER-ABU-DN,SNT-2026-01008,SNT,,2026-07-23 03:00,79,2026-07-23 02:45,94,,,false,,,SNT-AJJ-A,,clear,normal,false
BLK-2025-00299,TRL-AJJ-DN,SNT-2026-00800;SNT-2025-01070;TRD-2025-01270,SNT;TRD,MG-2025-0040,2025-12-18 02:45,133,2025-12-18 03:00,161,2025-12-18 03:09,2025-12-18 06:10,true,20,machine_late,TRD-TBM-B,OHE-TC-01,clear,monsoon,true
BLK-2026-00300,MBM-GI-UP_SUB,ENG-2026-04942,ENG,,2026-02-09 00:45,304,2026-02-09 00:45,387,2026-02-09 01:02,2026-02-09 06:50,true,-39,none,ENG-PV-A,,rain,normal,false
BLK-2026-00301,TI-TRL-DN,ENG-2026-05267,ENG,,2026-06-13 02:30,403,2026-06-13 02:15,490,2026-06-13 02:18,2026-06-13 08:04,true,-144,none,ENG-TNP-B,BCM-SR-01,rain,normal,false
BLK-2026-00302,PON-GPD-UP,ENG-2025-04194,ENG,,2026-01-06 01:00,239,2026-01-06 01:00,305,2026-01-06 01:06,2026-01-06 04:11,true,-120,none,ENG-GPD-A,,rain,normal,false
BLK-2026-00303,GI-STM-UP_SUB,ENG-2026-04060,ENG,,2026-03-08 00:30,300,2026-03-08 00:15,367,2026-03-08 00:32,2026-03-08 05:35,true,-64,none,ENG-GPD-A,,clear,normal,false
BLK-2025-00304,WJ-CJ-SINGLE,SNT-2025-01303,SNT,,2025-11-16 00:45,122,2025-11-16 01:00,155,2025-11-16 00:50,2025-11-16 02:39,true,-46,none,SNT-ENR-A,,clear,monsoon,false
BLK-2026-00305,MAS-BBQ-UP_SUB,ENG-2026-05834;SNT-2026-00780;ENG-2025-05481,ENG;SNT,MG-2026-0041,2026-02-10 00:45,444,2026-02-10 01:00,562,2026-02-10 00:51,2026-02-10 09:20,true,-53,none,ENG-STM-B,TAMP-SR-05,clear,normal,true
BLK-2026-00306,GI-STM-UP_SUB,ENG-2026-06017;ENG-2026-04791;ENG-2025-05988,ENG,MG-2026-0042,2026-08-16 01:30,426,2026-08-16 01:45,528,2026-08-16 01:49,2026-08-16 10:46,true,9,none,ENG-TRL-C,,clear,normal,true
BLK-2026-00307,TRL-AJJ-DN_SUB,TRD-2025-01055,TRD,,2026-01-03 01:00,396,2026-01-03 00:45,472,2026-01-03 01:00,2026-01-03 07:58,true,-54,none,TRD-MSB-B,OHE-TC-06,clear,normal,false
BLK-2026-00308,AVD-TI-UP_SUB,SNT-2026-01250,SNT,,2026-07-31 00:45,93,2026-07-31 00:45,113,2026-07-31 01:02,2026-07-31 02:37,true,-18,none,SNT-MS-A,,clear,normal,false
BLK-2026-00309,PON-GPD-UP,SNT-2026-01471;ENG-2026-05549;ENG-2026-04261,ENG;SNT,MG-2026-0043,2026-03-13 00:45,376,2026-03-13 00:45,472,2026-03-13 01:02,2026-03-13 07:29,true,-85,none,ENG-TI-C,,clear,normal,true
BLK-2026-00310,MBM-GI-DN_SUB,TRD-2026-01784,TRD,,2026-02-09 03:30,257,2026-02-09 03:30,329,2026-02-09 03:25,2026-02-09 08:03,true,-51,none,TRD-ENR-C,OHE-TC-08,clear,normal,false
BLK-2026-00311,ENR-MJR-UP,ENG-2026-05542;TRD-2026-01712;ENG-2026-06026,ENG;TRD,MG-2026-0044,2026-03-21 03:45,212,2026-03-21 03:30,254,2026-03-21 03:36,2026-03-21 09:02,true,72,crew_short,ENG-ENR-B,TAMP-SR-03,clear,normal,true
BLK-2026-00312,TRL-AJJ-UP,SNT-2026-00818;TRD-2026-01376;ENG-2026-04795,ENG;SNT;TRD,MG-2026-0045,2026-06-04 02:45,295,2026-06-04 02:45,341,,,false,,,ENG-TNP-A,,clear,normal,true
BLK-2025-00313,STM-PV-DN_SUB,TRD-2025-01314,TRD,,2025-12-27 02:15,106,2025-12-27 02:00,133,,,false,,,TRD-GI-A,OHE-TC-06,rain,monsoon,false
BLK-2026-00314,PON-GPD-DN,ENG-2025-04485;ENG-2026-05750;ENG-2026-06021,ENG,MG-2026-0046,2026-08-25 02:30,404,2026-08-25 02:45,506,2026-08-25 02:39,2026-08-25 11:29,true,24,machine_late,ENG-MBM-A,,clear,normal,true
BLK-2026-00315,ABU-AVD-UP_SUB,SNT-2026-01093,SNT,,2026-06-09 02:15,69,2026-06-09 02:15,88,2026-06-09 02:15,2026-06-09 03:24,true,-19,none,SNT-MAS-A,,rain,normal,false
BLK-2025-00316,TI-TRL-UP,ENG-2025-05375;SNT-2025-00959;ENG-2026-04497,ENG;SNT,MG-2025-0047,2025-11-10 02:00,276,2025-11-10 01:45,327,2025-11-10 01:44,2025-11-10 08:02,true,51,material_delay,ENG-TNP-C,,clear,monsoon,true
BLK-2026-00317,TRL-AJJ-DN,ENG-2026-05948,ENG,,2026-07-30 03:15,151,2026-07-30 03:00,185,2026-07-30 02:53,2026-07-30 05:50,true,-8,none,ENG-GPD-B,BRM-SR-02,clear,normal,false
BLK-2025-00318,MSB-MS-UP_SUB,ENG-2025-04344,ENG,,2025-11-09 01:00,244,2025-11-09 01:00,287,2025-11-09 00:56,2025-11-09 05:45,true,2,none,ENG-MJR-B,TAMP-SR-07,rain,monsoon,false
BLK-2026-00319,ABU-AVD-UP_SUB,ENG-2025-04712;ENG-2026-04990;ENG-2026-04086,ENG,MG-2026-0048,2026-07-12 03:15,353,2026-07-12 03:30,445,2026-07-12 03:44,2026-07-12 10:37,true,-32,none,ENG-TI-C,,clear,normal,true
BLK-2025-00320,TNP-ENR-UP,SNT-2025-01159,SNT,,2025-11-23 03:15,49,2025-11-23 03:00,61,2025-11-23 03:12,2025-11-23 03:53,true,-20,none,SNT-PER-A,,clear,monsoon,false
BLK-2026-00321,MSB-MS-UP_SUB,ENG-2026-04263,ENG,,2026-06-18 02:15,176,2026-06-18 02:00,222,2026-06-18 02:18,2026-06-18 04:53,true,-67,none,ENG-STM-B,TAMP-SR-05,clear,normal,false
BLK-2025-00322,PV-TBM-UP_SUB,ENG-2025-04655,ENG,,2025-11-21 01:15,279,2025-11-21 01:15,338,2025-11-21 01:31,2025-11-21 07:33,true,24,material_delay,ENG-CJ-B,,rain,monsoon,false
BLK-2026-00323,MSB-MS-UP_SUB,ENG-2026-04697,ENG,,2026-08-14 01:45,177,2026-08-14 02:00,224,2026-08-14 01:53,2026-08-14 05:12,true,-25,none,ENG-ENR-B,TAMP-SR-05,clear,normal,false
BLK-2026-00324,MBM-GI-DN_SUB,SNT-2026-00928;SNT-2026-00977;TRD-2026-01172,SNT;TRD,MG-2026-0049,2026-03-29 00:45,142,2026-03-29 00:45,174,,,false,,,TRD-MAS-C,OHE-TC-05,clear,normal,true
BLK-2026-00325,CJ-TMLP-SINGLE,ENG-2026-05301,ENG,,2026-06-22 00:00,261,2026-06-22 00:00,331,2026-06-22 00:16,2026-06-22 06:06,true,19,material_delay,ENG-CJ-B,,clear,normal,false
BLK-2025-00326,STM-PV-DN_SUB,ENG-2025-04176;ENG-2026-05409;TRD-2026-01818,ENG;TRD,MG-2025-0050,2025-11-12 01:00,352,2025-11-12 01:00,406,2025-11-12 01:03,2025-11-12 07:42,true,-7,none,ENG-MAS-C,,clear,monsoon,true
BLK-2025-00327,TRL-AJJ-UP,ENG-2025-05909,ENG,,2025-10-15 01:00,260,2025-10-15 01:00,330,2025-10-15 00:56,2025-10-15 05:55,true,-31,none,ENG-ABU-B,,clear,monsoon,false
BLK-2026-00328,ABU-AVD-UP_SUB,ENG-2026-04376,ENG,,2026-08-17 02:15,509,2026-08-17 02:15,625,2026-08-17 02:14,2026-08-17 13:11,true,32,weather,ENG-CGL-B,,rain,normal,false
BLK-2026-00329,MSB-MS-UP,ENG-2026-05307,ENG,,2026-04-12 13:45,67,2026-04-12 14:00,85,2026-04-12 13:59,2026-04-12 15:37,true,13,weather,ENG-GPD-A,,rain,normal,false
BLK-2025-00330,BBQ-TNP-UP,ENG-2025-05658,ENG,,2025-10-21 01:00,380,2025-10-21 01:00,455,2025-10-21 01:05,2025-10-21 07:21,true,-79,none,ENG-CGL-B,,clear,monsoon,false
BLK-2025-00331,WJ-CJ-SINGLE,ENG-2025-05896,ENG,,2025-12-20 11:15,288,2025-12-20 11:30,365,2025-12-20 11:33,2025-12-20 16:35,true,-63,none,ENG-ENR-C,,heavy_rain,monsoon,false
BLK-2025-00332,TNP-ENR-UP,ENG-2025-05540,ENG,,2025-11-17 00:45,228,2025-11-17 01:00,285,2025-11-17 01:16,2025-11-17 05:51,true,-10,none,ENG-MBM-B,TAMP-SR-03,clear,monsoon,false
BLK-2026-00333,PER-ABU-UP_SUB,TRD-2026-01571,TRD,,2026-02-27 01:45,163,2026-02-27 01:30,201,2026-02-27 01:30,2026-02-27 04:42,true,-9,none,TRD-CGL-B,OHE-TC-03,clear,normal,false
BLK-2026-00334,PER-ABU-DN,ENG-2026-05701,ENG,,2026-06-03 02:15,284,2026-06-03 02:00,329,2026-06-03 02:16,2026-06-03 07:45,true,0,none,ENG-ABU-A,,rain,normal,false
BLK-2026-00335,CJ-TMLP-SINGLE,ENG-2026-04695,ENG,,2026-02-12 00:30,381,2026-02-12 00:30,448,2026-02-12 00:30,2026-02-12 06:24,true,-94,none,ENG-ABU-B,,clear,normal,false
BLK-2025-00336,MBM-GI-UP_SUB,ENG-2025-05492,ENG,,2025-11-05 01:15,370,2025-11-05 01:15,440,2025-11-05 01:06,2025-11-05 10:31,true,125,weather,ENG-STM-B,BCM-SR-01,heavy_rain,monsoon,false
BLK-2026-00337,MAS-BBQ-DN,ENG-2026-04988,ENG,,2026-03-17 00:15,454,2026-03-17 00:15,577,2026-03-17 00:08,2026-03-17 07:21,true,-144,none,ENG-MAS-C,,clear,normal,false
BLK-2025-00338,TRL-AJJ-DN,ENG-2025-05980,ENG,,2025-10-11 01:00,341,2025-10-11 01:00,433,2025-10-11 01:04,2025-10-11 06:34,true,-103,none,ENG-CJ-B,,rain,monsoon,false
BLK-2026-00339,TRL-AJJ-DN_SUB,TRD-2026-01529,TRD,,2026-08-08 01:45,158,2026-08-08 02:00,190,2026-08-08 01:55,2026-08-08 04:26,true,-39,none,TRD-AJJ-A,OHE-TC-08,clear,normal,false
BLK-2026-00340,ABU-AVD-DN_SUB,ENG-2026-05566,ENG,,2026-02-19 02:00,494,2026-02-19 02:15,599,,,false,,,ENG-TRL-C,,clear,normal,false
BLK-2026-00341,AVD-TI-DN,ENG-2026-04042,ENG,,2026-03-23 02:30,218,2026-03-23 02:15,278,,,false,,,ENG-AVD-A,,rain,normal,false
BLK-2026-00342,AVD-TI-UP_SUB,ENG-2025-05536,ENG,,2026-01-15 00:30,150,2026-01-15 00:30,186,,,false,,,ENG-GPD-B,BRM-SR-02,clear,normal,false
BLK-2025-00343,PER-ABU-DN,TRD-2025-01068,TRD,,2025-10-07 01:30,171,2025-10-07 01:15,212,2025-10-07 01:13,2025-10-07 04:17,true,-28,none,TRD-AVD-C,OHE-TC-04,clear,monsoon,false
BLK-2026-00344,TI-TRL-UP_SUB,SNT-2026-01321;ENG-2026-05398;TRD-2025-01331,ENG;SNT;TRD,MG-2026-0051,2026-06-21 00:45,291,2026-06-21 01:00,359,2026-06-21 01:11,2026-06-21 07:15,true,5,none,ENG-TRL-C,,clear,normal,true
BLK-2025-00345,PER-ABU-UP_SUB,TRD-2025-01816,TRD,,2025-12-19 01:00,167,2025-12-19 01:00,212,2025-12-19 00:55,2025-12-19 03:42,true,-45,none,TRD-MAS-C,OHE-TC-04,clear,monsoon,false
BLK-2026-00346,BBQ-PER-UP,ENG-2026-05764,ENG,,2026-07-13 00:30,226,2026-07-13 00:30,276,2026-07-13 00:34,2026-07-13 04:01,true,-69,none,ENG-STM-B,RGM-SR-01,clear,normal,false
BLK-2026-00347,MSB-MS-UP_SUB,ENG-2026-04589,ENG,,2026-07-12 01:00,184,2026-07-12 00:45,218,2026-07-12 00:54,2026-07-12 03:29,true,-63,none,ENG-TI-B,,clear,normal,false
BLK-2025-00348,PER-ABU-UP_SUB,SNT-2025-01194,SNT,,2025-09-30 02:00,75,2025-09-30 02:00,88,2025-09-30 01:53,2025-09-30 03:14,true,-7,none,SNT-TNP-A,,clear,normal,false
BLK-2026-00349,TMLP-TKO-SINGLE,SNT-2026-00646,SNT,,2026-07-31 02:45,209,2026-07-31 03:00,247,2026-07-31 03:17,2026-07-31 07:34,true,10,none,SNT-GI-B,,clear,normal,false
BLK-2026-00350,MAS-BBQ-UP_SUB,ENG-2026-05475,ENG,,2026-04-12 01:30,246,2026-04-12 01:30,305,2026-04-12 01:30,2026-04-12 05:48,true,-47,none,ENG-MSB-B,TAMP-SR-07,clear,normal,false
BLK-2026-00351,CGL-WJ-SINGLE,SNT-2026-00512,SNT,,2026-07-06 03:00,142,2026-07-06 03:00,176,2026-07-06 03:16,2026-07-06 05:57,true,-15,none,SNT-MSB-B,,clear,normal,false
BLK-2025-00352,TRL-AJJ-UP,ENG-2025-04411,ENG,,2025-12-14 02:30,179,2025-12-14 02:30,217,2025-12-14 02:47,2025-12-14 05:34,true,-50,none,ENG-AJJ-B,RGM-SR-01,heavy_rain,monsoon,false
BLK-2026-00353,MAS-BBQ-DN_SUB,ENG-2026-05932,ENG,,2026-06-29 10:15,81,2026-06-29 10:00,95,2026-06-29 10:08,2026-06-29 11:22,true,-21,none,ENG-MAS-B,,clear,normal,false
BLK-2026-00354,MS-MBM-UP_SUB,TRD-2026-01703,TRD,,2026-06-04 03:45,113,2026-06-04 04:00,132,,,false,,,TRD-GPD-A,OHE-TC-08,clear,normal,false
BLK-2026-00355,ABU-AVD-UP_SUB,TRD-2026-01767,TRD,,2026-03-21 01:00,137,2026-03-21 01:00,163,2026-03-21 00:54,2026-03-21 03:27,true,-10,none,TRD-AJJ-B,OHE-TC-01,clear,normal,false
BLK-2026-00356,ABU-AVD-DN,SNT-2026-01230,SNT,,2026-08-11 01:45,77,2026-08-11 01:45,91,2026-08-11 01:44,2026-08-11 02:58,true,-17,none,SNT-MS-A,,clear,normal,false
BLK-2026-00357,MBM-GI-UP_SUB,ENG-2026-05793;SNT-2026-00888;TRD-2026-01330,ENG;SNT;TRD,MG-2026-0052,2026-06-12 03:00,391,2026-06-12 02:45,454,,,false,,,ENG-PER-B,,clear,normal,true
BLK-2026-00358,TRL-AJJ-DN,SNT-2026-01290,SNT,,2026-08-21 03:30,99,2026-08-21 03:30,115,,,false,,,SNT-MSB-A,,clear,normal,false
BLK-2025-00359,PV-TBM-DN_SUB,TRD-2025-01752,TRD,,2025-11-15 01:15,86,2025-11-15 01:00,108,2025-11-15 00:56,2025-11-15 02:34,true,-10,none,TRD-GI-A,OHE-TC-03,rain,monsoon,false
BLK-2026-00360,PV-TBM-DN_SUB,ENG-2026-04783,ENG,,2026-02-06 02:30,239,2026-02-06 02:30,298,2026-02-06 02:26,2026-02-06 07:30,true,6,none,ENG-MSB-B,RGM-SR-01,clear,normal,false
BLK-2026-00361,TRL-AJJ-DN,SNT-2026-01553,SNT,,2026-04-14 02:15,82,2026-04-14 02:00,96,2026-04-14 02:06,2026-04-14 03:31,true,-11,none,SNT-MS-A,,clear,normal,false
BLK-2025-00362,TRL-AJJ-UP_SUB,TRD-2025-01243,TRD,,2025-10-28 02:00,334,2025-10-28 02:00,408,2025-10-28 01:51,2025-10-28 08:25,true,-14,none,TRD-MSB-B,OHE-TC-04,clear,monsoon,false
BLK-2026-00363,STM-PV-DN,ENG-2025-04807;TRD-2026-01205;ENG-2025-05706,ENG;TRD,MG-2026-0053,2026-01-07 02:00,256,2026-01-07 02:15,320,2026-01-07 02:28,2026-01-07 06:41,true,-67,none,ENG-TBM-B,TAMP-SR-05,clear,normal,true
BLK-2026-00364,CGL-WJ-SINGLE,ENG-2026-04591,ENG,,2026-06-02 01:15,167,2026-06-02 01:15,202,,,false,,,ENG-MJR-B,RGM-SR-01,clear,normal,false
BLK-2026-00365,ABU-AVD-DN,ENG-2026-05281,ENG,,2026-07-16 03:15,104,2026-07-16 03:30,121,,,false,,,ENG-TNP-B,BRM-SR-02,clear,normal,false
BLK-2026-00366,BBQ-PER-UP,TRD-2026-01860,TRD,,2026-07-15 01:00,75,2026-07-15 00:45,95,,,false,,,TRD-AVD-A,OHE-TC-02,clear,normal,false
BLK-2026-00367,TRL-AJJ-DN_SUB,TRD-2026-01713;ENG-2025-05588;ENG-2026-04027,ENG;TRD,MG-2026-0054,2026-05-17 01:30,260,2026-05-17 01:30,330,2026-05-17 01:41,2026-05-17 06:29,true,-42,none,TRD-GI-B,OHE-TC-08,clear,normal,true
BLK-2025-00368,TRL-AJJ-DN,ENG-2025-05066,ENG,,2025-10-14 02:45,208,2025-10-14 02:45,250,2025-10-14 02:58,2025-10-14 06:24,true,-44,none,ENG-AVD-C,,clear,monsoon,false
BLK-2025-00369,MAS-BBQ-UP_SUB,ENG-2025-04392,ENG,,2025-11-13 00:30,238,2025-11-13 00:30,302,2025-11-13 00:38,2025-11-13 04:44,true,-56,none,ENG-PER-C,,rain,monsoon,false
BLK-2026-00370,MJR-PON-DN,ENG-2026-04632,ENG,,2026-07-28 11:45,84,2026-07-28 11:45,101,,,false,,,ENG-GI-C,,clear,normal,false
BLK-2026-00371,AVD-TI-UP,ENG-2026-06031,ENG,,2026-06-20 01:45,321,2026-06-20 01:30,376,2026-06-20 01:23,2026-06-20 06:02,true,-97,none,ENG-AJJ-C,,clear,normal,false
BLK-2026-00372,MSB-MS-DN,ENG-2026-04956,ENG,,2026-07-10 03:15,294,2026-07-10 03:30,341,2026-07-10 03:32,2026-07-10 09:35,true,22,material_delay,ENG-AJJ-C,,clear,normal,false
BLK-2025-00373,PV-TBM-UP_SUB,ENG-2025-05760,ENG,,2025-11-27 02:45,331,2025-11-27 02:45,419,2025-11-27 02:46,2025-11-27 08:32,true,-73,none,ENG-TI-C,,clear,monsoon,false
BLK-2026-00374,AVD-TI-DN,ENG-2026-06035,ENG,,2026-05-26 01:45,298,2026-05-26 01:45,361,2026-05-26 02:02,2026-05-26 08:28,true,25,weather,ENG-CJ-B,,rain,normal,false
BLK-2025-00375,CJ-TMLP-SINGLE,ENG-2025-05789,ENG,,2025-10-12 00:45,324,2025-10-12 01:00,408,,,false,,,ENG-CGL-B,,clear,monsoon,false
BLK-2026-00376,PV-TBM-DN_SUB,TRD-2026-01806,TRD,,2026-01-18 02:30,137,2026-01-18 02:45,159,2026-01-18 02:37,2026-01-18 05:28,true,12,crew_short,TRD-TBM-B,OHE-TC-04,clear,normal,false
BLK-2026-00377,ABU-AVD-DN,TRD-2026-01299,TRD,,2026-06-01 00:45,253,2026-06-01 00:45,318,2026-06-01 00:45,2026-06-01 05:25,true,-38,none,TRD-AJJ-C,OHE-TC-03,rain,normal,false
BLK-2026-00378,TRL-AJJ-UP,ENG-2026-04689,ENG,,2026-03-30 00:30,94,2026-03-30 00:45,112,,,false,,,ENG-MJR-C,USFD-SR-04,rain,normal,false
BLK-2026-00379,TRL-AJJ-UP,ENG-2026-04962,ENG,,2026-06-19 01:15,253,2026-06-19 01:15,297,2026-06-19 01:12,2026-06-19 04:49,true,-80,none,ENG-PER-C,,clear,normal,false
BLK-2026-00380,CGL-WJ-SINGLE,ENG-2026-05807,ENG,,2026-08-06 02:45,282,2026-08-06 03:00,337,2026-08-06 03:19,2026-08-06 08:26,true,-30,none,ENG-TNP-A,,clear,normal,false
BLK-2026-00381,TRL-AJJ-DN,TRD-2026-01483,TRD,,2026-02-25 00:45,111,2026-02-25 00:45,139,,,false,,,TRD-CGL-A,OHE-TC-03,clear,normal,false
BLK-2025-00382,CGL-WJ-SINGLE,SNT-2025-00795,SNT,,2025-11-11 03:45,79,2025-11-11 03:45,91,2025-11-11 03:55,2025-11-11 05:30,true,4,none,SNT-ENR-A,,heavy_rain,monsoon,false
BLK-2026-00383,AVD-TI-DN,ENG-2026-04212,ENG,,2026-05-09 01:45,319,2026-05-09 01:45,402,2026-05-09 01:40,2026-05-09 06:18,true,-124,none,ENG-TNP-A,,clear,normal,false
BLK-2025-00384,MSB-MS-DN_SUB,SNT-2025-01016,SNT,,2025-10-29 11:45,195,2025-10-29 12:00,237,2025-10-29 12:02,2025-10-29 15:58,true,-1,none,SNT-CJ-B,,rain,monsoon,false
BLK-2026-00385,BBQ-PER-UP_SUB,TRD-2026-01616,TRD,,2026-05-28 00:45,115,2026-05-28 00:45,140,2026-05-28 00:38,2026-05-28 02:22,true,-36,none,TRD-CGL-A,OHE-TC-04,clear,normal,false
BLK-2026-00386,MSB-MS-UP_SUB,ENG-2026-05545,ENG,,2026-05-20 00:00,397,2026-05-19 23:45,508,,,false,,,ENG-TI-C,,clear,normal,false
BLK-2026-00387,STM-PV-UP_SUB,ENG-2026-04947,ENG,,2026-03-14 00:45,440,2026-03-14 00:30,513,2026-03-14 00:42,2026-03-14 09:21,true,6,none,ENG-TI-C,,clear,normal,false
BLK-2026-00388,PV-TBM-DN_SUB,TRD-2026-01229;TRD-2026-01661;ENG-2026-04028,ENG;TRD,MG-2026-0055,2026-02-14 00:00,433,2026-02-14 00:00,535,2026-02-14 00:13,2026-02-14 08:40,true,-28,none,ENG-MAS-A,,clear,normal,true
BLK-2026-00389,MSB-MS-UP_SUB,ENG-2026-05171,ENG,,2026-01-20 00:30,296,2026-01-20 00:30,373,2026-01-20 00:30,2026-01-20 06:08,true,-35,none,ENG-ENR-B,TAMP-SR-03,clear,normal,false
BLK-2025-00390,TMLP-TKO-SINGLE,SNT-2025-01572;ENG-2026-05228;SNT-2026-01090,ENG;SNT,MG-2025-0056,2025-12-04 03:00,193,2025-12-04 03:15,246,2025-12-04 03:29,2025-12-04 06:53,true,-42,none,SNT-STM-B,,clear,monsoon,true
BLK-2025-00391,MJR-PON-DN,ENG-2025-05430,ENG,,2025-11-15 03:30,497,2025-11-15 03:15,578,2025-11-15 03:27,2025-11-15 13:10,true,5,none,ENG-TI-C,,clear,monsoon,false
BLK-2025-00392,MJR-PON-DN,ENG-2025-04833,ENG,,2025-12-14 02:30,345,2025-12-14 02:15,429,,,false,,,ENG-MBM-A,,rain,monsoon,false
BLK-2026-00393,PV-TBM-UP_SUB,SNT-2026-01147,SNT,,2026-03-02 00:45,98,2026-03-02 00:45,114,2026-03-02 00:40,2026-03-02 02:21,true,-13,none,SNT-MAS-A,,clear,normal,false
BLK-2026-00394,PON-GPD-UP,ENG-2026-04157,ENG,,2026-03-22 00:30,402,2026-03-22 00:30,494,2026-03-22 00:35,2026-03-22 06:37,true,-132,none,ENG-AVD-C,,clear,normal,false
BLK-2026-00395,TRL-AJJ-DN,TRD-2026-01178,TRD,,2026-03-22 03:00,131,2026-03-22 03:00,156,2026-03-22 03:16,2026-03-22 05:44,true,-8,none,TRD-CGL-B,OHE-TC-03,clear,normal,false
BLK-2026-00396,MS-MBM-DN_SUB,TRD-2026-01308,TRD,,2026-06-30 00:45,143,2026-06-30 00:45,181,,,false,,,TRD-GI-A,OHE-TC-05,rain,normal,false
BLK-2026-00397,BBQ-PER-UP_SUB,SNT-2026-01051,SNT,,2026-07-16 02:15,54,2026-07-16 02:15,66,2026-07-16 02:21,2026-07-16 03:15,true,-12,none,SNT-MAS-A,,clear,normal,false
BLK-2026-00398,PER-ABU-DN,TRD-2026-01060,TRD,,2026-05-25 03:45,204,2026-05-25 03:30,254,,,false,,,TRD-AVD-C,OHE-TC-06,clear,normal,false
BLK-2026-00399,PER-ABU-DN,SNT-2026-01184,SNT,,2026-08-29 00:00,74,2026-08-29 00:15,86,2026-08-29 00:29,2026-08-29 02:05,true,10,none,SNT-GI-A,,clear,normal,false
BLK-2026-00400,MAS-BBQ-DN,TRD-2026-01340,TRD,,2026-02-25 01:00,136,2026-02-25 01:00,161,2026-02-25 01:17,2026-02-25 04:04,true,6,none,TRD-MAS-C,OHE-TC-01,rain,normal,false
BLK-2026-00401,MSB-MS-DN,ENG-2026-04071;SNT-2026-01265;SNT-2025-00709,ENG;SNT,MG-2026-0057,2026-04-18 11:45,203,2026-04-18 11:45,245,2026-04-18 11:39,2026-04-18 16:21,true,37,unexpected_condition,ENG-AVD-B,,clear,normal,true
BLK-2026-00402,BBQ-PER-UP_SUB,SNT-2026-01082,SNT,,2026-07-29 02:15,204,2026-07-29 02:15,241,2026-07-29 02:10,2026-07-29 05:44,true,-27,none,SNT-CGL-B,,clear,normal,false
BLK-2026-00403,MS-MBM-UP_SUB,SNT-2026-00903,SNT,,2026-07-15 02:45,207,2026-07-15 02:30,258,2026-07-15 02:41,2026-07-15 06:27,true,-32,none,SNT-TRL-B,,clear,normal,false
BLK-2025-00404,MJR-PON-DN,ENG-2025-04984,ENG,,2025-12-08 01:45,149,2025-12-08 01:45,172,2025-12-08 02:02,2025-12-08 04:19,true,-35,none,ENG-GPD-B,BRM-SR-06,clear,monsoon,false
BLK-2026-00405,PER-ABU-UP_SUB,TRD-2026-01237,TRD,,2026-03-11 03:45,70,2026-03-11 03:30,83,2026-03-11 03:48,2026-03-11 04:52,true,-19,none,TRD-AJJ-B,OHE-TC-01,clear,normal,false
BLK-2026-00406,STM-PV-UP_SUB,SNT-2026-00944,SNT,,2026-08-09 01:00,122,2026-08-09 01:15,147,2026-08-09 01:09,2026-08-09 03:08,true,-28,none,SNT-GI-A,,rain,normal,false
BLK-2026-00407,GI-STM-UP_SUB,SNT-2026-01493,SNT,,2026-07-20 03:45,108,2026-07-20 04:00,134,,,false,,,SNT-CJ-A,,clear,normal,false
BLK-2025-00408,AVD-TI-UP_SUB,SNT-2025-01037,SNT,,2025-09-17 00:30,87,2025-09-17 00:30,103,2025-09-17 00:20,2025-09-17 01:39,true,-24,none,SNT-AVD-A,,rain,normal,false
BLK-2025-00409,TI-TRL-UP_SUB,TRD-2025-01296,TRD,,2025-11-13 01:00,81,2025-11-13 01:15,102,2025-11-13 01:10,2025-11-13 02:37,true,-15,none,TRD-AVD-B,OHE-TC-01,clear,monsoon,false
BLK-2025-00410,TRL-AJJ-UP,SNT-2025-01172,SNT,,2025-12-05 00:15,89,2025-12-05 00:00,109,,,false,,,SNT-GPD-A,,clear,monsoon,false
BLK-2026-00411,TI-TRL-DN_SUB,ENG-2026-04918,ENG,,2026-01-10 00:30,376,2026-01-10 00:30,450,2026-01-10 00:22,2026-01-10 06:02,true,-110,none,ENG-TRL-C,,clear,normal,false
BLK-2026-00412,TRL-AJJ-UP,TRD-2026-01206,TRD,,2026-06-14 00:15,151,2026-06-14 00:30,177,2026-06-14 00:44,2026-06-14 03:11,true,-30,none,TRD-AJJ-A,OHE-TC-05,clear,normal,false
BLK-2026-00413,CJ-TMLP-SINGLE,ENG-2026-04870,ENG,,2026-02-19 12:45,75,2026-02-19 12:30,94,2026-02-19 12:45,2026-02-19 14:14,true,-5,none,ENG-GI-C,,rain,normal,false
BLK-2026-00414,MS-MBM-DN_SUB,TRD-2026-01196,TRD,,2026-03-24 00:30,366,2026-03-24 00:45,442,,,false,,,TRD-TBM-B,OHE-TC-07,clear,normal,false
BLK-2025-00415,MSB-MS-DN_SUB,ENG-2025-04350,ENG,,2025-10-26 02:45,243,2025-10-26 02:45,288,,,false,,,ENG-GPD-B,RGM-SR-01,heavy_rain,monsoon,false
BLK-2026-00416,TI-TRL-DN_SUB,SNT-2026-01322,SNT,,2026-03-24 01:00,73,2026-03-24 01:00,93,,,false,,,SNT-PER-A,,clear,normal,false
BLK-2026-00417,TI-TRL-DN,ENG-2026-05520,ENG,,2026-09-06 03:30,370,2026-09-06 03:15,465,2026-09-06 03:31,2026-09-06 08:23,true,-173,none,ENG-AJJ-C,,clear,normal,false
BLK-2026-00418,MSB-MS-DN_SUB,SNT-2026-00667,SNT,,2026-07-03 01:45,85,2026-07-03 01:45,108,2026-07-03 01:56,2026-07-03 03:44,true,0,none,SNT-MAS-B,,clear,normal,false
BLK-2025-00419,PER-ABU-DN,SNT-2025-00893,SNT,,2025-12-03 00:15,38,2025-12-03 00:15,48,2025-12-03 00:30,2025-12-03 01:16,true,-2,none,SNT-GPD-A,,clear,monsoon,false
BLK-2026-00420,MSB-MS-DN_SUB,SNT-2026-00502,SNT,,2026-05-22 11:00,188,2026-05-22 11:00,222,,,false,,,SNT-TRL-B,,rain,normal,false
BLK-2025-00421,PER-ABU-UP,ENG-2025-05360,ENG,,2025-10-20 03:30,357,2025-10-20 03:30,414,,,false,,,ENG-GPD-A,,rain,monsoon,false
BLK-2025-00422,STM-PV-UP_SUB,SNT-2025-00711,SNT,,2025-12-02 03:00,45,2025-12-02 03:00,55,,,false,,,SNT-CJ-A,,heavy_rain,monsoon,false
BLK-2026-00423,TI-TRL-DN,TRD-2026-01396;ENG-2026-05191;TRD-2026-01685,ENG;TRD,MG-2026-0058,2026-03-26 03:30,217,2026-03-26 03:15,261,2026-03-26 03:16,2026-03-26 07:41,true,4,none,TRD-MSB-B,OHE-TC-03,clear,normal,true
BLK-2026-00424,TRL-AJJ-UP,ENG-2025-05531;ENG-2026-05703;SNT-2026-00676,ENG;SNT,MG-2026-0059,2026-04-17 00:45,338,2026-04-17 01:00,406,2026-04-17 01:18,2026-04-17 08:10,true,6,none,ENG-TNP-A,,clear,normal,true
BLK-2026-00425,TRL-AJJ-UP_SUB,TRD-2026-01145,TRD,,2026-09-03 02:15,132,2026-09-03 02:15,164,2026-09-03 02:22,2026-09-03 05:04,true,-2,none,TRD-ENR-C,OHE-TC-03,rain,normal,false
BLK-2026-00426,ABU-AVD-UP_SUB,ENG-2026-05009,ENG,,2026-02-15 03:45,306,2026-02-15 03:45,386,2026-02-15 03:44,2026-02-15 10:15,true,5,none,ENG-ABU-C,,clear,normal,false
BLK-2026-00427,AVD-TI-UP,TRD-2026-01471,TRD,,2026-03-22 03:30,422,2026-03-22 03:30,496,2026-03-22 03:47,2026-03-22 11:19,true,-44,none,TRD-AVD-C,OHE-TC-08,clear,normal,false
BLK-2026-00428,PER-ABU-UP,ENG-2025-05200;TRD-2025-01791;ENG-2026-05311,ENG;TRD,MG-2026-0060,2026-01-13 00:15,260,2026-01-13 00:00,299,2026-01-13 00:20,2026-01-13 05:24,true,5,none,ENG-TI-B,,clear,normal,true
BLK-2026-00429,MAS-BBQ-UP_SUB,ENG-2026-05355,ENG,,2026-06-13 00:15,260,2026-06-13 00:15,314,,,false,,,ENG-MJR-B,TAMP-SR-05,clear,normal,false
BLK-2026-00430,MAS-BBQ-UP_SUB,ENG-2026-04876;ENG-2026-04937;ENG-2026-05646,ENG,MG-2026-0061,2026-05-17 01:00,292,2026-05-17 01:00,359,2026-05-17 01:16,2026-05-17 06:59,true,-16,none,ENG-PER-C,,clear,normal,true
BLK-2026-00431,ABU-AVD-UP_SUB,ENG-2026-05620;ENG-2026-04055;SNT-2026-00553,ENG;SNT,MG-2026-0062,2026-06-19 00:45,248,2026-06-19 00:45,316,2026-06-19 00:37,2026-06-19 05:05,true,-48,none,ENG-MSB-B,TAMP-SR-03,clear,normal,true
BLK-2026-00432,PER-ABU-DN,ENG-2026-04170,ENG,,2026-07-31 03:30,259,2026-07-31 03:30,311,,,false,,,ENG-MBM-B,RGM-SR-01,rain,normal,false
BLK-2025-00433,TRL-AJJ-UP_SUB,ENG-2025-05529,ENG,,2025-10-04 03:15,163,2025-10-04 03:00,192,2025-10-04 02:57,2025-10-04 05:55,true,-14,none,ENG-MS-C,USFD-SR-01,clear,monsoon,false
BLK-2026-00434,MS-MBM-UP_SUB,TRD-2026-01651,TRD,,2026-08-23 02:30,149,2026-08-23 02:30,177,2026-08-23 02:35,2026-08-23 05:29,true,-3,none,TRD-AJJ-C,OHE-TC-03,clear,normal,false
BLK-2026-00435,MS-MBM-DN_SUB,TRD-2025-01566,TRD,,2026-01-11 01:00,125,2026-01-11 00:45,158,2026-01-11 00:53,2026-01-11 03:13,true,-18,none,TRD-ENR-A,OHE-TC-04,clear,normal,false
BLK-2026-00436,PER-ABU-UP_SUB,SNT-2025-01020;SNT-2025-00736;TRD-2026-01370,SNT;TRD,MG-2026-0063,2026-05-17 03:30,116,2026-05-17 03:15,137,,,false,,,TRD-MAS-B,OHE-TC-08,clear,normal,true
BLK-2026-00437,AVD-TI-DN_SUB,TRD-2026-01315,TRD,,2026-02-26 03:15,72,2026-02-26 03:00,90,2026-02-26 02:58,2026-02-26 04:06,true,-22,none,TRD-GI-A,OHE-TC-03,clear,normal,false
BLK-2026-00438,MS-MBM-UP,ENG-2026-04448,ENG,,2026-03-01 01:15,247,2026-03-01 01:30,293,,,false,,,ENG-CJ-A,,clear,normal,false
BLK-2026-00439,MBM-GI-DN,ENG-2026-05732,ENG,,2026-07-23 02:45,386,2026-07-23 02:30,451,2026-07-23 02:41,2026-07-23 11:05,true,53,traffic_hold,ENG-MS-A,,clear,normal,false
BLK-2026-00440,TI-TRL-DN_SUB,TRD-2026-01527,TRD,,2026-04-11 03:30,106,2026-04-11 03:30,133,2026-04-11 03:44,2026-04-11 05:40,true,-17,none,TRD-ENR-B,OHE-TC-07,rain,normal,false
BLK-2026-00441,TRL-AJJ-DN,SNT-2026-01125,SNT,,2026-02-18 03:30,73,2026-02-18 03:15,90,2026-02-18 03:29,2026-02-18 04:48,true,-11,none,SNT-TBM-A,,clear,normal,false
BLK-2025-00442,ENR-MJR-DN,TRD-2025-01203,TRD,,2025-12-28 03:45,333,2025-12-28 04:00,399,2025-12-28 04:17,2025-12-28 08:35,true,-141,none,TRD-AJJ-C,OHE-TC-08,rain,monsoon,false
BLK-2026-00443,MSB-MS-UP_SUB,ENG-2026-05682,ENG,,2026-08-30 01:30,236,2026-08-30 01:45,281,2026-08-30 02:04,2026-08-30 05:17,true,-88,none,ENG-TI-A,,clear,normal,false
BLK-2026-00444,TI-TRL-DN_SUB,TRD-2026-01648,TRD,,2026-05-28 02:45,115,2026-05-28 03:00,147,2026-05-28 03:11,2026-05-28 04:48,true,-50,none,TRD-GI-B,OHE-TC-05,clear,normal,false
BLK-2026-00445,MSB-MS-UP_SUB,ENG-2026-05030,ENG,,2026-01-30 00:45,423,2026-01-30 00:45,496,2026-01-30 00:50,2026-01-30 08:36,true,-30,none,ENG-TNP-C,,rain,normal,false
BLK-2026-00446,TRL-AJJ-DN,TRD-2026-01088;ENG-2026-04809;ENG-2026-04153,ENG;TRD,MG-2026-0064,2026-07-29 01:45,409,2026-07-29 02:00,496,2026-07-29 02:06,2026-07-29 12:21,true,119,crew_short,ENG-TRL-A,,clear,normal,true
BLK-2026-00447,AVD-TI-UP_SUB,SNT-2026-01004,SNT,,2026-06-07 03:45,100,2026-06-07 03:45,122,2026-06-07 03:48,2026-06-07 05:38,true,-12,none,SNT-AVD-A,,clear,normal,false
BLK-2025-00448,TNP-ENR-UP,ENG-2025-04702,ENG,,2025-11-30 02:30,250,2025-11-30 02:15,307,2025-11-30 02:07,2025-11-30 07:00,true,-14,none,ENG-TNP-B,RGM-SR-01,clear,monsoon,false
BLK-2026-00449,PV-TBM-DN_SUB,ENG-2026-05263,ENG,,2026-06-27 01:45,275,2026-06-27 01:45,323,2026-06-27 01:56,2026-06-27 06:46,true,-33,none,ENG-TRL-A,,clear,normal,false
BLK-2026-00450,TNP-ENR-DN,ENG-2026-05500,ENG,,2026-07-04 01:00,413,2026-07-04 01:00,478,2026-07-04 01:07,2026-07-04 08:18,true,-47,none,ENG-TRL-B,,clear,normal,false
BLK-2026-00451,TRL-AJJ-DN_SUB,SNT-2026-01431,SNT,,2026-07-26 03:45,156,2026-07-26 03:45,194,2026-07-26 04:03,2026-07-26 06:17,true,-60,none,SNT-TBM-B,,clear,normal,false
BLK-2025-00452,CGL-WJ-SINGLE,ENG-2025-04378,ENG,,2025-12-30 13:00,212,2025-12-30 13:15,270,2025-12-30 13:32,2025-12-30 16:14,true,-108,none,ENG-AVD-A,,clear,monsoon,false
BLK-2026-00453,TI-TRL-DN_SUB,SNT-2026-01339,SNT,,2026-06-05 03:15,64,2026-06-05 03:00,79,2026-06-05 02:50,2026-06-05 03:47,true,-22,none,SNT-ENR-A,,clear,normal,false
BLK-2026-00454,ENR-MJR-UP,ENG-2025-05075;ENG-2026-05366;SNT-2026-01370,ENG;SNT,MG-2026-0065,2026-05-07 03:15,351,2026-05-07 03:15,439,2026-05-07 03:29,2026-05-07 10:42,true,-6,none,ENG-AJJ-A,,clear,normal,true
BLK-2026-00455,BBQ-PER-UP_SUB,ENG-2026-05621,ENG,,2026-08-28 01:45,348,2026-08-28 01:45,429,2026-08-28 01:52,2026-08-28 07:05,true,-116,none,ENG-TI-C,,clear,normal,false
BLK-2026-00456,BBQ-PER-UP,ENG-2026-04953,ENG,,2026-02-15 00:45,344,2026-02-15 01:00,414,,,false,,,ENG-TRL-C,,clear,normal,false
BLK-2026-00457,PON-GPD-UP,ENG-2026-05964,ENG,,2026-01-29 00:15,221,2026-01-29 00:15,273,2026-01-29 00:33,2026-01-29 04:33,true,-33,none,ENG-PER-B,,clear,normal,false
BLK-2026-00458,TI-TRL-UP,SNT-2026-00813,SNT,,2026-02-27 03:45,92,2026-02-27 03:45,110,2026-02-27 03:45,2026-02-27 05:36,true,1,none,SNT-STM-A,,clear,normal,false
BLK-2026-00459,MSB-MS-UP_SUB,SNT-2026-00695,SNT,,2026-03-06 11:15,205,2026-03-06 11:30,257,2026-03-06 11:46,2026-03-06 15:25,true,-38,none,SNT-CGL-B,,clear,normal,false
BLK-2026-00460,BBQ-PER-DN_SUB,TRD-2026-01747,TRD,,2026-08-13 03:45,74,2026-08-13 04:00,86,2026-08-13 04:09,2026-08-13 05:44,true,9,none,TRD-ENR-B,OHE-TC-05,heavy_rain,normal,false
BLK-2026-00461,TI-TRL-DN_SUB,ENG-2026-05611,ENG,,2026-07-26 02:45,145,2026-07-26 02:45,178,2026-07-26 02:55,2026-07-26 05:53,true,0,none,ENG-MBM-C,USFD-SR-04,clear,normal,false
BLK-2026-00462,TI-TRL-UP_SUB,SNT-2025-01071,SNT,,2026-01-24 02:00,68,2026-01-24 01:45,78,2026-01-24 01:55,2026-01-24 03:14,true,1,none,SNT-AVD-A,,rain,normal,false
BLK-2026-00463,MAS-BBQ-UP_SUB,TRD-2026-01401;TRD-2026-01658;SNT-2025-00785,SNT;TRD,MG-2026-0066,2026-02-12 02:15,147,2026-02-12 02:15,170,,,false,,,TRD-TBM-B,OHE-TC-02,clear,normal,true
BLK-2026-00464,TRL-AJJ-UP_SUB,TRD-2026-01738,TRD,,2026-04-21 00:00,117,2026-04-21 00:00,148,,,false,,,TRD-MAS-C,OHE-TC-01,clear,normal,false
BLK-2026-00465,MAS-BBQ-UP,TRD-2026-01506,TRD,,2026-04-06 02:00,118,2026-04-06 02:00,137,2026-04-06 02:18,2026-04-06 04:09,true,-26,none,TRD-AJJ-A,OHE-TC-04,clear,normal,false
BLK-2026-00466,TRL-AJJ-DN_SUB,TRD-2026-01043,TRD,,2026-07-26 01:30,64,2026-07-26 01:30,74,2026-07-26 01:20,2026-07-26 02:28,true,-6,none,TRD-MSB-A,,clear,normal,false
BLK-2025-00467,TRL-AJJ-UP_SUB,ENG-2025-04126,ENG,,2025-11-28 01:45,243,2025-11-28 01:30,299,2025-11-28 01:20,2025-11-28 05:22,true,-57,none,ENG-TI-B,,clear,monsoon,false
BLK-2026-00468,MS-MBM-DN_SUB,ENG-2026-05032,ENG,,2026-01-15 11:00,121,2026-01-15 10:45,148,2026-01-15 10:48,2026-01-15 13:01,true,-15,none,ENG-MBM-A,,clear,normal,false
BLK-2026-00469,STM-PV-DN,ENG-2026-04177,ENG,,2026-09-02 00:15,257,2026-09-02 00:15,327,2026-09-02 00:28,2026-09-02 04:58,true,-57,none,ENG-MSB-B,RGM-SR-01,clear,normal,false
BLK-2025-00470,TI-TRL-DN_SUB,ENG-2025-05279;SNT-2026-01080;SNT-2025-00898,ENG;SNT,MG-2025-0067,2025-12-13 02:00,205,2025-12-13 02:00,252,,,false,,,ENG-STM-B,RGM-SR-01,rain,monsoon,true
BLK-2026-00471,MS-MBM-DN_SUB,ENG-2026-05612,ENG,,2026-07-20 01:15,297,2026-07-20 01:15,342,2026-07-20 01:27,2026-07-20 07:02,true,-7,none,ENG-AVD-C,,clear,normal,false
BLK-2026-00472,TNP-ENR-DN,TRD-2026-01785,TRD,,2026-02-26 03:45,224,2026-02-26 04:00,270,,,false,,,TRD-AVD-C,OHE-TC-05,clear,normal,false
BLK-2026-00473,PER-ABU-DN_SUB,ENG-2026-04059,ENG,,2026-05-04 02:30,420,2026-05-04 02:30,499,2026-05-04 02:44,2026-05-04 10:07,true,-56,none,ENG-TBM-A,,clear,normal,false
BLK-2026-00474,MSB-MS-DN_SUB,ENG-2026-04414,ENG,,2026-03-10 00:00,164,2026-03-10 00:00,203,2026-03-10 00:06,2026-03-10 03:11,true,-18,none,ENG-MSB-A,,clear,normal,false
BLK-2026-00475,MSB-MS-DN_SUB,ENG-2026-04199,ENG,,2026-08-11 02:00,320,2026-08-11 01:45,372,,,false,,,ENG-MS-B,TAMP-SR-07,clear,normal,false
BLK-2026-00476,TRL-AJJ-UP,ENG-2026-04310;SNT-2026-01191;SNT-2025-00579,ENG;SNT,MG-2026-0068,2026-07-11 03:30,323,2026-07-11 03:30,377,,,false,,,ENG-AJJ-C,,clear,normal,true
BLK-2026-00477,PON-GPD-DN,ENG-2026-04769,ENG,,2026-02-27 00:45,243,2026-02-27 00:45,280,2026-02-27 01:03,2026-02-27 05:31,true,-12,none,ENG-PV-B,RGM-SR-01,clear,normal,false
BLK-2026-00478,MS-MBM-UP_SUB,ENG-2026-05021;ENG-2026-04777;ENG-2026-05803,ENG,MG-2026-0069,2026-07-29 03:45,338,2026-07-29 04:00,431,2026-07-29 04:18,2026-07-29 11:35,true,6,none,ENG-ABU-C,,clear,normal,true
BLK-2025-00479,MBM-GI-UP_SUB,ENG-2025-05060,ENG,,2025-11-10 02:00,182,2025-11-10 01:45,219,2025-11-10 01:55,2025-11-10 04:44,true,-50,none,ENG-CGL-A,,clear,monsoon,false
BLK-2026-00480,MJR-PON-DN,ENG-2026-05292,ENG,,2026-08-21 11:45,109,2026-08-21 11:45,139,2026-08-21 12:02,2026-08-21 13:42,true,-39,none,ENG-MS-C,,clear,normal,false
BLK-2026-00481,TKO-AJJ-SINGLE,SNT-2026-01038;SNT-2026-00819;SNT-2026-00956,SNT,MG-2026-0070,2026-03-05 11:15,306,2026-03-05 11:00,373,,,false,,,SNT-CJ-B,,clear,normal,true
BLK-2026-00482,CGL-WJ-SINGLE,SNT-2025-01121,SNT,,2026-01-08 02:45,87,2026-01-08 02:30,101,2026-01-08 02:36,2026-01-08 04:09,true,-8,none,SNT-AVD-A,,clear,normal,false
BLK-2026-00483,TRL-AJJ-DN_SUB,TRD-2026-01135,TRD,,2026-04-25 02:00,211,2026-04-25 01:45,247,,,false,,,TRD-AVD-C,OHE-TC-01,clear,normal,false
BLK-2025-00484,PER-ABU-DN,TRD-2025-01639,TRD,,2025-11-26 00:15,97,2025-11-26 00:15,123,2025-11-26 00:09,2025-11-26 02:22,true,10,none,TRD-AVD-A,OHE-TC-02,heavy_rain,monsoon,false
BLK-2026-00485,AVD-TI-UP,SNT-2026-01563,SNT,,2026-07-11 02:15,56,2026-07-11 02:15,67,2026-07-11 02:17,2026-07-11 03:09,true,-15,none,SNT-MAS-A,,clear,normal,false
BLK-2026-00486,AVD-TI-UP_SUB,SNT-2026-01174,SNT,,2026-01-31 00:00,53,2026-01-31 00:00,65,2026-01-31 00:02,2026-01-31 00:49,true,-18,none,SNT-GI-A,,clear,normal,false
BLK-2025-00487,MAS-BBQ-DN_SUB,SNT-2025-00812,SNT,,2025-12-09 13:00,319,2025-12-09 13:15,396,2025-12-09 13:25,2025-12-09 18:12,true,-109,none,SNT-TNP-B,,clear,monsoon,false
BLK-2026-00488,MSB-MS-UP_SUB,TRD-2026-01242,TRD,,2026-03-23 00:15,210,2026-03-23 00:30,263,2026-03-23 00:39,2026-03-23 04:20,true,-42,none,TRD-GI-B,OHE-TC-05,clear,normal,false
BLK-2026-00489,PV-TBM-UP_SUB,ENG-2026-04548,ENG,,2026-03-19 10:30,211,2026-03-19 10:45,256,2026-03-19 10:35,2026-03-19 13:59,true,-52,none,ENG-PER-A,,clear,normal,false
BLK-2026-00490,PON-GPD-DN,ENG-2026-04673,ENG,,2026-08-02 11:30,205,2026-08-02 11:15,244,2026-08-02 11:17,2026-08-02 14:43,true,-38,none,ENG-ABU-B,,clear,normal,false
BLK-2026-00491,TNP-ENR-UP,TRD-2026-01014;TRD-2026-01208;ENG-2026-06030,ENG;TRD,MG-2026-0071,2026-06-15 01:00,402,2026-06-15 01:00,489,,,false,,,ENG-CJ-B,,rain,normal,true
BLK-2026-00492,PV-TBM-UP,ENG-2026-04511,ENG,,2026-02-22 03:15,420,2026-02-22 03:30,536,2026-02-22 03:25,2026-02-22 11:32,true,-49,none,ENG-STM-A,,clear,normal,false
BLK-2026-00493,BBQ-PER-UP,ENG-2026-05212,ENG,,2026-05-03 03:00,413,2026-05-03 03:00,489,2026-05-03 03:17,2026-05-03 10:21,true,-65,none,ENG-TI-B,,clear,normal,false
BLK-2026-00494,MBM-GI-UP_SUB,SNT-2026-00957,SNT,,2026-05-02 13:15,241,2026-05-02 13:30,291,2026-05-02 13:29,2026-05-02 18:10,true,-10,none,SNT-GPD-B,,rain,normal,false
BLK-2026-00495,MSB-MS-DN_SUB,TRD-2026-01388,TRD,,2026-02-08 03:00,181,2026-02-08 03:00,216,2026-02-08 02:51,2026-02-08 06:00,true,-27,none,TRD-MAS-C,OHE-TC-01,clear,normal,false
BLK-2026-00496,TRL-AJJ-DN,ENG-2026-05023,ENG,,2026-03-13 00:30,506,2026-03-13 00:45,647,2026-03-13 01:04,2026-03-13 10:15,true,-96,none,ENG-MAS-C,,rain,normal,false
BLK-2026-00497,ABU-AVD-UP,TRD-2026-01674,TRD,,2026-06-22 02:00,57,2026-06-22 02:15,68,2026-06-22 02:12,2026-06-22 03:05,true,-15,none,TRD-AJJ-B,,clear,normal,false
BLK-2026-00498,WJ-CJ-SINGLE,TRD-2026-01325,TRD,,2026-04-01 03:30,142,2026-04-01 03:30,171,2026-04-01 03:32,2026-04-01 05:24,true,-59,none,TRD-CGL-B,OHE-TC-04,clear,normal,false
BLK-2026-00499,TRL-AJJ-DN_SUB,SNT-2025-00985,SNT,,2026-01-07 01:45,76,2026-01-07 02:00,93,2026-01-07 01:55,2026-01-07 03:15,true,-13,none,SNT-PER-A,,clear,normal,false
BLK-2025-00500,MSB-MS-UP,TRD-2025-01294,TRD,,2025-10-01 02:00,119,2025-10-01 01:45,147,2025-10-01 01:37,2025-10-01 03:35,true,-29,none,TRD-GPD-B,OHE-TC-07,heavy_rain,monsoon,false
BLK-2025-00501,TNP-ENR-DN,SNT-2025-01112,SNT,,2025-12-13 01:30,88,2025-12-13 01:15,110,2025-12-13 01:30,2025-12-13 03:10,true,-10,none,SNT-MS-A,,rain,monsoon,false
BLK-2025-00502,TRL-AJJ-UP,TRD-2025-01835,TRD,,2025-12-15 00:30,160,2025-12-15 00:30,196,,,false,,,TRD-GPD-C,,heavy_rain,monsoon,false
BLK-2026-00503,TRL-AJJ-UP_SUB,TRD-2025-01329,TRD,,2026-01-04 00:45,113,2026-01-04 00:45,143,2026-01-04 00:53,2026-01-04 03:19,true,3,none,TRD-CGL-A,OHE-TC-02,rain,normal,false
BLK-2026-00504,BBQ-PER-UP_SUB,ENG-2026-04513,ENG,,2026-04-23 03:00,164,2026-04-23 03:00,203,2026-04-23 03:04,2026-04-23 06:14,true,-13,none,ENG-MSB-B,TAMP-SR-03,clear,normal,false
BLK-2026-00505,TI-TRL-UP,TRD-2025-01045,TRD,,2026-01-03 01:30,79,2026-01-03 01:45,97,2026-01-03 01:59,2026-01-03 03:27,true,-9,none,TRD-AVD-B,OHE-TC-05,clear,normal,false
BLK-2026-00506,ABU-AVD-DN,SNT-2026-00741,SNT,,2026-08-14 00:15,229,2026-08-14 00:00,276,2026-08-13 23:56,2026-08-14 05:20,true,48,crew_short,SNT-CGL-B,,clear,normal,false
BLK-2026-00507,CJ-TMLP-SINGLE,ENG-2026-04911,ENG,,2026-08-05 00:45,191,2026-08-05 00:30,235,2026-08-05 00:36,2026-08-05 03:50,true,-41,none,ENG-GI-B,RGM-SR-01,clear,normal,false
BLK-2026-00508,PER-ABU-UP_SUB,ENG-2026-05981,ENG,,2026-07-05 01:30,244,2026-07-05 01:45,297,2026-07-05 01:46,2026-07-05 07:09,true,26,material_delay,ENG-PER-A,,clear,normal,false
BLK-2026-00509,CGL-WJ-SINGLE,SNT-2026-01002,SNT,,2026-07-20 00:30,123,2026-07-20 00:15,144,2026-07-20 00:21,2026-07-20 02:45,true,0,none,SNT-TNP-A,,rain,normal,false
BLK-2026-00510,TRL-AJJ-DN,TRD-2026-01538,TRD,,2026-05-14 01:45,212,2026-05-14 02:00,257,2026-05-14 02:03,2026-05-14 06:35,true,15,crew_short,TRD-TBM-B,OHE-TC-03,rain,normal,false
BLK-2026-00511,PON-GPD-UP,ENG-2026-05688,ENG,,2026-02-08 02:00,151,2026-02-08 02:00,186,,,false,,,ENG-AJJ-B,RGM-SR-01,clear,normal,false
BLK-2026-00512,PV-TBM-DN_SUB,SNT-2026-01338,SNT,,2026-07-14 03:00,75,2026-07-14 03:00,90,2026-07-14 02:51,2026-07-14 04:21,true,0,none,SNT-MAS-B,,clear,normal,false
BLK-2026-00513,PER-ABU-DN_SUB,TRD-2026-01748,TRD,,2026-02-03 01:15,83,2026-02-03 01:15,106,2026-02-03 01:11,2026-02-03 03:02,true,5,none,TRD-AVD-B,OHE-TC-02,clear,normal,false
BLK-2026-00514,MS-MBM-DN_SUB,SNT-2026-01148;ENG-2026-06000;TRD-2026-01473,ENG;SNT;TRD,MG-2026-0072,2026-02-15 01:30,394,2026-02-15 01:30,458,2026-02-15 01:35,2026-02-15 08:45,true,-28,none,TRD-MAS-C,OHE-TC-07,clear,normal,true
BLK-2026-00515,GI-STM-UP,TRD-2026-01646,TRD,,2026-08-03 02:30,110,2026-08-03 02:30,132,2026-08-03 02:26,2026-08-03 04:37,true,-1,none,TRD-ENR-B,OHE-TC-04,clear,normal,false
BLK-2026-00516,PON-GPD-DN,ENG-2026-05235;ENG-2025-04899;ENG-2025-05265,ENG,MG-2026-0073,2026-07-12 02:00,412,2026-07-12 02:00,497,2026-07-12 02:00,2026-07-12 11:35,true,78,crew_short,ENG-AVD-C,,rain,normal,true
BLK-2026-00517,PON-GPD-UP,ENG-2026-06018,ENG,,2026-02-23 03:30,264,2026-02-23 03:30,311,2026-02-23 03:26,2026-02-23 08:22,true,-15,none,ENG-PV-A,,clear,normal,false
BLK-2026-00518,TRL-AJJ-UP_SUB,ENG-2025-04465;SNT-2026-00909;SNT-2026-01062,ENG;SNT,MG-2026-0074,2026-03-27 12:45,225,2026-03-27 12:30,287,2026-03-27 12:37,2026-03-27 16:31,true,-53,none,SNT-TBM-B,,clear,normal,true
BLK-2026-00519,PV-TBM-UP_SUB,ENG-2026-04207,ENG,,2026-05-25 00:00,148,2026-05-25 00:00,173,2026-05-25 00:13,2026-05-25 02:22,true,-44,none,ENG-TNP-B,TAMP-SR-07,rain,normal,false
BLK-2026-00520,STM-PV-UP,TRD-2026-01030,TRD,,2026-08-28 02:30,128,2026-08-28 02:30,147,,,false,,,TRD-TBM-B,OHE-TC-04,clear,normal,false
BLK-2025-00521,GI-STM-DN_SUB,TRD-2025-01430,TRD,,2025-12-04 01:45,214,2025-12-04 01:45,246,2025-12-04 01:54,2025-12-04 05:24,true,-36,none,TRD-MAS-C,OHE-TC-02,heavy_rain,monsoon,false
BLK-2025-00522,MAS-BBQ-DN,SNT-2025-00803,SNT,,2025-12-08 03:15,70,2025-12-08 03:15,82,,,false,,,SNT-MAS-A,,clear,monsoon,false
BLK-2026-00523,STM-PV-DN_SUB,TRD-2026-01063;TRD-2025-01764;ENG-2026-05941,ENG;TRD,MG-2026-0075,2026-07-19 02:15,414,2026-07-19 02:30,493,,,false,,,ENG-TRL-C,,rain,normal,true
BLK-2026-00524,BBQ-TNP-UP,SNT-2026-01260,SNT,,2026-07-13 01:15,195,2026-07-13 01:30,233,,,false,,,SNT-TBM-B,,clear,normal,false
BLK-2026-00525,TRL-AJJ-UP,ENG-2026-06008;ENG-2025-04084;ENG-2026-04077,ENG,MG-2026-0076,2026-07-02 03:45,254,2026-07-02 03:30,293,,,false,,,ENG-MSB-B,TAMP-SR-07,clear,normal,true
BLK-2025-00526,MSB-MS-UP_SUB,SNT-2026-00658;ENG-2025-05239;TRD-2025-01598,ENG;SNT;TRD,MG-2025-0077,2025-11-03 03:30,305,2025-11-03 03:30,387,2025-11-03 03:29,2025-11-03 10:12,true,16,material_delay,ENG-ABU-B,,rain,monsoon,true
BLK-2025-00527,TI-TRL-DN,SNT-2025-00644,SNT,,2025-10-22 02:00,89,2025-10-22 01:45,105,2025-10-22 02:04,2025-10-22 03:43,true,-6,none,SNT-PER-A,,rain,monsoon,false
BLK-2026-00528,AVD-TI-DN,SNT-2026-01341,SNT,,2026-07-31 03:45,215,2026-07-31 03:45,251,2026-07-31 03:48,2026-07-31 08:12,true,13,unexpected_condition,SNT-GPD-B,,clear,normal,false
BLK-2025-00529,GI-STM-UP_SUB,SNT-2025-01447,SNT,,2025-12-01 00:30,202,2025-12-01 00:30,251,2025-12-01 00:34,2025-12-01 05:22,true,37,weather,SNT-GPD-B,,heavy_rain,monsoon,false
BLK-2026-00530,MBM-GI-DN,SNT-2026-01212,SNT,,2026-02-02 02:30,231,2026-02-02 02:15,294,2026-02-02 02:35,2026-02-02 06:37,true,-52,none,SNT-GPD-B,,clear,normal,false
BLK-2026-00531,AVD-TI-DN_SUB,ENG-2026-04219,ENG,,2026-04-14 00:15,248,2026-04-14 00:15,295,,,false,,,ENG-AJJ-A,,clear,normal,false
BLK-2025-00532,TI-TRL-DN,ENG-2025-05736,ENG,,2025-12-06 02:15,149,2025-12-06 02:00,183,2025-12-06 02:17,2025-12-06 04:47,true,-33,none,ENG-TBM-B,RGM-SR-01,clear,monsoon,false
BLK-2026-00533,MAS-BBQ-UP_SUB,ENG-2026-04332;SNT-2026-01144;ENG-2026-05606,ENG;SNT,MG-2026-0078,2026-08-27 01:30,338,2026-08-27 01:45,427,2026-08-27 01:50,2026-08-27 07:45,true,-72,none,ENG-AJJ-C,,clear,normal,true
BLK-2026-00534,TRL-AJJ-DN,ENG-2026-05011,ENG,,2026-07-02 11:45,117,2026-07-02 11:45,135,2026-07-02 12:05,2026-07-02 13:58,true,-22,none,ENG-MBM-C,,clear,normal,false
BLK-2026-00535,TRL-AJJ-DN,SNT-2026-00608,SNT,,2026-07-10 00:30,119,2026-07-10 00:45,139,,,false,,,SNT-AVD-A,,clear,normal,false
BLK-2026-00536,AVD-TI-UP,ENG-2026-05772,ENG,,2026-07-08 02:45,110,2026-07-08 03:00,140,2026-07-08 03:14,2026-07-08 05:01,true,-33,none,ENG-GPD-C,USFD-SR-01,clear,normal,false
BLK-2025-00537,PER-ABU-DN_SUB,SNT-2025-00515,SNT,,2025-09-13 03:15,81,2025-09-13 03:00,97,,,false,,,SNT-TNP-A,,clear,normal,false
BLK-2026-00538,MAS-BBQ-UP_SUB,ENG-2026-04710;ENG-2026-05879;SNT-2026-00793,ENG;SNT,MG-2026-0079,2026-03-15 00:30,373,2026-03-15 00:15,438,,,false,,,ENG-TRL-C,,clear,normal,true
BLK-2026-00539,PV-TBM-UP,ENG-2026-05870,ENG,,2026-08-18 01:00,158,2026-08-18 00:45,196,2026-08-18 00:41,2026-08-18 03:53,true,-4,none,ENG-MAS-B,,clear,normal,false
BLK-2025-00540,TRL-AJJ-DN_SUB,ENG-2025-05392,ENG,,2025-10-09 03:30,145,2025-10-09 03:30,176,2025-10-09 03:25,2025-10-09 05:12,true,-69,none,ENG-ABU-A,,clear,monsoon,false
BLK-2025-00541,STM-PV-UP_SUB,ENG-2025-05079,ENG,,2025-12-12 02:45,277,2025-12-12 03:00,350,2025-12-12 03:05,2025-12-12 08:24,true,-31,none,ENG-TI-C,,clear,monsoon,false
BLK-2025-00542,MSB-MS-DN_SUB,SNT-2025-01127,SNT,,2025-12-11 03:30,71,2025-12-11 03:15,89,2025-12-11 03:27,2025-12-11 04:50,true,-6,none,SNT-AVD-A,,clear,monsoon,false
BLK-2026-00543,TRL-AJJ-DN_SUB,TRD-2026-01251,TRD,,2026-05-11 03:00,138,2026-05-11 03:15,169,2026-05-11 03:14,2026-05-11 06:11,true,8,none,TRD-AVD-C,OHE-TC-03,rain,normal,false
BLK-2025-00544,BBQ-TNP-DN,ENG-2025-04687;ENG-2026-04038;TRD-2026-01317,ENG;TRD,MG-2025-0080,2025-11-08 00:00,194,2025-11-08 00:00,224,2025-11-08 00:19,2025-11-08 03:40,true,-23,none,ENG-MJR-B,RGM-SR-01,rain,monsoon,true
BLK-2026-00545,ABU-AVD-UP_SUB,SNT-2026-00707,SNT,,2026-06-28 02:45,96,2026-06-28 02:45,117,2026-06-28 02:53,2026-06-28 04:44,true,-6,none,SNT-CJ-A,,clear,normal,false
BLK-2026-00546,ABU-AVD-UP_SUB,ENG-2026-04279;ENG-2025-05502;ENG-2026-04323,ENG,MG-2026-0081,2026-04-07 02:30,428,2026-04-07 02:30,514,,,false,,,ENG-PV-A,,clear,normal,true
BLK-2025-00547,TNP-ENR-DN,SNT-2025-01346,SNT,,2025-11-18 01:30,69,2025-11-18 01:30,87,2025-11-18 01:37,2025-11-18 03:05,true,1,none,SNT-MAS-B,,heavy_rain,monsoon,false
BLK-2026-00548,TRL-AJJ-DN,ENG-2026-04185,ENG,,2026-08-28 00:00,265,2026-08-28 00:00,307,2026-08-27 23:54,2026-08-28 04:21,true,-40,none,ENG-ABU-A,,clear,normal,false
BLK-2025-00549,MAS-BBQ-DN,ENG-2025-04346;ENG-2025-04711;ENG-2026-05551,ENG,MG-2025-0082,2025-10-24 00:15,271,2025-10-24 00:30,337,2025-10-24 00:48,2025-10-24 07:03,true,38,crew_short,ENG-ABU-C,,rain,monsoon,true
BLK-2026-00550,CGL-WJ-SINGLE,TRD-2026-01676,TRD,,2026-08-08 02:45,152,2026-08-08 03:00,188,2026-08-08 03:18,2026-08-08 05:57,true,-29,none,TRD-AJJ-C,OHE-TC-03,clear,normal,false
BLK-2025-00551,PV-TBM-UP,TRD-2026-01358;ENG-2025-04946;ENG-2025-04472,ENG;TRD,MG-2025-0083,2025-10-28 00:45,484,2025-10-28 00:30,587,2025-10-28 00:35,2025-10-28 11:43,true,81,material_delay,ENG-TRL-C,,clear,monsoon,true
BLK-2025-00552,MJR-PON-UP,ENG-2025-04050,ENG,,2025-12-07 03:15,206,2025-12-07 03:15,262,2025-12-07 03:10,2025-12-07 06:46,true,-46,none,ENG-TI-A,,clear,monsoon,false
BLK-2026-00553,ABU-AVD-UP_SUB,ENG-2026-04592,ENG,,2026-05-11 02:15,177,2026-05-11 02:30,224,2026-05-11 02:45,2026-05-11 06:42,true,13,machine_late,ENG-ENR-B,TAMP-SR-05,clear,normal,false
BLK-2026-00554,PON-GPD-UP,TRD-2026-01012,TRD,,2026-05-27 01:00,107,2026-05-27 01:15,130,,,false,,,TRD-MAS-A,OHE-TC-05,clear,normal,false
BLK-2025-00555,MS-MBM-UP,ENG-2025-05282,ENG,,2025-10-11 00:45,146,2025-10-11 00:30,173,2025-10-11 00:25,2025-10-11 03:36,true,18,traffic_hold,ENG-MBM-C,USFD-SR-01,rain,monsoon,false
BLK-2025-00556,BBQ-PER-DN_SUB,SNT-2025-01309,SNT,,2025-12-04 03:15,101,2025-12-04 03:30,125,2025-12-04 03:34,2025-12-04 05:15,true,-24,none,SNT-TBM-A,,clear,monsoon,false
BLK-2026-00557,WJ-CJ-SINGLE,SNT-2026-01113,SNT,,2026-05-27 00:30,239,2026-05-27 00:30,306,2026-05-27 00:48,2026-05-27 04:48,true,-66,none,SNT-TRL-B,,clear,normal,false
BLK-2026-00558,TNP-ENR-UP,SNT-2026-00929;SNT-2026-00925;SNT-2026-01342,SNT,MG-2026-0084,2026-07-01 02:00,226,2026-07-01 01:45,289,2026-07-01 01:42,2026-07-01 05:58,true,-33,none,SNT-CGL-B,,rain,normal,true
BLK-2025-00559,TRL-AJJ-DN,TRD-2025-01312,TRD,,2025-10-19 03:00,217,2025-10-19 03:00,276,2025-10-19 03:05,2025-10-19 07:12,true,-29,none,TRD-CGL-B,OHE-TC-08,clear,monsoon,false
BLK-2026-00560,TI-TRL-UP,ENG-2026-04491,ENG,,2026-05-18 03:45,239,2026-05-18 03:45,301,2026-05-18 03:54,2026-05-18 08:31,true,-24,none,ENG-MJR-A,,clear,normal,false
BLK-2026-00561,PON-GPD-UP,TRD-2026-01554,TRD,,2026-06-23 00:45,113,2026-06-23 00:45,131,2026-06-23 00:41,2026-06-23 02:51,true,-1,none,TRD-GI-B,OHE-TC-04,rain,normal,false
BLK-2026-00562,STM-PV-UP_SUB,TRD-2025-01501,TRD,,2026-01-06 01:30,68,2026-01-06 01:15,79,2026-01-06 01:12,2026-01-06 02:14,true,-17,none,TRD-MAS-B,OHE-TC-05,rain,normal,false
BLK-2026-00563,BBQ-PER-UP,ENG-2026-05596;SNT-2026-01427;SNT-2025-00647,ENG;SNT,MG-2026-0085,2026-02-02 02:45,133,2026-02-02 02:45,166,2026-02-02 03:04,2026-02-02 06:30,true,40,weather,ENG-AJJ-B,BRM-SR-02,rain,normal,true
BLK-2025-00564,MJR-PON-DN,ENG-2025-05901,ENG,,2025-10-02 13:45,298,2025-10-02 13:30,369,2025-10-02 13:43,2025-10-02 19:12,true,-40,none,ENG-STM-C,,rain,monsoon,false
BLK-2026-00565,TI-TRL-UP_SUB,ENG-2026-05689,ENG,,2026-08-03 10:00,75,2026-08-03 10:00,92,2026-08-03 10:06,2026-08-03 11:15,true,-23,none,ENG-MAS-A,,clear,normal,false
BLK-2026-00566,TI-TRL-DN,TRD-2026-01278,TRD,,2026-08-25 03:15,186,2026-08-25 03:15,229,2026-08-25 03:15,2026-08-25 07:03,true,-1,none,TRD-GI-B,OHE-TC-08,clear,normal,false
BLK-2026-00567,MSB-MS-UP_SUB,SNT-2026-00548,SNT,,2026-06-30 03:15,48,2026-06-30 03:30,61,2026-06-30 03:46,2026-06-30 04:43,true,-4,none,SNT-MS-A,,clear,normal,false
BLK-2025-00568,MJR-PON-DN,ENG-2025-05041,ENG,,2025-10-14 00:15,364,2025-10-14 00:15,445,2025-10-14 00:24,2025-10-14 07:07,true,-42,none,ENG-AJJ-B,BCM-SR-01,clear,monsoon,false
BLK-2026-00569,TI-TRL-DN,SNT-2026-00633,SNT,,2026-04-01 00:15,104,2026-04-01 00:00,131,,,false,,,SNT-AVD-A,,clear,normal,false
BLK-2026-00570,PON-GPD-DN,ENG-2026-04943,ENG,,2026-03-03 02:00,139,2026-03-03 02:00,164,2026-03-03 02:00,2026-03-03 04:23,true,-21,none,ENG-PV-B,BRM-SR-06,clear,normal,false
BLK-2026-00571,MSB-MS-UP_SUB,SNT-2025-01356,SNT,,2026-01-04 00:45,55,2026-01-04 00:45,69,2026-01-04 00:57,2026-01-04 01:56,true,-10,none,SNT-GPD-A,,clear,normal,false
BLK-2026-00572,MSB-MS-UP_SUB,SNT-2026-00507,SNT,,2026-02-04 03:30,205,2026-02-04 03:30,250,2026-02-04 03:50,2026-02-04 07:45,true,-15,none,SNT-GPD-B,,clear,normal,false
BLK-2026-00573,MSB-MS-UP,TRD-2026-01708,TRD,,2026-08-01 01:00,244,2026-08-01 00:45,287,2026-08-01 01:04,2026-08-01 04:52,true,-59,none,TRD-GI-B,OHE-TC-02,rain,normal,false
BLK-2025-00574,CGL-WJ-SINGLE,SNT-2025-01525,SNT,,2025-10-15 00:45,119,2025-10-15 00:45,137,2025-10-15 00:39,2025-10-15 02:26,true,-30,none,SNT-GI-A,,clear,monsoon,false
BLK-2026-00575,PER-ABU-UP_SUB,SNT-2026-01180,SNT,,2026-08-18 01:00,153,2026-08-18 01:15,176,2026-08-18 01:10,2026-08-18 03:51,true,-15,none,SNT-TRL-B,,clear,normal,false
BLK-2026-00576,MS-MBM-UP,ENG-2026-04650,ENG,,2026-05-05 01:00,136,2026-05-05 01:00,164,,,false,,,ENG-STM-C,USFD-SR-04,clear,normal,false
BLK-2026-00577,MAS-BBQ-DN_SUB,TRD-2026-01161,TRD,,2026-01-15 02:00,94,2026-01-15 02:15,110,,,false,,,TRD-ENR-A,OHE-TC-05,rain,normal,false
BLK-2026-00578,PER-ABU-DN,ENG-2026-05117,ENG,,2026-03-02 00:30,268,2026-03-02 00:30,338,2026-03-02 00:29,2026-03-02 04:22,true,-105,none,ENG-STM-A,,clear,normal,false
BLK-2025-00579,TRL-AJJ-DN_SUB,TRD-2025-01265,TRD,,2025-12-19 03:30,220,2025-12-19 03:30,273,2025-12-19 03:33,2025-12-19 08:26,true,20,weather,TRD-MSB-B,OHE-TC-01,heavy_rain,monsoon,false
BLK-2026-00580,PON-GPD-UP,ENG-2026-05308,ENG,,2026-03-23 03:15,389,2026-03-23 03:00,465,2026-03-23 02:59,2026-03-23 09:47,true,-57,none,ENG-CJ-A,,clear,normal,false
BLK-2026-00581,MSB-MS-DN_SUB,SNT-2026-01007;ENG-2026-05696;SNT-2026-00643,ENG;SNT,MG-2026-0086,2026-03-09 01:30,821,2026-03-09 01:45,1002,2026-03-09 01:40,2026-03-09 18:09,true,-13,none,ENG-TNP-C,,clear,normal,true
BLK-2025-00582,TRL-AJJ-DN_SUB,ENG-2025-05788,ENG,,2025-11-19 03:00,156,2025-11-19 03:00,184,2025-11-19 03:11,2025-11-19 06:41,true,26,crew_short,ENG-MJR-C,USFD-SR-01,clear,monsoon,false
BLK-2026-00583,ABU-AVD-UP,TRD-2025-01737;ENG-2026-04006;TRD-2026-01011,ENG;TRD,MG-2026-0087,2026-01-10 01:15,193,2026-01-10 01:30,222,,,false,,,TRD-MAS-C,OHE-TC-08,clear,normal,true
BLK-2025-00584,MSB-MS-UP_SUB,ENG-2025-05815,ENG,,2025-10-17 02:00,395,2025-10-17 02:00,463,2025-10-17 02:08,2025-10-17 10:09,true,18,crew_short,ENG-ABU-C,,clear,monsoon,false
BLK-2025-00585,TRL-AJJ-DN_SUB,ENG-2026-04502;ENG-2026-05954;TRD-2025-01663,ENG;TRD,MG-2025-0088,2025-12-28 03:15,407,2025-12-28 03:30,470,,,false,,,TRD-CGL-B,OHE-TC-05,clear,monsoon,true
BLK-2026-00586,TRL-AJJ-UP,SNT-2026-01111,SNT,,2026-06-01 03:45,45,2026-06-01 03:45,53,2026-06-01 03:58,2026-06-01 04:56,true,5,none,SNT-MAS-B,,rain,normal,false
BLK-2026-00587,TRL-AJJ-UP,ENG-2025-04707;ENG-2025-05447;SNT-2026-01186,ENG;SNT,MG-2026-0089,2026-01-15 01:15,376,2026-01-15 01:15,458,,,false,,,ENG-CJ-B,,clear,normal,true
BLK-2026-00588,PER-ABU-DN,SNT-2026-00694;ENG-2026-05026;ENG-2026-05317,ENG;SNT,MG-2026-0090,2026-03-09 03:30,369,2026-03-09 03:45,468,2026-03-09 03:44,2026-03-09 11:03,true,-29,none,ENG-GPD-C,USFD-SR-01,clear,normal,true
BLK-2026-00589,PER-ABU-DN_SUB,TRD-2026-01240,TRD,,2026-02-08 02:15,193,2026-02-08 02:15,239,,,false,,,TRD-ENR-C,OHE-TC-02,clear,normal,false
BLK-2026-00590,TNP-ENR-UP,ENG-2026-05543,ENG,,2026-01-20 13:45,135,2026-01-20 13:45,163,,,false,,,ENG-ENR-A,,clear,normal,false
BLK-2026-00591,WJ-CJ-SINGLE,ENG-2026-05999;SNT-2026-01285;TRD-2025-01090,ENG;SNT;TRD,MG-2026-0091,2026-05-22 02:00,237,2026-05-22 02:15,280,2026-05-22 02:16,2026-05-22 05:34,true,-82,none,ENG-PV-B,TAMP-SR-05,clear,normal,true
BLK-2025-00592,PON-GPD-UP,ENG-2025-04089,ENG,,2025-11-04 01:00,234,2025-11-04 01:00,281,2025-11-04 01:02,2025-11-04 05:42,true,-1,none,ENG-TRL-C,,clear,monsoon,false
BLK-2026-00593,MSB-MS-UP_SUB,SNT-2026-01115,SNT,,2026-02-22 03:00,224,2026-02-22 03:00,259,,,false,,,SNT-GPD-B,,clear,normal,false
BLK-2026-00594,BBQ-TNP-UP,SNT-2026-00779,SNT,,2026-08-18 10:15,339,2026-08-18 10:15,423,2026-08-18 10:30,2026-08-18 16:46,true,-47,none,SNT-MSB-B,,clear,normal,false
BLK-2026-00595,MSB-MS-UP_SUB,ENG-2026-04620,ENG,,2026-08-18 00:15,333,2026-08-18 00:00,403,2026-08-18 00:17,2026-08-18 05:53,true,-67,none,ENG-TNP-C,,clear,normal,false
BLK-2026-00596,TI-TRL-UP_SUB,SNT-2026-00776,SNT,,2026-03-19 02:15,144,2026-03-19 02:30,175,2026-03-19 02:23,2026-03-19 05:21,true,3,none,SNT-TBM-B,,rain,normal,false
BLK-2026-00597,STM-PV-UP_SUB,ENG-2026-04518,ENG,,2026-02-10 01:15,239,2026-02-10 01:15,278,2026-02-10 01:09,2026-02-10 05:37,true,-10,none,ENG-TI-C,,clear,normal,false
BLK-2025-00598,AVD-TI-DN,TRD-2025-01176,TRD,,2025-09-25 03:30,230,2025-09-25 03:15,291,2025-09-25 03:09,2025-09-25 06:45,true,-75,none,TRD-GI-B,OHE-TC-02,clear,normal,false
BLK-2026-00599,MAS-BBQ-UP_SUB,ENG-2026-06022,ENG,,2026-03-13 02:00,174,2026-03-13 01:45,213,2026-03-13 01:49,2026-03-13 04:43,true,-39,none,ENG-AJJ-B,TAMP-SR-03,clear,normal,false
BLK-2025-00600,PER-ABU-UP_SUB,SNT-2025-01450,SNT,,2025-12-09 00:00,127,2025-12-09 00:00,151,2025-12-08 23:52,2025-12-09 02:31,true,8,none,SNT-GPD-A,,clear,monsoon,false
BLK-2026-00601,MJR-PON-UP,SNT-2026-00952,SNT,,2026-04-28 10:15,315,2026-04-28 10:15,401,,,false,,,SNT-TNP-B,,clear,normal,false
BLK-2025-00602,GI-STM-UP_SUB,TRD-2025-01680,TRD,,2025-11-10 03:15,90,2025-11-10 03:30,104,2025-11-10 03:35,2025-11-10 05:17,true,-2,none,TRD-MAS-A,OHE-TC-03,rain,monsoon,false
BLK-2025-00603,PER-ABU-UP_SUB,TRD-2025-01150,TRD,,2025-12-18 02:15,63,2025-12-18 02:15,78,2025-12-18 02:21,2025-12-18 03:23,true,-16,none,TRD-GI-A,,rain,monsoon,false
BLK-2025-00604,GI-STM-DN,ENG-2025-05293,ENG,,2025-10-01 13:00,166,2025-10-01 12:45,191,2025-10-01 13:00,2025-10-01 16:32,true,21,crew_short,ENG-AJJ-A,,heavy_rain,monsoon,false
BLK-2026-00605,BBQ-PER-DN_SUB,TRD-2026-01357,TRD,,2026-08-31 03:45,86,2026-08-31 03:30,110,2026-08-31 03:30,2026-08-31 04:52,true,-28,none,TRD-GI-A,OHE-TC-01,clear,normal,false
BLK-2026-00606,MSB-MS-UP_SUB,SNT-2026-00930,SNT,,2026-02-13 03:45,49,2026-02-13 03:45,62,2026-02-13 03:45,2026-02-13 04:32,true,-15,none,SNT-GI-A,,clear,normal,false
BLK-2026-00607,STM-PV-DN_SUB,SNT-2026-01468,SNT,,2026-07-15 01:30,155,2026-07-15 01:30,192,2026-07-15 01:36,2026-07-15 03:52,true,-56,none,SNT-STM-B,,clear,normal,false
BLK-2026-00608,STM-PV-UP,ENG-2026-06020,ENG,,2026-07-08 01:30,305,2026-07-08 01:30,379,2026-07-08 01:35,2026-07-08 07:28,true,-26,none,ENG-TI-C,,clear,normal,false
BLK-2026-00609,TMLP-TKO-SINGLE,SNT-2026-01065,SNT,,2026-02-11 00:15,82,2026-02-11 00:15,98,2026-02-11 00:31,2026-02-11 02:04,true,-5,none,SNT-TRL-A,,clear,normal,false
BLK-2026-00610,BBQ-PER-UP_SUB,SNT-2026-01064,SNT,,2026-02-11 03:45,65,2026-02-11 03:30,82,2026-02-11 03:27,2026-02-11 04:27,true,-22,none,SNT-AVD-A,,clear,normal,false
BLK-2026-00611,TI-TRL-DN,SNT-2026-01532;ENG-2025-04705;ENG-2026-04676,ENG;SNT,MG-2026-0092,2026-08-01 01:30,220,2026-08-01 01:30,255,,,false,,,SNT-AJJ-B,,clear,normal,true
BLK-2026-00612,MS-MBM-DN_SUB,ENG-2026-04138;ENG-2026-05983;ENG-2025-05931,ENG,MG-2026-0093,2026-05-05 03:00,344,2026-05-05 03:00,409,2026-05-05 02:56,2026-05-05 10:26,true,41,material_delay,ENG-ABU-B,,clear,normal,true
BLK-2026-00613,CGL-WJ-SINGLE,TRD-2026-01365;ENG-2026-05519;ENG-2026-04775,ENG;TRD,MG-2026-0094,2026-03-27 12:30,422,2026-03-27 12:30,510,2026-03-27 12:37,2026-03-27 19:10,true,-117,none,ENG-MSB-C,,clear,normal,true
BLK-2026-00614,ENR-MJR-UP,ENG-2026-06025,ENG,,2026-02-14 03:45,144,2026-02-14 04:00,174,2026-02-14 04:01,2026-02-14 07:06,true,11,traffic_hold,ENG-MBM-B,BRM-SR-06,clear,normal,false
BLK-2026-00615,TMLP-TKO-SINGLE,ENG-2026-04400,ENG,,2026-04-14 03:30,135,2026-04-14 03:45,165,,,false,,,ENG-ENR-B,BRM-SR-02,clear,normal,false
BLK-2026-00616,TI-TRL-DN,TRD-2026-01151,TRD,,2026-08-22 03:30,146,2026-08-22 03:30,173,2026-08-22 03:36,2026-08-22 05:33,true,-56,none,TRD-MAS-C,OHE-TC-05,clear,normal,false
BLK-2026-00617,MAS-BBQ-UP_SUB,SNT-2026-01404;ENG-2026-05644;ENG-2025-04232,ENG;SNT,MG-2026-0095,2026-01-13 02:15,533,2026-01-13 02:15,668,2026-01-13 02:20,2026-01-13 11:09,true,-139,none,ENG-PV-B,TAMP-SR-03,clear,normal,true
BLK-2025-00618,PER-ABU-DN_SUB,SNT-2025-01535,SNT,,2025-11-10 00:45,95,2025-11-10 00:45,112,2025-11-10 00:51,2025-11-10 02:43,true,0,none,SNT-PER-A,,heavy_rain,monsoon,false
BLK-2026-00619,PV-TBM-UP_SUB,ENG-2026-05506,ENG,,2026-08-16 00:30,395,2026-08-16 00:30,460,2026-08-16 00:49,2026-08-16 08:49,true,20,unexpected_condition,ENG-TI-C,,clear,normal,false
BLK-2026-00620,CJ-TMLP-SINGLE,ENG-2026-05950,ENG,,2026-07-20 02:30,344,2026-07-20 02:30,411,2026-07-20 02:30,2026-07-20 08:58,true,-23,none,ENG-TNP-C,,clear,normal,false
BLK-2026-00621,MAS-BBQ-DN,SNT-2026-01446,SNT,,2026-07-23 02:30,109,2026-07-23 02:30,134,2026-07-23 02:25,2026-07-23 04:09,true,-30,none,SNT-MSB-A,,clear,normal,false
BLK-2025-00622,ENR-MJR-UP,SNT-2025-01515,SNT,,2025-10-02 00:00,38,2025-10-01 23:45,46,2025-10-01 23:36,2025-10-02 00:14,true,-8,none,SNT-PER-B,,rain,monsoon,false
BLK-2026-00623,MS-MBM-DN,TRD-2026-01305,TRD,,2026-08-06 02:00,173,2026-08-06 01:45,221,,,false,,,TRD-AVD-C,OHE-TC-05,clear,normal,false
BLK-2026-00624,TRL-AJJ-DN,TRD-2026-01102,TRD,,2026-04-27 00:15,408,2026-04-27 00:15,516,,,false,,,TRD-MSB-B,OHE-TC-06,clear,normal,false
BLK-2025-00625,PER-ABU-UP,SNT-2025-01268,SNT,,2025-10-25 03:30,73,2025-10-25 03:30,93,2025-10-25 03:29,2025-10-25 04:55,true,-7,none,SNT-STM-A,,clear,monsoon,false
BLK-2025-00626,AVD-TI-DN_SUB,ENG-2026-05891;SNT-2025-00907;ENG-2026-04633,ENG;SNT,MG-2025-0096,2025-10-14 01:45,670,2025-10-14 01:45,784,2025-10-14 01:52,2025-10-14 15:53,true,57,machine_late,SNT-ENR-B,,clear,monsoon,true
BLK-2026-00627,PER-ABU-UP,ENG-2026-06044,ENG,,2026-07-15 02:15,339,2026-07-15 02:00,409,2026-07-15 02:03,2026-07-15 07:40,true,-72,none,ENG-MSB-A,,clear,normal,false
BLK-2026-00628,TRL-AJJ-UP_SUB,TRD-2026-01583,TRD,,2026-06-08 03:30,75,2026-06-08 03:45,94,,,false,,,TRD-MAS-A,OHE-TC-01,clear,normal,false
BLK-2026-00629,AVD-TI-DN,ENG-2026-04109,ENG,,2026-05-09 01:00,270,2026-05-09 01:15,342,,,false,,,ENG-GI-A,,clear,normal,false
BLK-2025-00630,MBM-GI-UP,ENG-2025-04559,ENG,,2025-12-24 02:30,135,2025-12-24 02:45,165,2025-12-24 02:54,2025-12-24 05:39,true,0,none,ENG-TBM-B,TAMP-SR-05,heavy_rain,monsoon,false
BLK-2026-00631,MJR-PON-DN,ENG-2025-05982,ENG,,2026-01-10 00:00,253,2026-01-09 23:45,320,2026-01-09 23:38,2026-01-10 03:34,true,-84,none,ENG-MJR-B,TAMP-SR-03,clear,normal,false
BLK-2026-00632,MJR-PON-DN,ENG-2026-04955,ENG,,2026-07-10 00:00,302,2026-07-10 00:15,384,,,false,,,ENG-ABU-A,,clear,normal,false
BLK-2026-00633,MSB-MS-UP,ENG-2026-05432;ENG-2025-04478;ENG-2026-05431,ENG,MG-2026-0097,2026-02-06 01:45,342,2026-02-06 01:45,406,2026-02-06 01:55,2026-02-06 07:42,true,-59,none,ENG-MAS-C,,clear,normal,true
BLK-2026-00634,AVD-TI-UP,TRD-2025-01036,TRD,,2026-01-03 01:30,142,2026-01-03 01:45,170,2026-01-03 01:37,2026-01-03 04:53,true,26,machine_late,TRD-MSB-B,OHE-TC-04,clear,normal,false
BLK-2026-00635,CGL-WJ-SINGLE,SNT-2026-00547,SNT,,2026-08-25 01:45,210,2026-08-25 01:45,254,2026-08-25 01:57,2026-08-25 05:45,true,-26,none,SNT-MS-B,,clear,normal,false
BLK-2025-00636,MSB-MS-UP_SUB,ENG-2025-04053,ENG,,2025-12-14 02:45,246,2025-12-14 02:30,310,,,false,,,ENG-AJJ-B,TAMP-SR-03,rain,monsoon,false
BLK-2025-00637,TI-TRL-UP_SUB,SNT-2025-01455,SNT,,2025-10-18 02:00,111,2025-10-18 02:15,135,2025-10-18 02:29,2025-10-18 04:13,true,-31,none,SNT-TBM-A,,clear,monsoon,false
BLK-2026-00638,PV-TBM-UP_SUB,ENG-2026-05967,ENG,,2026-07-06 01:15,213,2026-07-06 01:15,272,2026-07-06 01:32,2026-07-06 04:46,true,-78,none,ENG-TNP-B,TAMP-SR-07,clear,normal,false
BLK-2026-00639,ABU-AVD-DN,ENG-2025-04097,ENG,,2026-01-02 00:45,260,2026-01-02 00:45,311,2026-01-02 00:44,2026-01-02 06:25,true,30,unexpected_condition,ENG-TBM-B,TAMP-SR-03,clear,normal,false
BLK-2025-00640,TRL-AJJ-DN,ENG-2025-05683,ENG,,2025-12-29 01:45,425,2025-12-29 02:00,504,2025-12-29 02:01,2025-12-29 09:49,true,-36,none,ENG-TI-B,,clear,monsoon,false
BLK-2026-00641,BBQ-PER-UP_SUB,TRD-2026-01494,TRD,,2026-04-23 01:45,118,2026-04-23 01:30,146,2026-04-23 01:48,2026-04-23 04:15,true,1,none,TRD-MAS-C,OHE-TC-06,clear,normal,false
BLK-2026-00642,PER-ABU-UP,TRD-2026-01061,TRD,,2026-04-06 02:45,174,2026-04-06 02:45,208,2026-04-06 02:48,2026-04-06 05:21,true,-55,none,TRD-MSB-B,OHE-TC-02,clear,normal,false
BLK-2026-00643,MSB-MS-UP_SUB,SNT-2026-01547,SNT,,2026-02-13 02:15,207,2026-02-13 02:15,257,2026-02-13 02:14,2026-02-13 06:01,true,-30,none,SNT-GI-B,,clear,normal,false
BLK-2026-00644,MAS-BBQ-DN_SUB,TRD-2026-01211,TRD,,2026-03-14 01:00,114,2026-03-14 00:45,135,2026-03-14 00:52,2026-03-14 03:16,true,9,none,TRD-AVD-B,OHE-TC-07,clear,normal,false
BLK-2025-00645,ABU-AVD-DN_SUB,ENG-2025-05246,ENG,,2025-11-17 03:00,320,2025-11-17 02:45,377,2025-11-17 02:46,2025-11-17 09:31,true,28,material_delay,ENG-TNP-A,,heavy_rain,monsoon,false
BLK-2026-00646,AVD-TI-UP_SUB,SNT-2026-01414,SNT,,2026-07-28 13:00,203,2026-07-28 12:45,258,2026-07-28 13:01,2026-07-28 16:36,true,-43,none,SNT-AJJ-B,,clear,normal,false
BLK-2026-00647,MAS-BBQ-UP_SUB,ENG-2026-05436,ENG,,2026-09-07 00:00,253,2026-09-06 23:45,306,2026-09-06 23:43,2026-09-07 03:32,true,-77,none,ENG-PV-B,TAMP-SR-05,clear,normal,false
BLK-2026-00648,TKO-AJJ-SINGLE,SNT-2026-01567,SNT,,2026-08-19 01:15,94,2026-08-19 01:30,117,2026-08-19 01:49,2026-08-19 03:30,true,-16,none,SNT-PER-B,,clear,normal,false
BLK-2026-00649,BBQ-PER-DN,ENG-2026-04744,ENG,,2026-06-03 00:00,136,2026-06-02 23:45,170,2026-06-02 23:57,2026-06-03 01:43,true,-64,none,ENG-GPD-B,RGM-SR-01,clear,normal,false
BLK-2026-00650,WJ-CJ-SINGLE,TRD-2026-01876,TRD,,2026-08-24 03:30,124,2026-08-24 03:30,150,,,false,,,TRD-AVD-B,OHE-TC-05,clear,normal,false
BLK-2026-00651,ENR-MJR-UP,ENG-2026-04423,ENG,,2026-06-17 02:45,250,2026-06-17 02:45,307,2026-06-17 02:51,2026-06-17 06:30,true,-88,none,ENG-MBM-B,BCM-SR-01,clear,normal,false
BLK-2026-00652,GI-STM-DN,TRD-2026-01623,TRD,,2026-01-12 03:00,284,2026-01-12 02:45,339,2026-01-12 03:05,2026-01-12 09:13,true,29,unexpected_condition,TRD-TBM-B,OHE-TC-01,clear,normal,false
BLK-2026-00653,TRL-AJJ-UP_SUB,ENG-2026-05647,ENG,,2026-05-04 02:45,349,2026-05-04 02:45,414,2026-05-04 03:00,2026-05-04 11:25,true,91,unexpected_condition,ENG-PER-A,,clear,normal,false
BLK-2026-00654,STM-PV-DN_SUB,TRD-2026-01391,TRD,,2026-04-29 00:00,77,2026-04-29 00:15,89,2026-04-29 00:05,2026-04-29 01:35,true,1,none,TRD-ENR-A,,clear,normal,false
BLK-2026-00655,TRL-AJJ-DN_SUB,TRD-2026-01668,TRD,,2026-05-07 00:30,83,2026-05-07 00:30,101,2026-05-07 00:23,2026-05-07 02:02,true,-2,none,TRD-CGL-A,,rain,normal,false
BLK-2025-00656,MS-MBM-DN,SNT-2025-00922,SNT,,2025-12-16 02:00,118,2025-12-16 02:15,147,2025-12-16 02:32,2025-12-16 04:57,true,-2,none,SNT-MSB-A,,rain,monsoon,false
BLK-2026-00657,WJ-CJ-SINGLE,ENG-2026-05087,ENG,,2026-02-19 11:45,111,2026-02-19 11:45,138,2026-02-19 12:04,2026-02-19 13:55,true,-27,none,ENG-MBM-C,,clear,normal,false
BLK-2026-00658,AVD-TI-DN,ENG-2026-05741,ENG,,2026-06-30 10:45,194,2026-06-30 10:30,236,2026-06-30 10:37,2026-06-30 13:17,true,-76,none,ENG-CJ-A,,clear,normal,false
BLK-2026-00659,TRL-AJJ-DN_SUB,ENG-2026-04426,ENG,,2026-08-31 02:00,315,2026-08-31 02:15,368,2026-08-31 02:06,2026-08-31 07:39,true,-35,none,ENG-MBM-B,BCM-SR-01,clear,normal,false
BLK-2026-00660,TNP-ENR-UP,ENG-2026-05124,ENG,,2026-07-24 02:30,260,2026-07-24 02:15,302,2026-07-24 02:11,2026-07-24 06:40,true,-33,none,ENG-PER-A,,clear,normal,false
BLK-2026-00661,GI-STM-UP,ENG-2026-04023;ENG-2026-05288;SNT-2026-01170,ENG;SNT,MG-2026-0098,2026-06-13 13:45,215,2026-06-13 14:00,261,,,false,,,ENG-TI-B,,clear,normal,true
BLK-2026-00662,ABU-AVD-DN_SUB,SNT-2026-00585,SNT,,2026-03-07 00:15,46,2026-03-07 00:30,54,,,false,,,SNT-MSB-A,,clear,normal,false
BLK-2026-00663,TNP-ENR-DN,SNT-2026-00829,SNT,,2026-03-01 03:45,92,2026-03-01 03:30,110,2026-03-01 03:28,2026-03-01 05:05,true,-13,none,SNT-MS-A,,clear,normal,false
BLK-2025-00664,MAS-BBQ-UP_SUB,TRD-2025-01853,TRD,,2025-10-18 00:30,78,2025-10-18 00:30,99,,,false,,,TRD-MAS-B,OHE-TC-02,rain,monsoon,false
BLK-2026-00665,STM-PV-UP_SUB,ENG-2026-05247,ENG,,2026-02-28 02:30,287,2026-02-28 02:15,356,2026-02-28 02:31,2026-02-28 07:17,true,-70,none,ENG-MAS-C,,rain,normal,false
BLK-2026-00666,PV-TBM-UP_SUB,SNT-2026-01496,SNT,,2026-03-12 03:30,136,2026-03-12 03:30,173,2026-03-12 03:44,2026-03-12 06:03,true,-34,none,SNT-PER-C,,clear,normal,false
BLK-2025-00667,MBM-GI-UP_SUB,TRD-2025-01557,TRD,,2025-10-24 02:15,186,2025-10-24 02:00,234,2025-10-24 02:03,2025-10-24 05:36,true,-21,none,TRD-AVD-C,OHE-TC-05,rain,monsoon,false
BLK-2025-00668,TRL-AJJ-DN,ENG-2025-04798,ENG,,2025-11-09 02:45,500,2025-11-09 03:00,594,2025-11-09 03:03,2025-11-09 11:28,true,-89,none,ENG-TRL-C,,clear,monsoon,false
BLK-2026-00669,BBQ-TNP-UP,SNT-2026-00549;ENG-2026-05158;SNT-2026-00801,ENG;SNT,MG-2026-0099,2026-03-06 03:45,481,2026-03-06 03:45,600,2026-03-06 03:57,2026-03-06 13:41,true,-16,none,ENG-STM-B,TAMP-SR-03,clear,normal,true
BLK-2026-00670,PON-GPD-DN,TRD-2026-01338,TRD,,2026-08-20 02:15,95,2026-08-20 02:15,118,,,false,,,TRD-MSB-A,OHE-TC-01,clear,normal,false
BLK-2025-00671,MAS-BBQ-UP_SUB,ENG-2025-05350,ENG,,2025-11-19 00:15,421,2025-11-19 00:15,529,,,false,,,ENG-ABU-C,,clear,monsoon,false
BLK-2026-00672,TRL-AJJ-DN_SUB,SNT-2025-00940,SNT,,2026-01-19 03:30,94,2026-01-19 03:45,118,2026-01-19 03:38,2026-01-19 05:01,true,-35,none,SNT-AJJ-A,,clear,normal,false
BLK-2026-00673,MSB-MS-UP_SUB,ENG-2026-05222,ENG,,2026-04-30 02:30,250,2026-04-30 02:30,294,2026-04-30 02:30,2026-04-30 06:52,true,-32,none,ENG-MJR-B,TAMP-SR-03,rain,normal,false
BLK-2026-00674,ENR-MJR-DN,ENG-2026-05298,ENG,,2026-09-02 02:00,233,2026-09-02 01:45,275,2026-09-02 01:39,2026-09-02 05:30,true,-44,none,ENG-MSB-A,,clear,normal,false
BLK-2026-00675,ABU-AVD-UP,ENG-2026-04498,ENG,,2026-04-10 00:15,196,2026-04-10 00:00,243,2026-04-10 00:15,2026-04-10 03:41,true,-37,none,ENG-MS-B,RGM-SR-01,clear,normal,false
BLK-2026-00676,PON-GPD-DN,ENG-2026-05290,ENG,,2026-09-02 03:45,264,2026-09-02 03:45,312,2026-09-02 03:47,2026-09-02 08:38,true,-21,none,ENG-TNP-C,,clear,normal,false
BLK-2026-00677,PER-ABU-UP_SUB,TRD-2026-01548,TRD,,2026-04-17 00:30,204,2026-04-17 00:30,250,2026-04-17 00:48,2026-04-17 03:51,true,-67,none,TRD-ENR-C,OHE-TC-01,clear,normal,false
BLK-2026-00678,TNP-ENR-UP,TRD-2026-01695,TRD,,2026-04-11 01:15,98,2026-04-11 01:15,116,2026-04-11 01:34,2026-04-11 03:42,true,12,traffic_hold,TRD-ENR-B,OHE-TC-03,clear,normal,false
BLK-2026-00679,PON-GPD-DN,ENG-2026-05341,ENG,,2026-01-22 01:15,351,2026-01-22 01:30,437,2026-01-22 01:47,2026-01-22 08:32,true,-32,none,ENG-CJ-A,,clear,normal,false
BLK-2026-00680,PER-ABU-DN_SUB,TRD-2026-01046,TRD,,2026-03-07 03:30,209,2026-03-07 03:15,266,2026-03-07 03:25,2026-03-07 06:41,true,-70,none,TRD-AVD-C,OHE-TC-04,clear,normal,false
BLK-2026-00681,MAS-BBQ-UP_SUB,ENG-2026-05309,ENG,,2026-07-06 00:45,194,2026-07-06 00:45,240,2026-07-06 00:56,2026-07-06 04:43,true,-13,none,ENG-MJR-A,,heavy_rain,normal,false
BLK-2026-00682,TI-TRL-DN,TRD-2026-01160,TRD,,2026-06-21 00:30,86,2026-06-21 00:45,100,2026-06-21 00:43,2026-06-21 02:19,true,-4,none,TRD-GI-A,OHE-TC-06,clear,normal,false
BLK-2026-00683,MBM-GI-DN_SUB,ENG-2026-05841,ENG,,2026-05-19 03:30,298,2026-05-19 03:30,376,2026-05-19 03:40,2026-05-19 08:40,true,-76,none,ENG-TI-A,,rain,normal,false
BLK-2026-00684,STM-PV-UP_SUB,ENG-2026-04443,ENG,,2026-03-18 01:00,232,2026-03-18 00:45,283,,,false,,,ENG-TRL-A,,clear,normal,false
BLK-2026-00685,MAS-BBQ-UP_SUB,TRD-2026-01563,TRD,,2026-07-25 00:00,76,2026-07-24 23:45,93,,,false,,,TRD-MSB-A,OHE-TC-07,clear,normal,false
BLK-2025-00686,ABU-AVD-UP_SUB,SNT-2025-01330,SNT,,2025-12-22 03:15,83,2025-12-22 03:00,102,,,false,,,SNT-GPD-A,,rain,monsoon,false
BLK-2026-00687,MSB-MS-UP_SUB,ENG-2026-04628,ENG,,2026-05-29 02:30,211,2026-05-29 02:30,266,2026-05-29 02:42,2026-05-29 06:06,true,-62,none,ENG-GPD-A,,clear,normal,false
BLK-2025-00688,STM-PV-DN,TRD-2025-01436,TRD,,2025-10-18 00:45,118,2025-10-18 00:45,140,2025-10-18 01:01,2025-10-18 03:43,true,22,material_delay,TRD-TBM-A,OHE-TC-02,rain,monsoon,false
BLK-2026-00689,ENR-MJR-DN,SNT-2026-01134,SNT,,2026-06-09 03:00,73,2026-06-09 02:45,92,2026-06-09 02:49,2026-06-09 03:59,true,-22,none,SNT-TNP-A,,clear,normal,false
BLK-2026-00690,PER-ABU-UP,SNT-2025-00953,SNT,,2026-01-14 00:00,102,2026-01-14 00:15,125,2026-01-14 00:31,2026-01-14 01:59,true,-37,none,SNT-PER-A,,clear,normal,false
BLK-2025-00691,MAS-BBQ-UP_SUB,SNT-2025-01458,SNT,,2025-11-06 03:15,64,2025-11-06 03:00,79,2025-11-06 03:05,2025-11-06 04:26,true,2,none,SNT-MAS-A,,heavy_rain,monsoon,false
BLK-2026-00692,TI-TRL-DN_SUB,SNT-2026-00560,SNT,,2026-07-15 01:45,59,2026-07-15 02:00,75,2026-07-15 02:20,2026-07-15 03:34,true,-1,none,SNT-TRL-A,,clear,normal,false
BLK-2026-00693,PER-ABU-DN,ENG-2026-05139,ENG,,2026-09-01 03:15,304,2026-09-01 03:30,360,,,false,,,ENG-MJR-A,,clear,normal,false
BLK-2026-00694,MSB-MS-UP_SUB,ENG-2026-05452,ENG,,2026-03-23 02:45,404,2026-03-23 02:45,504,,,false,,,ENG-MAS-C,,clear,normal,false
BLK-2025-00695,AVD-TI-DN,SNT-2025-00629,SNT,,2025-11-01 00:30,123,2025-11-01 00:30,150,2025-11-01 00:39,2025-11-01 03:00,true,-9,none,SNT-AVD-A,,clear,monsoon,false
BLK-2026-00696,TRL-AJJ-DN_SUB,ENG-2026-05125,ENG,,2026-07-31 01:15,345,2026-07-31 01:15,408,2026-07-31 01:16,2026-07-31 06:59,true,-65,none,ENG-MJR-B,TAMP-SR-05,clear,normal,false
BLK-2026-00697,PON-GPD-DN,ENG-2026-05908;TRD-2026-01822;ENG-2026-05880,ENG;TRD,MG-2026-0100,2026-01-25 00:30,318,2026-01-25 00:45,384,2026-01-25 00:51,2026-01-25 09:04,true,109,crew_short,ENG-AJJ-C,,clear,normal,true
BLK-2026-00698,MS-MBM-DN_SUB,TRD-2026-01774,TRD,,2026-03-24 01:45,174,2026-03-24 01:45,220,2026-03-24 02:03,2026-03-24 05:02,true,-41,none,TRD-ENR-C,OHE-TC-01,clear,normal,false
BLK-2026-00699,STM-PV-UP_SUB,SNT-2026-00501,SNT,,2026-05-26 01:00,253,2026-05-26 01:00,318,2026-05-26 00:53,2026-05-26 05:24,true,-47,none,SNT-GPD-B,,clear,normal,false
BLK-2026-00700,MAS-BBQ-UP_SUB,SNT-2026-00659,SNT,,2026-07-11 01:15,253,2026-07-11 01:00,317,2026-07-11 00:53,2026-07-11 05:36,true,-34,none,SNT-TBM-B,,clear,normal,false
BLK-2025-00701,BBQ-PER-DN_SUB,TRD-2025-01379,TRD,,2025-11-09 01:00,304,2025-11-09 01:00,388,,,false,,,TRD-GI-B,OHE-TC-04,clear,monsoon,false
BLK-2026-00702,MAS-BBQ-UP,ENG-2026-05484,ENG,,2026-06-02 13:30,100,2026-06-02 13:15,124,2026-06-02 13:32,2026-06-02 15:11,true,-25,none,ENG-PER-A,,clear,normal,false
BLK-2026-00703,MSB-MS-UP_SUB,ENG-2026-04364,ENG,,2026-07-28 01:15,378,2026-07-28 01:30,471,2026-07-28 01:40,2026-07-28 07:43,true,-108,none,ENG-ABU-B,,clear,normal,false
BLK-2026-00704,AVD-TI-UP,ENG-2026-04857,ENG,,2026-08-24 00:15,118,2026-08-24 00:00,143,2026-08-24 00:11,2026-08-24 02:24,true,-10,none,ENG-STM-C,USFD-SR-04,clear,normal,false
BLK-2026-00705,TNP-ENR-DN,ENG-2026-04302,ENG,,2026-07-21 10:15,330,2026-07-21 10:15,409,2026-07-21 10:27,2026-07-21 16:41,true,-35,none,ENG-MS-C,,clear,normal,false
BLK-2026-00706,GI-STM-UP_SUB,ENG-2026-05524,ENG,,2026-03-19 02:00,174,2026-03-19 02:15,201,2026-03-19 02:25,2026-03-19 05:57,true,11,traffic_hold,ENG-MS-B,TAMP-SR-05,rain,normal,false
BLK-2025-00707,MBM-GI-UP,SNT-2025-01422,SNT,,2025-10-16 01:30,71,2025-10-16 01:45,82,,,false,,,SNT-STM-A,,clear,monsoon,false
BLK-2025-00708,CGL-WJ-SINGLE,ENG-2025-04863,ENG,,2025-12-28 02:30,347,2025-12-28 02:30,400,2025-12-28 02:32,2025-12-28 09:24,true,12,weather,ENG-TRL-A,,rain,monsoon,false
BLK-2026-00709,TRL-AJJ-DN,ENG-2026-04698,ENG,,2026-06-20 02:45,486,2026-06-20 03:00,560,2026-06-20 02:59,2026-06-20 15:28,true,189,traffic_hold,ENG-TRL-C,,heavy_rain,normal,false
BLK-2026-00710,MS-MBM-DN_SUB,ENG-2026-05347,ENG,,2026-06-10 00:30,173,2026-06-10 00:15,220,2026-06-10 00:17,2026-06-10 03:29,true,-28,none,ENG-TRL-A,,clear,normal,false
BLK-2026-00711,PER-ABU-DN_SUB,ENG-2026-05987,ENG,,2026-05-29 03:45,160,2026-05-29 03:45,189,2026-05-29 03:45,2026-05-29 06:28,true,-26,none,ENG-MBM-A,,clear,normal,false
BLK-2026-00712,MBM-GI-DN_SUB,ENG-2026-04875,ENG,,2026-03-29 03:30,245,2026-03-29 03:30,300,2026-03-29 03:35,2026-03-29 08:46,true,11,traffic_hold,ENG-ENR-B,BCM-SR-01,clear,normal,false
BLK-2025-00713,TRL-AJJ-UP,ENG-2025-04496,ENG,,2025-11-29 00:45,170,2025-11-29 00:45,198,2025-11-29 01:04,2025-11-29 04:02,true,-20,none,ENG-MSB-B,TAMP-SR-05,clear,monsoon,false
BLK-2026-00714,TNP-ENR-DN,ENG-2026-05914,ENG,,2026-05-04 03:45,422,2026-05-04 03:45,500,2026-05-04 03:41,2026-05-04 11:57,true,-4,none,ENG-CGL-B,,clear,normal,false
BLK-2026-00715,TNP-ENR-DN,ENG-2026-05804,ENG,,2026-02-17 01:45,110,2026-02-17 02:00,128,2026-02-17 02:03,2026-02-17 04:13,true,2,none,ENG-MJR-C,USFD-SR-01,heavy_rain,normal,false
BLK-2026-00716,MJR-PON-DN,ENG-2026-04965,ENG,,2026-04-11 00:45,197,2026-04-11 00:45,252,2026-04-11 01:01,2026-04-11 04:38,true,-35,none,ENG-MS-B,TAMP-SR-03,clear,normal,false
BLK-2026-00717,PER-ABU-UP_SUB,ENG-2026-04311;TRD-2025-01647;TRD-2025-01717,ENG;TRD,MG-2026-0101,2026-04-28 01:45,443,2026-04-28 02:00,512,2026-04-28 02:02,2026-04-28 12:02,true,88,weather,ENG-ABU-C,,rain,normal,true
BLK-2025-00718,MSB-MS-UP_SUB,SNT-2025-01373,SNT,,2025-10-31 01:00,52,2025-10-31 01:15,61,2025-10-31 01:21,2025-10-31 02:20,true,-2,none,SNT-MS-A,,clear,monsoon,false
BLK-2025-00719,TRL-AJJ-DN,TRD-2025-01607,TRD,,2025-12-24 01:15,291,2025-12-24 01:15,343,2025-12-24 01:25,2025-12-24 06:43,true,-25,none,TRD-GI-B,OHE-TC-05,rain,monsoon,false
BLK-2026-00720,PER-ABU-DN_SUB,ENG-2026-04585,ENG,,2026-03-16 00:45,330,2026-03-16 00:45,402,2026-03-16 00:57,2026-03-16 08:14,true,35,unexpected_condition,ENG-MS-A,,clear,normal,false
BLK-2026-00721,MAS-BBQ-UP_SUB,SNT-2026-01495,SNT,,2026-04-16 01:30,87,2026-04-16 01:30,109,2026-04-16 01:48,2026-04-16 02:58,true,-39,none,SNT-AVD-A,,clear,normal,false
BLK-2026-00722,TRL-AJJ-DN,ENG-2026-04010;ENG-2026-04885;ENG-2025-04602,ENG,MG-2026-0102,2026-01-25 00:00,385,2026-01-25 00:00,443,2026-01-24 23:56,2026-01-25 09:04,true,105,crew_short,ENG-PER-A,,clear,normal,true
BLK-2026-00723,PON-GPD-UP,ENG-2026-04347,ENG,,2026-02-07 01:00,210,2026-02-07 00:45,265,,,false,,,ENG-MS-B,TAMP-SR-03,clear,normal,false
BLK-2026-00724,TRL-AJJ-DN_SUB,TRD-2025-01682,TRD,,2026-01-18 01:30,201,2026-01-18 01:45,256,2026-01-18 01:56,2026-01-18 05:32,true,-40,none,TRD-TBM-B,OHE-TC-03,clear,normal,false
BLK-2026-00725,TRL-AJJ-DN_SUB,TRD-2026-01541,TRD,,2026-07-13 02:00,83,2026-07-13 02:00,103,2026-07-13 01:55,2026-07-13 03:08,true,-30,none,TRD-ENR-B,,clear,normal,false
BLK-2026-00726,ABU-AVD-UP_SUB,SNT-2025-00844,SNT,,2026-01-22 01:00,46,2026-01-22 01:15,58,,,false,,,SNT-ENR-A,,clear,normal,false
BLK-2026-00727,PV-TBM-UP_SUB,ENG-2026-04877,ENG,,2026-08-31 03:00,258,2026-08-31 03:00,318,,,false,,,ENG-CGL-B,,rain,normal,false
BLK-2026-00728,CJ-TMLP-SINGLE,SNT-2026-01254,SNT,,2026-06-22 03:45,84,2026-06-22 04:00,98,2026-06-22 04:11,2026-06-22 05:38,true,-11,none,SNT-MAS-A,,clear,normal,false
BLK-2026-00729,MS-MBM-DN_SUB,TRD-2026-01197,TRD,,2026-08-06 03:45,215,2026-08-06 03:45,275,,,false,,,TRD-MAS-C,OHE-TC-06,clear,normal,false
BLK-2025-00730,TI-TRL-UP,ENG-2025-05739,ENG,,2025-09-29 03:15,309,2025-09-29 03:15,372,2025-09-29 03:22,2025-09-29 09:30,true,-4,none,ENG-TRL-A,,clear,normal,false
BLK-2026-00731,TRL-AJJ-UP,ENG-2026-05912,ENG,,2026-01-31 00:00,320,2026-01-31 00:00,405,2026-01-31 00:13,2026-01-31 06:35,true,-23,none,ENG-TRL-C,,clear,normal,false
BLK-2025-00732,ENR-MJR-UP,ENG-2025-05004,ENG,,2025-12-20 01:45,270,2025-12-20 01:30,315,2025-12-20 01:47,2025-12-20 05:05,true,-117,none,ENG-MJR-A,,clear,monsoon,false
BLK-2026-00733,STM-PV-DN,ENG-2026-04043;ENG-2026-04973;ENG-2025-04522,ENG,MG-2026-0103,2026-06-16 03:15,297,2026-06-16 03:15,352,2026-06-16 03:33,2026-06-16 08:44,true,-41,none,ENG-CGL-B,,clear,normal,true
BLK-2026-00734,TI-TRL-UP_SUB,ENG-2026-05206,ENG,,2026-07-12 01:15,331,2026-07-12 01:15,397,2026-07-12 01:11,2026-07-12 06:22,true,-86,none,ENG-PER-A,,clear,normal,false
BLK-2025-00735,PV-TBM-UP_SUB,SNT-2025-00554,SNT,,2025-12-04 01:45,187,2025-12-04 01:45,216,,,false,,,SNT-ENR-B,,rain,monsoon,false
BLK-2025-00736,TI-TRL-DN_SUB,SNT-2025-00533,SNT,,2025-12-28 00:45,119,2025-12-28 00:30,151,2025-12-28 00:26,2025-12-28 02:49,true,-8,none,SNT-STM-A,,rain,monsoon,false
BLK-2026-00737,MAS-BBQ-UP_SUB,TRD-2025-01363,TRD,,2026-01-14 01:45,168,2026-01-14 02:00,207,2026-01-14 02:09,2026-01-14 04:46,true,-50,none,TRD-GPD-A,OHE-TC-05,clear,normal,false
BLK-2026-00738,TRL-AJJ-UP,SNT-2026-00636,SNT,,2026-05-30 03:30,228,2026-05-30 03:30,279,,,false,,,SNT-GPD-B,,clear,normal,false
BLK-2025-00739,MBM-GI-DN_SUB,ENG-2025-04210,ENG,,2025-09-19 10:00,184,2025-09-19 09:45,235,2025-09-19 09:48,2025-09-19 13:30,true,-13,none,ENG-TNP-A,,clear,normal,false
BLK-2026-00740,STM-PV-DN_SUB,ENG-2026-04533,ENG,,2026-08-19 02:45,214,2026-08-19 03:00,260,2026-08-19 03:04,2026-08-19 06:12,true,-72,none,ENG-CJ-B,,clear,normal,false
BLK-2026-00741,TKO-AJJ-SINGLE,ENG-2026-04961,ENG,,2026-07-02 02:45,204,2026-07-02 02:30,246,2026-07-02 02:22,2026-07-02 06:24,true,-4,none,ENG-AVD-A,,clear,normal,false
BLK-2026-00742,MAS-BBQ-UP_SUB,SNT-2026-00765,SNT,,2026-03-24 00:15,53,2026-03-24 00:15,63,,,false,,,SNT-MAS-B,,clear,normal,false
BLK-2025-00743,ABU-AVD-UP_SUB,SNT-2025-00664,SNT,,2025-11-26 03:30,241,2025-11-26 03:30,302,2025-11-26 03:46,2025-11-26 07:54,true,-54,none,SNT-MS-B,,clear,monsoon,false
BLK-2025-00744,MJR-PON-DN,ENG-2025-04068,ENG,,2025-11-23 03:30,127,2025-11-23 03:30,154,2025-11-23 03:38,2025-11-23 05:36,true,-36,none,ENG-MS-C,USFD-SR-04,clear,monsoon,false
BLK-2026-00745,MS-MBM-UP,ENG-2026-05118,ENG,,2026-02-04 02:45,454,2026-02-04 03:00,533,2026-02-04 02:53,2026-02-04 09:36,true,-130,none,ENG-ABU-C,,clear,normal,false
BLK-2025-00746,PV-TBM-DN,ENG-2025-04860,ENG,,2025-10-26 03:30,408,2025-10-26 03:30,519,2025-10-26 03:49,2025-10-26 10:55,true,-93,none,ENG-PER-C,,rain,monsoon,false
BLK-2026-00747,TKO-AJJ-SINGLE,SNT-2026-01434,SNT,,2026-06-01 00:30,121,2026-06-01 00:15,146,2026-06-01 00:26,2026-06-01 02:13,true,-39,none,SNT-TNP-A,,clear,normal,false
BLK-2025-00748,PON-GPD-UP,ENG-2025-04762,ENG,,2025-10-04 01:00,392,2025-10-04 00:45,453,,,false,,,ENG-TI-A,,heavy_rain,monsoon,false
BLK-2026-00749,GI-STM-DN,TRD-2026-01247,TRD,,2026-06-17 01:00,121,2026-06-17 01:00,154,,,false,,,TRD-ENR-A,OHE-TC-08,clear,normal,false
BLK-2025-00750,BBQ-PER-DN,TRD-2025-01346;SNT-2026-01226;SNT-2025-00649,SNT;TRD,MG-2025-0104,2025-11-04 00:00,398,2025-11-03 23:45,484,,,false,,,TRD-AJJ-C,OHE-TC-03,clear,monsoon,true
BLK-2025-00751,ABU-AVD-DN_SUB,TRD-2025-01687,TRD,,2025-11-11 02:30,212,2025-11-11 02:30,262,,,false,,,TRD-TBM-B,OHE-TC-01,clear,monsoon,false
BLK-2026-00752,TRL-AJJ-UP,TRD-2026-01154,TRD,,2026-02-13 01:45,71,2026-02-13 01:45,90,2026-02-13 01:52,2026-02-13 03:00,true,-22,none,TRD-GPD-A,,clear,normal,false
BLK-2025-00753,TRL-AJJ-UP_SUB,SNT-2025-01276,SNT,,2025-11-24 00:15,77,2025-11-24 00:15,90,2025-11-24 00:25,2025-11-24 02:00,true,5,none,SNT-CJ-A,,clear,monsoon,false
BLK-2026-00754,TI-TRL-DN_SUB,ENG-2026-05251,ENG,,2026-07-29 03:45,231,2026-07-29 03:45,291,2026-07-29 03:48,2026-07-29 07:47,true,-52,none,ENG-ENR-B,RGM-SR-01,clear,normal,false
BLK-2026-00755,MAS-BBQ-UP_SUB,TRD-2026-01279,TRD,,2026-07-06 00:30,125,2026-07-06 00:30,153,2026-07-06 00:38,2026-07-06 03:15,true,4,none,TRD-AVD-A,OHE-TC-05,heavy_rain,normal,false
BLK-2026-00756,PER-ABU-DN,ENG-2025-04748,ENG,,2026-01-14 03:00,103,2026-01-14 03:00,123,2026-01-14 03:17,2026-01-14 05:02,true,-18,none,ENG-MSB-C,USFD-SR-04,clear,normal,false
BLK-2026-00757,BBQ-PER-UP_SUB,ENG-2026-05429,ENG,,2026-01-24 03:45,209,2026-01-24 03:45,267,2026-01-24 04:00,2026-01-24 08:07,true,-20,none,ENG-MS-B,TAMP-SR-07,clear,normal,false
BLK-2026-00758,BBQ-PER-UP_SUB,SNT-2026-01022,SNT,,2026-04-12 00:15,85,2026-04-12 00:00,108,2026-04-12 00:03,2026-04-12 01:30,true,-21,none,SNT-PER-A,,clear,normal,false
BLK-2026-00759,PON-GPD-UP,SNT-2026-00938,SNT,,2026-04-21 02:30,102,2026-04-21 02:30,128,2026-04-21 02:27,2026-04-21 04:22,true,-13,none,SNT-MAS-A,,rain,normal,false
BLK-2026-00760,STM-PV-UP_SUB,SNT-2026-00654,SNT,,2026-01-25 01:15,135,2026-01-25 01:00,167,,,false,,,SNT-MS-B,,clear,normal,false
BLK-2026-00761,ABU-AVD-UP,SNT-2026-00597,SNT,,2026-06-19 13:00,247,2026-06-19 13:00,294,2026-06-19 13:16,2026-06-19 17:34,true,-36,none,SNT-MS-B,,clear,normal,false
BLK-2025-00762,PV-TBM-UP_SUB,SNT-2025-00864,SNT,,2025-11-23 01:15,267,2025-11-23 01:15,318,2025-11-23 01:20,2025-11-23 06:18,true,-20,none,SNT-AJJ-B,,rain,monsoon,false
BLK-2026-00763,PER-ABU-UP,ENG-2026-04793,ENG,,2026-07-08 13:00,121,2026-07-08 13:00,152,,,false,,,ENG-TNP-A,,clear,normal,false
BLK-2025-00764,ENR-MJR-DN,ENG-2025-04417,ENG,,2025-12-21 03:15,374,2025-12-21 03:15,443,,,false,,,ENG-MAS-B,,clear,monsoon,false
BLK-2026-00765,TI-TRL-DN,SNT-2026-00545,SNT,,2026-05-02 03:15,83,2026-05-02 03:15,101,2026-05-02 03:11,2026-05-02 04:29,true,-23,none,SNT-ENR-A,,clear,normal,false
BLK-2026-00766,TNP-ENR-DN,TRD-2026-01028,TRD,,2026-03-30 03:15,111,2026-03-30 03:30,131,,,false,,,TRD-AVD-A,OHE-TC-04,clear,normal,false
BLK-2025-00767,AVD-TI-UP,ENG-2026-04174;TRD-2025-01407;ENG-2026-04487,ENG;TRD,MG-2025-0105,2025-09-11 03:00,176,2025-09-11 03:00,214,,,false,,,TRD-AJJ-C,OHE-TC-06,clear,normal,true
BLK-2026-00768,TRL-AJJ-DN_SUB,TRD-2026-01264,TRD,,2026-06-07 00:00,81,2026-06-07 00:15,94,2026-06-07 00:34,2026-06-07 02:14,true,6,none,TRD-TBM-A,,clear,normal,false
BLK-2026-00769,BBQ-PER-UP_SUB,ENG-2026-04674;ENG-2025-05056;ENG-2026-05477,ENG,MG-2026-0106,2026-04-28 02:15,311,2026-04-28 02:15,382,2026-04-28 02:25,2026-04-28 08:55,true,8,none,ENG-ABU-C,,clear,normal,true
BLK-2025-00770,PER-ABU-DN,ENG-2025-04280,ENG,,2025-11-05 02:00,392,2025-11-05 02:00,480,2025-11-05 02:04,2025-11-05 09:50,true,-14,none,ENG-TNP-A,,clear,monsoon,false
BLK-2026-00771,CGL-WJ-SINGLE,SNT-2026-00590,SNT,,2026-04-20 02:30,80,2026-04-20 02:45,94,2026-04-20 02:54,2026-04-20 04:04,true,-24,none,SNT-TRL-A,,clear,normal,false
BLK-2025-00772,BBQ-TNP-UP,ENG-2025-04163;TRD-2026-01797;SNT-2025-01040,ENG;SNT;TRD,MG-2025-0107,2025-10-30 03:30,334,2025-10-30 03:45,427,2025-10-30 03:59,2025-10-30 10:18,true,-48,none,ENG-MAS-C,,clear,monsoon,true
BLK-2025-00773,TNP-ENR-DN,TRD-2025-01877;SNT-2026-01551;ENG-2026-04640,ENG;SNT;TRD,MG-2025-0108,2025-11-30 01:45,155,2025-11-30 01:30,192,,,false,,,TRD-TBM-B,OHE-TC-04,clear,monsoon,true
BLK-2026-00774,ABU-AVD-UP_SUB,SNT-2026-00648,SNT,,2026-06-18 03:30,97,2026-06-18 03:30,116,2026-06-18 03:38,2026-06-18 05:03,true,-31,none,SNT-TBM-A,,clear,normal,false
BLK-2026-00775,GI-STM-DN,SNT-2026-00949,SNT,,2026-02-18 12:00,221,2026-02-18 11:45,283,2026-02-18 11:43,2026-02-18 16:08,true,-18,none,SNT-ENR-B,,heavy_rain,normal,false
BLK-2025-00776,PV-TBM-DN,ENG-2025-05186;TRD-2026-01244;ENG-2025-04200,ENG;TRD,MG-2025-0109,2025-12-23 02:30,281,2025-12-23 02:30,353,2025-12-23 02:26,2025-12-23 07:31,true,-48,none,ENG-MJR-B,BCM-SR-01,rain,monsoon,true
BLK-2026-00777,TRL-AJJ-DN_SUB,ENG-2026-05622;TRD-2025-01586;TRD-2025-01446,ENG;TRD,MG-2026-0110,2026-03-05 03:45,417,2026-03-05 03:45,497,2026-03-05 04:01,2026-03-05 12:40,true,22,traffic_hold,ENG-PV-B,BCM-SR-01,clear,normal,true
BLK-2026-00778,TNP-ENR-UP,TRD-2026-01839,TRD,,2026-04-29 03:30,108,2026-04-29 03:15,124,,,false,,,TRD-GPD-A,OHE-TC-08,clear,normal,false
BLK-2026-00779,ENR-MJR-DN,SNT-2026-01456,SNT,,2026-04-18 02:15,68,2026-04-18 02:00,84,2026-04-18 02:13,2026-04-18 03:38,true,1,none,SNT-GPD-A,,clear,normal,false
BLK-2025-00780,MSB-MS-UP_SUB,ENG-2025-04726,ENG,,2025-12-19 00:00,241,2025-12-19 00:00,285,2025-12-19 00:00,2025-12-19 04:05,true,-40,none,ENG-MJR-B,TAMP-SR-07,clear,monsoon,false
BLK-2025-00781,TKO-AJJ-SINGLE,SNT-2025-00771,SNT,,2025-11-08 02:00,74,2025-11-08 02:00,88,2025-11-08 01:50,2025-11-08 03:12,true,-6,none,SNT-MS-A,,rain,monsoon,false
BLK-2025-00782,TRL-AJJ-UP_SUB,TRD-2025-01817,TRD,,2025-11-15 00:30,182,2025-11-15 00:15,216,2025-11-15 00:34,2025-11-15 03:46,true,-24,none,TRD-TBM-B,OHE-TC-03,rain,monsoon,false
BLK-2026-00783,CGL-WJ-SINGLE,ENG-2026-05202;TRD-2025-01219;SNT-2025-00681,ENG;SNT;TRD,MG-2026-0111,2026-08-24 12:15,317,2026-08-24 12:30,392,2026-08-24 12:42,2026-08-24 19:45,true,31,crew_short,ENG-MS-C,,clear,normal,true
BLK-2026-00784,STM-PV-UP,TRD-2026-01630,TRD,,2026-08-30 00:30,85,2026-08-30 00:30,103,2026-08-30 00:32,2026-08-30 02:07,true,-8,none,TRD-MAS-B,,clear,normal,false
BLK-2026-00785,MBM-GI-UP_SUB,ENG-2025-04484;ENG-2025-04477;SNT-2026-01255,ENG;SNT,MG-2026-0112,2026-08-10 10:45,276,2026-08-10 10:30,346,,,false,,,SNT-AJJ-B,,clear,normal,true
BLK-2026-00786,ENR-MJR-DN,ENG-2026-04571,ENG,,2026-03-10 01:15,206,2026-03-10 01:30,253,,,false,,,ENG-CGL-B,,clear,normal,false
BLK-2026-00787,TNP-ENR-UP,ENG-2026-05662,ENG,,2026-05-28 01:15,272,2026-05-28 01:00,348,2026-05-28 01:08,2026-05-28 05:53,true,-63,none,ENG-CJ-B,,clear,normal,false
BLK-2026-00788,TI-TRL-DN,ENG-2026-05488,ENG,,2026-06-25 03:00,259,2026-06-25 03:00,311,2026-06-25 02:55,2026-06-25 06:01,true,-125,none,ENG-TNP-C,,clear,normal,false
BLK-2026-00789,TRL-AJJ-UP,ENG-2026-05393,ENG,,2026-06-18 03:15,254,2026-06-18 03:00,312,2026-06-18 02:54,2026-06-18 09:05,true,59,material_delay,ENG-AJJ-B,TAMP-SR-03,clear,normal,false
BLK-2026-00790,BBQ-PER-UP_SUB,ENG-2026-04440,ENG,,2026-06-27 01:30,264,2026-06-27 01:30,320,2026-06-27 01:42,2026-06-27 06:50,true,-12,none,ENG-AJJ-C,,clear,normal,false
BLK-2026-00791,PV-TBM-DN,TRD-2026-01550,TRD,,2026-05-23 01:00,134,2026-05-23 01:15,164,2026-05-23 01:30,2026-05-23 03:59,true,-15,none,TRD-MSB-B,OHE-TC-02,clear,normal,false
BLK-2026-00792,GI-STM-DN_SUB,SNT-2026-00661,SNT,,2026-03-09 02:15,82,2026-03-09 02:15,101,2026-03-09 02:31,2026-03-09 03:51,true,-21,none,SNT-CJ-A,,rain,normal,false
BLK-2026-00793,PER-ABU-UP,SNT-2026-01357,SNT,,2026-09-04 03:30,90,2026-09-04 03:15,110,2026-09-04 03:06,2026-09-04 05:02,true,6,none,SNT-GI-A,,clear,normal,false
BLK-2025-00794,TI-TRL-UP_SUB,TRD-2025-01499,TRD,,2025-12-31 03:15,81,2025-12-31 03:15,100,2025-12-31 03:20,2025-12-31 04:57,true,-3,none,TRD-GI-A,OHE-TC-08,clear,monsoon,false
BLK-2026-00795,MAS-BBQ-UP,ENG-2026-05655,ENG,,2026-05-03 01:00,391,2026-05-03 01:00,476,2026-05-03 01:15,2026-05-03 07:28,true,-103,none,ENG-TI-A,,clear,normal,false
BLK-2026-00796,AVD-TI-DN,ENG-2026-05244;ENG-2026-05587;SNT-2026-00869,ENG;SNT,MG-2026-0113,2026-02-26 02:15,329,2026-02-26 02:15,381,2026-02-26 02:16,2026-02-26 08:50,true,13,unexpected_condition,ENG-AJJ-C,,clear,normal,true
BLK-2025-00797,TRL-AJJ-DN,SNT-2025-01110,SNT,,2025-12-22 00:30,148,2025-12-22 00:45,179,2025-12-22 00:51,2025-12-22 04:06,true,16,crew_short,SNT-TBM-B,,clear,monsoon,false
BLK-2025-00798,MJR-PON-UP,ENG-2025-05548,ENG,,2025-11-03 03:45,345,2025-11-03 03:45,429,2025-11-03 04:02,2025-11-03 08:53,true,-138,none,ENG-PV-B,BCM-SR-01,clear,monsoon,false
BLK-2025-00799,GI-STM-UP_SUB,TRD-2025-01395,TRD,,2025-10-15 02:00,355,2025-10-15 02:00,412,2025-10-15 02:10,2025-10-15 09:58,true,56,weather,TRD-ENR-C,OHE-TC-06,heavy_rain,monsoon,false
BLK-2026-00800,MAS-BBQ-UP,SNT-2026-00696,SNT,,2026-03-19 01:15,89,2026-03-19 01:00,113,2026-03-19 01:00,2026-03-19 02:06,true,-47,none,SNT-GPD-A,,clear,normal,false
BLK-2026-00801,WJ-CJ-SINGLE,ENG-2026-04825;SNT-2026-00821,ENG;SNT,MG-2026-0114,2026-08-19 02:45,223,2026-08-19 02:45,260,2026-08-19 02:59,2026-08-19 07:36,true,17,traffic_hold,SNT-ENR-B,,clear,normal,true
BLK-2026-00802,TRL-AJJ-DN,ENG-2026-04849,ENG,,2026-06-26 12:45,82,2026-06-26 12:45,101,,,false,,,ENG-STM-C,,clear,normal,false
BLK-2026-00803,TRL-AJJ-UP_SUB,SNT-2026-00586,SNT,,2026-04-15 01:00,79,2026-04-15 01:00,94,2026-04-15 00:57,2026-04-15 02:38,true,7,none,SNT-ENR-A,,clear,normal,false
BLK-2025-00804,PON-GPD-UP,ENG-2026-05597;ENG-2025-05175;ENG-2025-05778,ENG,MG-2025-0115,2025-12-16 02:00,391,2025-12-16 02:00,452,2025-12-16 02:20,2025-12-16 10:41,true,49,machine_late,ENG-MAS-C,,clear,monsoon,true
BLK-2026-00805,MS-MBM-UP,TRD-2026-01488,TRD,,2026-08-05 03:30,143,2026-08-05 03:30,166,2026-08-05 03:38,2026-08-05 06:06,true,-18,none,TRD-CGL-B,OHE-TC-06,clear,normal,false
BLK-2025-00806,TRL-AJJ-DN_SUB,TRD-2025-01104,TRD,,2025-12-14 00:00,118,2025-12-14 00:00,146,2025-12-13 23:50,2025-12-14 02:50,true,34,unexpected_condition,TRD-ENR-C,OHE-TC-05,heavy_rain,monsoon,false
BLK-2026-00807,AVD-TI-UP_SUB,TRD-2026-01735,TRD,,2026-06-03 03:30,137,2026-06-03 03:45,162,2026-06-03 03:51,2026-06-03 06:29,true,-4,none,TRD-ENR-C,OHE-TC-06,clear,normal,false
BLK-2026-00808,PON-GPD-UP,ENG-2026-04241,ENG,,2026-07-31 00:00,257,2026-07-31 00:15,306,2026-07-31 00:23,2026-07-31 05:18,true,-11,none,ENG-CGL-B,,clear,normal,false
BLK-2026-00809,STM-PV-UP_SUB,SNT-2026-00577;SNT-2026-00754;TRD-2026-01075,SNT;TRD,MG-2026-0116,2026-07-28 02:00,383,2026-07-28 02:00,455,,,false,,,TRD-AVD-C,OHE-TC-06,clear,normal,true
BLK-2026-00810,TNP-ENR-UP,TRD-2026-01756,TRD,,2026-05-19 00:45,114,2026-05-19 00:30,142,2026-05-19 00:32,2026-05-19 02:11,true,-43,none,TRD-TBM-A,OHE-TC-03,clear,normal,false
BLK-2026-00811,PON-GPD-UP,ENG-2026-04469,ENG,,2026-04-08 01:15,288,2026-04-08 01:15,350,2026-04-08 01:21,2026-04-08 06:43,true,-28,none,ENG-PER-C,,clear,normal,false
BLK-2025-00812,WJ-CJ-SINGLE,ENG-2025-04600,ENG,,2025-11-30 03:45,177,2025-11-30 03:45,223,2025-11-30 04:03,2025-11-30 07:15,true,-31,none,ENG-ENR-A,,rain,monsoon,false
BLK-2025-00813,TRL-AJJ-UP,ENG-2025-04932,ENG,,2025-10-07 00:00,237,2025-10-07 00:00,291,2025-10-07 00:12,2025-10-07 04:38,true,-25,none,ENG-ENR-A,,rain,monsoon,false
BLK-2026-00814,TRL-AJJ-DN,TRD-2026-01592,TRD,,2026-02-04 03:45,71,2026-02-04 04:00,90,2026-02-04 04:12,2026-02-04 05:05,true,-37,none,TRD-MSB-A,OHE-TC-04,rain,normal,false
BLK-2026-00815,ABU-AVD-DN_SUB,ENG-2026-05038,ENG,,2026-07-15 03:45,413,2026-07-15 03:30,493,2026-07-15 03:47,2026-07-15 10:25,true,-95,none,ENG-GI-B,BCM-SR-01,clear,normal,false
BLK-2025-00816,PER-ABU-UP,TRD-2025-01621,TRD,,2025-12-30 00:30,98,2025-12-30 00:30,115,2025-12-30 00:37,2025-12-30 02:41,true,9,none,TRD-CGL-A,OHE-TC-01,rain,monsoon,false
BLK-2025-00817,ENR-MJR-UP,SNT-2025-00576,SNT,,2025-11-02 02:15,129,2025-11-02 02:30,156,2025-11-02 02:24,2025-11-02 04:34,true,-26,none,SNT-AJJ-A,,clear,monsoon,false
BLK-2026-00818,TRL-AJJ-UP,ENG-2026-05336,ENG,,2026-04-25 03:15,117,2026-04-25 03:15,138,2026-04-25 03:18,2026-04-25 06:12,true,36,material_delay,ENG-GI-C,USFD-SR-01,clear,normal,false
BLK-2026-00819,PV-TBM-UP_SUB,ENG-2025-05555,ENG,,2026-01-25 00:15,198,2026-01-25 00:00,250,2026-01-25 00:19,2026-01-25 03:30,true,-59,none,ENG-GPD-B,TAMP-SR-03,clear,normal,false
BLK-2025-00820,MJR-PON-DN,ENG-2025-04546,ENG,,2025-10-18 02:15,186,2025-10-18 02:00,236,2025-10-18 02:12,2025-10-18 06:43,true,35,weather,ENG-PER-C,,heavy_rain,monsoon,false
BLK-2026-00821,TRL-AJJ-DN,SNT-2026-00571,SNT,,2026-03-12 01:45,90,2026-03-12 01:45,107,2026-03-12 01:42,2026-03-12 03:14,true,-15,none,SNT-AVD-A,,clear,normal,false
BLK-2026-00822,MJR-PON-DN,TRD-2026-01575,TRD,,2026-02-14 03:15,166,2026-02-14 03:00,204,2026-02-14 02:58,2026-02-14 05:23,true,-59,none,TRD-AJJ-C,OHE-TC-05,clear,normal,false
BLK-2025-00823,PER-ABU-UP,TRD-2025-01832,TRD,,2025-10-08 03:15,157,2025-10-08 03:15,186,2025-10-08 03:09,2025-10-08 06:25,true,10,none,TRD-MAS-C,OHE-TC-05,rain,monsoon,false
BLK-2026-00824,TI-TRL-DN,ENG-2026-04675,ENG,,2026-03-29 03:30,276,2026-03-29 03:30,322,2026-03-29 03:20,2026-03-29 07:35,true,-67,none,ENG-STM-A,,clear,normal,false
BLK-2026-00825,GI-STM-DN,TRD-2025-01788,TRD,,2026-01-05 02:00,107,2026-01-05 01:45,131,2026-01-05 02:02,2026-01-05 04:02,true,-11,none,TRD-GPD-B,OHE-TC-06,clear,normal,false
BLK-2025-00826,PER-ABU-DN_SUB,SNT-2025-01298,SNT,,2025-10-16 01:00,112,2025-10-16 01:15,135,2025-10-16 01:09,2025-10-16 03:17,true,-7,none,SNT-AVD-A,,rain,monsoon,false
BLK-2026-00827,MJR-PON-DN,ENG-2026-05353,ENG,,2026-02-28 01:15,103,2026-02-28 01:30,125,2026-02-28 01:35,2026-02-28 03:14,true,-26,none,ENG-MBM-C,USFD-SR-04,clear,normal,false
BLK-2025-00828,TI-TRL-DN_SUB,SNT-2025-01198,SNT,,2025-11-21 03:00,36,2025-11-21 03:00,45,2025-11-21 03:10,2025-11-21 03:41,true,-14,none,SNT-TNP-A,,clear,monsoon,false
BLK-2026-00829,MSB-MS-UP_SUB,SNT-2026-00641,SNT,,2026-03-29 03:00,64,2026-03-29 02:45,79,2026-03-29 02:52,2026-03-29 04:04,true,-7,none,SNT-TBM-A,,clear,normal,false
BLK-2026-00830,TRL-AJJ-UP,SNT-2026-01328,SNT,,2026-02-01 01:15,122,2026-02-01 01:00,149,2026-02-01 01:12,2026-02-01 03:06,true,-35,none,SNT-TBM-A,,clear,normal,false
BLK-2026-00831,PER-ABU-UP,ENG-2026-04983,ENG,,2026-05-08 02:30,251,2026-05-08 02:30,305,2026-05-08 02:48,2026-05-08 07:20,true,-33,none,ENG-CJ-B,,clear,normal,false
BLK-2026-00832,BBQ-PER-UP,ENG-2026-04025,ENG,,2026-02-24 00:15,244,2026-02-24 00:30,300,2026-02-24 00:44,2026-02-24 04:50,true,-54,none,ENG-AJJ-B,TAMP-SR-05,clear,normal,false
BLK-2026-00833,PV-TBM-DN_SUB,ENG-2026-04874,ENG,,2026-04-26 00:00,109,2026-04-26 00:00,136,2026-04-26 00:07,2026-04-26 01:52,true,-31,none,ENG-STM-C,USFD-SR-01,clear,normal,false
BLK-2026-00834,ENR-MJR-DN,TRD-2026-01551,TRD,,2026-06-02 01:15,153,2026-06-02 01:30,193,,,false,,,TRD-GI-A,OHE-TC-03,clear,normal,false
BLK-2026-00835,ABU-AVD-UP,TRD-2026-01714,TRD,,2026-01-29 03:15,187,2026-01-29 03:15,221,2026-01-29 03:22,2026-01-29 06:34,true,-29,none,TRD-GI-B,OHE-TC-08,clear,normal,false
BLK-2026-00836,MAS-BBQ-UP_SUB,SNT-2026-00735,SNT,,2026-04-16 02:00,78,2026-04-16 02:00,98,2026-04-16 02:13,2026-04-16 03:38,true,-13,none,SNT-CGL-A,,clear,normal,false
BLK-2026-00837,MBM-GI-DN,TRD-2026-01006,TRD,,2026-04-17 02:00,138,2026-04-17 02:15,168,,,false,,,TRD-AVD-C,OHE-TC-01,clear,normal,false
BLK-2026-00838,CGL-WJ-SINGLE,ENG-2026-04249,ENG,,2026-03-18 00:45,140,2026-03-18 00:30,165,2026-03-18 00:23,2026-03-18 03:22,true,14,crew_short,ENG-TRL-A,,clear,normal,false
BLK-2026-00839,PV-TBM-UP_SUB,ENG-2026-04363,ENG,,2026-07-26 01:00,257,2026-07-26 01:00,297,,,false,,,ENG-ABU-B,,clear,normal,false
BLK-2026-00840,BBQ-PER-UP,ENG-2026-04190;ENG-2026-05302;ENG-2025-05396,ENG,MG-2026-0117,2026-08-29 03:15,281,2026-08-29 03:30,326,2026-08-29 03:26,2026-08-29 07:19,true,-93,none,ENG-AVD-C,,clear,normal,true
BLK-2025-00841,TRL-AJJ-DN,ENG-2025-04117,ENG,,2025-09-19 01:15,91,2025-09-19 01:15,105,2025-09-19 01:09,2025-09-19 02:41,true,-13,none,ENG-STM-B,BRM-SR-06,clear,normal,false
BLK-2026-00842,ENR-MJR-DN,SNT-2026-01072,SNT,,2026-03-09 00:00,93,2026-03-08 23:45,118,2026-03-08 23:44,2026-03-09 01:03,true,-39,none,SNT-TNP-A,,rain,normal,false
BLK-2026-00843,BBQ-PER-DN_SUB,ENG-2026-04944,ENG,,2026-04-17 02:45,191,2026-04-17 03:00,225,,,false,,,ENG-ABU-C,,clear,normal,false
BLK-2025-00844,TI-TRL-UP,ENG-2025-04395,ENG,,2025-12-31 01:15,345,2025-12-31 01:00,405,2025-12-31 01:08,2025-12-31 05:49,true,-124,none,ENG-MAS-C,,clear,monsoon,false
BLK-2025-00845,PER-ABU-DN,SNT-2026-01275;ENG-2025-05400;SNT-2025-01448,ENG;SNT,MG-2025-0118,2025-12-20 00:30,229,2025-12-20 00:30,290,2025-12-20 00:36,2025-12-20 06:32,true,66,crew_short,SNT-CGL-B,,rain,monsoon,true
BLK-2026-00846,CJ-TMLP-SINGLE,ENG-2026-04435,ENG,,2026-05-14 00:15,239,2026-05-14 00:00,297,2026-05-14 00:16,2026-05-14 04:06,true,-67,none,ENG-MSB-B,RGM-SR-01,clear,normal,false
BLK-2025-00847,TKO-AJJ-SINGLE,ENG-2025-04165;ENG-2026-04539;SNT-2025-01428,ENG;SNT,MG-2025-0119,2025-09-21 00:00,240,2025-09-21 00:15,307,2025-09-21 00:35,2025-09-21 06:52,true,70,weather,ENG-TBM-A,,rain,normal,true
BLK-2026-00848,STM-PV-DN_SUB,SNT-2026-00745,SNT,,2026-08-14 02:15,96,2026-08-14 02:15,115,2026-08-14 02:15,2026-08-14 04:48,true,38,traffic_hold,SNT-MAS-B,,rain,normal,false
BLK-2025-00849,BBQ-TNP-UP,ENG-2025-04730,ENG,,2025-12-03 01:00,133,2025-12-03 01:15,155,2025-12-03 01:28,2025-12-03 04:37,true,34,weather,ENG-MSB-B,BRM-SR-02,rain,monsoon,false
BLK-2026-00850,TI-TRL-UP,TRD-2026-01066,TRD,,2026-03-03 00:30,123,2026-03-03 00:30,150,,,false,,,TRD-AJJ-C,OHE-TC-03,rain,normal,false
BLK-2026-00851,MSB-MS-UP_SUB,ENG-2026-05231,ENG,,2026-08-01 01:00,185,2026-08-01 01:00,229,2026-08-01 01:10,2026-08-01 04:44,true,-15,none,ENG-TBM-B,TAMP-SR-05,clear,normal,false
BLK-2026-00852,TI-TRL-DN,SNT-2026-01362,SNT,,2026-05-31 02:15,113,2026-05-31 02:00,143,2026-05-31 02:14,2026-05-31 03:59,true,-38,none,SNT-PER-B,,rain,normal,false
BLK-2026-00853,PER-ABU-UP,SNT-2026-00639,SNT,,2026-01-19 03:45,60,2026-01-19 04:00,72,2026-01-19 04:06,2026-01-19 05:11,true,-7,none,SNT-PER-A,,clear,normal,false
BLK-2026-00854,MAS-BBQ-DN,ENG-2026-04507,ENG,,2026-02-01 03:30,276,2026-02-01 03:30,346,2026-02-01 03:31,2026-02-01 08:22,true,-55,none,ENG-PER-C,,clear,normal,false
BLK-2026-00855,ABU-AVD-UP_SUB,ENG-2026-05828,ENG,,2026-04-19 01:15,253,2026-04-19 01:30,306,2026-04-19 01:26,2026-04-19 05:50,true,-42,none,ENG-TNP-C,,clear,normal,false
BLK-2025-00856,BBQ-TNP-DN,TRD-2025-01007,TRD,,2025-12-12 02:15,91,2025-12-12 02:15,106,2025-12-12 02:05,2025-12-12 03:48,true,-3,none,TRD-TBM-A,OHE-TC-08,clear,monsoon,false
BLK-2026-00857,ABU-AVD-DN_SUB,SNT-2026-01261,SNT,,2026-02-14 02:30,157,2026-02-14 02:45,198,,,false,,,SNT-MS-B,,clear,normal,false
BLK-2026-00858,AVD-TI-DN,ENG-2026-05720,ENG,,2026-08-26 02:45,346,2026-08-26 03:00,405,2026-08-26 03:07,2026-08-26 10:47,true,55,traffic_hold,ENG-CJ-B,,rain,normal,false
BLK-2026-00859,PON-GPD-UP,ENG-2026-05232,ENG,,2026-04-28 03:45,306,2026-04-28 03:45,377,2026-04-28 03:46,2026-04-28 10:13,true,10,none,ENG-PER-C,,rain,normal,false
BLK-2026-00860,CGL-WJ-SINGLE,TRD-2026-01869,TRD,,2026-05-27 03:00,138,2026-05-27 03:00,171,2026-05-27 03:19,2026-05-27 05:54,true,-16,none,TRD-MSB-B,OHE-TC-03,clear,normal,false
BLK-2026-00861,PON-GPD-UP,ENG-2026-05024,ENG,,2026-04-01 10:30,147,2026-04-01 10:30,177,2026-04-01 10:40,2026-04-01 12:37,true,-60,none,ENG-MJR-A,,clear,normal,false
BLK-2025-00862,ABU-AVD-UP,ENG-2025-04583,ENG,,2025-10-23 00:45,334,2025-10-23 00:45,421,2025-10-23 00:37,2025-10-23 06:54,true,-44,none,ENG-GI-A,,clear,monsoon,false
BLK-2025-00863,BBQ-TNP-UP,ENG-2025-04367,ENG,,2025-12-08 01:00,214,2025-12-08 01:00,258,2025-12-08 01:20,2025-12-08 04:35,true,-63,none,ENG-MBM-A,,rain,monsoon,false
BLK-2025-00864,MAS-BBQ-DN,ENG-2025-04615,ENG,,2025-12-17 01:15,433,2025-12-17 01:30,523,2025-12-17 01:34,2025-12-17 08:51,true,-86,none,ENG-PER-C,,clear,monsoon,false
BLK-2026-00865,MS-MBM-DN_SUB,TRD-2026-01378,TRD,,2026-03-28 03:00,103,2026-03-28 03:15,124,,,false,,,TRD-AJJ-B,OHE-TC-01,rain,normal,false
BLK-2025-00866,MS-MBM-DN_SUB,ENG-2025-04535,ENG,,2025-10-05 03:15,317,2025-10-05 03:15,403,2025-10-05 03:08,2025-10-05 08:30,true,-81,none,ENG-GI-A,,clear,monsoon,false
BLK-2026-00867,PON-GPD-UP,ENG-2026-04045;SNT-2026-00848;TRD-2026-01016,ENG;SNT;TRD,MG-2026-0120,2026-02-16 00:30,570,2026-02-16 00:30,670,2026-02-16 00:23,2026-02-16 12:51,true,78,material_delay,ENG-AJJ-C,,clear,normal,true
BLK-2026-00868,MS-MBM-DN_SUB,TRD-2026-01297,TRD,,2026-06-15 03:30,117,2026-06-15 03:30,135,2026-06-15 03:44,2026-06-15 06:01,true,2,none,TRD-AVD-C,OHE-TC-08,clear,normal,false
BLK-2025-00869,MJR-PON-DN,ENG-2025-05332,ENG,,2025-11-16 00:45,346,2025-11-16 01:00,429,2025-11-16 01:12,2025-11-16 08:10,true,-11,none,ENG-GI-B,BCM-SR-01,heavy_rain,monsoon,false
BLK-2026-00870,ENR-MJR-UP,ENG-2025-05173,ENG,,2026-01-01 00:45,214,2026-01-01 01:00,261,2026-01-01 00:50,2026-01-01 04:45,true,-26,none,ENG-STM-B,TAMP-SR-07,clear,normal,false
BLK-2026-00871,WJ-CJ-SINGLE,ENG-2026-04934,ENG,,2026-07-29 02:45,313,2026-07-29 02:45,388,2026-07-29 02:42,2026-07-29 08:00,true,-70,none,ENG-AVD-C,,rain,normal,false
BLK-2026-00872,TI-TRL-UP,SNT-2026-01097,SNT,,2026-07-27 00:15,48,2026-07-27 00:15,60,2026-07-27 00:23,2026-07-27 01:17,true,-6,none,SNT-AJJ-A,,clear,normal,false
BLK-2026-00873,MBM-GI-DN_SUB,ENG-2026-05744,ENG,,2026-08-14 03:15,327,2026-08-14 03:15,406,2026-08-14 03:31,2026-08-14 08:13,true,-124,none,ENG-TI-A,,clear,normal,false
BLK-2025-00874,TNP-ENR-DN,ENG-2025-05225,ENG,,2025-11-23 02:00,225,2025-11-23 02:00,271,,,false,,,ENG-ABU-A,,clear,monsoon,false
BLK-2026-00875,PER-ABU-UP,SNT-2025-01383,SNT,,2026-01-03 13:15,233,2026-01-03 13:30,291,2026-01-03 13:37,2026-01-03 18:31,true,3,none,SNT-STM-B,,rain,normal,false
BLK-2026-00876,ENR-MJR-UP,SNT-2026-01323,SNT,,2026-02-23 02:45,35,2026-02-23 02:45,40,2026-02-23 02:57,2026-02-23 03:37,true,0,none,SNT-PER-A,,clear,normal,false
BLK-2026-00877,ABU-AVD-DN,ENG-2026-04625,ENG,,2026-09-05 12:00,88,2026-09-05 11:45,106,2026-09-05 11:53,2026-09-05 13:27,true,-12,none,ENG-MBM-A,,clear,normal,false
BLK-2026-00878,MJR-PON-UP,TRD-2026-01489,TRD,,2026-06-09 00:30,201,2026-06-09 00:30,235,2026-06-09 00:26,2026-06-09 04:16,true,-5,none,TRD-AVD-C,OHE-TC-05,rain,normal,false
BLK-2026-00879,TRL-AJJ-UP_SUB,ENG-2026-04334;SNT-2025-01006;TRD-2025-01282,ENG;SNT;TRD,MG-2026-0121,2026-05-23 03:45,368,2026-05-23 03:45,430,2026-05-23 04:01,2026-05-23 12:16,true,65,machine_late,ENG-TRL-B,,rain,normal,true
BLK-2026-00880,TRL-AJJ-UP,TRD-2026-01450,TRD,,2026-03-07 02:15,86,2026-03-07 02:15,109,2026-03-07 02:20,2026-03-07 03:55,true,-14,none,TRD-GPD-B,OHE-TC-05,clear,normal,false
BLK-2026-00881,PV-TBM-UP_SUB,SNT-2026-00814,SNT,,2026-05-31 03:15,72,2026-05-31 03:15,85,2026-05-31 03:23,2026-05-31 04:40,true,-8,none,SNT-MSB-A,,clear,normal,false
BLK-2026-00882,ENR-MJR-DN,ENG-2026-04991,ENG,,2026-02-06 01:30,261,2026-02-06 01:15,323,2026-02-06 01:28,2026-02-06 06:27,true,-24,none,ENG-ABU-A,,clear,normal,false
BLK-2026-00883,MJR-PON-UP,ENG-2026-05821,ENG,,2026-01-30 02:15,184,2026-01-30 02:30,219,2026-01-30 02:46,2026-01-30 05:55,true,-30,none,ENG-CJ-B,,clear,normal,false
BLK-2026-00884,STM-PV-DN_SUB,TRD-2026-01400,TRD,,2026-08-14 01:00,111,2026-08-14 01:15,128,2026-08-14 01:13,2026-08-14 03:23,true,2,none,TRD-MAS-B,OHE-TC-01,clear,normal,false
BLK-2026-00885,MJR-PON-UP,SNT-2026-00842,SNT,,2026-09-02 00:45,128,2026-09-02 00:45,160,2026-09-02 00:42,2026-09-02 03:01,true,-21,none,SNT-AVD-A,,clear,normal,false
BLK-2026-00886,TI-TRL-UP,TRD-2026-01180,TRD,,2026-04-22 00:30,193,2026-04-22 00:45,238,,,false,,,TRD-ENR-C,OHE-TC-04,clear,normal,false
BLK-2025-00887,STM-PV-UP,ENG-2025-06023,ENG,,2025-10-17 02:15,97,2025-10-17 02:15,114,2025-10-17 02:19,2025-10-17 03:52,true,-21,none,ENG-MSB-C,USFD-SR-04,rain,monsoon,false
BLK-2025-00888,BBQ-TNP-DN,SNT-2026-01347;ENG-2026-05084;TRD-2025-01773,ENG;SNT;TRD,MG-2025-0122,2025-11-30 01:30,243,2025-11-30 01:15,281,2025-11-30 01:23,2025-11-30 06:49,true,45,material_delay,TRD-AVD-C,OHE-TC-03,clear,monsoon,true
BLK-2026-00889,TNP-ENR-DN,ENG-2026-04204,ENG,,2026-07-24 13:30,120,2026-07-24 13:30,141,2026-07-24 13:41,2026-07-24 15:38,true,-24,none,ENG-MS-C,,rain,normal,false
BLK-2026-00890,MBM-GI-DN_SUB,SNT-2026-00665;SNT-2026-00584;SNT-2026-01442,SNT,MG-2026-0123,2026-07-31 02:15,145,2026-07-31 02:15,185,2026-07-31 02:22,2026-07-31 05:14,true,-13,none,SNT-TBM-B,,clear,normal,true
BLK-2025-00891,MS-MBM-UP,SNT-2025-01222,SNT,,2025-10-15 02:00,116,2025-10-15 02:00,146,2025-10-15 02:18,2025-10-15 04:27,true,-17,none,SNT-MSB-A,,heavy_rain,monsoon,false
BLK-2025-00892,ABU-AVD-UP,SNT-2025-00637,SNT,,2025-10-26 03:00,68,2025-10-26 03:00,80,2025-10-26 03:11,2025-10-26 04:22,true,-9,none,SNT-GI-A,,clear,monsoon,false
BLK-2026-00893,MSB-MS-UP,SNT-2026-00809,SNT,,2026-05-10 03:45,109,2026-05-10 03:45,137,2026-05-10 04:02,2026-05-10 06:10,true,-9,none,SNT-MAS-A,,clear,normal,false
BLK-2026-00894,WJ-CJ-SINGLE,ENG-2026-04391,ENG,,2026-08-15 02:30,268,2026-08-15 02:15,313,2026-08-15 02:06,2026-08-15 07:33,true,14,traffic_hold,ENG-ABU-C,,clear,normal,false
BLK-2026-00895,MAS-BBQ-UP_SUB,ENG-2026-05046,ENG,,2026-02-21 03:45,159,2026-02-21 03:45,198,2026-02-21 04:03,2026-02-21 06:22,true,-59,none,ENG-TBM-B,TAMP-SR-05,clear,normal,false
BLK-2025-00896,MAS-BBQ-UP_SUB,ENG-2026-05181;ENG-2025-04156;SNT-2026-00995,ENG;SNT,MG-2025-0124,2025-11-25 00:00,771,2025-11-25 00:15,917,,,false,,,ENG-CJ-B,,rain,monsoon,true
BLK-2026-00897,PV-TBM-UP_SUB,ENG-2026-05554,ENG,,2026-02-17 00:00,280,2026-02-17 00:00,354,2026-02-17 00:09,2026-02-17 04:13,true,-110,none,ENG-TI-C,,clear,normal,false
BLK-2026-00898,TI-TRL-DN_SUB,SNT-2026-00833,SNT,,2026-03-07 00:15,242,2026-03-07 00:30,297,2026-03-07 00:27,2026-03-07 04:20,true,-64,none,SNT-STM-B,,clear,normal,false
BLK-2026-00899,TRL-AJJ-UP_SUB,TRD-2026-01271,TRD,,2026-05-20 03:00,76,2026-05-20 03:15,91,2026-05-20 03:11,2026-05-20 04:54,true,12,traffic_hold,TRD-CGL-A,,clear,normal,false
BLK-2025-00900,PER-ABU-DN_SUB,ENG-2025-04573,ENG,,2025-11-09 00:30,295,2025-11-09 00:30,356,2025-11-09 00:23,2025-11-09 07:08,true,49,machine_late,ENG-TI-B,,rain,monsoon,false
BLK-2026-00901,PON-GPD-DN,ENG-2026-04458,ENG,,2026-07-21 03:00,188,2026-07-21 03:00,223,2026-07-21 03:14,2026-07-21 06:25,true,-32,none,ENG-MJR-B,RGM-SR-01,clear,normal,false
BLK-2026-00902,TI-TRL-UP_SUB,TRD-2026-01510,TRD,,2026-07-15 01:00,113,2026-07-15 01:00,133,,,false,,,TRD-GI-A,OHE-TC-04,clear,normal,false
BLK-2026-00903,TRL-AJJ-DN,ENG-2026-04223,ENG,,2026-08-09 03:30,155,2026-08-09 03:30,184,2026-08-09 03:24,2026-08-09 06:20,true,-8,none,ENG-TRL-A,,clear,normal,false
BLK-2025-00904,TI-TRL-UP,SNT-2025-00556,SNT,,2025-11-27 01:45,70,2025-11-27 01:45,84,2025-11-27 01:48,2025-11-27 03:14,true,2,none,SNT-MAS-A,,heavy_rain,monsoon,false
BLK-2026-00905,MBM-GI-DN,ENG-2026-05755,ENG,,2026-03-07 13:00,178,2026-03-07 13:00,205,2026-03-07 13:10,2026-03-07 16:51,true,16,material_delay,ENG-CGL-A,,rain,normal,false
BLK-2026-00906,TRL-AJJ-DN,ENG-2026-04178,ENG,,2026-03-31 02:15,353,2026-03-31 02:15,450,2026-03-31 02:22,2026-03-31 09:18,true,-34,none,ENG-TI-C,,clear,normal,false
BLK-2026-00907,TRL-AJJ-UP,ENG-2026-04095,ENG,,2026-06-21 00:30,386,2026-06-21 00:30,492,,,false,,,ENG-MBM-A,,clear,normal,false
BLK-2026-00908,GI-STM-DN,ENG-2025-05434,ENG,,2026-01-19 01:00,262,2026-01-19 01:00,327,2026-01-19 01:02,2026-01-19 05:15,true,-74,none,ENG-PER-B,,clear,normal,false
BLK-2026-00909,TNP-ENR-DN,ENG-2026-04105,ENG,,2026-02-14 00:15,244,2026-02-14 00:15,283,2026-02-14 00:14,2026-02-14 04:33,true,-24,none,ENG-MS-B,TAMP-SR-03,clear,normal,false
BLK-2026-00910,CGL-WJ-SINGLE,ENG-2026-05205,ENG,,2026-07-25 13:30,271,2026-07-25 13:30,319,2026-07-25 13:20,2026-07-25 17:28,true,-71,none,ENG-GI-C,,clear,normal,false
BLK-2026-00911,MAS-BBQ-UP_SUB,SNT-2026-00794,SNT,,2026-04-29 00:00,185,2026-04-29 00:15,219,2026-04-29 00:35,2026-04-29 04:14,true,0,none,SNT-MSB-B,,clear,normal,false
BLK-2026-00912,TI-TRL-UP_SUB,SNT-2026-00900,SNT,,2026-02-13 00:00,119,2026-02-13 00:00,151,2026-02-13 00:16,2026-02-13 02:12,true,-35,none,SNT-CGL-A,,clear,normal,false
BLK-2026-00913,TI-TRL-DN_SUB,SNT-2026-01021,SNT,,2026-02-04 01:30,93,2026-02-04 01:45,107,2026-02-04 01:44,2026-02-04 03:21,true,-10,none,SNT-GPD-A,,clear,normal,false
BLK-2026-00914,PV-TBM-UP_SUB,ENG-2026-04590,ENG,,2026-07-04 01:30,401,2026-07-04 01:30,472,2026-07-04 01:49,2026-07-04 09:18,true,-23,none,ENG-TI-C,,clear,normal,false
BLK-2026-00915,TRL-AJJ-UP_SUB,ENG-2026-05402,ENG,,2026-03-04 01:45,184,2026-03-04 01:45,213,2026-03-04 01:46,2026-03-04 05:21,true,2,none,ENG-TI-C,,clear,normal,false
BLK-2025-00916,CJ-TMLP-SINGLE,ENG-2025-05568;SNT-2025-01050;SNT-2025-00652,ENG;SNT,MG-2025-0125,2025-09-30 01:45,606,2025-09-30 02:00,702,2025-09-30 02:16,2025-09-30 13:44,true,-14,none,ENG-TRL-C,,clear,normal,true
BLK-2026-00917,TRL-AJJ-UP,ENG-2026-05546,ENG,,2026-08-16 02:30,275,2026-08-16 02:30,324,2026-08-16 02:45,2026-08-16 06:55,true,-74,none,ENG-TI-C,,clear,normal,false
BLK-2025-00918,TRL-AJJ-UP_SUB,ENG-2025-05749;SNT-2026-01381;TRD-2025-01258,ENG;SNT;TRD,MG-2025-0126,2025-11-11 00:45,194,2025-11-11 00:30,234,2025-11-11 00:47,2025-11-11 04:41,true,0,none,ENG-PV-B,RGM-SR-01,rain,monsoon,true
BLK-2026-00919,PER-ABU-UP,ENG-2026-04878,ENG,,2026-04-02 03:00,402,2026-04-02 03:00,465,2026-04-02 03:12,2026-04-02 09:45,true,-72,none,ENG-CJ-B,,rain,normal,false
BLK-2026-00920,ABU-AVD-DN_SUB,ENG-2026-04075,ENG,,2026-06-25 02:15,132,2026-06-25 02:15,152,2026-06-25 02:10,2026-06-25 04:01,true,-41,none,ENG-GPD-C,USFD-SR-04,clear,normal,false
BLK-2025-00921,MBM-GI-DN,ENG-2025-05214,ENG,,2025-09-22 00:00,416,2025-09-22 00:00,522,2025-09-21 23:52,2025-09-22 06:16,true,-138,none,ENG-AVD-A,,clear,normal,false
BLK-2026-00922,MAS-BBQ-UP_SUB,ENG-2026-05299,ENG,,2026-07-19 01:15,310,2026-07-19 01:00,365,,,false,,,ENG-MAS-C,,clear,normal,false
BLK-2026-00923,TNP-ENR-DN,TRD-2026-01796,TRD,,2026-08-31 03:45,99,2026-08-31 03:45,124,2026-08-31 04:05,2026-08-31 05:40,true,-29,none,TRD-GPD-A,OHE-TC-01,clear,normal,false
BLK-2025-00924,TRL-AJJ-UP,TRD-2025-01518,TRD,,2025-11-26 01:15,155,2025-11-26 01:00,186,2025-11-26 01:02,2025-11-26 03:34,true,-34,none,TRD-ENR-B,OHE-TC-04,clear,monsoon,false
BLK-2025-00925,MSB-MS-UP,ENG-2025-04709,ENG,,2025-12-08 02:45,408,2025-12-08 02:45,514,2025-12-08 02:57,2025-12-08 11:04,true,-27,none,ENG-PER-B,,rain,monsoon,false
BLK-2026-00926,PON-GPD-DN,ENG-2026-04438,ENG,,2026-08-20 01:45,169,2026-08-20 02:00,204,,,false,,,ENG-MAS-A,,clear,normal,false
BLK-2025-00927,PV-TBM-UP_SUB,ENG-2025-04307,ENG,,2025-10-05 03:00,240,2025-10-05 03:15,283,2025-10-05 03:35,2025-10-05 08:46,true,28,machine_late,ENG-CGL-B,,rain,monsoon,false
BLK-2026-00928,ABU-AVD-UP_SUB,SNT-2026-01206,SNT,,2026-05-31 02:15,121,2026-05-31 02:15,142,2026-05-31 02:30,2026-05-31 04:37,true,-15,none,SNT-CGL-A,,clear,normal,false
BLK-2026-00929,TI-TRL-UP,TRD-2026-01760,TRD,,2026-07-01 03:30,152,2026-07-01 03:30,177,2026-07-01 03:37,2026-07-01 06:48,true,14,material_delay,TRD-AVD-C,OHE-TC-01,clear,normal,false
BLK-2026-00930,ABU-AVD-UP_SUB,ENG-2026-05129;SNT-2025-00715;ENG-2026-05119,ENG;SNT,MG-2026-0127,2026-06-25 02:00,348,2026-06-25 02:15,435,2026-06-25 02:19,2026-06-25 09:06,true,-28,none,ENG-ABU-C,,clear,normal,true
BLK-2026-00931,PER-ABU-UP_SUB,SNT-2026-01494,SNT,,2026-02-13 01:00,218,2026-02-13 01:15,263,2026-02-13 01:33,2026-02-13 05:52,true,-4,none,SNT-TBM-B,,heavy_rain,normal,false
BLK-2026-00932,TRL-AJJ-UP,TRD-2026-01273,TRD,,2026-06-11 01:30,119,2026-06-11 01:15,142,2026-06-11 01:13,2026-06-11 03:23,true,-12,none,TRD-MAS-A,OHE-TC-07,clear,normal,false
BLK-2025-00933,AVD-TI-DN,ENG-2025-05314,ENG,,2025-12-09 03:15,145,2025-12-09 03:00,177,2025-12-09 03:15,2025-12-09 05:48,true,-24,none,ENG-GI-B,TAMP-SR-03,rain,monsoon,false
BLK-2026-00934,TRL-AJJ-UP,SNT-2026-01561,SNT,,2026-04-07 02:30,82,2026-04-07 02:45,94,2026-04-07 03:04,2026-04-07 04:25,true,-13,none,SNT-PER-A,,clear,normal,false
BLK-2026-00935,PV-TBM-UP_SUB,ENG-2025-04617,ENG,,2026-01-24 01:45,263,2026-01-24 01:30,319,2026-01-24 01:42,2026-01-24 05:49,true,-72,none,ENG-TRL-C,,clear,normal,false
BLK-2026-00936,MSB-MS-UP_SUB,ENG-2026-06036;SNT-2026-01294;ENG-2025-04845,ENG;SNT,MG-2026-0128,2026-03-15 01:45,200,2026-03-15 02:00,255,2026-03-15 02:18,2026-03-15 06:22,true,-11,none,SNT-AJJ-B,,clear,normal,true
BLK-2026-00937,AVD-TI-UP,TRD-2026-01342,TRD,,2026-02-28 03:15,84,2026-02-28 03:15,101,2026-02-28 03:05,2026-02-28 04:39,true,-7,none,TRD-MSB-A,OHE-TC-06,clear,normal,false
BLK-2026-00938,MBM-GI-UP_SUB,TRD-2026-01587,TRD,,2026-07-17 00:15,114,2026-07-17 00:15,136,2026-07-17 00:22,2026-07-17 02:39,true,1,none,TRD-AJJ-A,OHE-TC-01,clear,normal,false
BLK-2026-00939,TNP-ENR-UP,SNT-2026-00790;ENG-2026-04003;SNT-2026-01158,ENG;SNT,MG-2026-0129,2026-03-13 03:30,298,2026-03-13 03:45,351,2026-03-13 03:43,2026-03-13 09:40,true,6,none,ENG-CJ-B,,clear,normal,true
BLK-2026-00940,MAS-BBQ-UP_SUB,ENG-2025-04264,ENG,,2026-01-20 01:00,426,2026-01-20 00:45,543,2026-01-20 01:03,2026-01-20 08:32,true,-94,none,ENG-ABU-C,,clear,normal,false
BLK-2026-00941,TI-TRL-UP,ENG-2026-05875,ENG,,2026-09-03 01:45,260,2026-09-03 01:45,322,2026-09-03 01:58,2026-09-03 05:23,true,-117,none,ENG-TNP-C,,clear,normal,false
BLK-2026-00942,ABU-AVD-DN_SUB,TRD-2026-01002,TRD,,2026-03-06 03:45,175,2026-03-06 03:45,221,2026-03-06 04:02,2026-03-06 07:45,true,2,none,TRD-MSB-B,OHE-TC-05,clear,normal,false
BLK-2025-00943,STM-PV-DN_SUB,TRD-2025-01617,TRD,,2025-12-04 00:30,156,2025-12-04 00:45,189,2025-12-04 01:04,2025-12-04 03:39,true,-34,none,TRD-MSB-B,OHE-TC-01,clear,monsoon,false
BLK-2026-00944,AVD-TI-UP_SUB,SNT-2026-01066;ENG-2026-05495;ENG-2026-04736,ENG;SNT,MG-2026-0130,2026-05-11 03:30,383,2026-05-11 03:30,468,2026-05-11 03:47,2026-05-11 12:02,true,27,weather,ENG-CGL-A,,clear,normal,true
BLK-2026-00945,TNP-ENR-DN,SNT-2026-00962,SNT,,2026-05-27 01:00,126,2026-05-27 00:45,152,2026-05-27 00:57,2026-05-27 03:26,true,-3,none,SNT-MAS-B,,clear,normal,false
BLK-2026-00946,TNP-ENR-DN,ENG-2026-05086,ENG,,2026-07-18 11:30,88,2026-07-18 11:30,107,2026-07-18 11:44,2026-07-18 13:18,true,-13,none,ENG-MBM-C,,rain,normal,false
BLK-2026-00947,TI-TRL-UP_SUB,SNT-2026-00668,SNT,,2026-01-14 02:00,71,2026-01-14 02:00,88,,,false,,,SNT-AVD-B,,heavy_rain,normal,false
BLK-2026-00948,MAS-BBQ-UP_SUB,SNT-2025-01363,SNT,,2026-01-09 01:00,224,2026-01-09 00:45,270,,,false,,,SNT-CJ-B,,clear,normal,false
BLK-2026-00949,MS-MBM-UP,SNT-2026-01244,SNT,,2026-08-26 03:45,82,2026-08-26 03:30,99,,,false,,,SNT-MAS-A,,clear,normal,false
BLK-2026-00950,TRL-AJJ-DN,ENG-2026-04909,ENG,,2026-04-29 00:15,216,2026-04-29 00:15,249,2026-04-29 00:32,2026-04-29 03:30,true,-71,none,ENG-CJ-B,,clear,normal,false
BLK-2026-00951,TRL-AJJ-DN,SNT-2026-01272,SNT,,2026-06-01 01:45,34,2026-06-01 02:00,40,2026-06-01 02:12,2026-06-01 02:50,true,-2,none,SNT-MS-A,,clear,normal,false
BLK-2026-00952,PV-TBM-DN_SUB,ENG-2026-04792,ENG,,2026-07-06 02:30,136,2026-07-06 02:30,160,2026-07-06 02:41,2026-07-06 04:33,true,-48,none,ENG-AJJ-B,RGM-SR-01,clear,normal,false
BLK-2026-00953,TI-TRL-DN,SNT-2026-01096;ENG-2026-05105;ENG-2026-05262,ENG;SNT,MG-2026-0131,2026-06-21 02:15,798,2026-06-21 02:30,1020,2026-06-21 02:38,2026-06-21 23:18,true,220,material_delay,ENG-TNP-B,TAMP-SR-03,clear,normal,true
BLK-2026-00954,AVD-TI-UP,SNT-2026-00954,SNT,,2026-03-22 03:30,44,2026-03-22 03:30,54,2026-03-22 03:40,2026-03-22 04:40,true,6,none,SNT-CGL-A,,clear,normal,false
BLK-2025-00955,MBM-GI-DN_SUB,ENG-2025-05451,ENG,,2025-10-22 03:00,373,2025-10-22 02:45,443,2025-10-22 02:45,2025-10-22 12:33,true,145,weather,ENG-PER-A,,rain,monsoon,false
BLK-2026-00956,MBM-GI-UP_SUB,TRD-2026-01497,TRD,,2026-08-14 02:45,149,2026-08-14 02:45,181,2026-08-14 02:55,2026-08-14 05:45,true,-11,none,TRD-ENR-C,OHE-TC-04,clear,normal,false
BLK-2026-00957,TRL-AJJ-DN_SUB,TRD-2026-01191,TRD,,2026-07-18 03:45,356,2026-07-18 03:30,424,,,false,,,TRD-ENR-C,OHE-TC-05,clear,normal,false
BLK-2025-00958,TRL-AJJ-UP,TRD-2026-01521;TRD-2026-01465;ENG-2025-05379,ENG;TRD,MG-2025-0132,2025-11-28 02:15,231,2025-11-28 02:15,292,,,false,,,ENG-MJR-A,,clear,monsoon,true
BLK-2026-00959,PER-ABU-UP,ENG-2026-04141,ENG,,2026-05-29 01:45,331,2026-05-29 01:45,394,2026-05-29 01:39,2026-05-29 07:11,true,-62,none,ENG-MJR-A,,clear,normal,false
BLK-2026-00960,AVD-TI-UP,SNT-2026-01334;ENG-2026-05748;TRD-2025-01108,ENG;SNT;TRD,MG-2026-0133,2026-04-13 00:45,280,2026-04-13 00:45,325,2026-04-13 00:57,2026-04-13 07:13,true,51,crew_short,ENG-TI-B,,clear,normal,true
BLK-2026-00961,BBQ-PER-UP_SUB,ENG-2026-04461,ENG,,2026-06-10 00:30,190,2026-06-10 00:30,238,2026-06-10 00:29,2026-06-10 04:36,true,9,none,ENG-STM-B,TAMP-SR-05,clear,normal,false
BLK-2026-00962,GI-STM-DN_SUB,ENG-2026-04931,ENG,,2026-03-01 00:15,141,2026-03-01 00:15,175,2026-03-01 00:15,2026-03-01 03:02,true,-8,none,ENG-ENR-C,USFD-SR-04,clear,normal,false
BLK-2026-00963,TI-TRL-UP,ENG-2026-04041;ENG-2026-04054;SNT-2026-01539,ENG;SNT,MG-2026-0134,2026-08-03 02:15,326,2026-08-03 02:15,416,2026-08-03 02:26,2026-08-03 08:26,true,-56,none,ENG-TRL-C,,clear,normal,true
BLK-2025-00964,BBQ-TNP-UP,ENG-2025-04693,ENG,,2025-10-28 03:30,185,2025-10-28 03:15,221,,,false,,,ENG-AVD-B,,rain,monsoon,false
BLK-2026-00965,MSB-MS-UP_SUB,ENG-2026-05055,ENG,,2026-06-03 10:30,164,2026-06-03 10:45,190,2026-06-03 10:37,2026-06-03 13:52,true,5,none,ENG-ABU-A,,clear,normal,false
BLK-2025-00966,CGL-WJ-SINGLE,ENG-2025-04409,ENG,,2025-10-15 03:30,185,2025-10-15 03:30,224,2025-10-15 03:43,2025-10-15 06:49,true,-38,none,ENG-MBM-B,RGM-SR-01,clear,monsoon,false
BLK-2025-00967,ABU-AVD-UP,ENG-2025-04495,ENG,,2025-12-23 00:00,350,2025-12-23 00:00,424,,,false,,,ENG-ENR-B,BCM-SR-01,clear,monsoon,false
BLK-2025-00968,MSB-MS-UP_SUB,ENG-2025-04862,ENG,,2025-10-23 03:45,286,2025-10-23 03:30,342,2025-10-23 03:29,2025-10-23 08:40,true,-31,none,ENG-AJJ-C,,clear,monsoon,false
BLK-2025-00969,CGL-WJ-SINGLE,TRD-2025-01234,TRD,,2025-09-21 02:45,326,2025-09-21 03:00,382,2025-09-21 03:16,2025-09-21 08:46,true,-52,none,TRD-ENR-C,OHE-TC-06,clear,normal,false
BLK-2026-00970,TRL-AJJ-DN,ENG-2026-05167,ENG,,2026-04-07 01:15,406,2026-04-07 01:30,519,2026-04-07 01:46,2026-04-07 10:43,true,18,machine_late,ENG-TRL-B,,clear,normal,false
BLK-2025-00971,TRL-AJJ-DN,ENG-2025-05177,ENG,,2025-10-06 01:45,123,2025-10-06 01:30,147,2025-10-06 01:31,2025-10-06 03:51,true,-7,none,ENG-MBM-C,USFD-SR-01,clear,monsoon,false
BLK-2025-00972,MS-MBM-DN_SUB,ENG-2025-04908;TRD-2025-01830;TRD-2026-01664,ENG;TRD,MG-2025-0135,2025-12-28 00:15,253,2025-12-28 00:15,316,2025-12-28 00:27,2025-12-28 05:26,true,-17,none,ENG-CGL-B,,clear,monsoon,true
BLK-2026-00973,GI-STM-UP_SUB,SNT-2026-01099,SNT,,2026-07-31 02:00,83,2026-07-31 02:00,99,2026-07-31 02:11,2026-07-31 03:42,true,-8,none,SNT-CJ-A,,rain,normal,false
BLK-2026-00974,MSB-MS-UP,ENG-2026-04499,ENG,,2026-06-06 00:00,153,2026-06-05 23:45,190,2026-06-06 00:04,2026-06-06 02:53,true,-21,none,ENG-MJR-C,USFD-SR-04,clear,normal,false
BLK-2026-00975,MJR-PON-DN,ENG-2026-05972,ENG,,2026-06-11 03:45,251,2026-06-11 03:30,308,2026-06-11 03:42,2026-06-11 08:09,true,-41,none,ENG-MAS-B,,clear,normal,false
BLK-2026-00976,TRL-AJJ-UP,TRD-2026-01209,TRD,,2026-03-24 01:00,110,2026-03-24 01:00,127,2026-03-24 01:20,2026-03-24 04:07,true,40,machine_late,TRD-AVD-A,OHE-TC-06,clear,normal,false
BLK-2026-00977,BBQ-TNP-UP,ENG-2026-05471,ENG,,2026-06-21 02:15,320,2026-06-21 02:00,405,2026-06-21 02:11,2026-06-21 08:33,true,-23,none,ENG-MSB-B,BCM-SR-01,clear,normal,false
BLK-2025-00978,TRL-AJJ-DN,SNT-2025-01533,SNT,,2025-11-04 03:45,84,2025-11-04 04:00,101,2025-11-04 04:03,2025-11-04 05:42,true,-2,none,SNT-PER-A,,clear,monsoon,false
BLK-2026-00979,MS-MBM-UP_SUB,TRD-2026-01256,TRD,,2026-09-02 00:00,128,2026-09-02 00:00,158,,,false,,,TRD-GPD-A,OHE-TC-04,clear,normal,false
BLK-2025-00980,CGL-WJ-SINGLE,ENG-2025-05027,ENG,,2025-11-18 01:00,198,2025-11-18 01:00,233,2025-11-18 01:14,2025-11-18 04:21,true,-46,none,ENG-MBM-B,TAMP-SR-03,clear,monsoon,false
BLK-2026-00981,TI-TRL-DN_SUB,ENG-2026-05369,ENG,,2026-07-30 00:15,156,2026-07-30 00:00,190,2026-07-30 00:14,2026-07-30 02:57,true,-27,none,ENG-MS-B,TAMP-SR-07,clear,normal,false
BLK-2026-00982,MJR-PON-DN,ENG-2026-05395,ENG,,2026-08-21 01:30,131,2026-08-21 01:45,152,2026-08-21 01:49,2026-08-21 04:20,true,-1,none,ENG-MSB-B,BRM-SR-02,clear,normal,false
BLK-2026-00983,TRL-AJJ-UP,ENG-2026-04267,ENG,,2026-05-11 00:00,214,2026-05-11 00:15,249,2026-05-11 00:17,2026-05-11 04:43,true,17,crew_short,ENG-MSB-B,TAMP-SR-05,clear,normal,false
BLK-2026-00984,PON-GPD-DN,TRD-2026-01536,TRD,,2026-02-11 02:45,157,2026-02-11 02:30,192,2026-02-11 02:24,2026-02-11 04:48,true,-48,none,TRD-GI-B,OHE-TC-03,clear,normal,false
BLK-2026-00985,ENR-MJR-DN,TRD-2026-01593,TRD,,2026-08-08 00:00,48,2026-08-08 00:00,59,2026-08-08 00:15,2026-08-08 01:02,true,-12,none,TRD-MAS-B,,clear,normal,false
BLK-2026-00986,PER-ABU-DN_SUB,TRD-2026-01295,TRD,,2026-04-26 00:45,130,2026-04-26 00:45,150,,,false,,,TRD-GI-A,OHE-TC-02,clear,normal,false
BLK-2026-00987,PER-ABU-UP_SUB,TRD-2026-01585,TRD,,2026-05-27 03:30,158,2026-05-27 03:30,198,,,false,,,TRD-GI-B,OHE-TC-04,rain,normal,false
BLK-2026-00988,ABU-AVD-UP_SUB,SNT-2026-01405,SNT,,2026-08-31 03:00,84,2026-08-31 02:45,98,,,false,,,SNT-MAS-A,,clear,normal,false
BLK-2026-00989,PER-ABU-UP,SNT-2026-01182,SNT,,2026-03-09 12:15,219,2026-03-09 12:15,258,2026-03-09 12:09,2026-03-09 15:35,true,-52,none,SNT-MS-B,,rain,normal,false
BLK-2025-00990,CGL-WJ-SINGLE,ENG-2025-04528,ENG,,2025-11-02 03:45,402,2025-11-02 04:00,501,2025-11-02 04:12,2025-11-02 10:49,true,-104,none,ENG-CJ-B,,heavy_rain,monsoon,false
BLK-2026-00991,TI-TRL-UP_SUB,TRD-2025-01620,TRD,,2026-02-01 03:45,270,2026-02-01 04:00,332,2026-02-01 04:00,2026-02-01 08:49,true,-43,none,TRD-AVD-C,OHE-TC-06,clear,normal,false
BLK-2026-00992,MS-MBM-UP_SUB,TRD-2026-01037,TRD,,2026-01-22 03:30,272,2026-01-22 03:45,330,2026-01-22 03:53,2026-01-22 09:00,true,-23,none,TRD-ENR-C,OHE-TC-02,clear,normal,false
BLK-2026-00993,TRL-AJJ-DN,TRD-2026-01544,TRD,,2026-05-28 01:45,158,2026-05-28 01:45,194,2026-05-28 01:52,2026-05-28 04:06,true,-60,none,TRD-AJJ-B,OHE-TC-07,clear,normal,false
BLK-2026-00994,PV-TBM-DN_SUB,TRD-2026-01559,TRD,,2026-06-23 01:30,291,2026-06-23 01:30,349,2026-06-23 01:48,2026-06-23 07:20,true,-17,none,TRD-CGL-B,OHE-TC-05,clear,normal,false
BLK-2026-00995,CGL-WJ-SINGLE,TRD-2026-01418,TRD,,2026-09-01 01:30,93,2026-09-01 01:15,116,2026-09-01 01:34,2026-09-01 03:15,true,-15,none,TRD-AVD-B,OHE-TC-01,clear,normal,false
BLK-2026-00996,STM-PV-DN,TRD-2026-01171,TRD,,2026-07-21 01:00,185,2026-07-21 01:00,224,,,false,,,TRD-MAS-C,OHE-TC-01,clear,normal,false
BLK-2026-00997,MS-MBM-UP,ENG-2026-04678,ENG,,2026-07-03 10:30,155,2026-07-03 10:15,187,2026-07-03 10:21,2026-07-03 13:27,true,-1,none,ENG-AVD-A,,clear,normal,false
BLK-2026-00998,STM-PV-DN,ENG-2026-04146,ENG,,2026-04-13 01:45,317,2026-04-13 02:00,367,2026-04-13 02:18,2026-04-13 07:32,true,-53,none,ENG-CJ-B,,clear,normal,false
BLK-2026-00999,TNP-ENR-UP,ENG-2026-05577,ENG,,2026-08-03 00:15,260,2026-08-03 00:15,304,2026-08-03 00:31,2026-08-03 04:51,true,-44,none,ENG-ABU-C,,clear,normal,false
BLK-2026-01000,TRL-AJJ-UP,SNT-2026-01393,SNT,,2026-06-05 03:30,102,2026-06-05 03:45,128,2026-06-05 03:52,2026-06-05 05:15,true,-45,none,SNT-TNP-A,,clear,normal,false
BLK-2026-01001,ENR-MJR-UP,TRD-2026-01373,TRD,,2026-07-16 00:45,123,2026-07-16 00:45,144,2026-07-16 00:36,2026-07-16 02:48,true,-12,none,TRD-AVD-B,OHE-TC-05,clear,normal,false
BLK-2026-01002,ENR-MJR-UP,TRD-2026-01249,TRD,,2026-02-17 02:15,137,2026-02-17 02:00,169,2026-02-17 02:11,2026-02-17 04:46,true,-14,none,TRD-AVD-C,OHE-TC-03,clear,normal,false
BLK-2026-01003,GI-STM-UP_SUB,ENG-2026-05642,ENG,,2026-08-09 00:00,256,2026-08-09 00:15,321,,,false,,,ENG-AJJ-B,TAMP-SR-07,rain,normal,false
BLK-2025-01004,MBM-GI-UP_SUB,TRD-2025-01218,TRD,,2025-12-02 00:30,117,2025-12-02 00:30,139,2025-12-02 00:32,2025-12-02 02:18,true,-33,none,TRD-GPD-B,OHE-TC-07,clear,monsoon,false
BLK-2025-01005,PON-GPD-DN,ENG-2025-05571,ENG,,2025-12-15 02:00,362,2025-12-15 01:45,440,2025-12-15 01:58,2025-12-15 08:54,true,-24,none,ENG-TRL-A,,clear,monsoon,false
BLK-2026-01006,GI-STM-UP_SUB,SNT-2026-01156,SNT,,2026-07-11 00:30,93,2026-07-11 00:30,108,2026-07-11 00:43,2026-07-11 02:44,true,13,traffic_hold,SNT-AVD-A,,clear,normal,false
BLK-2025-01007,TNP-ENR-DN,ENG-2025-04892;ENG-2026-05091;ENG-2025-05280,ENG,MG-2025-0136,2025-11-27 01:30,374,2025-11-27 01:45,454,2025-11-27 01:35,2025-11-27 09:25,true,16,material_delay,ENG-TI-B,,clear,monsoon,true
BLK-2026-01008,ENR-MJR-DN,ENG-2026-05532;ENG-2026-04816;SNT-2026-00926,ENG;SNT,MG-2026-0137,2026-03-10 11:00,125,2026-03-10 11:00,152,2026-03-10 10:52,2026-03-10 13:53,true,29,material_delay,ENG-TNP-A,,clear,normal,true
BLK-2026-01009,PER-ABU-UP,ENG-2026-04720;ENG-2025-05406;SNT-2025-01463,ENG;SNT,MG-2026-0138,2026-08-21 01:15,417,2026-08-21 01:30,483,2026-08-21 01:24,2026-08-21 10:20,true,53,material_delay,ENG-MAS-C,,rain,normal,true
BLK-2026-01010,TI-TRL-UP,TRD-2025-01840,TRD,,2026-01-23 01:30,197,2026-01-23 01:45,246,2026-01-23 01:35,2026-01-23 04:44,true,-57,none,TRD-MAS-C,OHE-TC-03,clear,normal,false
BLK-2026-01011,PER-ABU-DN_SUB,TRD-2026-01204;ENG-2026-04523;TRD-2026-01516,ENG;TRD,MG-2026-0139,2026-03-01 03:00,350,2026-03-01 03:15,432,2026-03-01 03:19,2026-03-01 10:56,true,25,machine_late,ENG-TI-C,,rain,normal,true
BLK-2026-01012,MSB-MS-UP_SUB,ENG-2026-05270;ENG-2026-04167;SNT-2026-01047,ENG;SNT,MG-2026-0140,2026-05-04 03:30,357,2026-05-04 03:15,424,,,false,,,ENG-GPD-B,BCM-SR-01,clear,normal,true
BLK-2025-01013,MSB-MS-DN,ENG-2025-04524,ENG,,2025-11-16 00:15,490,2025-11-16 00:15,600,2025-11-16 00:31,2025-11-16 08:12,true,-139,none,ENG-ABU-C,,clear,monsoon,false
BLK-2026-01014,TRL-AJJ-UP,ENG-2026-05428,ENG,,2026-07-29 00:15,137,2026-07-29 00:15,161,2026-07-29 00:34,2026-07-29 02:39,true,-36,none,ENG-STM-B,TAMP-SR-05,clear,normal,false
BLK-2026-01015,ABU-AVD-DN,SNT-2026-00594,SNT,,2026-07-11 02:30,152,2026-07-11 02:15,175,2026-07-11 02:16,2026-07-11 05:23,true,12,machine_late,SNT-CJ-B,,clear,normal,false
BLK-2026-01016,MBM-GI-UP,ENG-2026-04329,ENG,,2026-06-28 00:30,144,2026-06-28 00:30,180,,,false,,,ENG-MJR-B,BRM-SR-02,clear,normal,false
BLK-2025-01017,ABU-AVD-UP,TRD-2025-01766,TRD,,2025-11-27 03:00,341,2025-11-27 03:15,431,,,false,,,TRD-AJJ-C,OHE-TC-08,rain,monsoon,false
BLK-2026-01018,AVD-TI-DN,ENG-2026-04281,ENG,,2026-06-10 02:00,178,2026-06-10 02:15,208,2026-06-10 02:19,2026-06-10 04:44,true,-63,none,ENG-TBM-B,RGM-SR-01,clear,normal,false
BLK-2026-01019,MJR-PON-DN,TRD-2026-01694,TRD,,2026-07-12 00:45,115,2026-07-12 00:45,143,,,false,,,TRD-AVD-B,OHE-TC-07,clear,normal,false
BLK-2026-01020,MAS-BBQ-UP_SUB,ENG-2026-05768,ENG,,2026-05-23 02:15,348,2026-05-23 02:00,405,2026-05-23 01:50,2026-05-23 08:12,true,-23,none,ENG-TI-C,,clear,normal,false
BLK-2026-01021,TRL-AJJ-DN,ENG-2026-04889,ENG,,2026-08-26 02:45,297,2026-08-26 02:30,344,,,false,,,ENG-AVD-B,,clear,normal,false
BLK-2026-01022,TRL-AJJ-UP,SNT-2026-01257,SNT,,2026-04-03 03:45,90,2026-04-03 04:00,111,2026-04-03 03:58,2026-04-03 05:11,true,-38,none,SNT-PER-B,,clear,normal,false
BLK-2025-01023,PER-ABU-DN,ENG-2025-05594,ENG,,2025-10-08 00:15,225,2025-10-08 00:30,261,2025-10-08 00:28,2025-10-08 04:08,true,-41,none,ENG-MSB-A,,rain,monsoon,false
BLK-2025-01024,TNP-ENR-UP,TRD-2025-01604,TRD,,2025-10-04 02:15,138,2025-10-04 02:15,169,2025-10-04 02:30,2025-10-04 04:50,true,-29,none,TRD-MSB-B,OHE-TC-03,rain,monsoon,false
BLK-2026-01025,MAS-BBQ-DN_SUB,SNT-2026-00951,SNT,,2026-06-15 01:45,164,2026-06-15 01:30,193,2026-06-15 01:42,2026-06-15 04:40,true,-15,none,SNT-GI-B,,rain,normal,false
BLK-2026-01026,MBM-GI-UP,ENG-2026-04664,ENG,,2026-08-27 03:15,357,2026-08-27 03:00,451,2026-08-27 03:05,2026-08-27 07:49,true,-167,none,ENG-GI-A,,clear,normal,false
BLK-2025-01027,TRL-AJJ-DN_SUB,ENG-2025-05775,ENG,,2025-12-23 02:45,245,2025-12-23 02:30,290,2025-12-23 02:48,2025-12-23 08:01,true,23,unexpected_condition,ENG-ABU-B,,clear,monsoon,false
BLK-2025-01028,MAS-BBQ-UP,ENG-2025-04622,ENG,,2025-10-02 02:45,326,2025-10-02 02:45,376,2025-10-02 02:58,2025-10-02 08:02,true,-72,none,ENG-CJ-A,,clear,monsoon,false
BLK-2026-01029,AVD-TI-DN,ENG-2025-05761;SNT-2025-01103;ENG-2025-06009,ENG;SNT,MG-2026-0141,2026-01-06 00:00,269,2026-01-06 00:15,342,2026-01-06 00:32,2026-01-06 06:30,true,16,machine_late,ENG-AJJ-C,,clear,normal,true
BLK-2026-01030,ABU-AVD-DN,ENG-2026-05219,ENG,,2026-07-21 00:45,412,2026-07-21 00:45,521,2026-07-21 00:43,2026-07-21 06:40,true,-164,none,ENG-CJ-A,,clear,normal,false
BLK-2026-01031,PON-GPD-UP,ENG-2025-05439,ENG,,2026-01-12 03:30,177,2026-01-12 03:15,205,2026-01-12 03:29,2026-01-12 06:46,true,-8,none,ENG-GPD-B,TAMP-SR-03,rain,normal,false
BLK-2026-01032,PV-TBM-UP_SUB,ENG-2026-05872,ENG,,2026-04-23 03:15,361,2026-04-23 03:15,436,,,false,,,ENG-TI-C,,clear,normal,false
BLK-2026-01033,MAS-BBQ-UP_SUB,SNT-2026-00830,SNT,,2026-03-15 02:00,205,2026-03-15 02:15,237,2026-03-15 02:29,2026-03-15 04:58,true,-88,none,SNT-CJ-B,,rain,normal,false
BLK-2026-01034,MAS-BBQ-UP_SUB,ENG-2026-05691,ENG,,2026-05-14 03:15,155,2026-05-14 03:30,180,2026-05-14 03:34,2026-05-14 07:04,true,30,machine_late,ENG-AJJ-B,TAMP-SR-03,clear,normal,false
BLK-2026-01035,PON-GPD-UP,ENG-2026-04031,ENG,,2026-04-22 02:00,389,2026-04-22 02:00,450,,,false,,,ENG-TNP-C,,clear,normal,false
BLK-2025-01036,AVD-TI-DN_SUB,TRD-2025-01126,TRD,,2025-10-09 00:45,215,2025-10-09 01:00,274,2025-10-09 01:04,2025-10-09 04:35,true,-63,none,TRD-TBM-B,OHE-TC-04,clear,monsoon,false
BLK-2026-01037,TRL-AJJ-UP,ENG-2025-05564,ENG,,2026-01-10 01:00,232,2026-01-10 01:00,284,,,false,,,ENG-GI-B,RGM-SR-01,clear,normal,false
BLK-2025-01038,STM-PV-DN_SUB,ENG-2025-05104,ENG,,2025-10-18 03:30,276,2025-10-18 03:45,346,,,false,,,ENG-ENR-B,TAMP-SR-03,clear,monsoon,false
BLK-2026-01039,PER-ABU-DN,ENG-2026-05324,ENG,,2026-04-04 00:45,170,2026-04-04 00:45,204,2026-04-04 01:04,2026-04-04 04:13,true,-15,none,ENG-ABU-A,,clear,normal,false
BLK-2026-01040,TRL-AJJ-DN,SNT-2026-01546,SNT,,2026-04-29 01:30,153,2026-04-29 01:30,196,2026-04-29 01:47,2026-04-29 04:31,true,-32,none,SNT-MSB-B,,clear,normal,false
BLK-2025-01041,ENR-MJR-UP,TRD-2025-01873,TRD,,2025-09-18 00:30,114,2025-09-18 00:30,136,2025-09-18 00:31,2025-09-18 02:53,true,6,none,TRD-MAS-B,OHE-TC-04,rain,normal,false
BLK-2026-01042,MJR-PON-UP,ENG-2026-04514,ENG,,2026-06-17 01:45,182,2026-06-17 02:00,229,,,false,,,ENG-PV-B,TAMP-SR-03,clear,normal,false
BLK-2025-01043,MJR-PON-UP,ENG-2025-05491,ENG,,2025-12-11 02:15,169,2025-12-11 02:00,213,2025-12-11 02:03,2025-12-11 05:32,true,-4,none,ENG-GI-C,USFD-SR-04,heavy_rain,monsoon,false
BLK-2025-01044,TRL-AJJ-DN_SUB,TRD-2025-01517,TRD,,2025-12-09 01:15,125,2025-12-09 01:15,144,2025-12-09 01:12,2025-12-09 03:27,true,-9,none,TRD-TBM-A,OHE-TC-07,clear,monsoon,false
BLK-2026-01045,ABU-AVD-UP,ENG-2026-04468,ENG,,2026-05-21 03:00,298,2026-05-21 03:00,349,2026-05-21 03:12,2026-05-21 08:08,true,-53,none,ENG-CGL-B,,clear,normal,false
BLK-2025-01046,TRL-AJJ-DN_SUB,TRD-2025-01320,TRD,,2025-12-02 00:00,75,2025-12-02 00:00,94,,,false,,,TRD-TBM-A,OHE-TC-02,clear,monsoon,false
BLK-2026-01047,PON-GPD-UP,SNT-2026-00892,SNT,,2026-06-10 01:30,83,2026-06-10 01:15,103,2026-06-10 01:34,2026-06-10 02:57,true,-20,none,SNT-CGL-A,,rain,normal,false
BLK-2026-01048,BBQ-PER-DN_SUB,SNT-2026-00581;TRD-2025-01824;ENG-2025-05483,ENG;SNT;TRD,MG-2026-0142,2026-01-06 02:30,519,2026-01-06 02:30,602,2026-01-06 02:27,2026-01-06 14:36,true,127,material_delay,ENG-TRL-C,,clear,normal,true
BLK-2025-01049,BBQ-PER-DN_SUB,TRD-2025-01132,TRD,,2025-12-13 02:00,224,2025-12-13 01:45,262,2025-12-13 01:39,2025-12-13 05:32,true,-29,none,TRD-AVD-C,OHE-TC-02,rain,monsoon,false
BLK-2026-01050,MS-MBM-UP,ENG-2026-04345,ENG,,2026-05-02 02:00,128,2026-05-02 01:45,149,2026-05-02 02:03,2026-05-02 03:58,true,-34,none,ENG-STM-C,USFD-SR-01,clear,normal,false
BLK-2025-01051,AVD-TI-UP,TRD-2025-01402,TRD,,2025-11-21 01:45,129,2025-11-21 02:00,150,2025-11-21 02:19,2025-11-21 04:50,true,1,none,TRD-MSB-B,OHE-TC-05,clear,monsoon,false
BLK-2026-01052,PON-GPD-UP,SNT-2026-00525;ENG-2026-05570;ENG-2026-05162,ENG;SNT,MG-2026-0143,2026-06-07 03:15,744,2026-06-07 03:30,937,2026-06-07 03:37,2026-06-07 17:35,true,-99,none,ENG-AJJ-C,,rain,normal,true
BLK-2026-01053,AVD-TI-UP,SNT-2026-00747,SNT,,2026-02-24 03:00,54,2026-02-24 03:15,66,2026-02-24 03:18,2026-02-24 04:17,true,-7,none,SNT-CGL-A,,clear,normal,false
BLK-2026-01054,ENR-MJR-UP,TRD-2026-01398,TRD,,2026-02-18 03:30,193,2026-02-18 03:30,241,2026-02-18 03:41,2026-02-18 06:28,true,-74,none,TRD-GI-B,OHE-TC-08,clear,normal,false
BLK-2025-01055,MJR-PON-DN,TRD-2025-01874,TRD,,2025-12-08 02:15,183,2025-12-08 02:00,226,2025-12-08 02:07,2025-12-08 06:00,true,7,none,TRD-GI-B,OHE-TC-01,rain,monsoon,false
BLK-2026-01056,STM-PV-DN,ENG-2026-05342,ENG,,2026-03-03 03:00,352,2026-03-03 02:45,421,2026-03-03 03:04,2026-03-03 09:23,true,-42,none,ENG-AJJ-C,,clear,normal,false
BLK-2026-01057,PV-TBM-DN_SUB,TRD-2026-01831,TRD,,2026-04-19 00:15,106,2026-04-19 00:15,128,,,false,,,TRD-GPD-B,OHE-TC-06,rain,normal,false
BLK-2025-01058,MAS-BBQ-DN,SNT-2025-00740,SNT,,2025-11-02 11:45,284,2025-11-02 12:00,338,2025-11-02 12:17,2025-11-02 17:18,true,-37,none,SNT-MSB-B,,clear,monsoon,false
BLK-2026-01059,TRL-AJJ-UP,ENG-2026-04830,ENG,,2026-05-11 01:00,377,2026-05-11 01:00,450,2026-05-11 01:03,2026-05-11 08:11,true,-22,none,ENG-PER-C,,clear,normal,false
BLK-2026-01060,TRL-AJJ-UP,ENG-2026-05916,ENG,,2026-07-06 02:00,432,2026-07-06 02:15,525,2026-07-06 02:07,2026-07-06 11:20,true,28,traffic_hold,ENG-TRL-B,,rain,normal,false
BLK-2026-01061,AVD-TI-UP,SNT-2026-01001,SNT,,2026-03-17 00:45,94,2026-03-17 01:00,111,2026-03-17 01:13,2026-03-17 03:00,true,-4,none,SNT-TRL-A,,clear,normal,false
BLK-2026-01062,MJR-PON-UP,SNT-2026-01425,SNT,,2026-05-07 01:00,128,2026-05-07 00:45,159,2026-05-07 00:57,2026-05-07 03:16,true,-20,none,SNT-TBM-A,,clear,normal,false
BLK-2025-01063,AVD-TI-UP,ENG-2025-06037,ENG,,2025-10-12 01:00,336,2025-10-12 00:45,390,2025-10-12 00:50,2025-10-12 05:34,true,-106,none,ENG-MAS-A,,rain,monsoon,false
BLK-2025-01064,MSB-MS-DN_SUB,SNT-2025-01185,SNT,,2025-12-25 00:00,53,2025-12-24 23:45,63,2025-12-24 23:42,2025-12-25 00:29,true,-16,none,SNT-AVD-B,,clear,monsoon,false
BLK-2026-01065,MS-MBM-UP_SUB,ENG-2025-04115,ENG,,2026-01-10 02:30,283,2026-01-10 02:30,355,2026-01-10 02:20,2026-01-10 06:28,true,-107,none,ENG-CJ-B,,clear,normal,false
BLK-2025-01066,TNP-ENR-UP,ENG-2025-05485,ENG,,2025-12-26 03:15,154,2025-12-26 03:15,180,2025-12-26 03:31,2025-12-26 06:36,true,5,none,ENG-MS-C,USFD-SR-04,rain,monsoon,false
BLK-2025-01067,STM-PV-UP,ENG-2025-05727,ENG,,2025-12-16 00:30,308,2025-12-16 00:15,362,2025-12-16 00:30,2025-12-16 05:50,true,-42,none,ENG-AVD-C,,rain,monsoon,false
BLK-2025-01068,TRL-AJJ-UP,SNT-2025-00690,SNT,,2025-10-07 01:45,138,2025-10-07 02:00,165,2025-10-07 02:07,2025-10-07 05:16,true,24,crew_short,SNT-CJ-B,,rain,monsoon,false
BLK-2026-01069,TRL-AJJ-UP,ENG-2025-05054;ENG-2026-05351;TRD-2026-01179,ENG;TRD,MG-2026-0144,2026-08-17 01:15,397,2026-08-17 01:15,493,2026-08-17 01:33,2026-08-17 09:28,true,-18,none,TRD-AJJ-C,OHE-TC-02,clear,normal,true
BLK-2026-01070,MSB-MS-UP,SNT-2026-01171,SNT,,2026-06-12 03:00,37,2026-06-12 03:00,46,2026-06-12 03:17,2026-06-12 04:04,true,1,none,SNT-AVD-A,,clear,normal,false
BLK-2026-01071,TRL-AJJ-DN,ENG-2026-04208,ENG,,2026-03-11 01:15,183,2026-03-11 01:30,229,2026-03-11 01:20,2026-03-11 04:29,true,-40,none,ENG-AVD-A,,clear,normal,false
BLK-2026-01072,BBQ-PER-UP_SUB,TRD-2026-01121,TRD,,2026-07-30 03:30,78,2026-07-30 03:30,99,2026-07-30 03:34,2026-07-30 04:51,true,-22,none,TRD-GPD-B,OHE-TC-05,clear,normal,false
BLK-2025-01073,ENR-MJR-UP,SNT-2026-01403;ENG-2026-05077;ENG-2025-04072,ENG;SNT,MG-2025-0145,2025-10-02 02:30,379,2025-10-02 02:30,481,2025-10-02 02:22,2025-10-02 12:02,true,99,material_delay,ENG-PV-A,,heavy_rain,monsoon,true
BLK-2025-01074,STM-PV-UP,ENG-2025-05831,ENG,,2025-11-28 00:00,264,2025-11-28 00:00,323,2025-11-28 00:07,2025-11-28 04:43,true,-47,none,ENG-PER-C,,clear,monsoon,false
BLK-2026-01075,MAS-BBQ-UP_SUB,ENG-2026-04449,ENG,,2026-02-26 01:15,319,2026-02-26 01:30,381,2026-02-26 01:36,2026-02-26 06:29,true,-88,none,ENG-CGL-B,,clear,normal,false
BLK-2025-01076,MSB-MS-DN,SNT-2025-01141,SNT,,2025-11-26 00:00,119,2025-11-26 00:00,146,2025-11-26 00:08,2025-11-26 01:40,true,-54,none,SNT-TBM-A,,clear,monsoon,false
BLK-2025-01077,TRL-AJJ-UP_SUB,TRD-2025-01782,TRD,,2025-12-26 00:15,129,2025-12-26 00:15,154,,,false,,,TRD-GPD-A,OHE-TC-06,clear,monsoon,false
BLK-2026-01078,ABU-AVD-UP_SUB,SNT-2026-00627,SNT,,2026-05-29 00:45,58,2026-05-29 00:45,67,2026-05-29 00:56,2026-05-29 02:09,true,6,none,SNT-TRL-A,,clear,normal,false
BLK-2026-01079,MBM-GI-UP_SUB,ENG-2026-05795,ENG,,2026-02-25 01:45,327,2026-02-25 02:00,380,2026-02-25 01:53,2026-02-25 07:38,true,-35,none,ENG-AJJ-C,,clear,normal,false
BLK-2026-01080,CGL-WJ-SINGLE,ENG-2025-04501,ENG,,2026-01-10 00:45,197,2026-01-10 00:45,249,,,false,,,ENG-GPD-B,TAMP-SR-05,rain,normal,false
BLK-2025-01081,MSB-MS-UP_SUB,SNT-2025-01190,SNT,,2025-09-25 01:00,114,2025-09-25 01:15,145,2025-09-25 01:32,2025-09-25 03:46,true,-11,none,SNT-AVD-B,,clear,normal,false
BLK-2026-01082,MAS-BBQ-DN,ENG-2026-05649,ENG,,2026-04-20 01:30,393,2026-04-20 01:30,492,2026-04-20 01:30,2026-04-20 10:13,true,31,material_delay,ENG-MAS-C,,clear,normal,false
BLK-2026-01083,MAS-BBQ-UP_SUB,SNT-2026-01504,SNT,,2026-02-26 01:00,136,2026-02-26 01:00,158,,,false,,,SNT-MSB-B,,clear,normal,false
BLK-2026-01084,PER-ABU-UP_SUB,TRD-2026-01318,TRD,,2026-05-01 02:30,142,2026-05-01 02:30,180,2026-05-01 02:48,2026-05-01 05:13,true,-35,none,TRD-MAS-C,OHE-TC-03,clear,normal,false
BLK-2026-01085,MBM-GI-DN,ENG-2026-05367,ENG,,2026-05-13 03:00,220,2026-05-13 03:15,278,,,false,,,ENG-MAS-C,,clear,normal,false
BLK-2025-01086,TRL-AJJ-DN,ENG-2025-05842,ENG,,2025-09-20 00:00,514,2025-09-20 00:15,655,2025-09-20 00:20,2025-09-20 10:11,true,-64,none,ENG-PER-C,,clear,normal,false
BLK-2026-01087,PV-TBM-UP_SUB,TRD-2026-01051,TRD,,2026-07-15 00:00,138,2026-07-15 00:00,168,2026-07-15 00:14,2026-07-15 02:26,true,-36,none,TRD-AVD-A,OHE-TC-08,clear,normal,false
BLK-2026-01088,WJ-CJ-SINGLE,ENG-2026-04506,ENG,,2026-01-08 03:00,244,2026-01-08 02:45,283,,,false,,,ENG-MAS-B,,clear,normal,false
BLK-2026-01089,CGL-WJ-SINGLE,SNT-2026-01480,SNT,,2026-07-23 03:30,79,2026-07-23 03:15,99,2026-07-23 03:32,2026-07-23 05:10,true,-1,none,SNT-AVD-B,,rain,normal,false
BLK-2026-01090,TI-TRL-UP,ENG-2026-05373,ENG,,2026-06-19 00:00,92,2026-06-19 00:15,112,2026-06-19 00:30,2026-06-19 02:38,true,16,traffic_hold,ENG-TBM-B,BRM-SR-02,clear,normal,false
BLK-2026-01091,TRL-AJJ-UP_SUB,ENG-2026-05264,ENG,,2026-05-29 00:30,139,2026-05-29 00:30,166,,,false,,,ENG-MS-B,TAMP-SR-05,clear,normal,false
BLK-2026-01092,MS-MBM-DN,ENG-2026-04246,ENG,,2026-02-14 03:45,432,2026-02-14 03:45,540,2026-02-14 03:36,2026-02-14 13:04,true,28,weather,ENG-MBM-B,BCM-SR-01,clear,normal,false
BLK-2025-01093,TNP-ENR-DN,SNT-2025-00733,SNT,,2025-10-24 03:45,99,2025-10-24 03:45,116,,,false,,,SNT-AVD-A,,rain,monsoon,false
BLK-2026-01094,TRL-AJJ-UP_SUB,TRD-2026-01692;ENG-2026-05013;ENG-2026-04786,ENG;TRD,MG-2026-0146,2026-02-18 02:30,228,2026-02-18 02:45,284,2026-02-18 02:43,2026-02-18 07:07,true,-20,none,ENG-AVD-C,,clear,normal,true
BLK-2026-01095,WJ-CJ-SINGLE,ENG-2026-04745,ENG,,2026-08-21 01:15,148,2026-08-21 01:30,177,2026-08-21 01:47,2026-08-21 04:24,true,-20,none,ENG-MBM-B,TAMP-SR-05,rain,normal,false
BLK-2026-01096,TRL-AJJ-UP,ENG-2026-04758,ENG,,2026-07-20 03:15,277,2026-07-20 03:30,344,2026-07-20 03:24,2026-07-20 08:36,true,-32,none,ENG-GI-A,,clear,normal,false
BLK-2025-01097,PON-GPD-DN,ENG-2026-05943;ENG-2025-05790;ENG-2025-05578,ENG,MG-2025-0147,2025-10-13 03:30,225,2025-10-13 03:30,277,2025-10-13 03:25,2025-10-13 09:29,true,87,traffic_hold,ENG-TRL-B,,heavy_rain,monsoon,true
BLK-2025-01098,TRL-AJJ-DN,TRD-2026-01020;ENG-2025-05472;TRD-2025-01079,ENG;TRD,MG-2025-0148,2025-11-08 01:15,201,2025-11-08 01:15,240,2025-11-08 01:22,2025-11-08 05:50,true,28,unexpected_condition,ENG-TBM-B,RGM-SR-01,rain,monsoon,true
BLK-2025-01099,ABU-AVD-DN_SUB,TRD-2025-01410,TRD,,2025-12-16 00:15,116,2025-12-16 00:00,147,2025-12-16 00:03,2025-12-16 02:42,true,12,crew_short,TRD-TBM-A,OHE-TC-05,heavy_rain,monsoon,false
BLK-2026-01100,TNP-ENR-DN,ENG-2026-05042,ENG,,2026-05-15 11:15,105,2026-05-15 11:00,126,2026-05-15 11:02,2026-05-15 13:10,true,2,none,ENG-GI-C,,rain,normal,false
BLK-2025-01101,MS-MBM-UP_SUB,SNT-2025-01485,SNT,,2025-11-19 01:45,96,2025-11-19 02:00,117,2025-11-19 01:59,2025-11-19 03:59,true,3,none,SNT-MS-A,,heavy_rain,monsoon,false
BLK-2026-01102,PER-ABU-DN,TRD-2026-01201,TRD,,2026-06-01 02:00,105,2026-06-01 01:45,124,,,false,,,TRD-GI-A,OHE-TC-04,clear,normal,false
BLK-2026-01103,PV-TBM-UP_SUB,ENG-2026-05593,ENG,,2026-01-18 03:30,407,2026-01-18 03:45,509,2026-01-18 03:44,2026-01-18 12:29,true,16,unexpected_condition,ENG-PER-B,,rain,normal,false
BLK-2025-01104,CGL-WJ-SINGLE,TRD-2026-01460;ENG-2025-05613;TRD-2026-01567,ENG;TRD,MG-2025-0149,2025-11-24 11:45,432,2025-11-24 11:45,518,2025-11-24 12:01,2025-11-24 20:52,true,13,unexpected_condition,ENG-MSB-C,,clear,monsoon,true
BLK-2025-01105,MAS-BBQ-UP,TRD-2025-01857,TRD,,2025-10-27 01:00,176,2025-10-27 01:15,217,2025-10-27 01:19,2025-10-27 04:18,true,-38,none,TRD-TBM-B,OHE-TC-06,clear,monsoon,false
BLK-2026-01106,MSB-MS-DN,TRD-2026-01762;ENG-2026-05911;ENG-2026-05338,ENG;TRD,MG-2026-0150,2026-03-25 00:30,367,2026-03-25 00:30,428,2026-03-25 00:29,2026-03-25 08:32,true,55,material_delay,ENG-ABU-A,,clear,normal,true
BLK-2026-01107,MS-MBM-DN,TRD-2026-01105,TRD,,2026-06-16 03:15,236,2026-06-16 03:15,286,2026-06-16 03:05,2026-06-16 07:42,true,-9,none,TRD-AJJ-C,OHE-TC-02,clear,normal,false
BLK-2025-01108,TRL-AJJ-UP,ENG-2025-05757,ENG,,2025-12-30 03:30,507,2025-12-30 03:30,590,2025-12-30 03:28,2025-12-30 13:08,true,-10,none,ENG-CJ-B,,rain,monsoon,false
BLK-2026-01109,CGL-WJ-SINGLE,SNT-2026-00569;ENG-2026-05881;TRD-2026-01626,ENG;SNT;TRD,MG-2026-0151,2026-07-28 03:30,260,2026-07-28 03:15,299,2026-07-28 03:17,2026-07-28 07:20,true,-56,none,SNT-MSB-B,,clear,normal,true
BLK-2025-01110,MS-MBM-UP,ENG-2025-04763,ENG,,2025-11-29 01:45,120,2025-11-29 01:30,142,2025-11-29 01:31,2025-11-29 03:58,true,5,none,ENG-GI-C,USFD-SR-04,rain,monsoon,false
BLK-2026-01111,MSB-MS-UP,TRD-2026-01124,TRD,,2026-07-14 02:30,248,2026-07-14 02:45,298,2026-07-14 02:59,2026-07-14 07:46,true,-11,none,TRD-MSB-B,OHE-TC-08,clear,normal,false
BLK-2025-01112,BBQ-PER-UP_SUB,ENG-2025-04152,ENG,,2025-10-08 03:45,388,2025-10-08 04:00,481,2025-10-08 03:56,2025-10-08 10:24,true,-93,none,ENG-TRL-C,,clear,monsoon,false
BLK-2026-01113,CJ-TMLP-SINGLE,ENG-2026-05977,ENG,,2026-04-01 03:45,416,2026-04-01 03:45,531,2026-04-01 03:52,2026-04-01 13:38,true,55,machine_late,ENG-ABU-C,,clear,normal,false
BLK-2026-01114,MJR-PON-UP,ENG-2026-05122,ENG,,2026-02-07 01:45,321,2026-02-07 01:45,377,,,false,,,ENG-TI-C,,clear,normal,false
BLK-2025-01115,TI-TRL-UP_SUB,SNT-2025-00508,SNT,,2025-10-20 03:15,172,2025-10-20 03:00,200,2025-10-20 03:13,2025-10-20 05:17,true,-76,none,SNT-AJJ-B,,rain,monsoon,false
BLK-2026-01116,TI-TRL-DN,SNT-2026-01009;SNT-2026-00600;SNT-2026-00588,SNT,MG-2026-0152,2026-05-21 00:00,122,2026-05-21 00:00,156,2026-05-20 23:52,2026-05-21 02:18,true,-10,none,SNT-PER-A,,clear,normal,true
BLK-2026-01117,MS-MBM-UP_SUB,ENG-2026-04964,ENG,,2026-05-16 02:30,225,2026-05-16 02:30,265,2026-05-16 02:35,2026-05-16 05:52,true,-68,none,ENG-CJ-B,,clear,normal,false
BLK-2026-01118,MAS-BBQ-DN,SNT-2026-00921,SNT,,2026-08-03 02:15,231,2026-08-03 02:00,266,2026-08-03 02:09,2026-08-03 05:39,true,-56,none,SNT-TRL-B,,clear,normal,false
BLK-2026-01119,MAS-BBQ-UP_SUB,SNT-2026-01119,SNT,,2026-06-25 03:45,159,2026-06-25 03:30,188,2026-06-25 03:31,2026-06-25 06:18,true,-21,none,SNT-GI-B,,clear,normal,false
BLK-2026-01120,MAS-BBQ-DN,SNT-2026-00886,SNT,,2026-06-27 01:00,85,2026-06-27 01:00,105,,,false,,,SNT-TRL-A,,clear,normal,false
BLK-2026-01121,ABU-AVD-UP_SUB,SNT-2026-01140,SNT,,2026-01-30 02:30,237,2026-01-30 02:45,293,2026-01-30 03:02,2026-01-30 08:05,true,10,none,SNT-TRL-B,,clear,normal,false
BLK-2025-01122,MAS-BBQ-UP_SUB,SNT-2025-00618,SNT,,2025-11-29 00:30,208,2025-11-29 00:30,241,,,false,,,SNT-TNP-B,,heavy_rain,monsoon,false
BLK-2026-01123,BBQ-PER-UP_SUB,SNT-2026-00787,SNT,,2026-01-25 03:30,219,2026-01-25 03:30,255,2026-01-25 03:21,2026-01-25 07:07,true,-29,none,SNT-MSB-B,,clear,normal,false
BLK-2026-01124,MSB-MS-DN_SUB,TRD-2026-01590,TRD,,2026-01-27 01:00,263,2026-01-27 01:15,319,,,false,,,TRD-ENR-C,OHE-TC-05,clear,normal,false
BLK-2026-01125,BBQ-PER-DN,SNT-2026-00997,SNT,,2026-02-10 01:45,42,2026-02-10 02:00,49,2026-02-10 02:11,2026-02-10 02:50,true,-10,none,SNT-PER-A,,clear,normal,false
BLK-2026-01126,MAS-BBQ-UP_SUB,ENG-2026-05737,ENG,,2026-03-22 00:15,157,2026-03-22 00:15,185,,,false,,,ENG-MSB-B,TAMP-SR-03,clear,normal,false
BLK-2026-01127,MBM-GI-DN_SUB,ENG-2026-05670,ENG,,2026-08-25 01:45,320,2026-08-25 02:00,392,2026-08-25 02:04,2026-08-25 06:33,true,-123,none,ENG-TBM-B,TAMP-SR-05,clear,normal,false
BLK-2026-01128,WJ-CJ-SINGLE,ENG-2026-04658,ENG,,2026-07-30 02:30,275,2026-07-30 02:30,321,,,false,,,ENG-CGL-A,,clear,normal,false
BLK-2026-01129,MSB-MS-UP_SUB,ENG-2026-04713,ENG,,2026-07-02 02:30,135,2026-07-02 02:15,160,2026-07-02 02:22,2026-07-02 04:01,true,-61,none,ENG-STM-B,TAMP-SR-03,rain,normal,false
BLK-2026-01130,PV-TBM-DN_SUB,ENG-2025-05939;SNT-2026-01438;ENG-2026-04297,ENG;SNT,MG-2026-0153,2026-07-16 03:15,264,2026-07-16 03:15,316,2026-07-16 03:15,2026-07-16 08:34,true,3,none,ENG-TI-C,,clear,normal,true
BLK-2026-01131,MSB-MS-UP_SUB,SNT-2026-00875,SNT,,2026-06-05 03:15,243,2026-06-05 03:00,283,2026-06-05 03:19,2026-06-05 07:27,true,-35,none,SNT-AJJ-B,,clear,normal,false
BLK-2026-01132,TRL-AJJ-DN_SUB,SNT-2026-00879;TRD-2025-01131;SNT-2026-00721,SNT;TRD,MG-2026-0154,2026-06-11 03:00,175,2026-06-11 03:15,202,2026-06-11 03:09,2026-06-11 06:45,true,14,material_delay,SNT-CGL-B,,clear,normal,true
BLK-2025-01133,ABU-AVD-UP,TRD-2025-01125,TRD,,2025-10-12 02:45,229,2025-10-12 02:45,288,2025-10-12 02:59,2025-10-12 09:23,true,96,weather,TRD-ENR-C,OHE-TC-05,heavy_rain,monsoon,false
BLK-2026-01134,TNP-ENR-UP,TRD-2026-01705,TRD,,2026-05-10 03:00,177,2026-05-10 02:45,210,2026-05-10 02:38,2026-05-10 05:59,true,-9,none,TRD-GI-B,OHE-TC-06,clear,normal,false
BLK-2026-01135,PER-ABU-UP_SUB,SNT-2026-00705,SNT,,2026-01-05 01:00,36,2026-01-05 01:00,45,2026-01-05 01:00,2026-01-05 01:34,true,-11,none,SNT-MSB-A,,clear,normal,false
BLK-2026-01136,TRL-AJJ-UP,ENG-2026-04173,ENG,,2026-05-26 00:00,311,2026-05-26 00:00,387,,,false,,,ENG-MAS-C,,clear,normal,false
BLK-2026-01137,MJR-PON-DN,ENG-2026-05218,ENG,,2026-06-14 03:00,208,2026-06-14 03:00,260,,,false,,,ENG-GI-B,TAMP-SR-05,rain,normal,false
BLK-2026-01138,CGL-WJ-SINGLE,TRD-2026-01368,TRD,,2026-08-12 01:15,373,2026-08-12 01:30,458,2026-08-12 01:30,2026-08-12 08:25,true,-43,none,TRD-AVD-C,OHE-TC-04,clear,normal,false
BLK-2025-01139,TNP-ENR-DN,ENG-2025-04747,ENG,,2025-10-27 00:45,279,2025-10-27 00:45,334,,,false,,,ENG-AVD-C,,heavy_rain,monsoon,false
BLK-2026-01140,MAS-BBQ-UP,ENG-2025-04313,ENG,,2026-01-16 02:30,259,2026-01-16 02:30,308,2026-01-16 02:33,2026-01-16 07:39,true,-2,none,ENG-PER-C,,clear,normal,false
BLK-2025-01141,PER-ABU-DN_SUB,ENG-2025-05188,ENG,,2025-11-21 00:30,193,2025-11-21 00:30,229,,,false,,,ENG-GI-B,TAMP-SR-03,clear,monsoon,false
BLK-2025-01142,MSB-MS-DN,SNT-2025-00623,SNT,,2025-12-10 00:45,34,2025-12-10 00:45,43,2025-12-10 00:53,2025-12-10 01:25,true,-11,none,SNT-CJ-A,,clear,monsoon,false
BLK-2025-01143,AVD-TI-UP,ENG-2025-05411,ENG,,2025-12-31 10:45,128,2025-12-31 10:45,153,2025-12-31 10:57,2025-12-31 13:20,true,-10,none,ENG-PER-A,,rain,monsoon,false
BLK-2026-01144,PV-TBM-DN,ENG-2026-05894,ENG,,2026-07-11 03:00,141,2026-07-11 03:00,168,2026-07-11 02:59,2026-07-11 04:49,true,-58,none,ENG-GPD-C,USFD-SR-04,clear,normal,false
BLK-2026-01145,TI-TRL-UP_SUB,SNT-2026-00602,SNT,,2026-03-21 03:30,86,2026-03-21 03:30,101,2026-03-21 03:41,2026-03-21 05:14,true,-8,none,SNT-MAS-B,,rain,normal,false
BLK-2026-01146,TI-TRL-DN_SUB,ENG-2026-04630,ENG,,2026-05-21 03:30,270,2026-05-21 03:45,334,,,false,,,ENG-TBM-A,,clear,normal,false
BLK-2026-01147,MAS-BBQ-UP_SUB,ENG-2026-04169,ENG,,2026-04-17 02:45,253,2026-04-17 02:30,311,,,false,,,ENG-MSB-B,TAMP-SR-05,rain,normal,false
BLK-2025-01148,TRL-AJJ-UP_SUB,TRD-2025-01428,TRD,,2025-12-10 00:45,184,2025-12-10 01:00,215,2025-12-10 00:52,2025-12-10 03:37,true,-50,none,TRD-AJJ-C,OHE-TC-04,clear,monsoon,false
BLK-2026-01149,PER-ABU-UP,TRD-2026-01834,TRD,,2026-08-09 03:15,89,2026-08-09 03:15,105,,,false,,,TRD-GPD-A,OHE-TC-07,clear,normal,false
BLK-2026-01150,MJR-PON-UP,TRD-2026-01367,TRD,,2026-04-05 03:30,204,2026-04-05 03:45,249,,,false,,,TRD-AJJ-C,OHE-TC-05,rain,normal,false
BLK-2025-01151,TNP-ENR-DN,ENG-2025-05487,ENG,,2025-11-20 01:30,216,2025-11-20 01:15,257,2025-11-20 01:11,2025-11-20 05:27,true,-1,none,ENG-MS-B,TAMP-SR-03,clear,monsoon,false
BLK-2026-01152,TI-TRL-UP,ENG-2026-05007,ENG,,2026-03-30 03:30,272,2026-03-30 03:15,322,,,false,,,ENG-MBM-A,,clear,normal,false
BLK-2026-01153,MAS-BBQ-UP_SUB,ENG-2026-04015,ENG,,2026-04-20 02:00,138,2026-04-20 02:15,173,2026-04-20 02:27,2026-04-20 04:40,true,-40,none,ENG-TNP-B,TAMP-SR-03,clear,normal,false
BLK-2026-01154,TI-TRL-UP,SNT-2026-00748,SNT,,2026-06-07 01:15,59,2026-06-07 01:00,74,,,false,,,SNT-AVD-A,,clear,normal,false
BLK-2026-01155,TRL-AJJ-UP_SUB,SNT-2026-00982,SNT,,2026-06-08 03:00,179,2026-06-08 03:15,210,2026-06-08 03:34,2026-06-08 06:28,true,-36,none,SNT-AJJ-B,,clear,normal,false
BLK-2026-01156,PV-TBM-UP,ENG-2026-05349,ENG,,2026-04-09 13:15,186,2026-04-09 13:00,218,,,false,,,ENG-MBM-A,,clear,normal,false
BLK-2026-01157,PON-GPD-UP,ENG-2026-05330,ENG,,2026-06-05 00:15,196,2026-06-05 00:30,229,2026-06-05 00:48,2026-06-05 04:15,true,-22,none,ENG-TI-A,,clear,normal,false
BLK-2026-01158,MAS-BBQ-UP_SUB,ENG-2026-05295,ENG,,2026-07-24 02:15,233,2026-07-24 02:15,287,2026-07-24 02:24,2026-07-24 07:49,true,38,machine_late,ENG-GPD-B,TAMP-SR-05,clear,normal,false
BLK-2026-01159,TRL-AJJ-UP,ENG-2026-05159,ENG,,2026-08-16 02:45,264,2026-08-16 03:00,306,2026-08-16 03:19,2026-08-16 07:58,true,-27,none,ENG-MAS-C,,clear,normal,false
BLK-2026-01160,PV-TBM-UP_SUB,SNT-2026-00927;ENG-2026-05018;ENG-2026-05862,ENG;SNT,MG-2026-0155,2026-07-23 03:30,553,2026-07-23 03:30,661,2026-07-23 03:41,2026-07-23 16:25,true,103,traffic_hold,ENG-TRL-C,,rain,normal,true
BLK-2026-01161,BBQ-TNP-UP,ENG-2026-04238,ENG,,2026-04-13 03:30,121,2026-04-13 03:45,148,2026-04-13 04:04,2026-04-13 06:00,true,-32,none,ENG-MAS-B,,clear,normal,false
BLK-2026-01162,PER-ABU-DN_SUB,ENG-2026-05699,ENG,,2026-08-28 01:15,215,2026-08-28 01:15,274,,,false,,,ENG-STM-B,RGM-SR-01,clear,normal,false
BLK-2026-01163,PER-ABU-DN,TRD-2026-01187,TRD,,2026-06-24 02:00,432,2026-06-24 02:15,529,2026-06-24 02:25,2026-06-24 12:11,true,57,weather,TRD-AJJ-C,OHE-TC-05,rain,normal,false
BLK-2026-01164,TRL-AJJ-UP,ENG-2026-05245,ENG,,2026-07-25 00:00,118,2026-07-25 00:15,145,2026-07-25 00:25,2026-07-25 02:20,true,-30,none,ENG-ENR-A,,clear,normal,false
BLK-2025-01165,PER-ABU-UP,TRD-2025-01393,TRD,,2025-12-03 00:45,134,2025-12-03 01:00,159,2025-12-03 00:59,2025-12-03 03:26,true,-12,none,TRD-MAS-A,OHE-TC-05,rain,monsoon,false
BLK-2026-01166,MBM-GI-UP_SUB,ENG-2026-04819,ENG,,2026-04-17 03:45,298,2026-04-17 03:30,358,2026-04-17 03:35,2026-04-17 08:50,true,-43,none,ENG-PER-A,,clear,normal,false
BLK-2026-01167,ABU-AVD-UP,ENG-2026-05812,ENG,,2026-02-01 13:00,153,2026-02-01 13:00,179,2026-02-01 13:02,2026-02-01 15:54,true,-7,none,ENG-PER-B,,rain,normal,false
BLK-2026-01168,TRL-AJJ-UP,ENG-2026-05953,ENG,,2026-08-11 01:30,234,2026-08-11 01:15,269,2026-08-11 01:18,2026-08-11 06:39,true,52,crew_short,ENG-MSB-B,RGM-SR-01,clear,normal,false
BLK-2026-01169,TRL-AJJ-DN_SUB,TRD-2026-01706;TRD-2025-01821;ENG-2026-04930,ENG;TRD,MG-2026-0156,2026-03-15 03:00,420,2026-03-15 03:00,516,2026-03-15 02:57,2026-03-15 11:33,true,0,none,ENG-AJJ-C,,clear,normal,true
BLK-2025-01170,PER-ABU-UP,SNT-2025-01429,SNT,,2025-10-25 01:30,70,2025-10-25 01:15,88,2025-10-25 01:29,2025-10-25 02:34,true,-23,none,SNT-AVD-B,,clear,monsoon,false
BLK-2025-01171,PON-GPD-DN,TRD-2026-01749;TRD-2025-01175;ENG-2025-05669,ENG;TRD,MG-2025-0157,2025-11-01 00:00,344,2025-11-01 00:00,427,2025-10-31 23:59,2025-11-01 08:07,true,61,material_delay,ENG-TI-C,,clear,monsoon,true
BLK-2026-01172,MAS-BBQ-UP_SUB,ENG-2026-04773,ENG,,2026-04-14 01:45,346,2026-04-14 01:45,437,2026-04-14 01:39,2026-04-14 06:49,true,-127,none,ENG-AJJ-C,,clear,normal,false
BLK-2026-01173,ABU-AVD-DN,ENG-2026-05258,ENG,,2026-06-18 01:30,422,2026-06-18 01:45,534,,,false,,,ENG-TRL-C,,rain,normal,false
BLK-2026-01174,PER-ABU-UP_SUB,TRD-2026-01800,TRD,,2026-08-09 01:45,90,2026-08-09 02:00,109,2026-08-09 02:12,2026-08-09 04:04,true,3,none,TRD-GPD-B,OHE-TC-04,clear,normal,false
BLK-2026-01175,BBQ-TNP-UP,TRD-2026-01432,TRD,,2026-08-24 01:15,125,2026-08-24 01:15,149,,,false,,,TRD-GPD-A,OHE-TC-04,clear,normal,false
BLK-2026-01176,PER-ABU-UP,TRD-2026-01759,TRD,,2026-06-14 03:00,363,2026-06-14 03:00,421,2026-06-14 03:14,2026-06-14 09:49,true,-26,none,TRD-MSB-B,OHE-TC-02,clear,normal,false
BLK-2026-01177,CJ-TMLP-SINGLE,SNT-2026-01092,SNT,,2026-03-11 12:30,294,2026-03-11 12:30,363,2026-03-11 12:49,2026-03-11 18:41,true,-11,none,SNT-AJJ-B,,clear,normal,false
BLK-2025-01178,BBQ-PER-UP_SUB,ENG-2025-05937,ENG,,2025-12-27 02:15,280,2025-12-27 02:30,349,2025-12-27 02:40,2025-12-27 08:43,true,14,crew_short,ENG-ABU-C,,rain,monsoon,false
BLK-2026-01179,MAS-BBQ-UP_SUB,ENG-2026-06032,ENG,,2026-05-19 03:00,263,2026-05-19 03:15,315,2026-05-19 03:25,2026-05-19 08:52,true,12,crew_short,ENG-PER-C,,clear,normal,false
BLK-2026-01180,MSB-MS-DN,ENG-2026-04413,ENG,,2026-03-23 03:15,227,2026-03-23 03:30,268,2026-03-23 03:47,2026-03-23 08:35,true,20,traffic_hold,ENG-PER-C,,clear,normal,false
BLK-2026-01181,BBQ-PER-UP_SUB,ENG-2026-05957,ENG,,2026-01-22 02:00,358,2026-01-22 02:15,418,2026-01-22 02:22,2026-01-22 09:09,true,-11,none,ENG-AVD-C,,clear,normal,false
BLK-2025-01182,MJR-PON-UP,ENG-2025-05261,ENG,,2025-10-02 00:30,343,2025-10-02 00:30,435,2025-10-02 00:27,2025-10-02 06:33,true,-69,none,ENG-ABU-A,,clear,monsoon,false
BLK-2026-01183,TI-TRL-UP,ENG-2026-04221;ENG-2026-04718;SNT-2025-00917,ENG;SNT,MG-2026-0158,2026-07-01 01:30,345,2026-07-01 01:30,413,2026-07-01 01:41,2026-07-01 07:31,true,-63,none,ENG-MAS-C,,clear,normal,true
BLK-2026-01184,MAS-BBQ-UP,ENG-2026-05433,ENG,,2026-02-05 02:00,424,2026-02-05 02:00,527,2026-02-05 01:59,2026-02-05 10:21,true,-25,none,ENG-TI-A,,clear,normal,false
BLK-2026-01185,TNP-ENR-UP,TRD-2026-01424,TRD,,2026-07-07 00:30,126,2026-07-07 00:30,159,2026-07-07 00:23,2026-07-07 02:24,true,-38,none,TRD-AVD-A,OHE-TC-06,clear,normal,false
BLK-2026-01186,PON-GPD-UP,ENG-2026-05315,ENG,,2026-06-14 02:45,294,2026-06-14 02:30,355,2026-06-14 02:22,2026-06-14 07:33,true,-44,none,ENG-ABU-C,,clear,normal,false
BLK-2026-01187,TI-TRL-UP,TRD-2026-01181,TRD,,2026-08-15 01:15,89,2026-08-15 01:15,113,,,false,,,TRD-MSB-A,OHE-TC-06,heavy_rain,normal,false
BLK-2025-01188,BBQ-TNP-UP,ENG-2025-04067,ENG,,2025-09-15 01:15,223,2025-09-15 01:00,277,2025-09-15 01:11,2025-09-15 05:17,true,-31,none,ENG-MJR-B,TAMP-SR-03,clear,normal,false
BLK-2026-01189,MJR-PON-UP,SNT-2026-00583,SNT,,2026-07-03 00:15,115,2026-07-03 00:15,139,2026-07-03 00:28,2026-07-03 02:22,true,-25,none,SNT-PER-B,,clear,normal,false
BLK-2026-01190,TRL-AJJ-UP,ENG-2026-05141;ENG-2026-05848;ENG-2026-05600,ENG,MG-2026-0159,2026-08-21 00:45,390,2026-08-21 00:45,477,2026-08-21 01:02,2026-08-21 09:49,true,50,machine_late,ENG-CJ-A,,clear,normal,true
BLK-2026-01191,CGL-WJ-SINGLE,TRD-2026-01701,TRD,,2026-07-24 01:00,90,2026-07-24 01:15,105,,,false,,,TRD-MAS-B,OHE-TC-03,clear,normal,false
BLK-2025-01192,PER-ABU-UP_SUB,TRD-2025-01109,TRD,,2025-12-26 01:45,322,2025-12-26 01:30,396,2025-12-26 01:43,2025-12-26 08:58,true,39,crew_short,TRD-TBM-B,OHE-TC-04,heavy_rain,monsoon,false
BLK-2026-01193,AVD-TI-DN,SNT-2026-00534,SNT,,2026-02-14 03:00,82,2026-02-14 03:00,105,2026-02-14 03:06,2026-02-14 04:34,true,-17,none,SNT-MSB-A,,clear,normal,false
BLK-2026-01194,MS-MBM-UP,TRD-2026-01236,TRD,,2026-07-19 03:00,215,2026-07-19 03:00,271,2026-07-19 02:53,2026-07-19 06:22,true,-62,none,TRD-AJJ-C,OHE-TC-03,clear,normal,false
BLK-2025-01195,MSB-MS-DN_SUB,TRD-2025-01210,TRD,,2025-10-23 03:30,90,2025-10-23 03:30,115,2025-10-23 03:34,2025-10-23 05:30,true,1,none,TRD-MAS-B,OHE-TC-05,rain,monsoon,false
BLK-2026-01196,MAS-BBQ-UP,TRD-2026-01539,TRD,,2026-07-28 00:15,108,2026-07-28 00:30,127,2026-07-28 00:35,2026-07-28 02:30,true,-12,none,TRD-MSB-A,OHE-TC-01,clear,normal,false
BLK-2026-01197,TNP-ENR-DN,SNT-2026-01292,SNT,,2026-06-05 01:30,41,2026-06-05 01:45,51,2026-06-05 01:47,2026-06-05 02:38,true,0,none,SNT-AVD-B,,clear,normal,false
BLK-2026-01198,TNP-ENR-UP,TRD-2026-01226,TRD,,2026-06-06 02:15,178,2026-06-06 02:15,206,2026-06-06 02:14,2026-06-06 05:13,true,-27,none,TRD-CGL-B,OHE-TC-01,clear,normal,false
BLK-2026-01199,STM-PV-DN_SUB,SNT-2026-01396;SNT-2025-00883;ENG-2026-05180,ENG;SNT,MG-2026-0160,2026-08-24 03:45,275,2026-08-24 03:30,342,2026-08-24 03:44,2026-08-24 09:23,true,-3,none,ENG-CJ-B,,clear,normal,true
BLK-2025-01200,MS-MBM-UP,TRD-2025-01155,TRD,,2025-12-08 01:00,104,2025-12-08 00:45,124,,,false,,,TRD-MAS-B,OHE-TC-08,heavy_rain,monsoon,false
BLK-2026-01201,MSB-MS-DN,TRD-2025-01059,TRD,,2026-01-21 00:00,68,2026-01-21 00:15,86,2026-01-21 00:09,2026-01-21 01:13,true,-22,none,TRD-MAS-B,OHE-TC-08,heavy_rain,normal,false
BLK-2026-01202,PON-GPD-UP,ENG-2025-04154,ENG,,2026-01-15 03:45,333,2026-01-15 03:30,426,2026-01-15 03:49,2026-01-15 09:43,true,-72,none,ENG-GI-A,,clear,normal,false
BLK-2026-01203,PON-GPD-UP,ENG-2026-05208,ENG,,2026-08-06 02:15,400,2026-08-06 02:00,474,,,false,,,ENG-AJJ-C,,clear,normal,false
BLK-2026-01204,MAS-BBQ-UP_SUB,ENG-2026-05078,ENG,,2026-07-20 02:45,402,2026-07-20 02:30,499,2026-07-20 02:46,2026-07-20 10:42,true,-23,none,ENG-PER-C,,clear,normal,false
BLK-2025-01205,MBM-GI-UP_SUB,ENG-2025-04447,ENG,,2025-10-29 01:45,372,2025-10-29 01:45,461,2025-10-29 02:01,2025-10-29 09:06,true,-36,none,ENG-MSB-A,,clear,monsoon,false
BLK-2026-01206,CJ-TMLP-SINGLE,SNT-2026-00671;SNT-2026-00522;SNT-2026-00530,SNT,MG-2026-0161,2026-03-23 01:30,126,2026-03-23 01:30,149,2026-03-23 01:20,2026-03-23 03:37,true,-12,none,SNT-GPD-A,,clear,normal,true
BLK-2026-01207,MS-MBM-DN_SUB,TRD-2026-01008,TRD,,2026-08-21 03:45,340,2026-08-21 03:45,408,2026-08-21 03:56,2026-08-21 09:37,true,-67,none,TRD-GI-B,OHE-TC-06,clear,normal,false
BLK-2026-01208,MJR-PON-DN,ENG-2026-04607,ENG,,2026-08-16 00:15,151,2026-08-16 00:00,189,2026-08-16 00:01,2026-08-16 02:41,true,-29,none,ENG-TRL-A,,clear,normal,false
BLK-2026-01209,PER-ABU-UP,ENG-2025-05081,ENG,,2026-01-11 00:45,400,2026-01-11 00:45,496,2026-01-11 00:55,2026-01-11 07:07,true,-124,none,ENG-CGL-B,,clear,normal,false
BLK-2026-01210,MS-MBM-DN_SUB,ENG-2026-04538,ENG,,2026-02-28 02:45,323,2026-02-28 03:00,406,2026-02-28 03:13,2026-02-28 09:49,true,-10,none,ENG-MJR-A,,clear,normal,false
BLK-2026-01211,STM-PV-UP_SUB,ENG-2025-04114,ENG,,2026-01-02 02:15,325,2026-01-02 02:15,405,,,false,,,ENG-MAS-C,,clear,normal,false
BLK-2025-01212,ABU-AVD-UP_SUB,ENG-2025-05968,ENG,,2025-09-29 02:30,159,2025-09-29 02:45,202,2025-09-29 02:37,2025-09-29 05:37,true,-22,none,ENG-AJJ-B,TAMP-SR-03,clear,normal,false
BLK-2026-01213,AVD-TI-UP,ENG-2026-04520,ENG,,2026-05-21 03:00,268,2026-05-21 03:15,327,2026-05-21 03:26,2026-05-21 08:32,true,-21,none,ENG-ABU-C,,clear,normal,false
BLK-2026-01214,TRL-AJJ-DN,SNT-2026-01543,SNT,,2026-08-12 03:00,120,2026-08-12 03:00,140,2026-08-12 03:00,2026-08-12 05:24,true,4,none,SNT-CGL-A,,clear,normal,false
BLK-2025-01215,TRL-AJJ-UP,ENG-2025-05777,ENG,,2025-11-01 02:00,188,2025-11-01 02:00,219,,,false,,,ENG-TI-B,,rain,monsoon,false
BLK-2026-01216,MJR-PON-UP,TRD-2026-01144,TRD,,2026-07-29 03:00,116,2026-07-29 03:15,148,2026-07-29 03:26,2026-07-29 05:29,true,-25,none,TRD-AVD-B,OHE-TC-05,clear,normal,false
BLK-2026-01217,AVD-TI-DN_SUB,SNT-2026-01335,SNT,,2026-05-28 02:30,78,2026-05-28 02:30,95,2026-05-28 02:37,2026-05-28 04:02,true,-10,none,SNT-CJ-A,,clear,normal,false
BLK-2026-01218,MSB-MS-UP_SUB,TRD-2026-01828,TRD,,2026-05-11 01:30,291,2026-05-11 01:45,371,2026-05-11 01:48,2026-05-11 07:41,true,-18,none,TRD-MAS-C,OHE-TC-07,rain,normal,false
BLK-2026-01219,MBM-GI-UP_SUB,TRD-2026-01440,TRD,,2026-07-12 03:30,213,2026-07-12 03:15,266,,,false,,,TRD-GI-B,OHE-TC-04,clear,normal,false
BLK-2026-01220,MS-MBM-DN_SUB,ENG-2026-04577,ENG,,2026-08-02 01:15,258,2026-08-02 01:30,305,2026-08-02 01:41,2026-08-02 06:29,true,-17,none,ENG-TRL-A,,clear,normal,false
BLK-2025-01221,PER-ABU-DN_SUB,SNT-2025-01559,SNT,,2025-12-18 01:45,81,2025-12-18 01:30,95,,,false,,,SNT-ENR-A,,rain,monsoon,false
BLK-2026-01222,MAS-BBQ-UP_SUB,ENG-2026-04127,ENG,,2026-02-19 01:00,393,2026-02-19 01:00,502,2026-02-19 01:14,2026-02-19 08:26,true,-70,none,ENG-AVD-C,,clear,normal,false
BLK-2025-01223,TRL-AJJ-DN,ENG-2025-04402,ENG,,2025-11-05 03:30,369,2025-11-05 03:45,462,,,false,,,ENG-CGL-B,,clear,monsoon,false
BLK-2026-01224,TI-TRL-DN_SUB,ENG-2026-05605,ENG,,2026-02-07 02:00,347,2026-02-07 01:45,434,2026-02-07 01:51,2026-02-07 06:04,true,-181,none,ENG-TRL-A,,clear,normal,false
BLK-2026-01225,MSB-MS-UP_SUB,SNT-2025-00614,SNT,,2026-01-16 00:00,91,2026-01-16 00:00,106,,,false,,,SNT-MSB-A,,clear,normal,false
BLK-2025-01226,TRL-AJJ-UP_SUB,ENG-2025-04903,ENG,,2025-12-19 03:45,422,2025-12-19 03:45,494,2025-12-19 03:58,2025-12-19 11:25,true,-47,none,ENG-TI-C,,clear,monsoon,false
BLK-2025-01227,TRL-AJJ-DN,ENG-2026-05845;TRD-2025-01775;ENG-2025-04340,ENG;TRD,MG-2025-0162,2025-10-14 02:30,138,2025-10-14 02:15,167,2025-10-14 02:20,2025-10-14 05:44,true,37,traffic_hold,TRD-MAS-B,OHE-TC-07,clear,monsoon,true
BLK-2025-01228,MSB-MS-UP_SUB,SNT-2025-01246,SNT,,2025-10-02 00:30,89,2025-10-02 00:30,108,2025-10-02 00:35,2025-10-02 02:11,true,-12,none,SNT-CGL-A,,heavy_rain,monsoon,false
BLK-2025-01229,TRL-AJJ-UP,SNT-2025-01247,SNT,,2025-11-27 02:15,53,2025-11-27 02:30,66,2025-11-27 02:33,2025-11-27 03:35,true,-4,none,SNT-GPD-A,,rain,monsoon,false
BLK-2026-01230,PER-ABU-UP,ENG-2025-04560;ENG-2026-04831;ENG-2025-04716,ENG,MG-2026-0163,2026-05-15 02:15,369,2026-05-15 02:00,447,2026-05-15 01:55,2026-05-15 09:43,true,21,unexpected_condition,ENG-TRL-A,,clear,normal,true
BLK-2025-01231,GI-STM-DN_SUB,ENG-2025-05303,ENG,,2025-10-27 00:30,251,2025-10-27 00:30,298,2025-10-27 00:40,2025-10-27 04:28,true,-70,none,ENG-TRL-C,,rain,monsoon,false
BLK-2025-01232,TRL-AJJ-DN_SUB,SNT-2025-01027,SNT,,2025-11-10 01:30,214,2025-11-10 01:15,246,2025-11-10 01:07,2025-11-10 05:38,true,25,crew_short,SNT-GI-B,,clear,monsoon,false
BLK-2025-01233,MBM-GI-DN_SUB,ENG-2025-04919,ENG,,2025-12-04 03:30,117,2025-12-04 03:30,140,2025-12-04 03:50,2025-12-04 05:40,true,-30,none,ENG-MS-B,BRM-SR-02,rain,monsoon,false
BLK-2026-01234,TNP-ENR-DN,ENG-2026-05961,ENG,,2026-06-18 11:00,242,2026-06-18 10:45,289,2026-06-18 10:47,2026-06-18 15:13,true,-23,none,ENG-GPD-C,,rain,normal,false
BLK-2026-01235,GI-STM-UP_SUB,ENG-2026-05949,ENG,,2026-07-06 01:45,459,2026-07-06 01:45,579,2026-07-06 01:39,2026-07-06 12:34,true,76,crew_short,ENG-CJ-B,,rain,normal,false
BLK-2025-01236,ABU-AVD-DN,SNT-2026-00895;ENG-2026-05634;ENG-2025-04759,ENG;SNT,MG-2025-0164,2025-11-13 02:45,345,2025-11-13 03:00,432,2025-11-13 02:51,2025-11-13 10:01,true,-2,none,ENG-TRL-B,,clear,monsoon,true
BLK-2026-01237,TRL-AJJ-UP,ENG-2026-05674,ENG,,2026-01-23 01:45,213,2026-01-23 02:00,271,,,false,,,ENG-CJ-B,,clear,normal,false
BLK-2025-01238,ABU-AVD-UP_SUB,ENG-2025-04401,ENG,,2025-09-16 00:30,348,2025-09-16 00:45,435,2025-09-16 00:43,2025-09-16 06:40,true,-78,none,ENG-AJJ-A,,clear,normal,false
BLK-2026-01239,PON-GPD-UP,SNT-2026-01451,SNT,,2026-02-23 02:30,78,2026-02-23 02:45,93,2026-02-23 02:39,2026-02-23 03:52,true,-20,none,SNT-AJJ-A,,rain,normal,false
BLK-2026-01240,TNP-ENR-DN,ENG-2026-04102;ENG-2026-04422;ENG-2026-05340,ENG,MG-2026-0165,2026-03-05 01:45,434,2026-03-05 01:45,500,2026-03-05 01:51,2026-03-05 07:58,true,-133,none,ENG-AVD-B,,clear,normal,true
BLK-2026-01241,MJR-PON-DN,ENG-2026-04081,ENG,,2026-06-22 00:00,261,2026-06-22 00:15,316,2026-06-22 00:21,2026-06-22 03:59,true,-98,none,ENG-TRL-A,,clear,normal,false
BLK-2026-01242,MAS-BBQ-UP_SUB,ENG-2026-05067,ENG,,2026-08-18 01:30,303,2026-08-18 01:15,349,2026-08-18 01:24,2026-08-18 07:50,true,37,material_delay,ENG-PER-A,,clear,normal,false
BLK-2026-01243,PER-ABU-DN,ENG-2026-04444,ENG,,2026-08-28 02:30,227,2026-08-28 02:45,286,,,false,,,ENG-MBM-B,RGM-SR-01,clear,normal,false
BLK-2026-01244,ABU-AVD-UP_SUB,SNT-2026-01308,SNT,,2026-07-18 02:30,211,2026-07-18 02:15,250,2026-07-18 02:31,2026-07-18 05:59,true,-42,none,SNT-TNP-C,,clear,normal,false
BLK-2026-01245,MS-MBM-UP,SNT-2026-01301;TRD-2026-01116;TRD-2026-01444,SNT;TRD,MG-2026-0166,2026-08-16 03:15,178,2026-08-16 03:00,216,2026-08-16 03:18,2026-08-16 06:52,true,-2,none,TRD-MAS-C,OHE-TC-04,clear,normal,true
BLK-2026-01246,PON-GPD-UP,ENG-2026-05522,ENG,,2026-04-10 01:45,407,2026-04-10 01:45,511,2026-04-10 02:00,2026-04-10 08:36,true,-115,none,ENG-PER-C,,clear,normal,false
BLK-2026-01247,TI-TRL-UP,ENG-2026-04608,ENG,,2026-07-09 01:30,260,2026-07-09 01:30,308,2026-07-09 01:34,2026-07-09 06:28,true,-14,none,ENG-ABU-C,,clear,normal,false
BLK-2026-01248,ABU-AVD-DN_SUB,SNT-2026-01573,SNT,,2026-08-18 01:00,97,2026-08-18 01:00,122,2026-08-18 00:50,2026-08-18 03:08,true,16,weather,SNT-MAS-A,,heavy_rain,normal,false
BLK-2025-01249,MAS-BBQ-DN_SUB,ENG-2025-05417,ENG,,2025-10-14 12:00,122,2025-10-14 12:00,156,2025-10-14 11:58,2025-10-14 14:16,true,-18,none,ENG-AVD-A,,rain,monsoon,false
BLK-2026-01250,ABU-AVD-UP_SUB,ENG-2026-06046,ENG,,2026-05-27 02:45,305,2026-05-27 03:00,361,,,false,,,ENG-MBM-A,,clear,normal,false
BLK-2026-01251,CGL-WJ-SINGLE,SNT-2026-00753,SNT,,2026-08-03 00:15,199,2026-08-03 00:15,242,,,false,,,SNT-TBM-B,,clear,normal,false
BLK-2026-01252,BBQ-PER-DN_SUB,TRD-2026-01354,TRD,,2026-08-01 01:15,101,2026-08-01 01:15,127,2026-08-01 01:30,2026-08-01 03:26,true,-11,none,TRD-ENR-A,OHE-TC-05,clear,normal,false
BLK-2026-01253,PV-TBM-DN,TRD-2025-01412,TRD,,2026-01-01 03:00,150,2026-01-01 03:15,176,2026-01-01 03:34,2026-01-01 05:56,true,-34,none,TRD-CGL-B,OHE-TC-01,clear,normal,false
BLK-2025-01254,ENR-MJR-DN,SNT-2025-00973,SNT,,2025-11-09 01:30,224,2025-11-09 01:45,275,2025-11-09 01:52,2025-11-09 06:09,true,-18,none,SNT-TBM-B,,clear,monsoon,false
BLK-2026-01255,ABU-AVD-UP,ENG-2026-05626,ENG,,2026-03-02 02:00,340,2026-03-02 01:45,399,2026-03-02 01:43,2026-03-02 07:28,true,-54,none,ENG-CGL-A,,clear,normal,false
BLK-2026-01256,MS-MBM-UP_SUB,TRD-2026-01466,TRD,,2026-02-18 02:00,118,2026-02-18 02:15,150,2026-02-18 02:23,2026-02-18 04:24,true,-29,none,TRD-CGL-B,OHE-TC-05,clear,normal,false
BLK-2026-01257,MS-MBM-DN_SUB,SNT-2026-00526,SNT,,2026-08-13 00:15,84,2026-08-13 00:15,101,2026-08-13 00:11,2026-08-13 01:24,true,-28,none,SNT-PER-B,,clear,normal,false
BLK-2025-01258,PON-GPD-UP,SNT-2026-01517;ENG-2026-04374;ENG-2025-05633,ENG;SNT,MG-2025-0167,2025-11-28 02:45,213,2025-11-28 03:00,259,2025-11-28 03:07,2025-11-28 07:32,true,6,none,ENG-GPD-B,TAMP-SR-05,heavy_rain,monsoon,true
BLK-2026-01259,MAS-BBQ-DN_SUB,TRD-2026-01433,TRD,,2026-04-10 03:00,94,2026-04-10 03:00,111,2026-04-10 03:15,2026-04-10 04:58,true,-8,none,TRD-GPD-A,OHE-TC-07,clear,normal,false
BLK-2026-01260,TRL-AJJ-UP_SUB,SNT-2026-01343,SNT,,2026-08-26 02:00,106,2026-08-26 02:00,123,2026-08-26 02:11,2026-08-26 03:44,true,-30,none,SNT-AVD-B,,clear,normal,false
BLK-2026-01261,MS-MBM-UP_SUB,TRD-2026-01741,TRD,,2026-04-12 01:45,114,2026-04-12 02:00,144,2026-04-12 02:05,2026-04-12 03:45,true,-44,none,TRD-MSB-B,OHE-TC-01,clear,normal,false
BLK-2026-01262,GI-STM-DN_SUB,ENG-2026-04981,ENG,,2026-04-25 01:45,259,2026-04-25 01:45,326,2026-04-25 02:01,2026-04-25 05:58,true,-89,none,ENG-MJR-B,TAMP-SR-03,clear,normal,false
BLK-2026-01263,ABU-AVD-UP_SUB,TRD-2026-01491,TRD,,2026-05-05 01:15,69,2026-05-05 01:00,85,2026-05-05 01:00,2026-05-05 01:59,true,-26,none,TRD-AVD-A,OHE-TC-06,clear,normal,false
BLK-2026-01264,MAS-BBQ-UP_SUB,ENG-2026-04534;ENG-2025-04343;ENG-2025-04574,ENG,MG-2026-0168,2026-06-18 02:15,413,2026-06-18 02:15,527,2026-06-18 02:32,2026-06-18 10:27,true,-52,none,ENG-TRL-C,,clear,normal,true
BLK-2025-01265,PER-ABU-UP_SUB,TRD-2025-01849,TRD,,2025-09-21 02:30,91,2025-09-21 02:30,109,2025-09-21 02:26,2025-09-21 04:10,true,-5,none,TRD-TBM-A,OHE-TC-06,clear,normal,false
BLK-2025-01266,TI-TRL-UP,SNT-2026-00807;SNT-2025-01137;ENG-2025-05675,ENG;SNT,MG-2025-0169,2025-11-09 02:00,410,2025-11-09 02:15,497,2025-11-09 02:08,2025-11-09 10:59,true,34,machine_late,ENG-AVD-C,,rain,monsoon,true
BLK-2026-01267,PER-ABU-DN_SUB,TRD-2026-01780,TRD,,2026-05-16 01:30,151,2026-05-16 01:30,183,2026-05-16 01:47,2026-05-16 05:11,true,21,material_delay,TRD-CGL-B,OHE-TC-03,clear,normal,false
BLK-2026-01268,MJR-PON-DN,ENG-2026-05260;ENG-2025-05415;SNT-2026-01397,ENG;SNT,MG-2026-0170,2026-07-15 01:00,298,2026-07-15 01:00,368,2026-07-15 01:05,2026-07-15 07:47,true,34,crew_short,ENG-AJJ-C,,clear,normal,true
BLK-2026-01269,MSB-MS-UP_SUB,SNT-2026-01305,SNT,,2026-07-29 03:00,59,2026-07-29 03:00,70,,,false,,,SNT-MS-A,,clear,normal,false
BLK-2026-01270,TI-TRL-UP,ENG-2026-05190,ENG,,2026-05-06 02:00,116,2026-05-06 02:00,134,2026-05-06 02:04,2026-05-06 03:56,true,-22,none,ENG-GPD-C,USFD-SR-01,clear,normal,false
BLK-2026-01271,MS-MBM-DN,ENG-2026-04914,ENG,,2026-03-16 03:00,312,2026-03-16 02:45,368,2026-03-16 02:46,2026-03-16 07:55,true,-59,none,ENG-TI-B,,clear,normal,false
BLK-2026-01272,MS-MBM-DN,SNT-2026-00704,SNT,,2026-05-31 02:15,108,2026-05-31 02:30,126,2026-05-31 02:36,2026-05-31 04:24,true,-18,none,SNT-PER-A,,rain,normal,false
BLK-2026-01273,STM-PV-UP_SUB,SNT-2026-00651,SNT,,2026-08-23 00:30,61,2026-08-23 00:30,71,2026-08-23 00:46,2026-08-23 01:39,true,-18,none,SNT-TBM-A,,clear,normal,false
BLK-2026-01274,TI-TRL-DN_SUB,TRD-2026-01025;TRD-2026-01456;ENG-2025-05874,ENG;TRD,MG-2026-0171,2026-02-26 00:00,152,2026-02-26 00:15,182,2026-02-26 00:29,2026-02-26 03:01,true,-30,none,TRD-CGL-B,OHE-TC-04,clear,normal,true
BLK-2026-01275,TNP-ENR-UP,SNT-2026-01032,SNT,,2026-03-31 02:15,93,2026-03-31 02:15,118,,,false,,,SNT-GI-A,,clear,normal,false
BLK-2025-01276,MAS-BBQ-UP_SUB,ENG-2025-04980,ENG,,2025-10-06 02:45,412,2025-10-06 03:00,512,2025-10-06 02:55,2025-10-06 10:44,true,-43,none,ENG-TI-C,,clear,monsoon,false
BLK-2025-01277,BBQ-PER-DN_SUB,TRD-2025-01543,TRD,,2025-11-05 01:15,120,2025-11-05 01:15,152,,,false,,,TRD-MSB-A,OHE-TC-03,heavy_rain,monsoon,false
BLK-2026-01278,TRL-AJJ-UP,ENG-2026-06002;TRD-2026-01811;TRD-2026-01870,ENG;TRD,MG-2026-0172,2026-08-08 03:15,278,2026-08-08 03:30,339,2026-08-08 03:34,2026-08-08 08:57,true,-16,none,ENG-PER-B,,clear,normal,true
BLK-2026-01279,PV-TBM-UP,TRD-2025-01405,TRD,,2026-01-01 00:45,82,2026-01-01 00:45,97,2026-01-01 00:42,2026-01-01 02:00,true,-19,none,TRD-GI-A,OHE-TC-07,clear,normal,false
BLK-2026-01280,TI-TRL-DN,ENG-2026-05784,ENG,,2026-08-30 02:00,370,2026-08-30 02:00,444,2026-08-30 02:10,2026-08-30 10:08,true,34,unexpected_condition,ENG-TI-B,,clear,normal,false
BLK-2026-01281,AVD-TI-DN,SNT-2026-01460,SNT,,2026-06-23 01:15,114,2026-06-23 01:15,144,2026-06-23 01:35,2026-06-23 03:48,true,-11,none,SNT-AVD-B,,clear,normal,false
BLK-2026-01282,TRL-AJJ-DN_SUB,ENG-2026-04897,ENG,,2026-07-01 12:00,193,2026-07-01 12:00,223,2026-07-01 12:07,2026-07-01 15:20,true,-30,none,ENG-ABU-B,,clear,normal,false
BLK-2025-01283,ABU-AVD-DN_SUB,SNT-2026-01392;SNT-2026-01252;ENG-2025-04014,ENG;SNT,MG-2025-0173,2025-09-14 02:15,185,2025-09-14 02:00,237,,,false,,,ENG-GI-B,TAMP-SR-03,clear,normal,true
BLK-2026-01284,ENR-MJR-UP,ENG-2026-04090,ENG,,2026-02-28 01:30,360,2026-02-28 01:30,419,2026-02-28 01:21,2026-02-28 07:39,true,-41,none,ENG-MSB-A,,clear,normal,false
BLK-2026-01285,CGL-WJ-SINGLE,ENG-2026-04850,ENG,,2026-07-27 03:30,188,2026-07-27 03:30,220,,,false,,,ENG-GI-B,TAMP-SR-05,clear,normal,false
BLK-2026-01286,ABU-AVD-UP_SUB,ENG-2026-04325,ENG,,2026-06-11 02:00,380,2026-06-11 02:00,460,2026-06-11 01:57,2026-06-11 08:49,true,-48,none,ENG-ABU-C,,clear,normal,false
BLK-2026-01287,STM-PV-UP_SUB,ENG-2026-04272,ENG,,2026-06-09 02:45,201,2026-06-09 02:30,236,2026-06-09 02:33,2026-06-09 05:45,true,-44,none,ENG-TBM-A,,clear,normal,false
BLK-2026-01288,ENR-MJR-UP,ENG-2026-04278,ENG,,2026-01-05 03:00,251,2026-01-05 03:00,293,2026-01-05 03:04,2026-01-05 07:55,true,-2,none,ENG-AJJ-B,TAMP-SR-07,rain,normal,false
BLK-2026-01289,AVD-TI-DN_SUB,ENG-2026-05799,ENG,,2026-06-10 03:30,269,2026-06-10 03:45,325,2026-06-10 03:40,2026-06-10 08:37,true,-28,none,ENG-TRL-C,,clear,normal,false
BLK-2025-01290,STM-PV-UP_SUB,SNT-2026-01266;SNT-2026-00551;ENG-2025-05525,ENG;SNT,MG-2025-0174,2025-11-19 01:45,176,2025-11-19 01:30,203,2025-11-19 01:25,2025-11-19 05:36,true,48,material_delay,ENG-AJJ-A,,heavy_rain,monsoon,true
BLK-2026-01291,TRL-AJJ-UP_SUB,TRD-2026-01495,TRD,,2026-06-30 00:45,86,2026-06-30 00:45,106,,,false,,,TRD-GPD-A,,clear,normal,false
BLK-2026-01292,MSB-MS-UP_SUB,ENG-2026-04235,ENG,,2026-04-24 03:45,122,2026-04-24 04:00,148,2026-04-24 03:54,2026-04-24 06:18,true,-4,none,ENG-GPD-C,USFD-SR-04,clear,normal,false
BLK-2026-01293,ABU-AVD-UP,SNT-2026-00723,SNT,,2026-06-24 03:00,103,2026-06-24 03:00,125,2026-06-24 02:50,2026-06-24 04:35,true,-20,none,SNT-PER-A,,clear,normal,false
BLK-2026-01294,TNP-ENR-UP,ENG-2026-05704,ENG,,2026-02-15 02:30,245,2026-02-15 02:30,296,2026-02-15 02:47,2026-02-15 06:28,true,-75,none,ENG-PER-B,,clear,normal,false
BLK-2026-01295,TI-TRL-UP,SNT-2026-00999,SNT,,2026-04-16 10:30,322,2026-04-16 10:45,399,2026-04-16 10:42,2026-04-16 15:48,true,-93,none,SNT-MS-B,,clear,normal,false
BLK-2026-01296,BBQ-PER-UP_SUB,SNT-2026-01374,SNT,,2026-04-06 02:15,250,2026-04-06 02:15,303,2026-04-06 02:28,2026-04-06 06:32,true,-59,none,SNT-MSB-B,,clear,normal,false
BLK-2026-01297,TI-TRL-DN,ENG-2026-05680;ENG-2025-05071;TRD-2026-01588,ENG;TRD,MG-2026-0175,2026-06-29 01:00,244,2026-06-29 01:15,293,2026-06-29 01:31,2026-06-29 07:50,true,86,material_delay,ENG-MJR-B,RGM-SR-01,clear,normal,true
BLK-2025-01298,MSB-MS-DN,ENG-2025-05850,ENG,,2025-10-26 10:15,153,2025-10-26 10:00,179,2025-10-26 10:06,2025-10-26 12:39,true,-26,none,ENG-PV-A,,clear,monsoon,false
BLK-2026-01299,ENR-MJR-DN,ENG-2026-05735,ENG,,2026-06-03 01:45,247,2026-06-03 01:45,301,2026-06-03 01:50,2026-06-03 05:24,true,-87,none,ENG-MSB-B,TAMP-SR-03,clear,normal,false
BLK-2026-01300,AVD-TI-UP,ENG-2025-05233,ENG,,2026-01-23 13:45,97,2026-01-23 14:00,123,2026-01-23 14:13,2026-01-23 15:45,true,-31,none,ENG-MJR-A,,clear,normal,false
BLK-2026-01301,MAS-BBQ-UP_SUB,ENG-2026-04774,ENG,,2026-02-13 03:45,166,2026-02-13 03:45,193,2026-02-13 03:41,2026-02-13 07:09,true,15,unexpected_condition,ENG-AJJ-A,,clear,normal,false
BLK-2025-01302,PER-ABU-DN,SNT-2025-01228,SNT,,2025-09-23 02:45,57,2025-09-23 03:00,72,2025-09-23 03:00,2025-09-23 03:53,true,-19,none,SNT-TBM-A,,clear,normal,false
BLK-2026-01303,CGL-WJ-SINGLE,SNT-2026-01402,SNT,,2026-06-17 00:30,122,2026-06-17 00:30,141,2026-06-17 00:32,2026-06-17 02:11,true,-42,none,SNT-AVD-A,,clear,normal,false
BLK-2026-01304,MAS-BBQ-UP_SUB,SNT-2025-00942,SNT,,2026-01-02 00:00,50,2026-01-01 23:45,60,2026-01-02 00:02,2026-01-02 00:38,true,-24,none,SNT-AVD-B,,clear,normal,false
BLK-2026-01305,WJ-CJ-SINGLE,SNT-2026-00851,SNT,,2026-02-13 01:00,150,2026-02-13 01:00,183,,,false,,,SNT-CGL-B,,clear,normal,false
BLK-2025-01306,TI-TRL-UP,ENG-2025-05808,ENG,,2025-12-12 00:15,252,2025-12-12 00:30,313,,,false,,,ENG-MBM-B,RGM-SR-01,rain,monsoon,false
BLK-2026-01307,GI-STM-UP,SNT-2026-00722,SNT,,2026-05-29 02:15,91,2026-05-29 02:15,110,2026-05-29 02:27,2026-05-29 04:05,true,-12,none,SNT-STM-A,,clear,normal,false
BLK-2026-01308,TKO-AJJ-SINGLE,ENG-2026-04142,ENG,,2026-07-24 00:45,346,2026-07-24 00:45,436,2026-07-24 00:53,2026-07-24 05:57,true,-132,none,ENG-ENR-A,,clear,normal,false
BLK-2026-01309,TRL-AJJ-UP_SUB,TRD-2025-01556,TRD,,2026-01-22 02:15,127,2026-01-22 02:30,150,2026-01-22 02:20,2026-01-22 04:14,true,-36,none,TRD-CGL-A,OHE-TC-03,clear,normal,false
BLK-2026-01310,TKO-AJJ-SINGLE,ENG-2026-04051,ENG,,2026-02-27 03:45,217,2026-02-27 03:30,251,2026-02-27 03:29,2026-02-27 07:03,true,-37,none,ENG-AVD-A,,clear,normal,false
BLK-2025-01311,TI-TRL-UP_SUB,TRD-2025-01039,TRD,,2025-09-12 02:45,136,2025-09-12 02:30,159,2025-09-12 02:41,2025-09-12 04:53,true,-27,none,TRD-AJJ-C,OHE-TC-07,clear,normal,false
BLK-2026-01312,TRL-AJJ-DN,ENG-2026-05951,ENG,,2026-03-18 00:30,143,2026-03-18 00:15,179,2026-03-18 00:15,2026-03-18 03:21,true,7,none,ENG-PV-B,RGM-SR-01,clear,normal,false
BLK-2025-01313,PER-ABU-DN_SUB,ENG-2025-05969,ENG,,2025-11-01 01:15,374,2025-11-01 01:15,431,2025-11-01 01:26,2025-11-01 08:11,true,-26,none,ENG-STM-A,,rain,monsoon,false
BLK-2026-01314,AVD-TI-DN,ENG-2026-05229,ENG,,2026-06-26 01:15,418,2026-06-26 01:00,522,,,false,,,ENG-AVD-B,,clear,normal,false
BLK-2026-01315,MAS-BBQ-UP,SNT-2026-00725,SNT,,2026-03-13 02:00,98,2026-03-13 02:00,113,2026-03-13 01:56,2026-03-13 03:40,true,-9,none,SNT-CGL-A,,clear,normal,false
BLK-2026-01316,MBM-GI-UP_SUB,TRD-2025-01850,TRD,,2026-01-05 03:00,74,2026-01-05 03:15,88,,,false,,,TRD-MAS-B,OHE-TC-06,clear,normal,false
BLK-2026-01317,MS-MBM-DN_SUB,TRD-2026-01435,TRD,,2026-05-11 01:15,68,2026-05-11 01:15,78,2026-05-11 01:06,2026-05-11 02:34,true,10,none,TRD-MSB-A,OHE-TC-05,clear,normal,false
BLK-2026-01318,TNP-ENR-UP,SNT-2026-00573,SNT,,2026-05-11 00:00,129,2026-05-11 00:00,162,2026-05-10 23:56,2026-05-11 02:39,true,1,none,SNT-MSB-A,,clear,normal,false
BLK-2025-01319,TI-TRL-UP_SUB,SNT-2025-00971,SNT,,2025-11-04 00:30,50,2025-11-04 00:15,59,,,false,,,SNT-MSB-A,,rain,monsoon,false
BLK-2026-01320,MAS-BBQ-UP_SUB,ENG-2025-05558,ENG,,2026-01-01 03:00,223,2026-01-01 03:00,262,2026-01-01 03:18,2026-01-01 07:32,true,-8,none,ENG-STM-B,TAMP-SR-07,clear,normal,false
BLK-2026-01321,TI-TRL-UP,ENG-2026-04384,ENG,,2026-07-03 00:00,388,2026-07-03 00:00,468,2026-07-03 00:01,2026-07-03 08:40,true,51,unexpected_condition,ENG-PER-B,,rain,normal,false
BLK-2026-01322,ENR-MJR-UP,TRD-2026-01459,TRD,,2026-02-03 02:45,51,2026-02-03 02:30,59,2026-02-03 02:32,2026-02-03 03:25,true,-6,none,TRD-CGL-A,,clear,normal,false
BLK-2026-01323,TRL-AJJ-UP,TRD-2026-01142,TRD,,2026-09-06 03:00,246,2026-09-06 03:15,288,2026-09-06 03:10,2026-09-06 07:49,true,-9,none,TRD-GI-B,OHE-TC-03,clear,normal,false
BLK-2026-01324,TRL-AJJ-DN_SUB,ENG-2026-05089,ENG,,2026-06-16 01:30,501,2026-06-16 01:30,592,,,false,,,ENG-ABU-C,,rain,normal,false
BLK-2026-01325,CGL-WJ-SINGLE,ENG-2026-05313,ENG,,2026-05-03 00:15,125,2026-05-03 00:15,153,2026-05-03 00:32,2026-05-03 02:33,true,-32,none,ENG-GI-C,USFD-SR-01,clear,normal,false
BLK-2026-01326,TI-TRL-DN_SUB,SNT-2026-01175,SNT,,2026-01-20 01:45,123,2026-01-20 02:00,153,2026-01-20 02:06,2026-01-20 04:17,true,-22,none,SNT-AJJ-A,,clear,normal,false
BLK-2026-01327,BBQ-PER-UP,SNT-2026-01286,SNT,,2026-06-24 00:15,89,2026-06-24 00:00,104,2026-06-24 00:10,2026-06-24 01:44,true,-10,none,SNT-ENR-A,,clear,normal,false
BLK-2025-01328,TRL-AJJ-UP,ENG-2025-04723,ENG,,2025-11-13 01:45,238,2025-11-13 01:45,294,2025-11-13 01:48,2025-11-13 05:23,true,-79,none,ENG-MS-B,TAMP-SR-03,rain,monsoon,false
BLK-2025-01329,MSB-MS-DN_SUB,ENG-2025-04804,ENG,,2025-10-04 03:00,279,2025-10-04 03:00,337,2025-10-04 02:58,2025-10-04 08:14,true,-21,none,ENG-GPD-A,,clear,monsoon,false
BLK-2026-01330,ENR-MJR-UP,SNT-2026-01133,SNT,,2026-08-09 02:15,61,2026-08-09 02:30,77,2026-08-09 02:21,2026-08-09 03:27,true,-11,none,SNT-CJ-A,,clear,normal,false
BLK-2025-01331,MAS-BBQ-DN_SUB,TRD-2025-01805,TRD,,2025-12-23 00:00,160,2025-12-23 00:15,197,2025-12-23 00:07,2025-12-23 02:47,true,-37,none,TRD-AJJ-C,OHE-TC-07,clear,monsoon,false
BLK-2025-01332,PER-ABU-DN,ENG-2026-04933;ENG-2025-05357;TRD-2026-01443,ENG;TRD,MG-2025-0176,2025-11-06 01:30,228,2025-11-06 01:15,269,2025-11-06 01:25,2025-11-06 06:25,true,31,weather,ENG-ABU-C,,heavy_rain,monsoon,true
BLK-2025-01333,TRL-AJJ-UP_SUB,ENG-2025-04386,ENG,,2025-10-31 01:15,338,2025-10-31 01:00,425,,,false,,,ENG-PV-A,,rain,monsoon,false
BLK-2026-01334,MSB-MS-UP_SUB,ENG-2026-04433,ENG,,2026-08-03 02:15,138,2026-08-03 02:00,170,,,false,,,ENG-GPD-B,TAMP-SR-05,clear,normal,false
BLK-2025-01335,PER-ABU-UP_SUB,SNT-2025-01253,SNT,,2025-12-10 02:00,88,2025-12-10 02:00,107,,,false,,,SNT-CGL-A,,clear,monsoon,false
BLK-2026-01336,TRL-AJJ-UP,TRD-2026-01341,TRD,,2026-07-02 03:00,324,2026-07-02 03:00,376,,,false,,,TRD-GI-C,,clear,normal,false
BLK-2026-01337,TRL-AJJ-UP,ENG-2026-05126,ENG,,2026-08-10 11:30,88,2026-08-10 11:30,112,2026-08-10 11:28,2026-08-10 13:02,true,-18,none,ENG-MS-A,,clear,normal,false
BLK-2026-01338,MAS-BBQ-UP,SNT-2026-01502,SNT,,2026-08-09 01:15,95,2026-08-09 01:30,110,2026-08-09 01:37,2026-08-09 03:43,true,16,material_delay,SNT-ENR-A,,rain,normal,false
BLK-2025-01339,CGL-WJ-SINGLE,TRD-2026-01277;ENG-2025-04847;SNT-2026-00966,ENG;SNT;TRD,MG-2025-0177,2025-11-13 00:15,303,2025-11-13 00:00,368,2025-11-13 00:13,2025-11-13 07:02,true,41,machine_late,ENG-AJJ-C,,clear,monsoon,true
BLK-2026-01340,PV-TBM-UP,ENG-2026-05310,ENG,,2026-04-28 11:15,175,2026-04-28 11:15,218,2026-04-28 11:13,2026-04-28 13:55,true,-56,none,ENG-MJR-A,,clear,normal,false
BLK-2026-01341,PON-GPD-DN,ENG-2026-04415,ENG,,2026-05-23 01:00,179,2026-05-23 01:00,228,,,false,,,ENG-GPD-B,TAMP-SR-07,clear,normal,false
BLK-2025-01342,GI-STM-UP_SUB,ENG-2025-04719,ENG,,2025-12-09 02:00,251,2025-12-09 01:45,305,2025-12-09 01:59,2025-12-09 07:17,true,13,crew_short,ENG-TBM-A,,rain,monsoon,false
BLK-2026-01343,MSB-MS-UP_SUB,ENG-2026-05440,ENG,,2026-01-16 02:00,290,2026-01-16 02:00,336,2026-01-16 01:51,2026-01-16 06:35,true,-52,none,ENG-ABU-C,,clear,normal,false
BLK-2026-01344,GI-STM-DN,ENG-2026-05800,ENG,,2026-01-29 01:45,243,2026-01-29 01:30,309,2026-01-29 01:46,2026-01-29 06:16,true,-39,none,ENG-MBM-A,,clear,normal,false
BLK-2026-01345,BBQ-TNP-DN,SNT-2025-00955;ENG-2026-04430;SNT-2026-01049,ENG;SNT,MG-2026-0178,2026-06-18 03:00,365,2026-06-18 03:00,440,2026-06-18 02:50,2026-06-18 11:43,true,93,crew_short,ENG-TRL-C,,clear,normal,true
BLK-2026-01346,ENR-MJR-DN,TRD-2026-01255,TRD,,2026-02-13 00:15,92,2026-02-13 00:30,116,2026-02-13 00:33,2026-02-13 01:54,true,-35,none,TRD-ENR-B,OHE-TC-06,clear,normal,false
BLK-2026-01347,PER-ABU-DN,ENG-2026-04668,ENG,,2026-05-29 00:00,323,2026-05-28 23:45,389,2026-05-28 23:53,2026-05-29 05:02,true,-80,none,ENG-AVD-C,,clear,normal,false
BLK-2026-01348,ENR-MJR-UP,ENG-2026-04356,ENG,,2026-06-21 03:00,237,2026-06-21 03:15,278,2026-06-21 03:23,2026-06-21 06:58,true,-63,none,ENG-MS-B,TAMP-SR-03,clear,normal,false
BLK-2026-01349,MSB-MS-UP_SUB,ENG-2026-05833,ENG,,2026-05-27 00:30,227,2026-05-27 00:15,276,2026-05-27 00:28,2026-05-27 04:24,true,-40,none,ENG-CJ-B,,clear,normal,false
BLK-2026-01350,AVD-TI-UP,ENG-2026-04213,ENG,,2026-07-19 00:30,397,2026-07-19 00:30,467,2026-07-19 00:21,2026-07-19 05:34,true,-154,none,ENG-GI-A,,clear,normal,false
BLK-2026-01351,MAS-BBQ-UP_SUB,SNT-2026-01516,SNT,,2026-07-02 00:00,69,2026-07-02 00:15,85,2026-07-02 00:25,2026-07-02 01:37,true,-13,none,SNT-PER-A,,rain,normal,false
BLK-2026-01352,TRL-AJJ-UP,ENG-2026-05754,ENG,,2026-03-30 02:45,118,2026-03-30 02:45,136,2026-03-30 02:50,2026-03-30 04:28,true,-38,none,ENG-MJR-C,USFD-SR-01,clear,normal,false
BLK-2026-01353,MSB-MS-DN,SNT-2026-01270,SNT,,2026-03-29 00:15,104,2026-03-29 00:30,133,2026-03-29 00:34,2026-03-29 03:06,true,19,material_delay,SNT-AVD-B,,heavy_rain,normal,false
BLK-2025-01354,MSB-MS-UP_SUB,SNT-2025-00737,SNT,,2025-10-09 01:00,61,2025-10-09 01:00,76,2025-10-09 00:50,2025-10-09 01:49,true,-17,none,SNT-PER-A,,clear,monsoon,false
BLK-2026-01355,STM-PV-UP,SNT-2026-01394,SNT,,2026-01-26 03:15,110,2026-01-26 03:00,129,2026-01-26 03:07,2026-01-26 05:08,true,-8,none,SNT-AVD-A,,clear,normal,false
BLK-2026-01356,MSB-MS-UP_SUB,ENG-2026-04133,ENG,,2026-03-14 01:15,223,2026-03-14 01:00,270,2026-03-14 01:10,2026-03-14 05:23,true,-17,none,ENG-MJR-B,TAMP-SR-03,clear,normal,false
BLK-2026-01357,PER-ABU-DN,SNT-2026-00881,SNT,,2026-07-01 01:15,187,2026-07-01 01:15,238,2026-07-01 01:29,2026-07-01 04:40,true,-47,none,SNT-CGL-B,,clear,normal,false
BLK-2025-01358,TRL-AJJ-DN,TRD-2025-01515,TRD,,2025-12-27 01:00,83,2025-12-27 01:15,104,,,false,,,TRD-GI-A,OHE-TC-07,heavy_rain,monsoon,false
BLK-2026-01359,PER-ABU-UP_SUB,ENG-2026-05928,ENG,,2026-05-28 00:30,259,2026-05-28 00:45,314,2026-05-28 00:38,2026-05-28 06:13,true,21,weather,ENG-PER-B,,heavy_rain,normal,false
BLK-2025-01360,TRL-AJJ-DN_SUB,TRD-2025-01173,TRD,,2025-12-19 01:45,130,2025-12-19 02:00,155,2025-12-19 02:07,2025-12-19 04:15,true,-27,none,TRD-TBM-A,OHE-TC-02,rain,monsoon,false
BLK-2026-01361,PON-GPD-UP,SNT-2026-01117,SNT,,2026-09-05 00:15,84,2026-09-05 00:15,100,,,false,,,SNT-ENR-A,,clear,normal,false
BLK-2025-01362,TKO-AJJ-SINGLE,SNT-2025-00979,SNT,,2025-11-08 13:45,318,2025-11-08 13:45,390,2025-11-08 14:03,2025-11-08 19:43,true,-50,none,SNT-AJJ-B,,clear,monsoon,false
BLK-2026-01363,MSB-MS-DN_SUB,SNT-2026-00823,SNT,,2026-07-20 03:30,56,2026-07-20 03:30,68,2026-07-20 03:39,2026-07-20 04:47,true,0,none,SNT-PER-A,,clear,normal,false
BLK-2025-01364,MJR-PON-DN,ENG-2025-04715,ENG,,2025-12-25 00:30,274,2025-12-25 00:45,326,,,false,,,ENG-ABU-C,,clear,monsoon,false
BLK-2026-01365,CGL-WJ-SINGLE,ENG-2026-05702,ENG,,2026-07-12 01:30,227,2026-07-12 01:15,268,,,false,,,ENG-CJ-A,,clear,normal,false
BLK-2026-01366,AVD-TI-DN_SUB,TRD-2026-01699,TRD,,2026-04-30 01:15,120,2026-04-30 01:00,144,2026-04-30 01:09,2026-04-30 03:21,true,-12,none,TRD-ENR-C,OHE-TC-01,clear,normal,false
BLK-2025-01367,PON-GPD-DN,ENG-2025-04470,ENG,,2025-09-23 02:30,126,2025-09-23 02:15,155,2025-09-23 02:22,2025-09-23 04:10,true,-47,none,ENG-GPD-C,USFD-SR-04,clear,normal,false
BLK-2026-01368,PV-TBM-UP,ENG-2026-05608,ENG,,2026-06-03 03:15,408,2026-06-03 03:15,480,2026-06-03 03:18,2026-06-03 10:25,true,-53,none,ENG-MAS-A,,clear,normal,false
BLK-2026-01369,MAS-BBQ-UP_SUB,ENG-2026-05698,ENG,,2026-04-17 00:45,189,2026-04-17 00:45,239,2026-04-17 01:04,2026-04-17 04:34,true,-29,none,ENG-TBM-B,TAMP-SR-05,clear,normal,false
BLK-2026-01370,TRL-AJJ-DN,ENG-2026-05137;TRD-2025-01702;ENG-2025-04429,ENG;TRD,MG-2026-0179,2026-07-04 00:00,326,2026-07-04 00:00,386,2026-07-04 00:17,2026-07-04 06:26,true,-17,none,ENG-PV-B,BCM-SR-01,clear,normal,true
BLK-2026-01371,PV-TBM-UP,ENG-2026-04291;ENG-2026-05792;SNT-2025-00675,ENG;SNT,MG-2026-0180,2026-01-10 01:45,498,2026-01-10 02:00,636,2026-01-10 02:12,2026-01-10 13:53,true,65,weather,ENG-TRL-C,,rain,normal,true
BLK-2026-01372,TI-TRL-UP_SUB,SNT-2026-00568,SNT,,2026-06-18 03:30,236,2026-06-18 03:30,287,2026-06-18 03:41,2026-06-18 06:49,true,-99,none,SNT-TNP-B,,clear,normal,false
BLK-2026-01373,BBQ-PER-UP,ENG-2026-05189,ENG,,2026-07-26 03:30,136,2026-07-26 03:45,164,,,false,,,ENG-STM-B,RGM-SR-01,clear,normal,false
BLK-2026-01374,STM-PV-DN,SNT-2026-00933,SNT,,2026-06-07 03:15,87,2026-06-07 03:30,101,2026-06-07 03:48,2026-06-07 05:17,true,-12,none,SNT-AVD-B,,clear,normal,false
BLK-2026-01375,MAS-BBQ-DN_SUB,SNT-2026-01069,SNT,,2026-06-06 01:45,128,2026-06-06 01:30,161,2026-06-06 01:34,2026-06-06 03:28,true,-47,none,SNT-GI-A,,clear,normal,false
BLK-2026-01376,MAS-BBQ-UP_SUB,ENG-2026-04112,ENG,,2026-05-07 01:00,282,2026-05-07 01:00,334,2026-05-07 00:52,2026-05-07 06:14,true,-12,none,ENG-TI-C,,clear,normal,false
BLK-2026-01377,BBQ-PER-DN_SUB,SNT-2026-00896,SNT,,2026-08-30 01:00,100,2026-08-30 01:00,121,2026-08-30 01:01,2026-08-30 02:39,true,-23,none,SNT-CJ-A,,clear,normal,false
BLK-2026-01378,CGL-WJ-SINGLE,TRD-2026-01239;ENG-2026-04195;ENG-2026-04810,ENG;TRD,MG-2026-0181,2026-01-27 01:30,440,2026-01-27 01:30,555,,,false,,,ENG-ABU-C,,clear,normal,true
BLK-2025-01379,MSB-MS-UP_SUB,ENG-2025-04488,ENG,,2025-10-16 02:15,363,2025-10-16 02:15,435,2025-10-16 02:06,2025-10-16 09:54,true,33,material_delay,ENG-MAS-C,,clear,monsoon,false
BLK-2025-01380,TI-TRL-UP_SUB,SNT-2026-01195;TRD-2026-01377;TRD-2025-01120,SNT;TRD,MG-2025-0182,2025-10-23 03:15,170,2025-10-23 03:15,207,2025-10-23 03:05,2025-10-23 08:03,true,91,crew_short,TRD-MAS-C,OHE-TC-01,heavy_rain,monsoon,true
BLK-2026-01381,TRL-AJJ-UP_SUB,SNT-2026-00843,SNT,,2026-03-15 03:00,75,2026-03-15 02:45,93,,,false,,,SNT-GPD-A,,clear,normal,false
BLK-2026-01382,AVD-TI-DN,ENG-2026-04683,ENG,,2026-06-28 00:15,221,2026-06-28 00:15,259,,,false,,,ENG-TNP-B,RGM-SR-01,clear,normal,false
BLK-2025-01383,TKO-AJJ-SINGLE,SNT-2025-00621,SNT,,2025-11-01 02:30,40,2025-11-01 02:30,46,2025-11-01 02:30,2025-11-01 03:17,true,1,none,SNT-GPD-A,,clear,monsoon,false
BLK-2025-01384,PER-ABU-DN,SNT-2025-01139,SNT,,2025-12-14 02:45,72,2025-12-14 02:30,87,,,false,,,SNT-PER-A,,clear,monsoon,false
BLK-2026-01385,TI-TRL-UP,ENG-2026-04696;ENG-2026-04104;SNT-2025-00798,ENG;SNT,MG-2026-0183,2026-03-06 02:30,347,2026-03-06 02:30,410,2026-03-06 02:49,2026-03-06 10:35,true,56,traffic_hold,ENG-TRL-B,,clear,normal,true
BLK-2025-01386,PER-ABU-DN_SUB,ENG-2025-04489,ENG,,2025-12-05 02:15,111,2025-12-05 02:15,135,2025-12-05 02:24,2025-12-05 04:04,true,-35,none,ENG-GPD-C,USFD-SR-04,clear,monsoon,false
BLK-2025-01387,ENR-MJR-UP,ENG-2025-04120,ENG,,2025-11-11 01:00,165,2025-11-11 01:15,198,2025-11-11 01:22,2025-11-11 04:29,true,-11,none,ENG-TRL-B,,clear,monsoon,false
BLK-2026-01388,MS-MBM-DN,ENG-2026-05155,ENG,,2026-07-16 02:15,105,2026-07-16 02:00,133,2026-07-16 02:01,2026-07-16 04:07,true,-7,none,ENG-MJR-C,USFD-SR-01,clear,normal,false
BLK-2026-01389,AVD-TI-DN_SUB,SNT-2026-00858;SNT-2026-01201;ENG-2026-04372,ENG;SNT,MG-2026-0184,2026-07-28 00:45,250,2026-07-28 01:00,319,2026-07-28 00:54,2026-07-28 06:04,true,-9,none,ENG-MSB-A,,clear,normal,true
BLK-2026-01390,TRL-AJJ-DN_SUB,SNT-2026-00918,SNT,,2026-05-19 03:15,89,2026-05-19 03:15,110,2026-05-19 03:32,2026-05-19 04:42,true,-40,none,SNT-PER-A,,clear,normal,false
BLK-2026-01391,PON-GPD-UP,ENG-2026-04479;ENG-2025-04492;SNT-2026-00645,ENG;SNT,MG-2026-0185,2026-09-06 01:45,306,2026-09-06 02:00,375,2026-09-06 01:51,2026-09-06 07:50,true,-16,none,ENG-AJJ-C,,heavy_rain,normal,true
BLK-2025-01392,TRL-AJJ-UP,TRD-2025-01399,TRD,,2025-11-08 03:30,54,2025-11-08 03:45,65,2025-11-08 03:39,2025-11-08 04:27,true,-17,none,TRD-MSB-A,,clear,monsoon,false
BLK-2026-01393,TRL-AJJ-DN_SUB,ENG-2026-04582,ENG,,2026-03-16 03:30,228,2026-03-16 03:30,279,2026-03-16 03:21,2026-03-16 07:29,true,-31,none,ENG-STM-B,BCM-SR-01,clear,normal,false
BLK-2026-01394,CJ-TMLP-SINGLE,SNT-2026-00915,SNT,,2026-03-04 03:30,145,2026-03-04 03:15,183,2026-03-04 03:07,2026-03-04 05:51,true,-19,none,SNT-TBM-B,,rain,normal,false
BLK-2026-01395,STM-PV-UP_SUB,TRD-2026-01470,TRD,,2026-05-20 01:15,392,2026-05-20 01:30,458,2026-05-20 01:35,2026-05-20 07:42,true,-91,none,TRD-AVD-C,OHE-TC-04,clear,normal,false
BLK-2026-01396,BBQ-PER-UP_SUB,SNT-2026-00850,SNT,,2026-04-19 02:15,61,2026-04-19 02:15,71,2026-04-19 02:23,2026-04-19 03:24,true,-10,none,SNT-TRL-A,,rain,normal,false
BLK-2025-01397,AVD-TI-UP_SUB,ENG-2025-04276,ENG,,2025-10-11 01:45,194,2025-10-11 01:45,239,2025-10-11 02:04,2025-10-11 06:25,true,22,material_delay,ENG-ABU-C,,clear,monsoon,false
BLK-2025-01398,ENR-MJR-UP,ENG-2025-04842,ENG,,2025-10-23 11:30,118,2025-10-23 11:30,147,,,false,,,ENG-AVD-B,,rain,monsoon,false
BLK-2025-01399,TMLP-TKO-SINGLE,ENG-2025-05541,ENG,,2025-12-02 12:00,91,2025-12-02 12:15,111,2025-12-02 12:09,2025-12-02 13:36,true,-24,none,ENG-MBM-A,,rain,monsoon,false
BLK-2025-01400,TNP-ENR-UP,TRD-2025-01718,TRD,,2025-12-29 02:45,158,2025-12-29 02:45,192,2025-12-29 02:52,2025-12-29 06:10,true,6,none,TRD-AJJ-B,OHE-TC-07,clear,monsoon,false
BLK-2026-01401,PV-TBM-UP_SUB,ENG-2025-04691;TRD-2026-01384;ENG-2026-05000,ENG;TRD,MG-2026-0186,2026-07-26 03:45,319,2026-07-26 03:30,370,,,false,,,TRD-GPD-C,,clear,normal,true
BLK-2026-01402,MSB-MS-UP_SUB,ENG-2026-04123;ENG-2025-05843;TRD-2026-01842,ENG;TRD,MG-2026-0187,2026-04-15 00:30,397,2026-04-15 00:15,487,2026-04-15 00:20,2026-04-15 10:40,true,133,material_delay,ENG-MJR-A,,clear,normal,true
BLK-2025-01403,MSB-MS-UP_SUB,ENG-2025-04116;ENG-2025-04661;SNT-2026-01324,ENG;SNT,MG-2025-0188,2025-10-31 01:00,849,2025-10-31 01:15,1072,2025-10-31 01:34,2025-10-31 18:44,true,-42,none,ENG-PER-C,,clear,monsoon,true
BLK-2026-01404,PER-ABU-UP_SUB,ENG-2026-05363,ENG,,2026-03-19 00:00,318,2026-03-18 23:45,399,2026-03-18 23:45,2026-03-19 04:06,true,-138,none,ENG-TI-C,,clear,normal,false
BLK-2026-01405,MBM-GI-UP_SUB,ENG-2026-04476,ENG,,2026-06-19 02:45,323,2026-06-19 02:45,386,2026-06-19 03:00,2026-06-19 08:04,true,-82,none,ENG-ENR-A,,clear,normal,false
BLK-2026-01406,TI-TRL-DN_SUB,SNT-2026-00610,SNT,,2026-06-07 13:30,197,2026-06-07 13:30,227,2026-06-07 13:44,2026-06-07 16:42,true,-49,none,SNT-MS-B,,clear,normal,false
BLK-2026-01407,ABU-AVD-UP_SUB,ENG-2026-05595;ENG-2026-05559;TRD-2026-01605,ENG;TRD,MG-2026-0189,2026-02-13 02:45,237,2026-02-13 02:45,273,2026-02-13 02:54,2026-02-13 08:45,true,78,machine_late,ENG-MSB-B,TAMP-SR-05,clear,normal,true
BLK-2026-01408,MAS-BBQ-UP_SUB,ENG-2026-05623,ENG,,2026-04-05 01:15,350,2026-04-05 01:15,423,,,false,,,ENG-TI-C,,clear,normal,false
BLK-2025-01409,TI-TRL-DN,ENG-2025-05629,ENG,,2025-12-14 00:45,240,2025-12-14 00:45,287,2025-12-14 00:51,2025-12-14 07:33,true,115,traffic_hold,ENG-PV-B,TAMP-SR-03,clear,monsoon,false
BLK-2026-01410,PER-ABU-UP,TRD-2026-01122,TRD,,2026-02-08 03:45,381,2026-02-08 03:30,476,2026-02-08 03:47,2026-02-08 10:55,true,-48,none,TRD-MSB-B,OHE-TC-03,clear,normal,false
BLK-2026-01411,MSB-MS-DN,ENG-2026-04935,ENG,,2026-05-17 00:45,238,2026-05-17 01:00,294,2026-05-17 01:19,2026-05-17 05:50,true,-23,none,ENG-STM-B,RGM-SR-01,clear,normal,false
BLK-2026-01412,BBQ-TNP-UP,SNT-2026-00596,SNT,,2026-05-02 02:30,48,2026-05-02 02:30,60,2026-05-02 02:46,2026-05-02 03:36,true,-10,none,SNT-MAS-B,,clear,normal,false
BLK-2025-01413,STM-PV-UP_SUB,SNT-2025-01474,SNT,,2025-11-02 02:15,207,2025-11-02 02:15,261,2025-11-02 02:09,2025-11-02 06:07,true,-23,none,SNT-AJJ-B,,clear,monsoon,false
BLK-2026-01414,ABU-AVD-UP_SUB,TRD-2026-01564,TRD,,2026-03-15 03:45,324,2026-03-15 03:30,392,2026-03-15 03:26,2026-03-15 08:28,true,-90,none,TRD-GPD-C,,clear,normal,false
BLK-2026-01415,GI-STM-UP_SUB,ENG-2026-05328;ENG-2026-06006;SNT-2025-01216,ENG;SNT,MG-2026-0190,2026-05-15 00:00,815,2026-05-15 00:15,1043,2026-05-15 00:22,2026-05-15 14:10,true,-215,none,ENG-PER-C,,clear,normal,true
BLK-2026-01416,CJ-TMLP-SINGLE,ENG-2026-04826,ENG,,2026-02-14 00:00,170,2026-02-14 00:15,200,2026-02-14 00:15,2026-02-14 03:56,true,21,crew_short,ENG-MSB-C,USFD-SR-04,clear,normal,false
BLK-2026-01417,MS-MBM-DN_SUB,SNT-2026-01279,SNT,,2026-07-13 01:15,103,2026-07-13 01:00,121,2026-07-13 01:19,2026-07-13 03:15,true,-5,none,SNT-TNP-A,,clear,normal,false
BLK-2025-01418,AVD-TI-UP_SUB,TRD-2025-01485,TRD,,2025-11-26 00:45,106,2025-11-26 01:00,133,2025-11-26 01:04,2025-11-26 03:25,true,8,none,TRD-AVD-A,OHE-TC-06,rain,monsoon,false
BLK-2026-01419,TI-TRL-UP,ENG-2026-04184,ENG,,2026-06-10 00:15,327,2026-06-10 00:15,397,2026-06-10 00:27,2026-06-10 05:31,true,-93,none,ENG-MAS-C,,clear,normal,false
BLK-2026-01420,PER-ABU-DN_SUB,ENG-2026-05008,ENG,,2026-03-19 03:30,187,2026-03-19 03:30,217,2026-03-19 03:48,2026-03-19 06:36,true,-49,none,ENG-MS-B,TAMP-SR-07,clear,normal,false
BLK-2025-01421,MAS-BBQ-UP_SUB,ENG-2025-04982,ENG,,2025-11-15 03:45,249,2025-11-15 03:45,305,2025-11-15 03:35,2025-11-15 08:46,true,6,none,ENG-MAS-C,,rain,monsoon,false
BLK-2026-01422,AVD-TI-UP_SUB,ENG-2026-04884,ENG,,2026-04-23 00:30,369,2026-04-23 00:45,467,2026-04-23 00:57,2026-04-23 07:14,true,-90,none,ENG-TI-B,,clear,normal,false
BLK-2026-01423,TNP-ENR-DN,TRD-2026-01084,TRD,,2026-08-13 01:45,129,2026-08-13 02:00,155,2026-08-13 02:19,2026-08-13 04:40,true,-14,none,TRD-AVD-A,OHE-TC-07,clear,normal,false
BLK-2025-01424,MSB-MS-DN,ENG-2025-05890,ENG,,2025-10-26 11:15,203,2025-10-26 11:30,259,,,false,,,ENG-AVD-B,,clear,monsoon,false
BLK-2026-01425,STM-PV-DN,ENG-2026-05479,ENG,,2026-05-06 12:45,101,2026-05-06 13:00,128,2026-05-06 12:53,2026-05-06 14:33,true,-28,none,ENG-GPD-A,,clear,normal,false
BLK-2025-01426,MS-MBM-DN,SNT-2025-00634,SNT,,2025-11-01 02:30,106,2025-11-01 02:30,125,2025-11-01 02:41,2025-11-01 04:31,true,-15,none,SNT-GPD-A,,clear,monsoon,false
BLK-2026-01427,AVD-TI-DN,TRD-2026-01087,TRD,,2026-08-05 03:15,153,2026-08-05 03:30,190,2026-08-05 03:21,2026-08-05 05:52,true,-39,none,TRD-ENR-C,OHE-TC-02,clear,normal,false
BLK-2026-01428,BBQ-PER-UP_SUB,ENG-2026-04960,ENG,,2026-04-10 01:45,195,2026-04-10 01:30,225,2026-04-10 01:50,2026-04-10 05:05,true,-30,none,ENG-MS-B,TAMP-SR-05,clear,normal,false
BLK-2025-01429,MAS-BBQ-UP_SUB,ENG-2026-04536;ENG-2026-05063;ENG-2025-04865,ENG,MG-2025-0191,2025-12-08 02:00,341,2025-12-08 02:00,431,2025-12-08 02:11,2025-12-08 10:01,true,39,material_delay,ENG-TI-C,,clear,monsoon,true
BLK-2025-01430,ENR-MJR-DN,SNT-2025-00878,SNT,,2025-12-08 01:45,47,2025-12-08 01:45,57,2025-12-08 01:43,2025-12-08 02:37,true,-3,none,SNT-MAS-B,,rain,monsoon,false
BLK-2026-01431,CJ-TMLP-SINGLE,ENG-2026-04666,ENG,,2026-07-24 13:30,69,2026-07-24 13:15,88,2026-07-24 13:20,2026-07-24 14:39,true,-9,none,ENG-ABU-B,,clear,normal,false
BLK-2026-01432,ENR-MJR-UP,TRD-2026-01383,TRD,,2026-01-24 01:45,99,2026-01-24 01:45,118,2026-01-24 01:53,2026-01-24 03:22,true,-29,none,TRD-ENR-A,OHE-TC-05,clear,normal,false
BLK-2026-01433,BBQ-TNP-UP,ENG-2026-04938;ENG-2025-05016;ENG-2026-05136,ENG,MG-2026-0192,2026-02-24 03:00,319,2026-02-24 02:45,403,2026-02-24 02:39,2026-02-24 08:49,true,-33,none,ENG-MAS-C,,clear,normal,true
BLK-2025-01434,ENR-MJR-UP,SNT-2025-01219,SNT,,2025-11-08 00:30,35,2025-11-08 00:45,44,2025-11-08 00:53,2025-11-08 01:29,true,-8,none,SNT-MAS-A,,rain,monsoon,false
BLK-2025-01435,TI-TRL-DN_SUB,SNT-2025-00683,SNT,,2025-09-16 03:15,44,2025-09-16 03:30,53,2025-09-16 03:43,2025-09-16 04:24,true,-12,none,SNT-PER-A,,clear,normal,false
BLK-2026-01436,TNP-ENR-DN,ENG-2026-04061,ENG,,2026-08-29 13:15,418,2026-08-29 13:15,521,2026-08-29 13:22,2026-08-29 19:24,true,-159,none,ENG-MS-C,,clear,normal,false
BLK-2026-01437,PER-ABU-DN,TRD-2025-01049;TRD-2026-01137;ENG-2026-04989,ENG;TRD,MG-2026-0193,2026-08-26 02:30,152,2026-08-26 02:30,184,2026-08-26 02:40,2026-08-26 05:46,true,2,none,TRD-ENR-C,OHE-TC-06,clear,normal,true
BLK-2025-01438,TI-TRL-UP_SUB,TRD-2025-01698,TRD,,2025-09-24 01:15,279,2025-09-24 01:15,324,,,false,,,TRD-CGL-B,OHE-TC-08,clear,normal,false
BLK-2026-01439,MAS-BBQ-UP_SUB,SNT-2026-01259;ENG-2026-05237;ENG-2026-05616,ENG;SNT,MG-2026-0194,2026-08-14 02:45,413,2026-08-14 03:00,495,2026-08-14 02:54,2026-08-14 11:45,true,36,crew_short,ENG-TI-C,,clear,normal,true
BLK-2026-01440,MJR-PON-UP,SNT-2026-00619,SNT,,2026-05-25 11:15,293,2026-05-25 11:30,355,2026-05-25 11:30,2026-05-25 16:22,true,-63,none,SNT-MSB-B,,clear,normal,false
BLK-2026-01441,TI-TRL-UP_SUB,ENG-2026-04202,ENG,,2026-03-30 10:00,99,2026-03-30 10:15,118,2026-03-30 10:29,2026-03-30 12:33,true,6,none,ENG-AVD-A,,clear,normal,false
BLK-2026-01442,BBQ-PER-UP_SUB,ENG-2026-05031,ENG,,2026-07-26 03:45,188,2026-07-26 03:45,237,2026-07-26 04:00,2026-07-26 07:53,true,-4,none,ENG-GI-B,TAMP-SR-03,rain,normal,false
BLK-2026-01443,PER-ABU-UP_SUB,SNT-2026-00941,SNT,,2026-07-10 01:30,123,2026-07-10 01:30,144,,,false,,,SNT-PER-B,,clear,normal,false
BLK-2026-01444,TRL-AJJ-DN,ENG-2026-05865,ENG,,2026-07-06 03:30,152,2026-07-06 03:30,177,2026-07-06 03:45,2026-07-06 05:50,true,-52,none,ENG-STM-C,USFD-SR-01,rain,normal,false
BLK-2025-01445,TRL-AJJ-DN_SUB,TRD-2025-01629,TRD,,2025-11-06 02:45,318,2025-11-06 02:45,386,,,false,,,TRD-TBM-B,OHE-TC-04,heavy_rain,monsoon,false
BLK-2026-01446,MSB-MS-UP_SUB,ENG-2026-04234,ENG,,2026-08-05 02:30,141,2026-08-05 02:45,165,2026-08-05 02:53,2026-08-05 05:37,true,-1,none,ENG-AJJ-A,,rain,normal,false
BLK-2026-01447,TMLP-TKO-SINGLE,ENG-2026-05073,ENG,,2026-08-01 03:15,285,2026-08-01 03:30,338,,,false,,,ENG-STM-B,TAMP-SR-03,clear,normal,false
BLK-2025-01448,ABU-AVD-UP,TRD-2025-01050,TRD,,2025-12-21 00:45,47,2025-12-21 00:45,60,2025-12-21 00:49,2025-12-21 01:43,true,-6,none,TRD-ENR-A,,clear,monsoon,false
BLK-2026-01449,WJ-CJ-SINGLE,TRD-2026-01409,TRD,,2026-07-31 00:00,160,2026-07-30 23:45,191,2026-07-31 00:04,2026-07-31 03:17,true,2,none,TRD-ENR-C,OHE-TC-06,clear,normal,false
BLK-2025-01450,MS-MBM-UP,TRD-2025-01608,TRD,,2025-12-21 01:30,189,2025-12-21 01:45,217,2025-12-21 02:01,2025-12-21 05:05,true,-33,none,TRD-MSB-B,OHE-TC-03,rain,monsoon,false
BLK-2026-01451,MJR-PON-UP,ENG-2026-04688,ENG,,2026-03-03 02:45,183,2026-03-03 02:45,223,,,false,,,ENG-MBM-B,RGM-SR-01,clear,normal,false
BLK-2026-01452,ABU-AVD-UP_SUB,SNT-2026-01131,SNT,,2026-03-29 00:00,242,2026-03-29 00:00,304,2026-03-29 00:13,2026-03-29 03:46,true,-91,none,SNT-AJJ-B,,clear,normal,false
BLK-2026-01453,MJR-PON-DN,ENG-2026-05610,ENG,,2026-01-29 13:00,125,2026-01-29 13:15,156,2026-01-29 13:15,2026-01-29 15:55,true,4,none,ENG-GPD-C,,clear,normal,false
BLK-2026-01454,TRL-AJJ-DN,ENG-2026-04134,ENG,,2026-02-28 01:15,400,2026-02-28 01:15,502,2026-02-28 01:25,2026-02-28 09:20,true,-27,none,ENG-MBM-A,,clear,normal,false
BLK-2026-01455,PER-ABU-UP_SUB,TRD-2026-01449;SNT-2026-01019;SNT-2026-01297,SNT;TRD,MG-2026-0195,2026-05-16 01:30,156,2026-05-16 01:30,196,2026-05-16 01:20,2026-05-16 04:59,true,23,material_delay,TRD-GPD-B,OHE-TC-07,clear,normal,true
BLK-2026-01456,ENR-MJR-UP,ENG-2026-04128,ENG,,2026-07-02 01:45,224,2026-07-02 02:00,263,2026-07-02 02:13,2026-07-02 05:47,true,-49,none,ENG-AJJ-B,TAMP-SR-05,clear,normal,false
BLK-2025-01457,ABU-AVD-DN_SUB,ENG-2025-05694,ENG,,2025-12-08 03:30,311,2025-12-08 03:15,391,2025-12-08 03:24,2025-12-08 09:25,true,-30,none,ENG-TI-C,,heavy_rain,monsoon,false
BLK-2026-01458,MSB-MS-DN_SUB,ENG-2026-04379,ENG,,2026-07-07 13:45,67,2026-07-07 13:30,79,2026-07-07 13:36,2026-07-07 14:52,true,-3,none,ENG-GPD-A,,clear,normal,false
BLK-2026-01459,MAS-BBQ-DN,ENG-2026-04750,ENG,,2026-03-06 00:45,351,2026-03-06 00:45,435,2026-03-06 00:45,2026-03-06 06:58,true,-62,none,ENG-GI-A,,clear,normal,false
BLK-2025-01460,TRL-AJJ-DN,ENG-2025-05110,ENG,,2025-11-05 01:45,354,2025-11-05 01:30,448,,,false,,,ENG-TNP-A,,clear,monsoon,false
BLK-2025-01461,TNP-ENR-DN,ENG-2025-05223,ENG,,2025-12-31 02:45,229,2025-12-31 03:00,270,2025-12-31 03:13,2025-12-31 07:52,true,9,none,ENG-GPD-B,RGM-SR-01,rain,monsoon,false
BLK-2026-01462,MJR-PON-UP,TRD-2026-01339,TRD,,2026-06-02 00:45,94,2026-06-02 00:30,119,2026-06-02 00:23,2026-06-02 01:45,true,-37,none,TRD-GPD-B,OHE-TC-01,clear,normal,false
BLK-2026-01463,MBM-GI-DN_SUB,SNT-2026-01469,SNT,,2026-04-20 03:00,119,2026-04-20 02:45,138,2026-04-20 02:35,2026-04-20 04:39,true,-14,none,SNT-TBM-A,,clear,normal,false
BLK-2026-01464,ABU-AVD-UP,ENG-2026-05097,ENG,,2026-03-06 02:30,387,2026-03-06 02:30,468,2026-03-06 02:44,2026-03-06 10:23,true,-9,none,ENG-TRL-A,,rain,normal,false
BLK-2025-01465,TI-TRL-UP,ENG-2025-06012,ENG,,2025-09-28 00:15,161,2025-09-28 00:15,186,2025-09-28 00:22,2025-09-28 03:47,true,19,crew_short,ENG-MBM-B,TAMP-SR-05,clear,normal,false
BLK-2025-01466,AVD-TI-DN,ENG-2025-04873,ENG,,2025-12-21 01:45,148,2025-12-21 02:00,177,,,false,,,ENG-AJJ-B,TAMP-SR-07,rain,monsoon,false
BLK-2026-01467,PER-ABU-DN_SUB,ENG-2025-05425,ENG,,2026-01-10 10:45,95,2026-01-10 10:45,111,2026-01-10 10:41,2026-01-10 12:19,true,-13,none,ENG-AVD-B,,clear,normal,false
BLK-2026-01468,MSB-MS-DN_SUB,TRD-2025-01074;TRD-2026-01475;ENG-2025-05238,ENG;TRD,MG-2026-0196,2026-08-18 03:45,338,2026-08-18 04:00,404,,,false,,,TRD-ENR-C,OHE-TC-07,clear,normal,true
BLK-2026-01469,CGL-WJ-SINGLE,SNT-2026-00887,SNT,,2026-07-11 02:30,78,2026-07-11 02:15,94,2026-07-11 02:07,2026-07-11 03:14,true,-27,none,SNT-MAS-B,,clear,normal,false
BLK-2026-01470,PER-ABU-DN_SUB,SNT-2026-01108,SNT,,2026-07-29 00:15,149,2026-07-29 00:15,172,2026-07-29 00:06,2026-07-29 02:51,true,-7,none,SNT-TRL-B,,clear,normal,false
BLK-2026-01471,MS-MBM-UP,TRD-2026-01856;ENG-2025-04418;ENG-2026-05465,ENG;TRD,MG-2026-0197,2026-02-22 01:00,338,2026-02-22 01:00,403,2026-02-22 01:00,2026-02-22 07:23,true,-20,none,ENG-MBM-A,,clear,normal,true
BLK-2026-01472,TRL-AJJ-UP_SUB,TRD-2026-01351,TRD,,2026-04-12 03:30,213,2026-04-12 03:15,253,,,false,,,TRD-AVD-C,OHE-TC-06,clear,normal,false
BLK-2026-01473,PON-GPD-DN,ENG-2026-05388,ENG,,2026-07-17 00:45,426,2026-07-17 00:30,521,,,false,,,ENG-PER-C,,clear,normal,false
BLK-2026-01474,TRL-AJJ-DN,SNT-2026-00752;ENG-2026-04543;TRD-2026-01110,ENG;SNT;TRD,MG-2026-0198,2026-02-16 03:00,200,2026-02-16 02:45,251,2026-02-16 02:35,2026-02-16 05:10,true,-96,none,TRD-TBM-B,OHE-TC-05,clear,normal,true
BLK-2026-01475,BBQ-PER-UP_SUB,SNT-2025-00689,SNT,,2026-01-11 00:15,164,2026-01-11 00:15,193,2026-01-11 00:18,2026-01-11 03:18,true,-13,none,SNT-GI-B,,clear,normal,false
BLK-2026-01476,TI-TRL-DN,ENG-2026-04512,ENG,,2026-08-17 11:30,354,2026-08-17 11:30,450,2026-08-17 11:37,2026-08-17 17:49,true,-78,none,ENG-ENR-C,,clear,normal,false
BLK-2026-01477,WJ-CJ-SINGLE,ENG-2026-05942,ENG,,2026-01-12 01:45,371,2026-01-12 01:30,453,2026-01-12 01:47,2026-01-12 09:25,true,5,none,ENG-MAS-A,,clear,normal,false
BLK-2026-01478,TNP-ENR-UP,SNT-2026-00751,SNT,,2026-03-28 01:30,72,2026-03-28 01:15,90,2026-03-28 01:32,2026-03-28 02:57,true,-5,none,SNT-MS-A,,clear,normal,false
BLK-2026-01479,PV-TBM-DN,ENG-2026-05985,ENG,,2026-09-05 02:00,345,2026-09-05 02:15,402,2026-09-05 02:05,2026-09-05 08:39,true,-8,none,ENG-CGL-B,,rain,normal,false
BLK-2026-01480,TNP-ENR-UP,ENG-2026-04883,ENG,,2026-06-29 02:45,394,2026-06-29 03:00,502,2026-06-29 03:18,2026-06-29 08:39,true,-181,none,ENG-MAS-C,,rain,normal,false
BLK-2026-01481,TRL-AJJ-UP,ENG-2026-05243,ENG,,2026-06-19 01:45,340,2026-06-19 02:00,405,2026-06-19 02:00,2026-06-19 07:44,true,-61,none,ENG-ABU-C,,clear,normal,false
BLK-2026-01482,CGL-WJ-SINGLE,ENG-2026-05346;ENG-2026-05695;TRD-2026-01248,ENG;TRD,MG-2026-0199,2026-04-23 12:00,127,2026-04-23 12:15,152,2026-04-23 12:34,2026-04-23 15:18,true,12,weather,ENG-TI-A,,rain,normal,true
BLK-2026-01483,MJR-PON-DN,ENG-2026-04324,ENG,,2026-08-21 00:15,232,2026-08-21 00:00,284,2026-08-21 00:05,2026-08-21 03:40,true,-69,none,ENG-TNP-C,,clear,normal,false
BLK-2026-01484,STM-PV-UP_SUB,TRD-2026-01094;SNT-2025-01544;ENG-2026-04887,ENG;SNT;TRD,MG-2026-0200,2026-03-28 00:30,326,2026-03-28 00:30,385,2026-03-28 00:38,2026-03-28 04:43,true,-140,none,TRD-GI-B,OHE-TC-01,clear,normal,true
BLK-2026-01485,ABU-AVD-DN,ENG-2026-05589,ENG,,2026-05-08 00:45,260,2026-05-08 01:00,305,,,false,,,ENG-CJ-A,,clear,normal,false
BLK-2025-01486,ABU-AVD-DN,ENG-2025-04036,ENG,,2025-12-15 03:45,472,2025-12-15 03:45,550,2025-12-15 04:05,2025-12-15 13:03,true,-12,none,ENG-AJJ-C,,rain,monsoon,false
BLK-2025-01487,TRL-AJJ-UP,TRD-2025-01650,TRD,,2025-10-12 03:15,185,2025-10-12 03:00,228,2025-10-12 03:07,2025-10-12 06:30,true,-25,none,TRD-CGL-B,OHE-TC-05,heavy_rain,monsoon,false
BLK-2026-01488,MAS-BBQ-UP,SNT-2025-00550,SNT,,2026-01-30 11:30,242,2026-01-30 11:15,306,2026-01-30 11:06,2026-01-30 15:01,true,-71,none,SNT-MSB-B,,clear,normal,false
BLK-2026-01489,MAS-BBQ-UP_SUB,TRD-2026-01097,TRD,,2026-08-24 00:00,109,2026-08-23 23:45,129,,,false,,,TRD-TBM-A,OHE-TC-03,clear,normal,false
BLK-2026-01490,ENR-MJR-DN,ENG-2026-04890,ENG,,2026-04-23 02:15,239,2026-04-23 02:15,278,2026-04-23 02:11,2026-04-23 06:16,true,-33,none,ENG-TNP-B,TAMP-SR-03,clear,normal,false
BLK-2025-01491,MBM-GI-DN_SUB,TRD-2026-01792;ENG-2026-04552;ENG-2025-04062,ENG;TRD,MG-2025-0201,2025-12-10 02:45,664,2025-12-10 02:45,826,,,false,,,ENG-PER-C,,rain,monsoon,true
BLK-2026-01492,TKO-AJJ-SINGLE,ENG-2026-05234,ENG,,2026-07-19 13:15,316,2026-07-19 13:00,401,2026-07-19 13:13,2026-07-19 18:20,true,-94,none,ENG-STM-C,,clear,normal,false
BLK-2026-01493,PER-ABU-UP,TRD-2026-01123,TRD,,2026-02-26 00:00,111,2026-02-26 00:00,128,,,false,,,TRD-MAS-B,OHE-TC-01,clear,normal,false
BLK-2026-01494,PV-TBM-UP_SUB,ENG-2026-05809,ENG,,2026-07-28 01:15,318,2026-07-28 01:15,375,,,false,,,ENG-MS-A,,clear,normal,false
BLK-2025-01495,WJ-CJ-SINGLE,TRD-2025-01083,TRD,,2025-10-21 01:00,370,2025-10-21 01:00,470,2025-10-21 01:15,2025-10-21 10:51,true,106,weather,TRD-MSB-B,OHE-TC-07,heavy_rain,monsoon,false
BLK-2026-01496,MBM-GI-UP_SUB,ENG-2026-04394,ENG,,2026-05-27 01:30,410,2026-05-27 01:45,503,2026-05-27 02:02,2026-05-27 10:26,true,1,none,ENG-ENR-A,,clear,normal,false
BLK-2026-01497,TRL-AJJ-UP_SUB,TRD-2026-01833,TRD,,2026-06-24 01:45,68,2026-06-24 01:45,81,,,false,,,TRD-CGL-A,OHE-TC-05,clear,normal,false
BLK-2026-01498,TI-TRL-UP_SUB,ENG-2026-04618,ENG,,2026-06-14 10:45,97,2026-06-14 10:45,119,2026-06-14 10:56,2026-06-14 12:12,true,-43,none,ENG-AJJ-A,,clear,normal,false
BLK-2026-01499,PER-ABU-DN,SNT-2025-01566;TRD-2025-01597;ENG-2026-04660,ENG;SNT;TRD,MG-2026-0202,2026-02-12 02:45,410,2026-02-12 03:00,505,2026-02-12 03:14,2026-02-12 10:01,true,-98,none,ENG-AVD-C,,clear,normal,true
BLK-2026-01500,TRL-AJJ-UP,TRD-2026-01284,TRD,,2026-06-09 02:15,111,2026-06-09 02:00,141,2026-06-09 01:55,2026-06-09 03:51,true,-25,none,TRD-GPD-A,OHE-TC-04,rain,normal,false
BLK-2025-01501,TRL-AJJ-UP,TRD-2025-01301,TRD,,2025-11-26 01:30,68,2025-11-26 01:30,83,2025-11-26 01:44,2025-11-26 03:03,true,-4,none,TRD-MAS-A,OHE-TC-05,clear,monsoon,false
BLK-2026-01502,TI-TRL-UP_SUB,ENG-2026-06041,ENG,,2026-07-16 03:15,269,2026-07-16 03:00,319,2026-07-16 03:13,2026-07-16 09:11,true,39,traffic_hold,ENG-MAS-A,,rain,normal,false
BLK-2026-01503,TRL-AJJ-DN_SUB,ENG-2026-04265,ENG,,2026-02-02 02:00,220,2026-02-02 02:15,270,2026-02-02 02:31,2026-02-02 07:17,true,16,machine_late,ENG-CJ-A,,clear,normal,false
BLK-2026-01504,TRL-AJJ-UP,ENG-2026-04390,ENG,,2026-01-25 01:00,156,2026-01-25 01:15,181,2026-01-25 01:17,2026-01-25 04:20,true,2,none,ENG-STM-C,USFD-SR-01,clear,normal,false
BLK-2026-01505,STM-PV-DN_SUB,ENG-2026-05184;ENG-2025-05945;TRD-2026-01628,ENG;TRD,MG-2026-0203,2026-02-24 03:15,343,2026-02-24 03:15,427,2026-02-24 03:30,2026-02-24 10:27,true,-10,none,ENG-TRL-C,,rain,normal,true
BLK-2026-01506,ENR-MJR-UP,ENG-2026-04158,ENG,,2026-06-23 01:00,161,2026-06-23 01:00,205,2026-06-23 01:03,2026-06-23 03:59,true,-29,none,ENG-MSB-B,RGM-SR-01,clear,normal,false
BLK-2026-01507,PER-ABU-UP,ENG-2026-04843;ENG-2026-05671;TRD-2026-01611,ENG;TRD,MG-2026-0204,2026-05-16 01:15,232,2026-05-16 01:15,270,2026-05-16 01:08,2026-05-16 05:38,true,0,none,ENG-TI-B,,clear,normal,true
BLK-2026-01508,TRL-AJJ-UP,ENG-2026-04301,ENG,,2026-02-15 01:15,453,2026-02-15 01:15,527,2026-02-15 01:08,2026-02-15 10:45,true,50,unexpected_condition,ENG-TI-C,,clear,normal,false
BLK-2026-01509,MSB-MS-UP_SUB,ENG-2026-04749,ENG,,2026-07-01 03:45,368,2026-07-01 03:45,437,2026-07-01 03:49,2026-07-01 10:45,true,-21,none,ENG-ABU-C,,clear,normal,false
BLK-2026-01510,MBM-GI-UP_SUB,ENG-2026-04987,ENG,,2026-04-04 03:45,231,2026-04-04 03:45,273,2026-04-04 04:03,2026-04-04 07:48,true,-48,none,ENG-TNP-B,TAMP-SR-07,clear,normal,false
BLK-2026-01511,WJ-CJ-SINGLE,TRD-2026-01745,TRD,,2026-06-18 02:45,258,2026-06-18 02:30,316,2026-06-18 02:24,2026-06-18 05:57,true,-103,none,TRD-CGL-B,OHE-TC-07,clear,normal,false
BLK-2026-01512,BBQ-TNP-UP,ENG-2026-04009,ENG,,2026-06-14 01:45,256,2026-06-14 02:00,312,2026-06-14 02:20,2026-06-14 07:20,true,-12,none,ENG-AVD-C,,clear,normal,false
BLK-2026-01513,AVD-TI-DN,TRD-2026-01062,TRD,,2026-08-25 01:30,133,2026-08-25 01:30,168,2026-08-25 01:29,2026-08-25 04:17,true,0,none,TRD-GI-B,OHE-TC-01,rain,normal,false
BLK-2026-01514,ABU-AVD-UP,ENG-2026-04662,ENG,,2026-08-13 02:30,330,2026-08-13 02:45,384,2026-08-13 02:37,2026-08-13 08:51,true,-10,none,ENG-PER-B,,clear,normal,false
BLK-2026-01515,WJ-CJ-SINGLE,TRD-2025-01652;ENG-2026-05628;ENG-2026-04643,ENG;TRD,MG-2026-0205,2026-02-10 03:00,205,2026-02-10 02:45,261,2026-02-10 03:03,2026-02-10 07:02,true,-22,none,ENG-MS-B,TAMP-SR-05,rain,normal,true
BLK-2025-01516,TMLP-TKO-SINGLE,ENG-2026-04381;SNT-2025-01350;ENG-2025-04737,ENG;SNT,MG-2025-0206,2025-09-15 01:45,692,2025-09-15 02:00,842,2025-09-15 02:20,2025-09-15 15:24,true,-58,none,ENG-TBM-B,BCM-SR-01,clear,normal,true
BLK-2025-01517,MBM-GI-UP,ENG-2025-05278;ENG-2026-05944;ENG-2025-05127,ENG,MG-2025-0207,2025-11-16 00:30,362,2025-11-16 00:30,443,2025-11-16 00:40,2025-11-16 09:03,true,60,material_delay,ENG-TNP-C,,clear,monsoon,true
BLK-2026-01518,TI-TRL-UP_SUB,TRD-2025-01847,TRD,,2026-01-23 02:30,87,2026-01-23 02:15,102,2026-01-23 02:10,2026-01-23 03:46,true,-6,none,TRD-GPD-B,OHE-TC-01,clear,normal,false
BLK-2026-01519,MAS-BBQ-UP,ENG-2026-05859,ENG,,2026-06-20 03:00,294,2026-06-20 03:15,363,2026-06-20 03:32,2026-06-20 10:46,true,71,machine_late,ENG-PV-B,TAMP-SR-05,rain,normal,false
BLK-2026-01520,AVD-TI-UP,SNT-2026-01420,SNT,,2026-01-23 02:15,125,2026-01-23 02:15,149,2026-01-23 02:09,2026-01-23 04:25,true,-13,none,SNT-GPD-A,,rain,normal,false
BLK-2026-01521,MSB-MS-UP,SNT-2026-00593,SNT,,2026-08-20 03:30,170,2026-08-20 03:30,201,2026-08-20 03:30,2026-08-20 06:24,true,-27,none,SNT-TRL-B,,clear,normal,false
BLK-2026-01522,AVD-TI-UP_SUB,ENG-2026-04692,ENG,,2026-07-28 00:45,223,2026-07-28 01:00,268,2026-07-28 01:18,2026-07-28 04:44,true,-62,none,ENG-MJR-B,RGM-SR-01,rain,normal,false
BLK-2026-01523,MSB-MS-UP_SUB,SNT-2026-01107,SNT,,2026-02-13 01:30,158,2026-02-13 01:30,184,2026-02-13 01:48,2026-02-13 04:51,true,-1,none,SNT-GI-B,,rain,normal,false
BLK-2026-01524,TRL-AJJ-UP,ENG-2026-05913,ENG,,2026-07-30 02:00,205,2026-07-30 02:00,244,2026-07-30 02:03,2026-07-30 05:55,true,-12,none,ENG-MAS-C,,clear,normal,false
BLK-2025-01525,MAS-BBQ-UP_SUB,ENG-2025-05618,ENG,,2025-10-23 01:15,270,2025-10-23 01:15,322,2025-10-23 01:21,2025-10-23 06:18,true,-25,none,ENG-AVD-C,,clear,monsoon,false
BLK-2025-01526,TRL-AJJ-UP_SUB,ENG-2025-05221,ENG,,2025-10-29 01:15,334,2025-10-29 01:00,407,2025-10-29 01:08,2025-10-29 07:01,true,-54,none,ENG-ENR-A,,rain,monsoon,false
BLK-2026-01527,TI-TRL-DN_SUB,TRD-2026-01454,TRD,,2026-08-26 01:30,122,2026-08-26 01:45,142,2026-08-26 01:56,2026-08-26 04:35,true,17,crew_short,TRD-ENR-B,OHE-TC-06,rain,normal,false
BLK-2025-01528,TRL-AJJ-UP,SNT-2026-01165;ENG-2025-04175;ENG-2026-04541,ENG;SNT,MG-2025-0208,2025-12-16 01:45,379,2025-12-16 01:45,469,2025-12-16 02:00,2025-12-16 10:23,true,34,machine_late,ENG-ABU-C,,heavy_rain,monsoon,true
BLK-2026-01529,MJR-PON-UP,ENG-2026-05544;SNT-2026-00968;ENG-2025-04425,ENG;SNT,MG-2026-0209,2026-08-09 02:30,156,2026-08-09 02:30,182,2026-08-09 02:42,2026-08-09 05:55,true,11,unexpected_condition,ENG-GPD-C,USFD-SR-01,clear,normal,true
BLK-2026-01530,CJ-TMLP-SINGLE,ENG-2026-05975,ENG,,2026-02-25 00:30,384,2026-02-25 00:30,477,2026-02-25 00:29,2026-02-25 08:09,true,-17,none,ENG-CJ-B,,clear,normal,false
BLK-2026-01531,ABU-AVD-DN_SUB,ENG-2026-05847,ENG,,2026-08-28 00:15,200,2026-08-28 00:15,232,2026-08-28 00:20,2026-08-28 03:18,true,-54,none,ENG-TRL-C,,clear,normal,false
BLK-2026-01532,BBQ-PER-UP_SUB,ENG-2026-05486,ENG,,2026-08-31 02:45,418,2026-08-31 02:30,525,,,false,,,ENG-CGL-B,,clear,normal,false
BLK-2025-01533,MAS-BBQ-UP_SUB,SNT-2026-01152;SNT-2025-00509;ENG-2025-05276,ENG;SNT,MG-2025-0210,2025-12-26 03:45,409,2025-12-26 03:45,506,2025-12-26 04:03,2025-12-26 15:55,true,206,material_delay,ENG-MAS-B,,rain,monsoon,true
BLK-2026-01534,MAS-BBQ-UP_SUB,SNT-2026-01564,SNT,,2026-07-29 01:30,76,2026-07-29 01:30,90,2026-07-29 01:34,2026-07-29 02:47,true,-17,none,SNT-AVD-A,,clear,normal,false
BLK-2026-01535,ABU-AVD-UP,ENG-2026-05010,ENG,,2026-07-15 02:15,100,2026-07-15 02:15,123,,,false,,,ENG-GPD-C,USFD-SR-04,clear,normal,false
BLK-2025-01536,MJR-PON-DN,ENG-2025-04958,ENG,,2025-11-16 10:15,114,2025-11-16 10:00,132,2025-11-16 10:02,2025-11-16 12:00,true,-14,none,ENG-GI-C,,clear,monsoon,false
BLK-2026-01537,TRL-AJJ-UP,TRD-2026-01070,TRD,,2026-04-26 02:15,56,2026-04-26 02:15,70,2026-04-26 02:11,2026-04-26 03:02,true,-19,none,TRD-MSB-A,,clear,normal,false
BLK-2026-01538,AVD-TI-UP_SUB,ENG-2025-04282,ENG,,2026-02-04 10:30,123,2026-02-04 10:30,149,2026-02-04 10:48,2026-02-04 13:14,true,-3,none,ENG-TI-B,,clear,normal,false
BLK-2025-01539,TNP-ENR-DN,SNT-2025-00692,SNT,,2025-11-17 03:15,116,2025-11-17 03:15,136,2025-11-17 03:30,2025-11-17 05:37,true,-9,none,SNT-MAS-A,,clear,monsoon,false
BLK-2026-01540,ABU-AVD-DN_SUB,ENG-2026-05256,ENG,,2026-08-31 03:30,215,2026-08-31 03:45,253,2026-08-31 03:39,2026-08-31 08:00,true,8,none,ENG-STM-B,RGM-SR-01,rain,normal,false
BLK-2026-01541,TRL-AJJ-UP,ENG-2026-05783,ENG,,2026-01-23 03:45,327,2026-01-23 03:45,377,2026-01-23 03:38,2026-01-23 10:50,true,55,material_delay,ENG-AVD-C,,clear,normal,false
BLK-2025-01542,STM-PV-UP,SNT-2025-00958,SNT,,2025-11-22 03:00,117,2025-11-22 03:15,144,2025-11-22 03:35,2025-11-22 05:35,true,-24,none,SNT-AVD-A,,clear,monsoon,false
BLK-2026-01543,PV-TBM-DN,ENG-2025-04224,ENG,,2026-01-11 00:15,316,2026-01-11 00:15,380,2026-01-11 00:20,2026-01-11 06:12,true,-28,none,ENG-MBM-A,,clear,normal,false
BLK-2026-01544,CGL-WJ-SINGLE,SNT-2025-00993,SNT,,2026-01-12 01:15,99,2026-01-12 01:15,116,,,false,,,SNT-CGL-A,,clear,normal,false
BLK-2025-01545,MS-MBM-DN_SUB,SNT-2025-00871,SNT,,2025-12-05 02:45,71,2025-12-05 03:00,88,2025-12-05 03:02,2025-12-05 03:58,true,-32,none,SNT-AJJ-A,,clear,monsoon,false
BLK-2026-01546,MBM-GI-UP_SUB,ENG-2026-05895,ENG,,2026-06-23 00:00,198,2026-06-22 23:45,231,2026-06-23 00:05,2026-06-23 04:04,true,8,none,ENG-TNP-A,,clear,normal,false
BLK-2026-01547,ABU-AVD-DN,ENG-2026-05035,ENG,,2026-08-12 01:30,337,2026-08-12 01:30,414,,,false,,,ENG-MBM-A,,clear,normal,false
BLK-2025-01548,TRL-AJJ-DN,TRD-2026-01519;SNT-2026-00867;ENG-2025-04921,ENG;SNT;TRD,MG-2025-0211,2025-12-30 02:00,380,2025-12-30 02:00,454,2025-12-30 02:15,2025-12-30 11:37,true,108,machine_late,ENG-TNP-C,,heavy_rain,monsoon,true
BLK-2026-01549,TRL-AJJ-DN_SUB,ENG-2026-04293,ENG,,2026-04-06 03:00,289,2026-04-06 02:45,339,2026-04-06 02:55,2026-04-06 07:45,true,-49,none,ENG-TRL-B,,clear,normal,false
BLK-2026-01550,PON-GPD-UP,SNT-2026-01530,SNT,,2026-08-16 03:00,85,2026-08-16 03:00,105,2026-08-16 02:53,2026-08-16 04:30,true,-8,none,SNT-GPD-A,,rain,normal,false
BLK-2026-01551,PER-ABU-DN_SUB,ENG-2025-04445,ENG,,2026-01-02 00:30,362,2026-01-02 00:30,440,2026-01-02 00:45,2026-01-02 09:14,true,69,weather,ENG-TBM-B,BCM-SR-01,clear,normal,false
BLK-2025-01552,TRL-AJJ-UP,TRD-2025-01100,TRD,,2025-10-18 02:15,279,2025-10-18 02:15,329,2025-10-18 02:10,2025-10-18 06:42,true,-57,none,TRD-MSB-B,OHE-TC-02,clear,monsoon,false
BLK-2026-01553,MAS-BBQ-UP_SUB,ENG-2026-04203,ENG,,2026-03-23 00:00,184,2026-03-22 23:45,219,2026-03-22 23:49,2026-03-23 03:22,true,-6,none,ENG-ABU-A,,clear,normal,false
BLK-2026-01554,TI-TRL-DN_SUB,TRD-2026-01241,TRD,,2026-06-23 03:15,73,2026-06-23 03:00,91,2026-06-23 02:59,2026-06-23 04:07,true,-23,none,TRD-ENR-B,OHE-TC-03,clear,normal,false
BLK-2026-01555,MSB-MS-DN,ENG-2026-04229,ENG,,2026-02-10 01:15,274,2026-02-10 01:00,338,2026-02-10 01:08,2026-02-10 05:12,true,-94,none,ENG-MAS-A,,clear,normal,false
BLK-2025-01556,ABU-AVD-DN_SUB,TRD-2025-01099,TRD,,2025-12-26 02:00,128,2025-12-26 02:00,156,,,false,,,TRD-GI-A,OHE-TC-08,clear,monsoon,false
BLK-2025-01557,PV-TBM-UP_SUB,TRD-2025-01457,TRD,,2025-10-18 01:00,224,2025-10-18 01:00,278,,,false,,,TRD-TBM-B,OHE-TC-02,rain,monsoon,false
BLK-2026-01558,CJ-TMLP-SINGLE,ENG-2026-05510,ENG,,2026-03-22 01:00,147,2026-03-22 01:00,182,2026-03-22 00:58,2026-03-22 04:42,true,42,material_delay,ENG-TNP-B,BRM-SR-06,clear,normal,false
BLK-2026-01559,MS-MBM-DN_SUB,ENG-2025-05370,ENG,,2026-01-13 03:15,211,2026-01-13 03:15,267,2026-01-13 03:26,2026-01-13 07:21,true,-32,none,ENG-CGL-B,,clear,normal,false
BLK-2025-01560,BBQ-PER-DN,ENG-2025-05892,ENG,,2025-11-16 00:00,149,2025-11-16 00:00,181,2025-11-15 23:53,2025-11-16 02:24,true,-30,none,ENG-AVD-A,,clear,monsoon,false
BLK-2025-01561,TRL-AJJ-UP_SUB,ENG-2025-05707,ENG,,2025-10-12 03:30,145,2025-10-12 03:30,184,2025-10-12 03:36,2025-10-12 05:38,true,-62,none,ENG-MSB-A,,clear,monsoon,false
BLK-2025-01562,TNP-ENR-UP,ENG-2025-04596,ENG,,2025-12-16 01:00,262,2025-12-16 01:00,319,2025-12-16 01:15,2025-12-16 04:53,true,-101,none,ENG-CJ-B,,rain,monsoon,false
BLK-2026-01563,PON-GPD-DN,TRD-2026-01183,TRD,,2026-07-10 01:30,188,2026-07-10 01:45,224,2026-07-10 01:55,2026-07-10 05:52,true,13,crew_short,TRD-ENR-C,OHE-TC-02,clear,normal,false
BLK-2026-01564,PV-TBM-UP_SUB,ENG-2026-04473;SNT-2025-00611;TRD-2026-01477,ENG;SNT;TRD,MG-2026-0212,2026-02-21 03:00,480,2026-02-21 03:15,610,2026-02-21 03:09,2026-02-21 12:02,true,-77,none,ENG-GPD-B,RGM-SR-01,rain,normal,true
BLK-2026-01565,MJR-PON-UP,ENG-2026-04360,ENG,,2026-07-20 03:30,153,2026-07-20 03:30,179,,,false,,,ENG-ENR-B,BRM-SR-02,clear,normal,false
BLK-2026-01566,PER-ABU-DN_SUB,ENG-2026-04898,ENG,,2026-02-28 02:45,293,2026-02-28 03:00,355,,,false,,,ENG-TNP-C,,rain,normal,false
BLK-2025-01567,TNP-ENR-UP,SNT-2025-00613,SNT,,2025-11-22 02:45,286,2025-11-22 03:00,361,2025-11-22 02:54,2025-11-22 08:32,true,-23,none,SNT-STM-B,,heavy_rain,monsoon,false
BLK-2025-01568,MSB-MS-UP,TRD-2025-01493,TRD,,2025-10-03 00:30,348,2025-10-03 00:30,418,,,false,,,TRD-CGL-B,OHE-TC-04,clear,monsoon,false
BLK-2026-01569,MSB-MS-DN,TRD-2026-01560,TRD,,2026-02-02 00:45,113,2026-02-02 00:30,140,,,false,,,TRD-GPD-A,OHE-TC-03,clear,normal,false
BLK-2026-01570,PON-GPD-DN,ENG-2025-04868;ENG-2026-04733;ENG-2026-05345,ENG,MG-2026-0213,2026-08-17 03:15,322,2026-08-17 03:15,371,2026-08-17 03:26,2026-08-17 09:03,true,-34,none,ENG-TNP-C,,rain,normal,true
BLK-2025-01571,TRL-AJJ-UP,TRD-2025-01798,TRD,,2025-10-14 01:30,183,2025-10-14 01:45,219,,,false,,,TRD-TBM-B,OHE-TC-02,rain,monsoon,false
BLK-2026-01572,ABU-AVD-UP_SUB,TRD-2026-01353,TRD,,2026-08-30 01:15,76,2026-08-30 01:30,97,,,false,,,TRD-CGL-A,OHE-TC-04,clear,normal,false
BLK-2025-01573,PON-GPD-UP,ENG-2025-04064,ENG,,2025-10-11 00:15,212,2025-10-11 00:00,253,2025-10-10 23:50,2025-10-11 04:21,true,18,machine_late,ENG-ENR-B,RGM-SR-01,heavy_rain,monsoon,false
BLK-2026-01574,PON-GPD-UP,ENG-2026-04285;ENG-2026-05766;ENG-2025-05253,ENG,MG-2026-0214,2026-02-11 00:15,283,2026-02-11 00:30,354,2026-02-11 00:40,2026-02-11 05:52,true,-42,none,ENG-AVD-C,,clear,normal,true
BLK-2025-01575,STM-PV-DN,ENG-2025-05556,ENG,,2025-12-28 00:45,109,2025-12-28 00:30,132,2025-12-28 00:49,2025-12-28 02:33,true,-28,none,ENG-ENR-C,USFD-SR-01,clear,monsoon,false
BLK-2026-01576,ABU-AVD-UP,ENG-2026-05779,ENG,,2026-03-19 03:45,273,2026-03-19 03:45,321,2026-03-19 04:03,2026-03-19 09:03,true,-21,none,ENG-STM-A,,clear,normal,false
BLK-2025-01577,ENR-MJR-DN,ENG-2025-04046,ENG,,2025-12-06 01:15,514,2025-12-06 01:15,652,2025-12-06 01:29,2025-12-06 11:15,true,-66,none,ENG-AVD-C,,clear,monsoon,false
BLK-2026-01578,MS-MBM-DN,ENG-2026-05678,ENG,,2026-07-30 00:15,152,2026-07-30 00:15,179,,,false,,,ENG-MS-B,RGM-SR-01,heavy_rain,normal,false
BLK-2026-01579,PV-TBM-DN_SUB,SNT-2026-01367,SNT,,2026-04-26 00:15,54,2026-04-26 00:30,67,2026-04-26 00:45,2026-04-26 01:54,true,2,none,SNT-AVD-B,,clear,normal,false
BLK-2026-01580,PER-ABU-DN,TRD-2026-01348,TRD,,2026-08-04 01:15,352,2026-08-04 01:30,440,,,false,,,TRD-GI-B,OHE-TC-03,clear,normal,false
BLK-2026-01581,MAS-BBQ-UP,ENG-2025-06039;ENG-2026-04580;ENG-2026-05284,ENG,MG-2026-0215,2026-04-27 03:15,238,2026-04-27 03:15,301,2026-04-27 03:13,2026-04-27 08:11,true,-3,none,ENG-TI-B,,rain,normal,true
BLK-2026-01582,STM-PV-DN,ENG-2026-04486,ENG,,2026-06-10 02:45,318,2026-06-10 02:45,405,,,false,,,ENG-MBM-B,TAMP-SR-07,clear,normal,false
BLK-2026-01583,TRL-AJJ-UP,ENG-2026-04553,ENG,,2026-07-16 02:15,360,2026-07-16 02:00,426,2026-07-16 02:13,2026-07-16 07:37,true,-102,none,ENG-GI-A,,clear,normal,false
BLK-2026-01584,MAS-BBQ-UP_SUB,ENG-2026-04521,ENG,,2026-03-24 03:30,162,2026-03-24 03:30,200,,,false,,,ENG-AJJ-B,TAMP-SR-03,rain,normal,false
BLK-2026-01585,TRL-AJJ-UP_SUB,TRD-2026-01633,TRD,,2026-08-11 00:15,130,2026-08-11 00:30,159,2026-08-11 00:20,2026-08-11 02:45,true,-14,none,TRD-MAS-A,OHE-TC-04,clear,normal,false
BLK-2026-01586,MSB-MS-UP_SUB,ENG-2026-05563,ENG,,2026-06-19 03:00,176,2026-06-19 03:00,218,2026-06-19 03:08,2026-06-19 05:29,true,-77,none,ENG-AJJ-B,TAMP-SR-03,clear,normal,false
BLK-2025-01587,PER-ABU-UP_SUB,ENG-2025-05466,ENG,,2025-11-23 02:15,324,2025-11-23 02:30,415,2025-11-23 02:42,2025-11-23 09:06,true,-31,none,ENG-TI-C,,clear,monsoon,false
BLK-2025-01588,MS-MBM-DN_SUB,TRD-2025-01276,TRD,,2025-10-16 02:30,144,2025-10-16 02:15,167,2025-10-16 02:10,2025-10-16 04:46,true,-11,none,TRD-ENR-A,OHE-TC-05,heavy_rain,monsoon,false
BLK-2026-01589,BBQ-PER-DN,ENG-2026-04074,ENG,,2026-03-19 02:00,398,2026-03-19 02:00,469,2026-03-19 02:18,2026-03-19 11:16,true,69,traffic_hold,ENG-MBM-A,,clear,normal,false
BLK-2025-01590,MBM-GI-UP_SUB,ENG-2025-04928;TRD-2026-01303;TRD-2026-01337,ENG;TRD,MG-2025-0216,2025-12-25 01:15,318,2025-12-25 01:00,370,2025-12-25 01:00,2025-12-25 08:02,true,52,crew_short,ENG-ABU-C,,clear,monsoon,true
BLK-2026-01591,TI-TRL-UP_SUB,ENG-2026-05758;SNT-2026-00775;SNT-2026-00859,ENG;SNT,MG-2026-0217,2026-05-25 00:00,229,2026-05-25 00:15,279,2026-05-25 00:22,2026-05-25 05:50,true,49,traffic_hold,SNT-TRL-B,,clear,normal,true
BLK-2025-01592,TRL-AJJ-UP,TRD-2025-01526,TRD,,2025-12-26 02:00,215,2025-12-26 02:00,270,,,false,,,TRD-MAS-C,OHE-TC-01,clear,monsoon,false
BLK-2026-01593,PON-GPD-UP,TRD-2026-01445,TRD,,2026-05-23 03:15,148,2026-05-23 03:15,173,2026-05-23 03:28,2026-05-23 06:03,true,-18,none,TRD-ENR-C,OHE-TC-06,clear,normal,false
BLK-2026-01594,MJR-PON-DN,TRD-2026-01078,TRD,,2026-04-20 01:00,170,2026-04-20 00:45,214,2026-04-20 00:48,2026-04-20 05:05,true,43,crew_short,TRD-GPD-A,OHE-TC-03,rain,normal,false
BLK-2026-01595,TRL-AJJ-UP,SNT-2026-00773,SNT,,2026-01-17 01:45,117,2026-01-17 02:00,138,2026-01-17 02:17,2026-01-17 04:22,true,-13,none,SNT-PER-B,,clear,normal,false
BLK-2026-01596,PV-TBM-DN_SUB,TRD-2026-01496;TRD-2026-01795;ENG-2026-05427,ENG;TRD,MG-2026-0218,2026-06-23 00:00,363,2026-06-22 23:45,423,2026-06-22 23:40,2026-06-23 07:14,true,31,traffic_hold,ENG-AJJ-C,,clear,normal,true
BLK-2025-01597,MS-MBM-UP_SUB,ENG-2025-05884,ENG,,2025-10-10 00:00,216,2025-10-10 00:00,264,2025-10-10 00:18,2025-10-10 03:30,true,-72,none,ENG-TRL-B,,heavy_rain,monsoon,false
BLK-2026-01598,GI-STM-UP_SUB,SNT-2026-01058,SNT,,2026-08-03 00:30,80,2026-08-03 00:15,100,2026-08-03 00:10,2026-08-03 01:40,true,-10,none,SNT-MSB-A,,clear,normal,false
BLK-2025-01599,PER-ABU-DN,SNT-2025-01327,SNT,,2025-11-02 02:30,127,2025-11-02 02:15,147,2025-11-02 02:17,2025-11-02 05:14,true,30,unexpected_condition,SNT-MAS-A,,heavy_rain,monsoon,false
BLK-2025-01600,TI-TRL-DN,ENG-2025-04975,ENG,,2025-12-27 03:00,371,2025-12-27 03:00,449,2025-12-27 03:04,2025-12-27 10:25,true,-8,none,ENG-TI-A,,clear,monsoon,false
BLK-2026-01601,TI-TRL-DN,ENG-2026-05962;ENG-2026-05820;ENG-2025-05537,ENG,MG-2026-0219,2026-07-18 01:15,325,2026-07-18 01:15,401,2026-07-18 01:09,2026-07-18 07:37,true,-13,none,ENG-AJJ-C,,clear,normal,true
BLK-2026-01602,BBQ-PER-UP_SUB,SNT-2026-01163,SNT,,2026-03-20 01:00,52,2026-03-20 00:45,66,,,false,,,SNT-PER-A,,clear,normal,false
BLK-2025-01603,MSB-MS-UP_SUB,ENG-2025-05677,ENG,,2025-10-27 00:45,394,2025-10-27 00:45,457,,,false,,,ENG-MAS-C,,clear,monsoon,false
BLK-2026-01604,PER-ABU-DN,ENG-2026-04466,ENG,,2026-04-15 00:00,340,2026-04-15 00:15,408,2026-04-15 00:35,2026-04-15 05:40,true,-103,none,ENG-TNP-B,TAMP-SR-03,clear,normal,false
BLK-2026-01605,PER-ABU-UP,TRD-2026-01625,TRD,,2026-08-10 01:00,83,2026-08-10 01:00,102,2026-08-10 01:07,2026-08-10 02:39,true,-10,none,TRD-TBM-A,OHE-TC-04,clear,normal,false
BLK-2026-01606,TNP-ENR-DN,ENG-2026-04561,ENG,,2026-07-01 01:45,299,2026-07-01 01:45,362,,,false,,,ENG-ENR-B,TAMP-SR-03,clear,normal,false
BLK-2025-01607,PER-ABU-UP,SNT-2025-01023,SNT,,2025-11-03 03:30,110,2025-11-03 03:15,139,,,false,,,SNT-MAS-B,,clear,monsoon,false
BLK-2026-01608,TNP-ENR-UP,ENG-2026-04504,ENG,,2026-07-23 03:30,228,2026-07-23 03:15,264,2026-07-23 03:24,2026-07-23 07:34,true,-14,none,ENG-GI-B,RGM-SR-01,clear,normal,false
BLK-2026-01609,ENR-MJR-DN,SNT-2025-00822;ENG-2025-05947;ENG-2026-04639,ENG;SNT,MG-2026-0220,2026-04-06 01:00,244,2026-04-06 01:00,285,2026-04-06 00:56,2026-04-06 05:34,true,-7,none,ENG-TBM-A,,clear,normal,true
BLK-2026-01610,AVD-TI-DN,ENG-2026-04550;ENG-2026-05867;TRD-2025-01746,ENG;TRD,MG-2026-0221,2026-07-29 02:00,188,2026-07-29 02:00,234,,,false,,,ENG-STM-B,RGM-SR-01,clear,normal,true
BLK-2025-01611,MBM-GI-DN,TRD-2025-01464,TRD,,2025-11-25 02:45,163,2025-11-25 02:45,197,2025-11-25 02:56,2025-11-25 06:21,true,8,none,TRD-AVD-C,OHE-TC-01,clear,monsoon,false
BLK-2025-01612,ABU-AVD-UP_SUB,TRD-2026-01875;ENG-2025-04309;SNT-2026-01059,ENG;SNT;TRD,MG-2025-0222,2025-12-27 01:30,422,2025-12-27 01:30,526,,,false,,,ENG-PER-C,,clear,monsoon,true
BLK-2026-01613,PER-ABU-DN,ENG-2026-04997,ENG,,2026-08-20 10:15,126,2026-08-20 10:00,149,2026-08-20 09:56,2026-08-20 11:49,true,-36,none,ENG-MAS-A,,rain,normal,false
BLK-2025-01614,TNP-ENR-UP,ENG-2025-04820,ENG,,2025-11-23 12:30,127,2025-11-23 12:30,150,,,false,,,ENG-AVD-B,,heavy_rain,monsoon,false
BLK-2026-01615,TRL-AJJ-DN,TRD-2026-01478,TRD,,2026-06-30 01:45,94,2026-06-30 01:30,116,2026-06-30 01:34,2026-06-30 02:54,true,-36,none,TRD-GI-A,OHE-TC-01,clear,normal,false
BLK-2025-01616,TI-TRL-UP,SNT-2025-01432,SNT,,2025-12-26 03:45,86,2025-12-26 03:30,101,2025-12-26 03:49,2025-12-26 05:29,true,-1,none,SNT-STM-A,,rain,monsoon,false
BLK-2025-01617,ABU-AVD-UP,TRD-2025-01681,TRD,,2025-10-21 02:15,146,2025-10-21 02:15,175,2025-10-21 02:26,2025-10-21 05:19,true,-2,none,TRD-MAS-C,OHE-TC-07,rain,monsoon,false
BLK-2026-01618,MSB-MS-UP_SUB,TRD-2026-01257,TRD,,2026-07-21 03:30,285,2026-07-21 03:30,338,,,false,,,TRD-ENR-C,OHE-TC-04,clear,normal,false
BLK-2025-01619,TRL-AJJ-DN,TRD-2025-01245,TRD,,2025-11-15 01:45,70,2025-11-15 01:30,87,2025-11-15 01:31,2025-11-15 02:42,true,-16,none,TRD-ENR-A,OHE-TC-06,clear,monsoon,false
BLK-2025-01620,BBQ-TNP-UP,ENG-2025-05940,ENG,,2025-10-18 02:00,228,2025-10-18 02:00,286,2025-10-18 02:14,2025-10-18 06:40,true,-20,none,ENG-TI-A,,clear,monsoon,false
BLK-2026-01621,TRL-AJJ-DN,TRD-2026-01420,TRD,,2026-03-26 02:30,285,2026-03-26 02:15,362,2026-03-26 02:25,2026-03-26 08:10,true,-17,none,TRD-TBM-B,OHE-TC-04,clear,normal,false
BLK-2025-01622,MS-MBM-DN,TRD-2025-01147,TRD,,2025-10-10 02:45,189,2025-10-10 02:30,234,2025-10-10 02:20,2025-10-10 06:51,true,37,unexpected_condition,TRD-ENR-C,OHE-TC-01,clear,monsoon,false
BLK-2026-01623,MAS-BBQ-UP_SUB,SNT-2026-01475;SNT-2026-00570;SNT-2026-00656,SNT,MG-2026-0223,2026-08-28 00:45,252,2026-08-28 00:45,318,2026-08-28 00:54,2026-08-28 05:51,true,-21,none,SNT-GPD-B,,clear,normal,true
BLK-2026-01624,CGL-WJ-SINGLE,SNT-2026-00937,SNT,,2026-01-20 01:15,81,2026-01-20 01:30,97,,,false,,,SNT-AVD-B,,clear,normal,false
BLK-2026-01625,CGL-WJ-SINGLE,TRD-2026-01865,TRD,,2026-02-11 02:45,150,2026-02-11 02:30,189,2026-02-11 02:32,2026-02-11 06:22,true,41,traffic_hold,TRD-TBM-A,OHE-TC-05,clear,normal,false
BLK-2025-01626,PER-ABU-DN_SUB,ENG-2025-04824,ENG,,2025-12-05 02:00,153,2025-12-05 02:00,196,2025-12-05 01:54,2025-12-05 05:18,true,8,none,ENG-MS-B,RGM-SR-01,heavy_rain,monsoon,false
BLK-2026-01627,MSB-MS-DN,SNT-2026-01492,SNT,,2026-07-02 00:00,42,2026-07-02 00:00,51,,,false,,,SNT-MAS-B,,clear,normal,false
BLK-2026-01628,BBQ-PER-UP_SUB,ENG-2026-04787,ENG,,2026-05-22 00:30,255,2026-05-22 00:30,302,,,false,,,ENG-ABU-B,,clear,normal,false
BLK-2026-01629,TRL-AJJ-UP,ENG-2026-04315,ENG,,2026-07-14 00:15,313,2026-07-14 00:00,377,2026-07-13 23:51,2026-07-14 05:11,true,-57,none,ENG-MJR-B,TAMP-SR-07,clear,normal,false
BLK-2026-01630,MSB-MS-UP_SUB,SNT-2026-01086,SNT,,2026-05-29 01:15,55,2026-05-29 01:30,67,2026-05-29 01:27,2026-05-29 02:25,true,-9,none,SNT-MS-A,,clear,normal,false
BLK-2026-01631,MSB-MS-UP,SNT-2026-01101,SNT,,2026-07-07 00:15,117,2026-07-07 00:30,145,2026-07-07 00:50,2026-07-07 03:37,true,22,traffic_hold,SNT-AVD-A,,clear,normal,false
BLK-2026-01632,TRL-AJJ-UP,ENG-2025-05552;ENG-2026-04569;ENG-2025-05583,ENG,MG-2026-0224,2026-01-09 01:30,929,2026-01-09 01:45,1102,2026-01-09 01:35,2026-01-09 18:53,true,-64,none,ENG-MAS-C,,clear,normal,true
BLK-2026-01633,TKO-AJJ-SINGLE,ENG-2026-04788;SNT-2026-00537;ENG-2026-04701,ENG;SNT,MG-2026-0225,2026-04-22 02:30,427,2026-04-22 02:30,536,2026-04-22 02:26,2026-04-22 11:07,true,-15,none,ENG-TNP-C,,clear,normal,true
BLK-2026-01634,PER-ABU-DN_SUB,SNT-2026-01200,SNT,,2026-03-05 01:30,81,2026-03-05 01:30,98,2026-03-05 01:40,2026-03-05 02:58,true,-20,none,SNT-PER-A,,clear,normal,false
BLK-2026-01635,MJR-PON-DN,SNT-2026-01531,SNT,,2026-03-02 01:15,79,2026-03-02 01:15,91,2026-03-02 01:07,2026-03-02 02:33,true,-5,none,SNT-AJJ-A,,clear,normal,false
BLK-2026-01636,MAS-BBQ-DN,SNT-2026-01538,SNT,,2026-04-21 10:30,227,2026-04-21 10:15,265,2026-04-21 10:24,2026-04-21 14:51,true,2,none,SNT-CGL-B,,clear,normal,false
BLK-2025-01637,PER-ABU-DN,SNT-2025-01461,SNT,,2025-10-31 03:00,99,2025-10-31 03:00,126,2025-10-31 02:54,2025-10-31 04:31,true,-29,none,SNT-PER-A,,rain,monsoon,false
BLK-2026-01638,MSB-MS-UP_SUB,ENG-2026-05586,ENG,,2026-08-16 03:30,399,2026-08-16 03:15,484,,,false,,,ENG-CJ-B,,clear,normal,false
BLK-2026-01639,TRL-AJJ-DN,ENG-2026-04106,ENG,,2026-07-03 01:30,331,2026-07-03 01:15,402,2026-07-03 01:14,2026-07-03 06:02,true,-114,none,ENG-AJJ-C,,clear,normal,false
BLK-2026-01640,ENR-MJR-UP,ENG-2026-05039,ENG,,2026-05-02 03:15,160,2026-05-02 03:15,191,2026-05-02 03:20,2026-05-02 06:29,true,-2,none,ENG-GPD-B,RGM-SR-01,clear,normal,false
BLK-2026-01641,AVD-TI-UP,ENG-2026-04756,ENG,,2026-05-08 01:45,374,2026-05-08 01:45,465,2026-05-08 01:48,2026-05-08 07:35,true,-118,none,ENG-AVD-C,,clear,normal,false
BLK-2026-01642,TNP-ENR-UP,ENG-2026-04714,ENG,,2026-03-09 01:45,210,2026-03-09 01:45,250,2026-03-09 01:41,2026-03-09 05:17,true,-34,none,ENG-GI-B,TAMP-SR-05,clear,normal,false
BLK-2025-01643,STM-PV-DN,ENG-2025-04722,ENG,,2025-12-13 01:00,380,2025-12-13 01:00,479,2025-12-13 01:01,2025-12-13 07:58,true,-62,none,ENG-AJJ-B,BCM-SR-01,rain,monsoon,false
BLK-2026-01644,TRL-AJJ-DN_SUB,ENG-2026-05919,ENG,,2026-08-15 02:30,367,2026-08-15 02:15,432,2026-08-15 02:08,2026-08-15 08:38,true,-42,none,ENG-GI-B,BCM-SR-01,clear,normal,false
BLK-2026-01645,STM-PV-DN_SUB,ENG-2026-05763,ENG,,2026-08-27 03:30,233,2026-08-27 03:15,270,2026-08-27 03:33,2026-08-27 06:24,true,-99,none,ENG-MS-A,,clear,normal,false
BLK-2026-01646,PV-TBM-UP_SUB,ENG-2026-04453,ENG,,2026-06-16 01:45,201,2026-06-16 01:30,233,2026-06-16 01:40,2026-06-16 05:07,true,-26,none,ENG-TBM-B,TAMP-SR-03,clear,normal,false
BLK-2026-01647,TRL-AJJ-DN,ENG-2026-05580,ENG,,2026-09-06 10:00,103,2026-09-06 10:15,129,2026-09-06 10:07,2026-09-06 12:05,true,-11,none,ENG-MJR-C,,clear,normal,false
BLK-2026-01648,TNP-ENR-UP,ENG-2026-05811,ENG,,2026-01-25 03:00,228,2026-01-25 02:45,274,2026-01-25 02:46,2026-01-25 07:12,true,-8,none,ENG-MAS-A,,clear,normal,false
BLK-2026-01649,ENR-MJR-UP,ENG-2026-05467,ENG,,2026-04-18 00:15,165,2026-04-18 00:00,207,2026-04-18 00:00,2026-04-18 02:58,true,-29,none,ENG-TNP-B,BRM-SR-02,clear,normal,false
BLK-2026-01650,MSB-MS-UP_SUB,SNT-2026-00840,SNT,,2026-08-13 02:30,68,2026-08-13 02:30,83,2026-08-13 02:45,2026-08-13 03:55,true,-13,none,SNT-STM-A,,clear,normal,false
BLK-2026-01651,MS-MBM-DN_SUB,TRD-2025-01845,TRD,,2026-01-25 00:15,53,2026-01-25 00:00,66,,,false,,,TRD-AJJ-A,,clear,normal,false
BLK-2025-01652,TRL-AJJ-DN,ENG-2026-05526;SNT-2026-00792;ENG-2025-05112,ENG;SNT,MG-2025-0226,2025-10-19 02:15,531,2025-10-19 02:30,670,2025-10-19 02:43,2025-10-19 13:04,true,-49,none,ENG-ABU-B,,rain,monsoon,true
BLK-2026-01653,PV-TBM-UP_SUB,SNT-2026-01505,SNT,,2026-08-02 03:00,181,2026-08-02 03:00,231,2026-08-02 03:20,2026-08-02 06:35,true,-36,none,SNT-TNP-B,,clear,normal,false
BLK-2026-01654,PV-TBM-UP_SUB,ENG-2026-05426,ENG,,2026-07-20 03:30,290,2026-07-20 03:30,352,2026-07-20 03:20,2026-07-20 08:43,true,-29,none,ENG-AVD-C,,clear,normal,false
BLK-2026-01655,MSB-MS-UP_SUB,SNT-2025-00726,SNT,,2026-01-20 00:45,72,2026-01-20 01:00,86,2026-01-20 01:02,2026-01-20 01:57,true,-31,none,SNT-AVD-B,,clear,normal,false
BLK-2025-01656,AVD-TI-DN_SUB,ENG-2025-05204,ENG,,2025-09-25 02:30,419,2025-09-25 02:15,488,2025-09-25 02:34,2025-09-25 09:27,true,-75,none,ENG-TBM-A,,rain,normal,false
BLK-2026-01657,PON-GPD-UP,TRD-2026-01332,TRD,,2026-07-14 01:00,308,2026-07-14 01:00,366,2026-07-14 00:51,2026-07-14 07:15,true,18,unexpected_condition,TRD-GI-B,OHE-TC-07,clear,normal,false
BLK-2026-01658,STM-PV-DN,ENG-2026-04026,ENG,,2026-02-17 00:15,202,2026-02-17 00:00,233,2026-02-17 00:08,2026-02-17 03:51,true,-10,none,ENG-STM-B,TAMP-SR-05,clear,normal,false
BLK-2026-01659,ABU-AVD-DN_SUB,SNT-2026-01558,SNT,,2026-06-29 10:45,252,2026-06-29 10:45,315,2026-06-29 10:46,2026-06-29 15:51,true,-10,none,SNT-TNP-B,,clear,normal,false
BLK-2025-01660,BBQ-PER-DN_SUB,TRD-2025-01711,TRD,,2025-10-07 00:00,283,2025-10-06 23:45,340,2025-10-06 23:45,2025-10-07 04:23,true,-62,none,TRD-TBM-B,OHE-TC-02,clear,monsoon,false
BLK-2026-01661,MAS-BBQ-UP_SUB,SNT-2026-01337,SNT,,2026-05-16 01:30,250,2026-05-16 01:30,296,2026-05-16 01:44,2026-05-16 06:15,true,-25,none,SNT-CJ-B,,clear,normal,false
BLK-2026-01662,MS-MBM-UP_SUB,SNT-2026-00910,SNT,,2026-03-03 03:45,119,2026-03-03 03:45,137,2026-03-03 03:49,2026-03-03 05:55,true,-11,none,SNT-MAS-A,,clear,normal,false
BLK-2025-01663,PER-ABU-UP_SUB,SNT-2025-00562,SNT,,2025-10-14 02:45,43,2025-10-14 02:30,53,,,false,,,SNT-PER-B,,rain,monsoon,false
BLK-2026-01664,AVD-TI-UP,ENG-2026-05163,ENG,,2026-07-06 01:00,342,2026-07-06 01:15,437,2026-07-06 01:29,2026-07-06 08:55,true,9,none,ENG-TRL-C,,rain,normal,false
BLK-2026-01665,TRL-AJJ-UP,ENG-2026-04994,ENG,,2026-04-29 02:30,248,2026-04-29 02:15,294,2026-04-29 02:18,2026-04-29 06:13,true,-59,none,ENG-MJR-B,TAMP-SR-05,clear,normal,false
BLK-2025-01666,MSB-MS-UP_SUB,ENG-2025-04814,ENG,,2025-12-09 03:45,432,2025-12-09 04:00,510,2025-12-09 04:13,2025-12-09 11:38,true,-65,none,ENG-AJJ-C,,clear,monsoon,false
BLK-2026-01667,PER-ABU-UP_SUB,ENG-2025-04083,ENG,,2026-01-13 02:45,498,2026-01-13 02:30,597,2026-01-13 02:49,2026-01-13 12:04,true,-42,none,ENG-AVD-C,,clear,normal,false
BLK-2026-01668,STM-PV-UP,ENG-2025-05753;SNT-2026-00650;ENG-2026-04941,ENG;SNT,MG-2026-0227,2026-01-04 01:45,220,2026-01-04 02:00,281,2026-01-04 02:00,2026-01-04 06:29,true,-12,none,ENG-AJJ-B,RGM-SR-01,clear,normal,true
BLK-2026-01669,PER-ABU-UP_SUB,ENG-2026-05435,ENG,,2026-06-03 02:00,293,2026-06-03 02:15,355,2026-06-03 02:28,2026-06-03 07:54,true,-29,none,ENG-PV-B,TAMP-SR-03,clear,normal,false
BLK-2026-01670,BBQ-PER-DN,ENG-2025-05304;TRD-2025-01867;SNT-2026-01046,ENG;SNT;TRD,MG-2026-0228,2026-01-09 02:00,245,2026-01-09 01:45,313,,,false,,,ENG-TNP-C,,clear,normal,true
BLK-2026-01671,BBQ-TNP-DN,ENG-2025-04910,ENG,,2026-01-19 01:15,249,2026-01-19 01:15,311,2026-01-19 01:05,2026-01-19 06:52,true,36,unexpected_condition,ENG-MAS-A,,clear,normal,false
BLK-2026-01672,TRL-AJJ-DN,ENG-2026-04103;TRD-2026-01614;TRD-2025-01689,ENG;TRD,MG-2026-0229,2026-04-27 02:00,415,2026-04-27 02:00,516,,,false,,,ENG-ENR-A,,clear,normal,true
BLK-2025-01673,MS-MBM-UP_SUB,ENG-2025-04287,ENG,,2025-12-02 11:00,121,2025-12-02 11:00,153,2025-12-02 11:15,2025-12-02 13:34,true,-14,none,ENG-AVD-A,,rain,monsoon,false
BLK-2026-01674,MSB-MS-UP_SUB,ENG-2026-05489,ENG,,2026-02-12 01:30,294,2026-02-12 01:45,364,2026-02-12 01:52,2026-02-12 07:08,true,-48,none,ENG-TRL-C,,clear,normal,false
BLK-2026-01675,TRL-AJJ-UP,ENG-2026-05183,ENG,,2026-03-18 03:00,318,2026-03-18 03:00,404,2026-03-18 03:08,2026-03-18 07:43,true,-129,none,ENG-STM-A,,clear,normal,false
BLK-2026-01676,BBQ-PER-UP_SUB,SNT-2026-00969;ENG-2026-04110;ENG-2026-05194,ENG;SNT,MG-2026-0230,2026-02-20 03:30,416,2026-02-20 03:15,524,2026-02-20 03:12,2026-02-20 10:54,true,-62,none,ENG-MAS-C,,clear,normal,true
BLK-2025-01677,PV-TBM-UP_SUB,SNT-2025-01207,SNT,,2025-12-05 01:15,124,2025-12-05 01:15,149,2025-12-05 01:31,2025-12-05 03:53,true,-7,none,SNT-TRL-A,,rain,monsoon,false
BLK-2025-01678,MBM-GI-UP,TRD-2025-01723,TRD,,2025-09-21 01:30,101,2025-09-21 01:30,117,2025-09-21 01:49,2025-09-21 03:13,true,-33,none,TRD-GPD-A,OHE-TC-04,clear,normal,false
BLK-2026-01679,AVD-TI-UP_SUB,SNT-2026-00947,SNT,,2026-09-03 00:15,77,2026-09-03 00:30,90,2026-09-03 00:35,2026-09-03 02:00,true,-5,none,SNT-STM-A,,clear,normal,false
BLK-2025-01680,PER-ABU-UP,ENG-2026-04269;ENG-2026-04800;ENG-2025-04179,ENG,MG-2025-0231,2025-10-31 03:00,561,2025-10-31 03:00,659,2025-10-31 03:19,2025-10-31 13:22,true,-56,none,ENG-TBM-A,,clear,monsoon,true
BLK-2026-01681,PV-TBM-UP_SUB,TRD-2026-01726,TRD,,2026-02-06 01:45,108,2026-02-06 01:45,125,2026-02-06 02:05,2026-02-06 03:49,true,-21,none,TRD-GPD-C,,clear,normal,false
BLK-2026-01682,TI-TRL-DN_SUB,ENG-2026-04881,ENG,,2026-08-11 11:15,87,2026-08-11 11:15,108,2026-08-11 11:23,2026-08-11 13:11,true,0,none,ENG-STM-A,,clear,normal,false
BLK-2026-01683,MS-MBM-DN,SNT-2026-00784,SNT,,2026-04-11 02:00,95,2026-04-11 02:00,116,,,false,,,SNT-TRL-A,,clear,normal,false
BLK-2026-01684,MSB-MS-UP_SUB,ENG-2026-04222,ENG,,2026-06-22 03:00,370,2026-06-22 03:00,434,2026-06-22 03:13,2026-06-22 10:18,true,-9,none,ENG-PER-C,,clear,normal,false
BLK-2025-01685,TRL-AJJ-DN_SUB,ENG-2025-05514,ENG,,2025-11-21 03:30,309,2025-11-21 03:30,366,,,false,,,ENG-PV-B,TAMP-SR-03,clear,monsoon,false
BLK-2025-01686,MSB-MS-DN,ENG-2025-04609,ENG,,2025-11-21 11:30,92,2025-11-21 11:45,113,2025-11-21 11:38,2025-11-21 13:32,true,1,none,ENG-TNP-A,,heavy_rain,monsoon,false
BLK-2026-01687,ENR-MJR-UP,SNT-2026-01410,SNT,,2026-06-20 00:45,120,2026-06-20 01:00,147,2026-06-20 01:12,2026-06-20 02:53,true,-46,none,SNT-MAS-A,,clear,normal,false
BLK-2026-01688,GI-STM-UP_SUB,ENG-2026-05383,ENG,,2026-05-26 02:45,235,2026-05-26 02:45,297,2026-05-26 02:52,2026-05-26 06:17,true,-92,none,ENG-AVD-C,,clear,normal,false
BLK-2026-01689,TI-TRL-UP_SUB,TRD-2026-01434,TRD,,2026-05-25 01:30,62,2026-05-25 01:30,77,2026-05-25 01:49,2026-05-25 02:44,true,-22,none,TRD-MAS-A,,clear,normal,false
BLK-2025-01690,AVD-TI-UP_SUB,ENG-2025-05952,ENG,,2025-12-15 03:45,386,2025-12-15 04:00,485,2025-12-15 04:15,2025-12-15 11:13,true,-67,none,ENG-TRL-B,,rain,monsoon,false
BLK-2026-01691,TNP-ENR-DN,SNT-2026-00685,SNT,,2026-03-15 00:30,53,2026-03-15 00:15,66,,,false,,,SNT-CGL-A,,clear,normal,false
BLK-2026-01692,ABU-AVD-DN_SUB,SNT-2025-00625,SNT,,2026-02-01 01:30,72,2026-02-01 01:15,85,2026-02-01 01:18,2026-02-01 02:38,true,-5,none,SNT-AJJ-A,,clear,normal,false
BLK-2026-01693,CGL-WJ-SINGLE,ENG-2025-06038,ENG,,2026-01-02 03:45,105,2026-01-02 03:30,126,2026-01-02 03:21,2026-01-02 05:28,true,1,none,ENG-GPD-C,USFD-SR-04,clear,normal,false
BLK-2025-01694,MAS-BBQ-UP_SUB,ENG-2025-04087,ENG,,2025-12-02 01:00,231,2025-12-02 01:00,269,2025-12-02 01:17,2025-12-02 05:59,true,13,material_delay,ENG-CGL-B,,rain,monsoon,false
BLK-2026-01695,PER-ABU-UP,ENG-2026-05220,ENG,,2026-04-09 02:30,341,2026-04-09 02:30,426,2026-04-09 02:37,2026-04-09 07:34,true,-129,none,ENG-ENR-A,,clear,normal,false
BLK-2026-01696,MS-MBM-DN,SNT-2026-00837,SNT,,2026-02-02 03:15,125,2026-02-02 03:15,149,,,false,,,SNT-PER-B,,clear,normal,false
BLK-2026-01697,PER-ABU-UP_SUB,TRD-2026-01003,TRD,,2026-03-12 03:45,79,2026-03-12 03:30,93,,,false,,,TRD-AJJ-A,OHE-TC-07,clear,normal,false
BLK-2025-01698,MSB-MS-UP_SUB,SNT-2025-00732,SNT,,2025-11-06 01:30,169,2025-11-06 01:45,198,2025-11-06 01:58,2025-11-06 05:14,true,-2,none,SNT-TNP-B,,rain,monsoon,false
BLK-2026-01699,AVD-TI-DN_SUB,SNT-2025-01123,SNT,,2026-01-06 01:00,51,2026-01-06 01:00,64,2026-01-06 01:02,2026-01-06 01:59,true,-7,none,SNT-TNP-A,,clear,normal,false
BLK-2026-01700,PER-ABU-DN_SUB,SNT-2026-01280,SNT,,2026-04-14 00:45,176,2026-04-14 00:45,218,,,false,,,SNT-MS-B,,rain,normal,false
BLK-2026-01701,MS-MBM-DN,ENG-2026-04532,ENG,,2026-05-28 00:30,169,2026-05-28 00:30,209,2026-05-28 00:36,2026-05-28 03:20,true,-45,none,ENG-MSB-B,TAMP-SR-03,clear,normal,false
BLK-2026-01702,TRL-AJJ-DN_SUB,ENG-2026-05960,ENG,,2026-05-11 00:00,367,2026-05-11 00:15,428,2026-05-11 00:32,2026-05-11 05:14,true,-146,none,ENG-TNP-C,,clear,normal,false
BLK-2025-01703,PER-ABU-UP_SUB,SNT-2025-01208;ENG-2025-04841;ENG-2026-04915,ENG;SNT,MG-2025-0232,2025-10-10 02:30,326,2025-10-10 02:15,400,2025-10-10 02:11,2025-10-10 09:28,true,37,weather,ENG-TNP-A,,clear,monsoon,true
BLK-2026-01704,CGL-WJ-SINGLE,ENG-2026-05040,ENG,,2026-06-21 01:15,183,2026-06-21 01:15,228,2026-06-21 01:24,2026-06-21 04:52,true,-20,none,ENG-PV-A,,rain,normal,false
BLK-2026-01705,STM-PV-DN_SUB,ENG-2026-05617,ENG,,2026-02-10 00:30,91,2026-02-10 00:30,107,,,false,,,ENG-MJR-C,USFD-SR-01,clear,normal,false
BLK-2026-01706,TNP-ENR-UP,ENG-2026-04614,ENG,,2026-04-18 03:45,146,2026-04-18 03:45,176,2026-04-18 03:59,2026-04-18 06:53,true,-2,none,ENG-TBM-B,BRM-SR-06,clear,normal,false
BLK-2026-01707,WJ-CJ-SINGLE,SNT-2026-00967,SNT,,2026-05-05 03:00,104,2026-05-05 03:00,129,2026-05-05 03:15,2026-05-05 05:26,true,2,none,SNT-TNP-A,,clear,normal,false
BLK-2026-01708,PER-ABU-UP,SNT-2026-00976,SNT,,2026-04-25 02:45,82,2026-04-25 02:45,101,2026-04-25 03:02,2026-04-25 04:28,true,-15,none,SNT-CJ-A,,clear,normal,false
BLK-2025-01709,MBM-GI-UP,ENG-2025-04320,ENG,,2025-12-24 02:00,346,2025-12-24 02:00,400,2025-12-24 02:12,2025-12-24 08:12,true,-40,none,ENG-MAS-C,,rain,monsoon,false
BLK-2026-01710,TRL-AJJ-DN_SUB,TRD-2026-01810,TRD,,2026-04-28 02:00,174,2026-04-28 02:00,216,2026-04-28 01:55,2026-04-28 04:00,true,-91,none,TRD-MAS-C,OHE-TC-07,clear,normal,false
BLK-2025-01711,TRL-AJJ-UP_SUB,TRD-2025-01287,TRD,,2025-11-26 03:30,140,2025-11-26 03:30,170,2025-11-26 03:47,2025-11-26 06:53,true,16,machine_late,TRD-MAS-C,OHE-TC-08,clear,monsoon,false
BLK-2026-01712,PV-TBM-UP_SUB,SNT-2026-01413,SNT,,2026-06-26 03:45,154,2026-06-26 04:00,184,,,false,,,SNT-ENR-B,,clear,normal,false
BLK-2026-01713,ENR-MJR-UP,ENG-2026-05266,ENG,,2026-05-09 02:15,260,2026-05-09 02:15,301,2026-05-09 02:28,2026-05-09 07:45,true,16,unexpected_condition,ENG-ABU-C,,rain,normal,false
BLK-2025-01714,MAS-BBQ-UP_SUB,ENG-2025-04049,ENG,,2025-12-02 02:00,199,2025-12-02 02:00,244,2025-12-02 02:09,2025-12-02 06:11,true,-2,none,ENG-ENR-B,TAMP-SR-07,rain,monsoon,false
BLK-2026-01715,MS-MBM-DN_SUB,ENG-2026-04065,ENG,,2026-07-31 02:00,353,2026-07-31 02:00,439,,,false,,,ENG-AJJ-C,,clear,normal,false
BLK-2025-01716,PON-GPD-UP,ENG-2025-05767,ENG,,2025-10-13 00:00,233,2025-10-12 23:45,295,2025-10-12 23:53,2025-10-13 04:36,true,-12,none,ENG-MS-B,TAMP-SR-03,clear,monsoon,false
BLK-2025-01717,CJ-TMLP-SINGLE,ENG-2025-04322,ENG,,2025-10-30 02:45,397,2025-10-30 02:45,478,2025-10-30 03:05,2025-10-30 09:11,true,-112,none,ENG-AVD-C,,rain,monsoon,false
BLK-2026-01718,TRL-AJJ-UP,ENG-2026-04385,ENG,,2026-05-20 02:00,258,2026-05-20 02:15,327,2026-05-20 02:14,2026-05-20 06:37,true,-64,none,ENG-GI-B,RGM-SR-01,clear,normal,false
BLK-2026-01719,MSB-MS-UP,SNT-2026-00815,SNT,,2026-07-14 03:30,219,2026-07-14 03:45,273,2026-07-14 03:59,2026-07-14 06:59,true,-93,none,SNT-GPD-B,,clear,normal,false
BLK-2025-01720,PER-ABU-DN_SUB,TRD-2025-01644,TRD,,2025-10-14 00:00,113,2025-10-14 00:15,138,,,false,,,TRD-AVD-A,OHE-TC-05,rain,monsoon,false
BLK-2026-01721,TI-TRL-UP_SUB,TRD-2026-01390,TRD,,2026-07-04 01:30,209,2026-07-04 01:30,255,,,false,,,TRD-MSB-B,OHE-TC-01,clear,normal,false
BLK-2026-01722,PV-TBM-DN,SNT-2026-00599,SNT,,2026-08-06 00:00,213,2026-08-06 00:00,264,2026-08-05 23:54,2026-08-06 03:58,true,-20,none,SNT-GI-B,,clear,normal,false
BLK-2026-01723,MJR-PON-UP,TRD-2026-01757,TRD,,2026-08-14 00:15,81,2026-08-14 00:15,94,,,false,,,TRD-AJJ-A,OHE-TC-03,clear,normal,false
BLK-2026-01724,TNP-ENR-DN,TRD-2026-01127,TRD,,2026-09-03 02:00,121,2026-09-03 02:00,152,,,false,,,TRD-GPD-B,OHE-TC-05,clear,normal,false
BLK-2025-01725,MSB-MS-UP,SNT-2025-00796,SNT,,2025-12-18 00:30,96,2025-12-18 00:15,111,2025-12-18 00:13,2025-12-18 01:58,true,-6,none,SNT-ENR-A,,clear,monsoon,false
BLK-2026-01726,TI-TRL-DN_SUB,TRD-2026-01740,TRD,,2026-09-04 00:45,117,2026-09-04 00:45,141,,,false,,,TRD-AJJ-A,OHE-TC-03,clear,normal,false
BLK-2026-01727,MAS-BBQ-UP_SUB,ENG-2026-05147,ENG,,2026-07-13 00:00,180,2026-07-12 23:45,213,2026-07-13 00:03,2026-07-13 03:21,true,-15,none,ENG-MSB-B,TAMP-SR-03,clear,normal,false
BLK-2026-01728,PON-GPD-DN,ENG-2026-05450,ENG,,2026-05-29 03:30,146,2026-05-29 03:30,179,,,false,,,ENG-MS-B,TAMP-SR-03,clear,normal,false
BLK-2026-01729,ABU-AVD-UP_SUB,TRD-2025-01130;TRD-2025-01309;ENG-2026-04182,ENG;TRD,MG-2026-0233,2026-07-22 03:15,260,2026-07-22 03:15,302,2026-07-22 03:05,2026-07-22 08:28,true,21,crew_short,ENG-AVD-C,,clear,normal,true
BLK-2026-01730,MSB-MS-DN_SUB,TRD-2026-01228;TRD-2026-01484;ENG-2025-05979,ENG;TRD,MG-2026-0234,2026-08-05 02:00,143,2026-08-05 01:45,180,2026-08-05 01:42,2026-08-05 04:24,true,-18,none,TRD-CGL-B,OHE-TC-08,clear,normal,true
BLK-2026-01731,ABU-AVD-DN_SUB,ENG-2026-04168,ENG,,2026-05-03 10:45,125,2026-05-03 10:45,150,2026-05-03 10:53,2026-05-03 13:32,true,9,none,ENG-GPD-A,,clear,normal,false
BLK-2026-01732,PER-ABU-DN_SUB,ENG-2026-04739,ENG,,2026-06-22 01:00,134,2026-06-22 01:15,164,2026-06-22 01:19,2026-06-22 03:39,true,-24,none,ENG-GI-C,USFD-SR-01,clear,normal,false
BLK-2026-01733,ABU-AVD-DN_SUB,TRD-2026-01514,TRD,,2026-03-16 03:15,129,2026-03-16 03:15,161,,,false,,,TRD-GI-B,OHE-TC-07,clear,normal,false
BLK-2026-01734,MSB-MS-UP_SUB,ENG-2026-04717,ENG,,2026-03-06 02:15,234,2026-03-06 02:00,294,2026-03-06 01:58,2026-03-06 06:10,true,-42,none,ENG-CGL-B,,clear,normal,false
BLK-2026-01735,PV-TBM-DN_SUB,ENG-2025-04859,ENG,,2026-01-14 02:30,170,2026-01-14 02:30,210,2026-01-14 02:50,2026-01-14 05:26,true,-54,none,ENG-GI-B,RGM-SR-01,clear,normal,false
BLK-2025-01736,WJ-CJ-SINGLE,ENG-2025-04752,ENG,,2025-11-19 03:00,206,2025-11-19 03:00,248,2025-11-19 02:59,2025-11-19 06:10,true,-57,none,ENG-AJJ-B,RGM-SR-01,clear,monsoon,false
BLK-2026-01737,TI-TRL-DN_SUB,SNT-2026-00528,SNT,,2026-07-22 02:45,95,2026-07-22 02:30,117,2026-07-22 02:48,2026-07-22 04:40,true,-5,none,SNT-CJ-A,,clear,normal,false
BLK-2026-01738,PON-GPD-UP,SNT-2026-00849,SNT,,2026-04-09 11:15,275,2026-04-09 11:15,327,2026-04-09 11:30,2026-04-09 16:04,true,-53,none,SNT-TNP-B,,rain,normal,false
BLK-2026-01739,TRL-AJJ-DN_SUB,ENG-2026-04348,ENG,,2026-04-11 03:30,164,2026-04-11 03:45,203,2026-04-11 03:44,2026-04-11 06:32,true,-35,none,ENG-MJR-C,USFD-SR-04,clear,normal,false
BLK-2026-01740,PER-ABU-UP,TRD-2026-01298,TRD,,2026-07-01 00:15,413,2026-07-01 00:15,523,2026-07-01 00:07,2026-07-01 06:33,true,-137,none,TRD-GI-B,OHE-TC-02,clear,normal,false
BLK-2026-01741,MSB-MS-UP_SUB,ENG-2026-05198,ENG,,2026-08-31 02:15,313,2026-08-31 02:30,390,,,false,,,ENG-TI-C,,clear,normal,false
BLK-2026-01742,WJ-CJ-SINGLE,ENG-2026-05441;TRD-2026-01533;ENG-2025-05511,ENG;TRD,MG-2026-0235,2026-06-30 01:45,199,2026-06-30 01:30,245,2026-06-30 01:23,2026-06-30 06:15,true,47,machine_late,TRD-TBM-B,OHE-TC-02,clear,normal,true
BLK-2026-01743,STM-PV-DN_SUB,ENG-2026-05672;TRD-2026-01048;ENG-2026-04634,ENG;TRD,MG-2026-0236,2026-03-14 00:15,441,2026-03-14 00:00,518,2026-03-14 00:17,2026-03-14 09:03,true,8,none,ENG-TI-C,,clear,normal,true
BLK-2026-01744,MJR-PON-DN,ENG-2025-04836,ENG,,2026-01-18 02:30,151,2026-01-18 02:15,177,2026-01-18 02:28,2026-01-18 05:20,true,-5,none,ENG-STM-B,RGM-SR-01,clear,normal,false
BLK-2025-01745,PON-GPD-UP,ENG-2025-04801,ENG,,2025-12-30 02:45,349,2025-12-30 02:30,422,2025-12-30 02:32,2025-12-30 08:39,true,-55,none,ENG-MAS-C,,clear,monsoon,false
BLK-2026-01746,MBM-GI-UP,TRD-2026-01035,TRD,,2026-02-14 02:45,114,2026-02-14 02:45,134,2026-02-14 02:47,2026-02-14 04:42,true,-19,none,TRD-MSB-A,OHE-TC-07,clear,normal,false
BLK-2026-01747,TRL-AJJ-UP_SUB,TRD-2026-01362,TRD,,2026-05-10 02:00,178,2026-05-10 02:00,223,2026-05-10 02:08,2026-05-10 05:14,true,-37,none,TRD-MSB-B,OHE-TC-04,clear,normal,false
BLK-2026-01748,TI-TRL-UP,TRD-2025-01112;ENG-2026-04275;TRD-2026-01143,ENG;TRD,MG-2026-0237,2026-04-01 00:45,409,2026-04-01 01:00,494,2026-04-01 01:11,2026-04-01 08:32,true,-53,none,ENG-TBM-A,,rain,normal,true
BLK-2026-01749,TI-TRL-DN_SUB,SNT-2026-00890,SNT,,2026-06-04 10:45,281,2026-06-04 10:45,358,2026-06-04 10:46,2026-06-04 15:18,true,-86,none,SNT-TRL-B,,clear,normal,false
BLK-2026-01750,BBQ-PER-DN_SUB,TRD-2026-01069,TRD,,2026-01-11 03:00,69,2026-01-11 03:15,81,2026-01-11 03:20,2026-01-11 04:36,true,-5,none,TRD-MAS-A,OHE-TC-03,clear,normal,false
BLK-2025-01751,PV-TBM-UP_SUB,ENG-2025-05322,ENG,,2025-10-11 02:00,509,2025-10-11 02:00,611,,,false,,,ENG-MAS-C,,clear,monsoon,false
BLK-2026-01752,MS-MBM-DN_SUB,TRD-2026-01371,TRD,,2026-05-29 03:00,104,2026-05-29 03:00,120,2026-05-29 03:06,2026-05-29 04:49,true,-17,none,TRD-TBM-A,OHE-TC-07,clear,normal,false
BLK-2026-01753,PV-TBM-UP,TRD-2026-01859,TRD,,2026-05-16 03:30,139,2026-05-16 03:15,162,2026-05-16 03:06,2026-05-16 05:39,true,-9,none,TRD-MSB-B,OHE-TC-05,clear,normal,false
BLK-2026-01754,PON-GPD-DN,ENG-2025-04494,ENG,,2026-01-04 03:15,409,2026-01-04 03:15,513,,,false,,,ENG-MAS-A,,clear,normal,false
BLK-2025-01755,BBQ-PER-UP_SUB,TRD-2025-01374,TRD,,2025-11-06 00:45,125,2025-11-06 00:45,151,2025-11-06 00:56,2025-11-06 03:19,true,-8,none,TRD-MSB-B,OHE-TC-02,rain,monsoon,false
BLK-2025-01756,PON-GPD-UP,ENG-2025-05780,ENG,,2025-10-07 03:30,417,2025-10-07 03:30,505,2025-10-07 03:32,2025-10-07 12:34,true,37,traffic_hold,ENG-CJ-B,,heavy_rain,monsoon,false
BLK-2026-01757,PV-TBM-DN,ENG-2026-05929,ENG,,2026-02-13 03:15,165,2026-02-13 03:30,196,2026-02-13 03:47,2026-02-13 06:45,true,-18,none,ENG-MJR-C,USFD-SR-04,clear,normal,false
BLK-2026-01758,TNP-ENR-DN,ENG-2026-04073,ENG,,2026-03-06 01:45,293,2026-03-06 01:45,348,2026-03-06 01:53,2026-03-06 07:11,true,-30,none,ENG-PER-A,,clear,normal,false
BLK-2025-01759,CJ-TMLP-SINGLE,ENG-2025-04088,ENG,,2025-10-15 00:30,271,2025-10-15 00:30,328,2025-10-15 00:34,2025-10-15 05:11,true,-51,none,ENG-GPD-A,,rain,monsoon,false
BLK-2026-01760,ENR-MJR-DN,TRD-2026-01721,TRD,,2026-08-23 01:00,137,2026-08-23 01:15,158,2026-08-23 01:16,2026-08-23 03:30,true,-24,none,TRD-GI-B,OHE-TC-01,clear,normal,false
BLK-2026-01761,MSB-MS-UP,ENG-2026-04963,ENG,,2026-02-05 01:30,392,2026-02-05 01:30,498,2026-02-05 01:40,2026-02-05 08:46,true,-72,none,ENG-AVD-B,,clear,normal,false
BLK-2026-01762,TRL-AJJ-DN,ENG-2026-05547,ENG,,2026-07-27 03:30,285,2026-07-27 03:30,350,2026-07-27 03:36,2026-07-27 08:06,true,-80,none,ENG-ABU-A,,clear,normal,false
BLK-2026-01763,STM-PV-UP_SUB,SNT-2026-01295,SNT,,2026-02-05 03:15,178,2026-02-05 03:15,218,2026-02-05 03:15,2026-02-05 06:24,true,-29,none,SNT-GPD-B,,clear,normal,false
BLK-2025-01764,CJ-TMLP-SINGLE,SNT-2025-00727,SNT,,2025-10-05 00:45,43,2025-10-05 01:00,54,2025-10-05 00:55,2025-10-05 01:39,true,-10,none,SNT-GI-A,,clear,monsoon,false
BLK-2025-01765,TNP-ENR-DN,ENG-2025-05240,ENG,,2025-10-17 03:30,169,2025-10-17 03:30,196,2025-10-17 03:29,2025-10-17 06:31,true,-14,none,ENG-MS-C,USFD-SR-01,rain,monsoon,false
BLK-2026-01766,MAS-BBQ-UP_SUB,SNT-2026-01487;ENG-2025-04902;ENG-2026-06029,ENG;SNT,MG-2026-0238,2026-07-18 00:00,357,2026-07-18 00:00,438,2026-07-17 23:59,2026-07-18 05:36,true,-101,none,ENG-CGL-B,,rain,normal,true
BLK-2026-01767,PV-TBM-UP_SUB,TRD-2026-01291,TRD,,2026-03-28 01:30,108,2026-03-28 01:45,127,2026-03-28 01:59,2026-03-28 03:57,true,-9,none,TRD-GPD-B,OHE-TC-01,clear,normal,false
BLK-2026-01768,PER-ABU-UP_SUB,TRD-2026-01482,TRD,,2026-04-05 00:15,74,2026-04-05 00:15,88,2026-04-05 00:20,2026-04-05 01:35,true,-13,none,TRD-ENR-B,,clear,normal,false
BLK-2026-01769,AVD-TI-UP_SUB,SNT-2026-01571;SNT-2025-00988;ENG-2026-05974,ENG;SNT,MG-2026-0239,2026-08-22 01:30,332,2026-08-22 01:30,387,2026-08-22 01:46,2026-08-22 10:21,true,128,traffic_hold,ENG-GPD-A,,clear,normal,true
BLK-2026-01770,PER-ABU-UP_SUB,TRD-2026-01038,TRD,,2026-02-26 02:00,167,2026-02-26 01:45,198,2026-02-26 02:05,2026-02-26 05:07,true,-16,none,TRD-GPD-A,OHE-TC-05,rain,normal,false
BLK-2025-01771,MAS-BBQ-DN_SUB,TRD-2025-01679,TRD,,2025-10-08 03:30,115,2025-10-08 03:30,143,2025-10-08 03:38,2025-10-08 06:02,true,1,none,TRD-AVD-C,OHE-TC-03,rain,monsoon,false
BLK-2026-01772,MJR-PON-DN,SNT-2026-00763,SNT,,2026-02-18 00:15,82,2026-02-18 00:30,97,2026-02-18 00:25,2026-02-18 02:04,true,2,none,SNT-CGL-A,,heavy_rain,normal,false
BLK-2025-01773,TRL-AJJ-DN_SUB,TRD-2025-01462;ENG-2026-04316;SNT-2025-01441,ENG;SNT;TRD,MG-2025-0240,2025-12-09 00:30,383,2025-12-09 00:45,465,2025-12-09 00:39,2025-12-09 08:40,true,16,material_delay,TRD-TBM-B,OHE-TC-07,heavy_rain,monsoon,true
BLK-2026-01774,BBQ-PER-UP_SUB,TRD-2025-01289,TRD,,2026-01-08 02:15,92,2026-01-08 02:15,108,2026-01-08 02:30,2026-01-08 04:25,true,7,none,TRD-GPD-A,OHE-TC-03,clear,normal,false
BLK-2025-01775,TI-TRL-DN_SUB,ENG-2025-05470,ENG,,2025-12-22 10:30,93,2025-12-22 10:15,116,2025-12-22 10:31,2025-12-22 12:05,true,-22,none,ENG-STM-A,,clear,monsoon,false
BLK-2026-01776,MJR-PON-UP,ENG-2026-04635,ENG,,2026-07-25 02:00,333,2026-07-25 02:00,393,2026-07-25 02:06,2026-07-25 08:03,true,-36,none,ENG-CJ-A,,rain,normal,false
BLK-2026-01777,PER-ABU-UP,SNT-2026-01024,SNT,,2026-05-09 01:15,117,2026-05-09 01:30,144,2026-05-09 01:48,2026-05-09 03:50,true,-22,none,SNT-TRL-A,,clear,normal,false
BLK-2026-01778,TNP-ENR-UP,ENG-2026-04894,ENG,,2026-05-26 00:00,245,2026-05-26 00:15,288,2026-05-26 00:11,2026-05-26 04:54,true,-5,none,ENG-AVD-C,,clear,normal,false
BLK-2026-01779,AVD-TI-UP,ENG-2026-04242,ENG,,2026-07-07 02:45,140,2026-07-07 02:30,162,2026-07-07 02:47,2026-07-07 05:12,true,-17,none,ENG-GPD-A,,clear,normal,false
BLK-2026-01780,ABU-AVD-DN,ENG-2026-05420,ENG,,2026-04-24 00:45,251,2026-04-24 01:00,304,2026-04-24 01:05,2026-04-24 04:24,true,-105,none,ENG-MBM-B,BCM-SR-01,heavy_rain,normal,false
BLK-2026-01781,TNP-ENR-DN,ENG-2026-05277,ENG,,2026-06-10 00:30,93,2026-06-10 00:30,113,2026-06-10 00:31,2026-06-10 02:02,true,-22,none,ENG-GPD-C,USFD-SR-01,clear,normal,false
BLK-2026-01782,STM-PV-UP_SUB,ENG-2026-04624,ENG,,2026-01-22 01:30,244,2026-01-22 01:45,291,2026-01-22 02:03,2026-01-22 04:59,true,-115,none,ENG-GPD-A,,clear,normal,false
BLK-2026-01783,MSB-MS-UP,ENG-2026-05099,ENG,,2026-06-03 02:30,317,2026-06-03 02:45,398,2026-06-03 02:56,2026-06-03 09:14,true,-20,none,ENG-MAS-C,,clear,normal,false
BLK-2026-01784,ABU-AVD-UP_SUB,TRD-2026-01452,TRD,,2026-05-29 01:00,172,2026-05-29 01:00,218,2026-05-29 00:51,2026-05-29 04:31,true,2,none,TRD-GPD-A,OHE-TC-05,clear,normal,false
BLK-2026-01785,MSB-MS-UP_SUB,SNT-2026-01523,SNT,,2026-05-28 01:30,85,2026-05-28 01:15,102,2026-05-28 01:15,2026-05-28 02:52,true,-5,none,SNT-GI-A,,heavy_rain,normal,false
BLK-2025-01786,TRL-AJJ-UP,ENG-2025-05756;SNT-2026-01146;ENG-2025-05391,ENG;SNT,MG-2025-0241,2025-10-11 03:45,600,2025-10-11 03:30,753,,,false,,,ENG-CGL-B,,clear,monsoon,true
BLK-2026-01787,PER-ABU-DN,ENG-2026-04578,ENG,,2026-03-09 03:15,379,2026-03-09 03:30,453,2026-03-09 03:39,2026-03-09 10:52,true,-20,none,ENG-TRL-A,,clear,normal,false
BLK-2026-01788,BBQ-PER-UP,ENG-2025-04191,ENG,,2026-01-03 02:30,295,2026-01-03 02:45,376,2026-01-03 03:02,2026-01-03 09:03,true,-15,none,ENG-PER-B,,clear,normal,false
BLK-2026-01789,TNP-ENR-UP,ENG-2026-05074,ENG,,2026-04-07 02:15,378,2026-04-07 02:15,456,2026-04-07 02:09,2026-04-07 08:19,true,-86,none,ENG-PER-C,,clear,normal,false
BLK-2026-01790,STM-PV-DN,ENG-2026-05827,ENG,,2026-04-12 01:00,168,2026-04-12 00:45,199,2026-04-12 00:57,2026-04-12 03:54,true,-22,none,ENG-MS-C,USFD-SR-04,clear,normal,false
BLK-2026-01791,TRL-AJJ-UP,SNT-2026-00986,SNT,,2026-01-11 01:15,61,2026-01-11 01:15,74,2026-01-11 01:13,2026-01-11 02:21,true,-6,none,SNT-TNP-A,,clear,normal,false
BLK-2025-01792,TI-TRL-UP_SUB,ENG-2025-04260,ENG,,2025-12-12 00:30,273,2025-12-12 00:30,337,2025-12-12 00:20,2025-12-12 04:50,true,-67,none,ENG-TNP-B,BCM-SR-01,rain,monsoon,false
BLK-2025-01793,CGL-WJ-SINGLE,SNT-2025-00642,SNT,,2025-12-01 01:45,213,2025-12-01 01:45,256,,,false,,,SNT-TNP-B,,heavy_rain,monsoon,false
BLK-2026-01794,TNP-ENR-DN,ENG-2026-05721,ENG,,2026-03-10 03:45,377,2026-03-10 03:45,457,2026-03-10 03:53,2026-03-10 12:08,true,38,weather,ENG-PV-A,,clear,normal,false
BLK-2025-01795,TI-TRL-DN,SNT-2026-00592;ENG-2026-04147;ENG-2025-05354,ENG;SNT,MG-2025-0242,2025-12-13 02:15,126,2025-12-13 02:15,152,2025-12-13 02:11,2025-12-13 04:44,true,1,none,ENG-MJR-C,USFD-SR-01,clear,monsoon,true
BLK-2025-01796,ABU-AVD-UP,ENG-2025-04648,ENG,,2025-10-19 01:15,244,2025-10-19 01:15,282,,,false,,,ENG-MS-B,RGM-SR-01,clear,monsoon,false
BLK-2026-01797,PER-ABU-UP,TRD-2026-01790;ENG-2025-05274;ENG-2026-04225,ENG;TRD,MG-2026-0243,2026-01-13 03:15,241,2026-01-13 03:30,284,2026-01-13 03:42,2026-01-13 09:08,true,42,unexpected_condition,ENG-GPD-A,,clear,normal,true
BLK-2026-01798,MS-MBM-DN_SUB,TRD-2026-01823,TRD,,2026-08-24 01:15,157,2026-08-24 01:30,182,2026-08-24 01:30,2026-08-24 05:02,true,30,material_delay,TRD-MAS-B,OHE-TC-05,clear,normal,false
BLK-2026-01799,STM-PV-DN,SNT-2026-00567,SNT,,2026-06-15 03:15,121,2026-06-15 03:30,150,2026-06-15 03:22,2026-06-15 05:38,true,-14,none,SNT-CJ-A,,clear,normal,false
BLK-2026-01800,TRL-AJJ-UP_SUB,TRD-2025-01479;TRD-2026-01744;TRD-2026-01404,TRD,MG-2026-0244,2026-05-22 00:00,374,2026-05-22 00:15,463,2026-05-22 00:24,2026-05-22 08:57,true,50,material_delay,TRD-TBM-B,OHE-TC-01,clear,normal,true
BLK-2026-01801,PV-TBM-DN,ENG-2026-04871,ENG,,2026-04-07 00:15,334,2026-04-07 00:30,419,,,false,,,ENG-AVD-C,,clear,normal,false
BLK-2026-01802,MJR-PON-UP,TRD-2026-01502,TRD,,2026-01-31 01:45,97,2026-01-31 02:00,121,2026-01-31 02:16,2026-01-31 04:02,true,-15,none,TRD-GPD-B,OHE-TC-03,clear,normal,false
BLK-2026-01803,TRL-AJJ-DN_SUB,SNT-2026-01181,SNT,,2026-05-06 03:00,72,2026-05-06 03:15,87,2026-05-06 03:11,2026-05-06 04:09,true,-29,none,SNT-ENR-A,,rain,normal,false
BLK-2025-01804,ABU-AVD-DN_SUB,SNT-2025-01211,SNT,,2025-12-14 03:30,111,2025-12-14 03:30,131,2025-12-14 03:31,2025-12-14 05:18,true,-24,none,SNT-CGL-A,,rain,monsoon,false
BLK-2026-01805,GI-STM-DN_SUB,SNT-2026-01557,SNT,,2026-06-01 00:45,50,2026-06-01 00:45,61,,,false,,,SNT-AVD-A,,clear,normal,false
BLK-2026-01806,TKO-AJJ-SINGLE,SNT-2025-01483;SNT-2025-01081;ENG-2025-05462,ENG;SNT,MG-2026-0245,2026-01-27 02:00,219,2026-01-27 02:00,262,2026-01-27 01:53,2026-01-27 07:21,true,66,weather,ENG-AVD-B,,heavy_rain,normal,true
BLK-2026-01807,PER-ABU-DN_SUB,ENG-2026-04290;ENG-2026-05012;TRD-2025-01047,ENG;TRD,MG-2026-0246,2026-05-29 01:45,147,2026-05-29 01:45,182,,,false,,,ENG-ENR-B,BRM-SR-02,clear,normal,true
BLK-2025-01808,MJR-PON-DN,ENG-2025-04292,ENG,,2025-11-04 11:15,128,2025-11-04 11:15,152,2025-11-04 11:31,2025-11-04 13:54,true,-9,none,ENG-MS-A,,heavy_rain,monsoon,false
BLK-2025-01809,MSB-MS-UP,ENG-2025-04545,ENG,,2025-11-28 10:45,86,2025-11-28 10:30,99,2025-11-28 10:29,2025-11-28 12:34,true,26,material_delay,ENG-PER-A,,rain,monsoon,false
BLK-2026-01810,TRL-AJJ-DN,TRD-2025-01719,TRD,,2026-01-10 01:00,101,2026-01-10 01:00,121,,,false,,,TRD-GI-A,OHE-TC-06,clear,normal,false
BLK-2026-01811,CGL-WJ-SINGLE,ENG-2025-05970,ENG,,2026-01-25 10:45,76,2026-01-25 10:30,90,2026-01-25 10:38,2026-01-25 11:57,true,-11,none,ENG-MSB-C,,clear,normal,false
BLK-2025-01812,MS-MBM-DN_SUB,SNT-2025-01545;SNT-2026-00609;TRD-2025-01313,SNT;TRD,MG-2025-0247,2025-09-20 01:30,187,2025-09-20 01:45,236,2025-09-20 02:02,2025-09-20 05:50,true,-8,none,SNT-TRL-B,,clear,normal,true
BLK-2026-01813,STM-PV-UP_SUB,ENG-2026-05639,ENG,,2026-07-12 02:45,211,2026-07-12 02:30,267,2026-07-12 02:35,2026-07-12 05:56,true,-66,none,ENG-PV-B,TAMP-SR-05,clear,normal,false
BLK-2026-01814,BBQ-TNP-UP,ENG-2026-06027,ENG,,2026-05-11 02:45,180,2026-05-11 02:45,227,2026-05-11 03:04,2026-05-11 07:11,true,20,weather,ENG-TBM-B,TAMP-SR-03,rain,normal,false
BLK-2025-01815,GI-STM-UP_SUB,SNT-2026-00532;ENG-2025-05513;SNT-2026-00604,ENG;SNT,MG-2025-0248,2025-10-19 02:15,402,2025-10-19 02:00,502,2025-10-19 01:59,2025-10-19 08:12,true,-129,none,ENG-ABU-A,,clear,monsoon,true
BLK-2025-01816,TRL-AJJ-DN,TRD-2026-01610;ENG-2025-05115;ENG-2026-04397,ENG;TRD,MG-2025-0249,2025-12-31 02:30,199,2025-12-31 02:15,252,2025-12-31 02:11,2025-12-31 06:27,true,4,none,ENG-MSB-A,,clear,monsoon,true
BLK-2026-01817,TI-TRL-UP_SUB,ENG-2026-05226,ENG,,2026-03-16 03:45,196,2026-03-16 04:00,227,2026-03-16 04:18,2026-03-16 07:44,true,-21,none,ENG-STM-B,TAMP-SR-07,clear,normal,false
BLK-2026-01818,TI-TRL-UP_SUB,SNT-2026-01291,SNT,,2026-08-11 01:45,123,2026-08-11 01:30,147,2026-08-11 01:23,2026-08-11 03:12,true,-38,none,SNT-AVD-B,,clear,normal,false
BLK-2026-01819,AVD-TI-DN_SUB,ENG-2026-05585,ENG,,2026-04-05 03:15,325,2026-04-05 03:15,382,2026-04-05 03:05,2026-04-05 08:12,true,-75,none,ENG-MS-B,TAMP-SR-03,rain,normal,false
BLK-2026-01820,MAS-BBQ-UP_SUB,ENG-2025-05673,ENG,,2026-01-03 00:30,196,2026-01-03 00:30,247,2026-01-03 00:22,2026-01-03 04:01,true,-28,none,ENG-GPD-B,TAMP-SR-03,clear,normal,false
BLK-2026-01821,PV-TBM-UP_SUB,ENG-2026-05404,ENG,,2026-08-10 02:45,412,2026-08-10 02:30,505,,,false,,,ENG-TRL-C,,clear,normal,false
BLK-2026-01822,TNP-ENR-UP,SNT-2026-01179,SNT,,2026-01-26 03:00,55,2026-01-26 02:45,67,2026-01-26 02:41,2026-01-26 03:48,true,0,none,SNT-CJ-A,,clear,normal,false
BLK-2026-01823,TI-TRL-UP,ENG-2026-05195;SNT-2026-01349;ENG-2026-04092,ENG;SNT,MG-2026-0250,2026-04-03 02:00,567,2026-04-03 02:00,664,2026-04-03 02:07,2026-04-03 14:53,true,102,crew_short,ENG-TI-C,,clear,normal,true
BLK-2026-01824,PON-GPD-DN,TRD-2025-01736;TRD-2026-01549;ENG-2026-05062,ENG;TRD,MG-2026-0251,2026-08-22 00:30,308,2026-08-22 00:30,363,2026-08-22 00:34,2026-08-22 05:08,true,-89,none,TRD-TBM-B,OHE-TC-01,clear,normal,true
BLK-2025-01825,TI-TRL-UP_SUB,ENG-2025-05378,ENG,,2025-12-18 00:45,170,2025-12-18 00:30,204,2025-12-18 00:21,2025-12-18 03:56,true,11,unexpected_condition,ENG-STM-B,BRM-SR-06,clear,monsoon,false
BLK-2026-01826,TI-TRL-DN_SUB,SNT-2026-00699,SNT,,2026-06-26 10:45,287,2026-06-26 10:45,339,2026-06-26 11:03,2026-06-26 15:30,true,-72,none,SNT-MSB-B,,clear,normal,false
BLK-2026-01827,PER-ABU-DN,ENG-2026-04682;SNT-2026-00960;ENG-2026-05160,ENG;SNT,MG-2026-0252,2026-08-31 01:45,430,2026-08-31 02:00,514,2026-08-31 02:20,2026-08-31 11:03,true,9,none,ENG-MJR-A,,clear,normal,true
BLK-2026-01828,TI-TRL-UP_SUB,SNT-2026-00575,SNT,,2026-06-23 01:15,48,2026-06-23 01:30,58,2026-06-23 01:39,2026-06-23 02:46,true,9,none,SNT-GI-A,,heavy_rain,normal,false
BLK-2026-01829,ABU-AVD-UP_SUB,ENG-2026-05924,ENG,,2026-03-14 00:30,176,2026-03-14 00:15,211,,,false,,,ENG-TNP-B,TAMP-SR-03,clear,normal,false
BLK-2026-01830,TRL-AJJ-DN_SUB,ENG-2026-04283,ENG,,2026-05-20 02:00,154,2026-05-20 02:15,191,2026-05-20 02:13,2026-05-20 05:22,true,-2,none,ENG-MSB-B,TAMP-SR-03,clear,normal,false
BLK-2026-01831,ENR-MJR-UP,TRD-2026-01636,TRD,,2026-07-27 03:15,113,2026-07-27 03:15,137,2026-07-27 03:21,2026-07-27 04:54,true,-44,none,TRD-GI-B,OHE-TC-04,rain,normal,false
BLK-2026-01832,TNP-ENR-UP,TRD-2026-01739,TRD,,2026-07-25 02:45,126,2026-07-25 02:30,155,2026-07-25 02:27,2026-07-25 04:23,true,-39,none,TRD-ENR-B,OHE-TC-02,clear,normal,false
BLK-2026-01833,TI-TRL-UP,ENG-2026-04508,ENG,,2026-08-20 00:30,363,2026-08-20 00:15,444,2026-08-20 00:15,2026-08-20 06:19,true,-80,none,ENG-TBM-A,,clear,normal,false
BLK-2026-01834,MJR-PON-DN,ENG-2026-04563,ENG,,2026-03-08 03:30,346,2026-03-08 03:30,419,,,false,,,ENG-MSB-B,TAMP-SR-03,rain,normal,false
BLK-2026-01835,ENR-MJR-UP,ENG-2026-05380,ENG,,2026-03-08 01:30,260,2026-03-08 01:30,333,,,false,,,ENG-AVD-B,,clear,normal,false
BLK-2026-01836,MAS-BBQ-UP_SUB,ENG-2025-05442,ENG,,2026-01-01 00:45,228,2026-01-01 00:45,273,2026-01-01 00:39,2026-01-01 05:48,true,36,material_delay,ENG-MSB-B,TAMP-SR-03,clear,normal,false
BLK-2026-01837,ABU-AVD-DN,SNT-2026-01302,SNT,,2026-01-11 00:15,121,2026-01-11 00:15,141,2026-01-11 00:18,2026-01-11 01:58,true,-41,none,SNT-TBM-A,,clear,normal,false
BLK-2025-01838,TI-TRL-UP_SUB,TRD-2025-01403;ENG-2025-04159;ENG-2026-04462,ENG;TRD,MG-2025-0253,2025-11-09 01:00,303,2025-11-09 01:00,355,2025-11-09 00:50,2025-11-09 04:49,true,-116,none,ENG-GPD-A,,clear,monsoon,true
BLK-2026-01839,TRL-AJJ-UP,SNT-2026-00984,SNT,,2026-05-09 03:45,257,2026-05-09 03:45,304,2026-05-09 03:59,2026-05-09 09:07,true,4,none,SNT-AJJ-B,,heavy_rain,normal,false
BLK-2025-01840,GI-STM-UP,SNT-2025-01153,SNT,,2025-11-20 02:45,125,2025-11-20 02:45,151,2025-11-20 02:42,2025-11-20 05:08,true,-5,none,SNT-AVD-B,,heavy_rain,monsoon,false
BLK-2026-01841,TRL-AJJ-DN,ENG-2026-05650;ENG-2025-05460;ENG-2026-05049,ENG,MG-2026-0254,2026-08-13 01:30,775,2026-08-13 01:30,939,2026-08-13 01:41,2026-08-13 12:00,true,-320,none,ENG-CJ-B,,clear,normal,true
BLK-2026-01842,GI-STM-UP,SNT-2026-00519,SNT,,2026-07-19 01:15,98,2026-07-19 01:15,114,2026-07-19 01:13,2026-07-19 02:58,true,-9,none,SNT-MAS-A,,clear,normal,false
BLK-2026-01843,MAS-BBQ-DN,ENG-2026-05297,ENG,,2026-02-09 03:30,360,2026-02-09 03:45,416,2026-02-09 03:38,2026-02-09 10:52,true,18,machine_late,ENG-GI-A,,clear,normal,false
BLK-2026-01844,PV-TBM-UP,TRD-2026-01224,TRD,,2026-07-08 02:45,333,2026-07-08 02:30,387,2026-07-08 02:30,2026-07-08 08:06,true,-51,none,TRD-AVD-C,OHE-TC-04,clear,normal,false
BLK-2026-01845,STM-PV-DN_SUB,ENG-2026-05085,ENG,,2026-01-28 11:15,74,2026-01-28 11:15,91,2026-01-28 11:24,2026-01-28 12:50,true,-5,none,ENG-TRL-B,,rain,normal,false
BLK-2025-01846,ABU-AVD-UP_SUB,ENG-2025-05712;SNT-2026-00552;SNT-2025-00923,ENG;SNT,MG-2025-0255,2025-12-22 01:00,137,2025-12-22 00:45,166,2025-12-22 00:52,2025-12-22 03:54,true,16,weather,ENG-TI-B,,heavy_rain,monsoon,true
BLK-2025-01847,TNP-ENR-DN,ENG-2025-04776,ENG,,2025-11-06 01:30,488,2025-11-06 01:30,580,2025-11-06 01:31,2025-11-06 12:45,true,94,weather,ENG-CGL-B,,heavy_rain,monsoon,false
BLK-2025-01848,STM-PV-DN,ENG-2025-04656,ENG,,2025-10-23 13:30,122,2025-10-23 13:30,142,,,false,,,ENG-TI-B,,heavy_rain,monsoon,false
BLK-2025-01849,PV-TBM-UP_SUB,TRD-2025-01022,TRD,,2025-12-26 03:45,286,2025-12-26 03:45,340,2025-12-26 03:48,2025-12-26 08:45,true,-43,none,TRD-GPD-C,,clear,monsoon,false
BLK-2026-01850,STM-PV-DN,TRD-2026-01213,TRD,,2026-07-04 00:15,122,2026-07-04 00:30,143,2026-07-04 00:26,2026-07-04 02:10,true,-39,none,TRD-AJJ-C,OHE-TC-07,clear,normal,false
BLK-2025-01851,TRL-AJJ-DN_SUB,ENG-2025-04627,ENG,,2025-11-14 03:30,171,2025-11-14 03:30,215,2025-11-14 03:20,2025-11-14 05:44,true,-71,none,ENG-MBM-B,BRM-SR-02,clear,monsoon,false
BLK-2026-01852,MJR-PON-DN,ENG-2026-05773,ENG,,2026-06-19 01:30,158,2026-06-19 01:15,194,2026-06-19 01:23,2026-06-19 04:17,true,-20,none,ENG-AVD-A,,clear,normal,false
BLK-2026-01853,MAS-BBQ-UP_SUB,ENG-2026-04337,ENG,,2026-05-21 02:00,247,2026-05-21 02:00,301,,,false,,,ENG-ABU-C,,clear,normal,false
BLK-2026-01854,TNP-ENR-UP,TRD-2026-01758;ENG-2025-05900;ENG-2026-05579,ENG;TRD,MG-2026-0256,2026-07-07 02:15,350,2026-07-07 02:15,423,2026-07-07 02:14,2026-07-07 08:50,true,-27,none,ENG-TI-C,,clear,normal,true
BLK-2026-01855,BBQ-PER-UP,TRD-2026-01310,TRD,,2026-05-17 00:45,96,2026-05-17 01:00,121,2026-05-17 01:19,2026-05-17 03:12,true,-8,none,TRD-GI-A,OHE-TC-03,clear,normal,false
BLK-2025-01856,TI-TRL-UP,ENG-2025-04579,ENG,,2025-10-07 02:00,368,2025-10-07 02:00,432,,,false,,,ENG-PER-C,,rain,monsoon,false
BLK-2026-01857,MAS-BBQ-UP_SUB,SNT-2026-01534;ENG-2025-05132;ENG-2026-05207,ENG;SNT,MG-2026-0257,2026-02-13 03:45,246,2026-02-13 04:00,307,2026-02-13 03:50,2026-02-13 10:14,true,77,weather,ENG-AJJ-C,,rain,normal,true
BLK-2026-01858,AVD-TI-DN,ENG-2026-05575,ENG,,2026-03-05 02:45,138,2026-03-05 03:00,164,2026-03-05 02:57,2026-03-05 05:03,true,-38,none,ENG-PV-B,RGM-SR-01,clear,normal,false
BLK-2026-01859,TRL-AJJ-UP,ENG-2026-04140,ENG,,2026-05-09 01:15,431,2026-05-09 01:00,521,2026-05-09 01:14,2026-05-09 10:01,true,6,none,ENG-PV-B,BCM-SR-01,clear,normal,false
BLK-2026-01860,BBQ-PER-DN,ENG-2026-05176,ENG,,2026-06-15 02:15,325,2026-06-15 02:30,395,2026-06-15 02:38,2026-06-15 06:40,true,-153,none,ENG-TBM-A,,clear,normal,false
BLK-2025-01861,TRL-AJJ-DN_SUB,TRD-2025-01082,TRD,,2025-12-12 00:00,51,2025-12-12 00:15,65,2025-12-12 00:30,2025-12-12 01:39,true,4,none,TRD-AJJ-A,,rain,monsoon,false
BLK-2026-01862,PV-TBM-UP_SUB,SNT-2026-01025,SNT,,2026-06-04 03:00,215,2026-06-04 02:45,269,2026-06-04 03:05,2026-06-04 06:37,true,-57,none,SNT-MSB-B,,clear,normal,false
BLK-2026-01863,MAS-BBQ-UP_SUB,SNT-2026-01130,SNT,,2026-07-19 01:00,256,2026-07-19 01:00,313,2026-07-19 01:11,2026-07-19 05:58,true,-26,none,SNT-PER-C,,clear,normal,false
BLK-2026-01864,ABU-AVD-DN,SNT-2026-01554,SNT,,2026-05-08 13:45,337,2026-05-08 13:30,419,2026-05-08 13:34,2026-05-08 18:32,true,-121,none,SNT-CJ-B,,clear,normal,false
BLK-2026-01865,WJ-CJ-SINGLE,ENG-2026-05925,ENG,,2026-02-11 03:00,321,2026-02-11 02:45,373,2026-02-11 03:04,2026-02-11 09:43,true,26,crew_short,ENG-AJJ-A,,clear,normal,false
BLK-2025-01866,MJR-PON-UP,TRD-2025-01448,TRD,,2025-10-18 01:30,49,2025-10-18 01:45,61,2025-10-18 02:01,2025-10-18 02:53,true,-9,none,TRD-AJJ-B,,clear,monsoon,false
BLK-2026-01867,ABU-AVD-UP_SUB,ENG-2026-04471,ENG,,2026-02-06 02:00,140,2026-02-06 02:00,171,2026-02-06 02:11,2026-02-06 04:13,true,-49,none,ENG-STM-B,TAMP-SR-05,clear,normal,false
BLK-2026-01868,MS-MBM-DN,SNT-2025-01258;ENG-2025-05591;TRD-2026-01158,ENG;SNT;TRD,MG-2026-0258,2026-06-20 00:45,165,2026-06-20 00:45,210,2026-06-20 00:44,2026-06-20 04:13,true,-1,none,TRD-AJJ-B,OHE-TC-04,rain,normal,true
BLK-2025-01869,TI-TRL-DN,ENG-2025-04370,ENG,,2025-12-10 11:30,98,2025-12-10 11:30,121,2025-12-10 11:47,2025-12-10 13:45,true,-3,none,ENG-ABU-A,,clear,monsoon,false
BLK-2025-01870,GI-STM-DN,TRD-2025-01508,TRD,,2025-10-29 01:30,140,2025-10-29 01:30,164,,,false,,,TRD-ENR-C,OHE-TC-01,heavy_rain,monsoon,false
BLK-2026-01871,ABU-AVD-UP_SUB,ENG-2026-04823,ENG,,2026-04-08 02:15,340,2026-04-08 02:15,432,2026-04-08 02:05,2026-04-08 06:50,true,-147,none,ENG-CGL-B,,clear,normal,false
BLK-2026-01872,TI-TRL-DN_SUB,TRD-2025-01769;TRD-2025-01812;ENG-2026-05716,ENG;TRD,MG-2026-0259,2026-07-13 00:00,429,2026-07-13 00:00,531,,,false,,,ENG-ABU-B,,clear,normal,true
BLK-2026-01873,MSB-MS-UP,ENG-2026-05028,ENG,,2026-06-15 11:00,136,2026-06-15 11:00,160,,,false,,,ENG-TBM-A,,clear,normal,false
BLK-2026-01874,MSB-MS-UP_SUB,ENG-2026-05871,ENG,,2026-03-16 00:15,143,2026-03-16 00:15,174,2026-03-16 00:15,2026-03-16 02:59,true,-10,none,ENG-MJR-B,TAMP-SR-05,clear,normal,false
BLK-2026-01875,PER-ABU-UP_SUB,SNT-2026-01406,SNT,,2026-03-22 01:00,94,2026-03-22 01:00,116,2026-03-22 01:00,2026-03-22 02:57,true,1,none,SNT-STM-A,,clear,normal,false
BLK-2026-01876,TRL-AJJ-DN_SUB,SNT-2026-01528,SNT,,2026-03-08 01:15,56,2026-03-08 01:15,65,2026-03-08 01:07,2026-03-08 01:47,true,-25,none,SNT-MSB-A,,clear,normal,false
BLK-2026-01877,AVD-TI-DN_SUB,ENG-2026-04407,ENG,,2026-08-30 10:45,70,2026-08-30 10:30,87,2026-08-30 10:37,2026-08-30 11:43,true,-21,none,ENG-TNP-A,,clear,normal,false
BLK-2025-01878,MS-MBM-DN_SUB,TRD-2025-01200,TRD,,2025-10-10 01:45,172,2025-10-10 01:45,212,2025-10-10 02:05,2025-10-10 05:39,true,2,none,TRD-ENR-C,OHE-TC-07,rain,monsoon,false
BLK-2025-01879,TRL-AJJ-UP,TRD-2025-01599,TRD,,2025-10-02 02:15,177,2025-10-02 02:15,226,2025-10-02 02:30,2025-10-02 07:29,true,73,weather,TRD-MSB-B,OHE-TC-04,heavy_rain,monsoon,false
BLK-2026-01880,PER-ABU-UP_SUB,TRD-2026-01235,TRD,,2026-06-08 03:00,130,2026-06-08 03:00,151,2026-06-08 02:58,2026-06-08 04:57,true,-32,none,TRD-GPD-B,OHE-TC-04,clear,normal,false
BLK-2025-01881,PER-ABU-UP_SUB,SNT-2025-01030,SNT,,2025-10-20 03:30,107,2025-10-20 03:30,135,2025-10-20 03:37,2025-10-20 05:08,true,-44,none,SNT-GPD-A,,rain,monsoon,false
BLK-2026-01882,MSB-MS-UP_SUB,ENG-2026-05382,ENG,,2026-08-10 00:00,138,2026-08-10 00:00,176,2026-08-10 00:20,2026-08-10 02:51,true,-25,none,ENG-AVD-B,,clear,normal,false
BLK-2025-01883,PER-ABU-UP_SUB,TRD-2025-01638,TRD,,2025-12-05 00:15,55,2025-12-05 00:15,70,2025-12-05 00:28,2025-12-05 01:22,true,-16,none,TRD-AVD-A,,clear,monsoon,false
BLK-2026-01884,BBQ-PER-UP_SUB,ENG-2025-05051,ENG,,2026-01-02 03:00,250,2026-01-02 03:15,294,2026-01-02 03:33,2026-01-02 09:04,true,37,crew_short,ENG-ENR-B,TAMP-SR-03,clear,normal,false
BLK-2026-01885,TRL-AJJ-UP,SNT-2026-00580;ENG-2026-04853;ENG-2025-04214,ENG;SNT,MG-2026-0260,2026-06-10 00:45,505,2026-06-10 00:45,638,2026-06-10 00:54,2026-06-10 07:03,true,-269,none,ENG-PER-A,,clear,normal,true
BLK-2025-01886,STM-PV-DN,TRD-2025-01268,TRD,,2025-11-22 02:00,200,2025-11-22 02:00,256,2025-11-22 02:02,2025-11-22 06:24,true,6,none,TRD-ENR-C,OHE-TC-08,rain,monsoon,false
BLK-2026-01887,CGL-WJ-SINGLE,SNT-2026-00744,SNT,,2026-02-05 01:30,105,2026-02-05 01:45,130,2026-02-05 02:00,2026-02-05 03:49,true,-21,none,SNT-PER-B,,rain,normal,false
BLK-2026-01888,ABU-AVD-UP_SUB,ENG-2026-05116,ENG,,2026-08-24 02:45,363,2026-08-24 02:30,456,2026-08-24 02:47,2026-08-24 07:55,true,-148,none,ENG-TI-C,,clear,normal,false
BLK-2026-01889,MJR-PON-DN,SNT-2026-00630,SNT,,2026-05-26 03:45,145,2026-05-26 03:30,181,2026-05-26 03:32,2026-05-26 06:15,true,-18,none,SNT-TRL-B,,rain,normal,false
BLK-2026-01890,STM-PV-DN,SNT-2026-00517,SNT,,2026-01-15 03:00,84,2026-01-15 03:00,107,,,false,,,SNT-PER-B,,clear,normal,false
BLK-2026-01891,AVD-TI-UP,SNT-2026-01433,SNT,,2026-06-29 00:45,37,2026-06-29 00:45,46,2026-06-29 00:51,2026-06-29 01:36,true,-1,none,SNT-GI-A,,clear,normal,false
BLK-2026-01892,MS-MBM-UP_SUB,TRD-2025-01227;SNT-2026-00750;TRD-2026-01111,SNT;TRD,MG-2026-0261,2026-08-01 00:15,316,2026-08-01 00:15,375,,,false,,,TRD-CGL-B,OHE-TC-04,clear,normal,true
BLK-2026-01893,MAS-BBQ-UP_SUB,SNT-2026-01073,SNT,,2026-05-24 03:30,168,2026-05-24 03:30,199,2026-05-24 03:32,2026-05-24 07:37,true,46,machine_late,SNT-CJ-B,,heavy_rain,normal,false
BLK-2026-01894,MSB-MS-UP,TRD-2026-01040,TRD,,2026-03-06 02:00,212,2026-03-06 02:00,256,2026-03-06 02:17,2026-03-06 05:41,true,-52,none,TRD-ENR-C,OHE-TC-01,clear,normal,false
BLK-2026-01895,MSB-MS-UP_SUB,SNT-2026-01237,SNT,,2026-06-18 01:45,181,2026-06-18 01:45,219,2026-06-18 01:47,2026-06-18 04:38,true,-48,none,SNT-CGL-B,,clear,normal,false
BLK-2026-01896,PV-TBM-UP_SUB,TRD-2026-01054,TRD,,2026-08-13 01:00,127,2026-08-13 01:00,146,2026-08-13 01:03,2026-08-13 02:54,true,-35,none,TRD-MAS-A,OHE-TC-07,clear,normal,false
BLK-2026-01897,MAS-BBQ-UP,SNT-2026-00862,SNT,,2026-02-06 01:00,89,2026-02-06 01:15,109,2026-02-06 01:35,2026-02-06 03:26,true,2,none,SNT-MSB-A,,clear,normal,false
BLK-2026-01898,CGL-WJ-SINGLE,SNT-2026-00810,SNT,,2026-03-15 00:45,42,2026-03-15 00:45,50,2026-03-15 00:38,2026-03-15 01:17,true,-11,none,SNT-PER-B,,clear,normal,false
BLK-2026-01899,WJ-CJ-SINGLE,ENG-2026-05143;ENG-2025-05769;TRD-2025-01190,ENG;TRD,MG-2026-0262,2026-03-19 10:00,141,2026-03-19 10:00,163,2026-03-19 10:14,2026-03-19 12:42,true,-15,none,ENG-ABU-A,,clear,normal,true
BLK-2026-01900,CGL-WJ-SINGLE,SNT-2026-00516,SNT,,2026-02-26 02:15,74,2026-02-26 02:00,90,2026-02-26 02:06,2026-02-26 03:30,true,-6,none,SNT-TNP-A,,clear,normal,false
BLK-2026-01901,TI-TRL-UP,ENG-2026-05826;TRD-2026-01809;ENG-2025-04155,ENG;TRD,MG-2026-0263,2026-01-30 00:00,379,2026-01-29 23:45,485,2026-01-30 00:03,2026-01-30 05:52,true,-136,none,ENG-PER-C,,clear,normal,true
BLK-2026-01902,TNP-ENR-DN,TRD-2026-01117,TRD,,2026-07-31 03:00,104,2026-07-31 03:00,131,2026-07-31 03:11,2026-07-31 05:14,true,-8,none,TRD-AVD-B,OHE-TC-04,clear,normal,false
BLK-2026-01903,GI-STM-DN_SUB,ENG-2026-05252,ENG,,2026-06-22 12:30,115,2026-06-22 12:15,135,2026-06-22 12:22,2026-06-22 15:00,true,23,weather,ENG-ABU-B,,heavy_rain,normal,false
BLK-2026-01904,ABU-AVD-UP_SUB,ENG-2026-04575,ENG,,2026-07-19 02:30,180,2026-07-19 02:30,210,2026-07-19 02:43,2026-07-19 06:28,true,15,material_delay,ENG-PV-B,TAMP-SR-05,clear,normal,false
BLK-2026-01905,TNP-ENR-UP,SNT-2026-01444,SNT,,2026-05-13 01:30,194,2026-05-13 01:15,238,2026-05-13 01:17,2026-05-13 05:09,true,-6,none,SNT-GPD-B,,clear,normal,false
BLK-2026-01906,TRL-AJJ-UP,SNT-2025-01245;SNT-2026-00527;ENG-2026-05352,ENG;SNT,MG-2026-0264,2026-08-19 01:45,698,2026-08-19 01:30,826,2026-08-19 01:37,2026-08-19 15:09,true,-14,none,ENG-CJ-B,,rain,normal,true
BLK-2026-01907,PON-GPD-DN,ENG-2026-05291,ENG,,2026-05-19 01:00,313,2026-05-19 01:15,388,2026-05-19 01:12,2026-05-19 07:47,true,7,none,ENG-TNP-A,,clear,normal,false
BLK-2025-01908,TRL-AJJ-UP,ENG-2025-04286,ENG,,2025-10-30 00:00,185,2025-10-29 23:45,229,2025-10-30 00:03,2025-10-30 03:20,true,-32,none,ENG-GI-B,TAMP-SR-05,heavy_rain,monsoon,false
BLK-2026-01909,BBQ-TNP-UP,TRD-2026-01361,TRD,,2026-01-31 00:00,70,2026-01-31 00:00,81,2026-01-31 00:03,2026-01-31 01:03,true,-21,none,TRD-CGL-A,OHE-TC-08,clear,normal,false
BLK-2026-01910,MJR-PON-UP,SNT-2026-01193,SNT,,2026-03-03 01:45,195,2026-03-03 02:00,236,,,false,,,SNT-CGL-B,,clear,normal,false
BLK-2026-01911,MAS-BBQ-UP_SUB,ENG-2026-04641,ENG,,2026-07-17 02:30,250,2026-07-17 02:15,289,2026-07-17 02:13,2026-07-17 07:31,true,29,traffic_hold,ENG-GPD-B,TAMP-SR-05,clear,normal,false
BLK-2026-01912,ABU-AVD-UP,ENG-2026-05830,ENG,,2026-04-18 01:45,105,2026-04-18 01:45,130,,,false,,,ENG-MBM-C,USFD-SR-01,clear,normal,false
BLK-2025-01913,PON-GPD-UP,ENG-2025-05377,ENG,,2025-09-17 00:45,269,2025-09-17 00:45,326,2025-09-17 00:45,2025-09-17 04:46,true,-85,none,ENG-CJ-B,,clear,normal,false
BLK-2026-01914,PV-TBM-DN,ENG-2026-05567,ENG,,2026-07-07 03:30,117,2026-07-07 03:30,139,2026-07-07 03:42,2026-07-07 06:09,true,8,none,ENG-GPD-C,USFD-SR-04,clear,normal,false
BLK-2026-01915,ENR-MJR-UP,TRD-2026-01139;SNT-2026-00916;SNT-2026-00615,SNT;TRD,MG-2026-0265,2026-06-09 10:30,238,2026-06-09 10:30,280,2026-06-09 10:35,2026-06-09 14:48,true,-27,none,SNT-CGL-B,,clear,normal,true
BLK-2026-01916,MAS-BBQ-DN,ENG-2026-05164;SNT-2025-00924;ENG-2026-04700,ENG;SNT,MG-2026-0266,2026-09-04 01:15,337,2026-09-04 01:15,429,2026-09-04 01:31,2026-09-04 08:26,true,-14,none,ENG-PER-C,,rain,normal,true
BLK-2026-01917,MJR-PON-UP,ENG-2026-05005;ENG-2026-05359;SNT-2026-01138,ENG;SNT,MG-2026-0267,2026-03-17 00:45,392,2026-03-17 00:45,488,2026-03-17 00:49,2026-03-17 09:36,true,39,unexpected_condition,ENG-PER-B,,clear,normal,true
BLK-2026-01918,TRL-AJJ-DN_SUB,SNT-2026-01355,SNT,,2026-08-17 03:00,94,2026-08-17 03:00,111,2026-08-17 03:14,2026-08-17 04:58,true,-7,none,SNT-MAS-A,,clear,normal,false
BLK-2026-01919,MAS-BBQ-UP,ENG-2026-05312;ENG-2026-05561;TRD-2026-01166,ENG;TRD,MG-2026-0268,2026-02-10 03:45,428,2026-02-10 03:45,500,2026-02-10 04:05,2026-02-10 11:38,true,-47,none,TRD-TBM-B,OHE-TC-06,clear,normal,true
BLK-2026-01920,TI-TRL-DN,ENG-2026-05106,ENG,,2026-06-13 11:30,82,2026-06-13 11:30,97,2026-06-13 11:35,2026-06-13 13:01,true,-11,none,ENG-GPD-A,,clear,normal,false
BLK-2026-01921,AVD-TI-UP,TRD-2026-01275,TRD,,2026-07-16 01:45,146,2026-07-16 02:00,185,2026-07-16 02:17,2026-07-16 05:01,true,-21,none,TRD-AJJ-C,OHE-TC-01,rain,normal,false
BLK-2026-01922,TRL-AJJ-UP,SNT-2026-01282,SNT,,2026-07-22 00:30,74,2026-07-22 00:30,93,2026-07-22 00:20,2026-07-22 01:36,true,-17,none,SNT-CJ-A,,clear,normal,false
BLK-2025-01923,TRL-AJJ-DN,ENG-2025-05521,ENG,,2025-10-29 03:15,417,2025-10-29 03:15,481,,,false,,,ENG-CJ-B,,rain,monsoon,false
BLK-2026-01924,PON-GPD-DN,ENG-2026-04978,ENG,,2026-05-23 11:00,69,2026-05-23 11:00,87,2026-05-23 11:06,2026-05-23 12:16,true,-17,none,ENG-GPD-C,,clear,normal,false
BLK-2025-01925,TRL-AJJ-DN,ENG-2025-05092,ENG,,2025-11-06 03:30,328,2025-11-06 03:30,392,2025-11-06 03:22,2025-11-06 09:45,true,-9,none,ENG-TI-C,,heavy_rain,monsoon,false
BLK-2026-01926,PV-TBM-DN_SUB,SNT-2025-01506,SNT,,2026-01-25 03:45,92,2026-01-25 04:00,110,,,false,,,SNT-MSB-A,,rain,normal,false
BLK-2026-01927,CGL-WJ-SINGLE,TRD-2026-01600,TRD,,2026-03-04 03:15,92,2026-03-04 03:15,110,,,false,,,TRD-MAS-B,OHE-TC-05,clear,normal,false
BLK-2026-01928,TRL-AJJ-DN,TRD-2026-01323,TRD,,2026-04-21 02:15,103,2026-04-21 02:00,123,2026-04-21 01:50,2026-04-21 04:08,true,15,traffic_hold,TRD-CGL-A,OHE-TC-05,rain,normal,false
BLK-2026-01929,MS-MBM-UP_SUB,ENG-2026-05785,ENG,,2026-06-24 02:45,252,2026-06-24 02:45,314,,,false,,,ENG-TNP-B,BCM-SR-01,clear,normal,false
BLK-2026-01930,TKO-AJJ-SINGLE,SNT-2026-01044,SNT,,2026-08-04 02:30,143,2026-08-04 02:45,177,2026-08-04 03:05,2026-08-04 05:48,true,-14,none,SNT-TNP-B,,rain,normal,false
BLK-2025-01931,PV-TBM-DN_SUB,ENG-2025-04460,ENG,,2025-10-22 00:15,164,2025-10-22 00:00,206,2025-10-22 00:05,2025-10-22 03:53,true,22,traffic_hold,ENG-MBM-A,,clear,monsoon,false
BLK-2026-01932,PER-ABU-UP_SUB,SNT-2026-00981,SNT,,2026-08-27 00:15,121,2026-08-27 00:30,146,2026-08-27 00:48,2026-08-27 03:18,true,4,none,SNT-AJJ-A,,clear,normal,false
BLK-2026-01933,PV-TBM-UP_SUB,ENG-2026-04296,ENG,,2026-06-30 03:00,132,2026-06-30 03:00,168,2026-06-30 03:15,2026-06-30 05:10,true,-53,none,ENG-AJJ-A,,clear,normal,false
BLK-2026-01934,ABU-AVD-DN,ENG-2026-04644,ENG,,2026-06-28 12:45,121,2026-06-28 12:45,148,,,false,,,ENG-AJJ-A,,clear,normal,false
BLK-2026-01935,BBQ-PER-UP_SUB,SNT-2026-01126,SNT,,2026-05-27 00:30,255,2026-05-27 00:30,300,2026-05-27 00:38,2026-05-27 05:23,true,-15,none,SNT-TRL-B,,clear,normal,false
BLK-2026-01936,BBQ-TNP-UP,SNT-2026-01345,SNT,,2026-07-28 00:00,56,2026-07-28 00:00,65,2026-07-28 00:13,2026-07-28 01:26,true,8,none,SNT-MS-A,,clear,normal,false
BLK-2026-01937,PV-TBM-UP,ENG-2026-05550,ENG,,2026-09-01 02:15,356,2026-09-01 02:15,417,2026-09-01 02:08,2026-09-01 07:03,true,-122,none,ENG-GPD-A,,clear,normal,false
BLK-2026-01938,MAS-BBQ-UP_SUB,ENG-2026-04557,ENG,,2026-02-08 00:30,189,2026-02-08 00:30,223,,,false,,,ENG-AJJ-B,TAMP-SR-05,clear,normal,false
BLK-2026-01939,MJR-PON-DN,TRD-2026-01576,TRD,,2026-03-16 00:15,96,2026-03-16 00:30,112,2026-03-16 00:27,2026-03-16 02:21,true,2,none,TRD-AJJ-A,OHE-TC-06,rain,normal,false
BLK-2026-01940,PV-TBM-UP_SUB,ENG-2025-04976,ENG,,2026-01-12 01:30,181,2026-01-12 01:45,209,2026-01-12 01:51,2026-01-12 04:55,true,-25,none,ENG-MJR-B,TAMP-SR-03,clear,normal,false
BLK-2025-01941,TRL-AJJ-DN,ENG-2025-05286,ENG,,2025-11-16 03:00,244,2025-11-16 03:00,291,2025-11-16 03:10,2025-11-16 07:38,true,-23,none,ENG-TNP-A,,clear,monsoon,false
BLK-2026-01942,PV-TBM-UP_SUB,SNT-2026-01043,SNT,,2026-03-18 02:15,214,2026-03-18 02:00,258,2026-03-18 02:07,2026-03-18 06:22,true,-3,none,SNT-AJJ-B,,clear,normal,false
BLK-2026-01943,MAS-BBQ-UP_SUB,SNT-2026-01233,SNT,,2026-03-17 02:00,60,2026-03-17 02:00,73,2026-03-17 02:03,2026-03-17 03:20,true,4,none,SNT-MS-A,,clear,normal,false
BLK-2025-01944,CGL-WJ-SINGLE,SNT-2025-00543,SNT,,2025-10-22 01:00,83,2025-10-22 01:00,100,,,false,,,SNT-MSB-A,,clear,monsoon,false
BLK-2025-01945,BBQ-PER-UP_SUB,ENG-2025-04205,ENG,,2025-12-19 03:00,224,2025-12-19 03:15,262,2025-12-19 03:14,2025-12-19 07:07,true,-29,none,ENG-MJR-B,TAMP-SR-03,clear,monsoon,false
BLK-2026-01946,PV-TBM-DN_SUB,TRD-2026-01230,TRD,,2026-06-26 01:15,426,2026-06-26 01:30,510,2026-06-26 01:38,2026-06-26 08:28,true,-100,none,TRD-AVD-C,OHE-TC-01,clear,normal,false
BLK-2025-01947,MAS-BBQ-UP_SUB,ENG-2025-05050,ENG,,2025-12-24 03:00,281,2025-12-24 02:45,339,2025-12-24 03:02,2025-12-24 07:54,true,-47,none,ENG-TI-C,,clear,monsoon,false
BLK-2025-01948,CGL-WJ-SINGLE,ENG-2025-05869,ENG,,2025-12-22 12:45,264,2025-12-22 12:45,307,2025-12-22 12:54,2025-12-22 17:45,true,-16,none,ENG-STM-C,,rain,monsoon,false
BLK-2025-01949,PER-ABU-DN,ENG-2025-04359,ENG,,2025-12-23 11:45,75,2025-12-23 11:30,94,2025-12-23 11:42,2025-12-23 13:02,true,-14,none,ENG-GI-C,,heavy_rain,monsoon,false
BLK-2025-01950,ABU-AVD-DN,TRD-2025-01655,TRD,,2025-10-23 02:00,140,2025-10-23 02:15,178,2025-10-23 02:06,2025-10-23 05:01,true,-3,none,TRD-ENR-A,OHE-TC-01,rain,monsoon,false
BLK-2026-01951,TRL-AJJ-UP,TRD-2026-01503,TRD,,2026-06-06 00:45,146,2026-06-06 01:00,170,2026-06-06 01:08,2026-06-06 04:12,true,14,weather,TRD-MAS-A,OHE-TC-06,rain,normal,false
BLK-2025-01952,TRL-AJJ-DN_SUB,SNT-2025-01015;TRD-2026-01321;ENG-2025-05648,ENG;SNT;TRD,MG-2025-0269,2025-11-13 13:30,129,2025-11-13 13:30,149,,,false,,,ENG-GPD-A,,clear,monsoon,true
BLK-2026-01953,TRL-AJJ-UP,ENG-2026-05973,ENG,,2026-08-21 00:45,135,2026-08-21 00:30,161,2026-08-21 00:33,2026-08-21 02:58,true,-16,none,ENG-MBM-C,USFD-SR-01,clear,normal,false
BLK-2026-01954,TRL-AJJ-UP_SUB,TRD-2026-01852,TRD,,2026-08-28 01:15,165,2026-08-28 01:00,200,2026-08-28 01:03,2026-08-28 04:43,true,20,crew_short,TRD-ENR-C,OHE-TC-02,clear,normal,false
BLK-2026-01955,MAS-BBQ-UP_SUB,ENG-2026-05257,ENG,,2026-03-19 00:15,319,2026-03-19 00:30,394,2026-03-19 00:25,2026-03-19 05:29,true,-90,none,ENG-CJ-B,,rain,normal,false
BLK-2025-01956,MSB-MS-DN,TRD-2025-01622,TRD,,2025-10-15 03:15,78,2025-10-15 03:00,99,,,false,,,TRD-MAS-B,OHE-TC-02,clear,monsoon,false
BLK-2026-01957,TRL-AJJ-UP,SNT-2026-01239,SNT,,2026-08-09 02:45,166,2026-08-09 02:45,191,,,false,,,SNT-GPD-B,,clear,normal,false
BLK-2025-01958,PV-TBM-UP,ENG-2025-04441,ENG,,2025-12-26 01:15,213,2025-12-26 01:30,249,2025-12-26 01:22,2025-12-26 04:33,true,-58,none,ENG-STM-B,RGM-SR-01,rain,monsoon,false
BLK-2026-01959,MBM-GI-UP_SUB,SNT-2026-01470,SNT,,2026-06-18 03:00,102,2026-06-18 02:45,127,2026-06-18 03:04,2026-06-18 05:26,true,15,crew_short,SNT-ENR-A,,heavy_rain,normal,false
BLK-2026-01960,MS-MBM-DN_SUB,TRD-2025-01438,TRD,,2026-01-01 00:00,157,2026-01-01 00:00,184,2026-01-01 00:00,2026-01-01 02:44,true,-20,none,TRD-MSB-A,OHE-TC-06,clear,normal,false
BLK-2025-01961,TRL-AJJ-UP_SUB,ENG-2025-04206;TRD-2026-01266;ENG-2025-05113,ENG;TRD,MG-2025-0270,2025-10-25 01:30,423,2025-10-25 01:30,491,2025-10-25 01:31,2025-10-25 09:06,true,-36,none,ENG-MJR-A,,clear,monsoon,true
BLK-2026-01962,TNP-ENR-DN,ENG-2026-04333,ENG,,2026-08-05 01:30,320,2026-08-05 01:30,378,2026-08-05 01:31,2026-08-05 07:27,true,-22,none,ENG-AVD-C,,clear,normal,false
BLK-2026-01963,PON-GPD-UP,TRD-2026-01603,TRD,,2026-05-26 03:15,178,2026-05-26 03:00,210,2026-05-26 03:20,2026-05-26 06:49,true,-1,none,TRD-GI-B,OHE-TC-04,clear,normal,false
BLK-2026-01964,PER-ABU-UP,ENG-2026-05708,ENG,,2026-08-06 01:30,276,2026-08-06 01:15,353,2026-08-06 01:25,2026-08-06 06:31,true,-47,none,ENG-MJR-B,BCM-SR-01,clear,normal,false
BLK-2026-01965,ABU-AVD-UP_SUB,ENG-2026-05025,ENG,,2026-05-31 01:45,172,2026-05-31 01:30,211,2026-05-31 01:50,2026-05-31 04:31,true,-50,none,ENG-MSB-B,RGM-SR-01,clear,normal,false
BLK-2026-01966,BBQ-PER-UP_SUB,TRD-2026-01223,TRD,,2026-06-30 03:15,134,2026-06-30 03:15,162,2026-06-30 03:06,2026-06-30 05:31,true,-17,none,TRD-CGL-B,OHE-TC-08,clear,normal,false
BLK-2026-01967,PER-ABU-DN_SUB,ENG-2026-05096,ENG,,2026-02-25 10:30,146,2026-02-25 10:30,185,2026-02-25 10:43,2026-02-25 13:37,true,-11,none,ENG-TI-A,,clear,normal,false
BLK-2026-01968,BBQ-PER-UP_SUB,SNT-2026-00540,SNT,,2026-08-09 03:45,226,2026-08-09 03:45,281,,,false,,,SNT-CJ-B,,clear,normal,false
BLK-2026-01969,CJ-TMLP-SINGLE,SNT-2026-01205,SNT,,2026-02-21 00:15,147,2026-02-21 00:15,186,2026-02-21 00:26,2026-02-21 03:19,true,-13,none,SNT-MSB-A,,clear,normal,false
BLK-2026-01970,STM-PV-DN_SUB,ENG-2026-04966;SNT-2026-01300;ENG-2026-04829,ENG;SNT,MG-2026-0271,2026-05-01 10:15,197,2026-05-01 10:15,249,2026-05-01 10:12,2026-05-01 14:57,true,36,crew_short,ENG-CGL-A,,clear,normal,true
BLK-2026-01971,MS-MBM-UP,TRD-2026-01772;SNT-2026-00691;ENG-2026-06048,ENG;SNT;TRD,MG-2026-0272,2026-06-08 03:00,103,2026-06-08 03:00,123,,,false,,,TRD-MAS-B,OHE-TC-02,clear,normal,true
BLK-2026-01972,TRL-AJJ-DN,TRD-2026-01411,TRD,,2026-01-09 00:15,119,2026-01-09 00:00,143,2026-01-09 00:00,2026-01-09 01:49,true,-34,none,TRD-GPD-A,OHE-TC-04,clear,normal,false
BLK-2026-01973,TI-TRL-UP,ENG-2025-04255,ENG,,2026-01-13 03:00,202,2026-01-13 03:00,240,2026-01-13 03:16,2026-01-13 06:43,true,-33,none,ENG-GPD-B,TAMP-SR-03,clear,normal,false
BLK-2025-01974,PON-GPD-UP,SNT-2025-01518,SNT,,2025-11-04 00:45,49,2025-11-04 00:45,60,2025-11-04 00:46,2025-11-04 01:47,true,1,none,SNT-TBM-A,,heavy_rain,monsoon,false
BLK-2025-01975,MSB-MS-UP_SUB,ENG-2025-06007,ENG,,2025-10-30 01:30,398,2025-10-30 01:30,468,2025-10-30 01:49,2025-10-30 08:20,true,-77,none,ENG-MAS-C,,clear,monsoon,false
BLK-2026-01976,ABU-AVD-UP_SUB,TRD-2026-01231,TRD,,2026-08-25 00:00,296,2026-08-25 00:00,369,2026-08-25 00:13,2026-08-25 04:24,true,-118,none,TRD-MSB-C,,clear,normal,false
BLK-2026-01977,MSB-MS-UP_SUB,SNT-2026-01400,SNT,,2026-08-06 01:15,176,2026-08-06 01:30,218,2026-08-06 01:43,2026-08-06 04:46,true,-35,none,SNT-CGL-B,,clear,normal,false
BLK-2025-01978,ABU-AVD-UP_SUB,ENG-2025-05003,ENG,,2025-09-27 01:30,338,2025-09-27 01:15,392,2025-09-27 01:10,2025-09-27 06:45,true,-57,none,ENG-AJJ-C,,clear,normal,false
BLK-2026-01979,PV-TBM-UP,ENG-2026-05893,ENG,,2026-02-20 03:00,366,2026-02-20 03:00,465,,,false,,,ENG-ABU-C,,rain,normal,false
BLK-2025-01980,PV-TBM-DN_SUB,SNT-2025-01379,SNT,,2025-12-18 11:45,213,2025-12-18 11:45,266,2025-12-18 11:37,2025-12-18 15:55,true,-8,none,SNT-TNP-B,,heavy_rain,monsoon,false
BLK-2025-01981,BBQ-PER-UP_SUB,SNT-2025-00758,SNT,,2025-09-24 02:15,63,2025-09-24 02:15,79,2025-09-24 02:24,2025-09-24 03:11,true,-32,none,SNT-MAS-B,,clear,normal,false
BLK-2026-01982,GI-STM-UP_SUB,SNT-2026-00510,SNT,,2026-08-01 02:45,88,2026-08-01 02:30,104,2026-08-01 02:40,2026-08-01 04:17,true,-7,none,SNT-AJJ-A,,clear,normal,false
BLK-2026-01983,BBQ-PER-UP_SUB,SNT-2026-01555,SNT,,2026-02-08 03:45,70,2026-02-08 04:00,85,2026-02-08 04:02,2026-02-08 05:38,true,11,weather,SNT-TRL-A,,rain,normal,false
BLK-2025-01984,PON-GPD-UP,ENG-2025-04432,ENG,,2025-12-31 01:30,289,2025-12-31 01:30,341,2025-12-31 01:26,2025-12-31 06:41,true,-26,none,ENG-AJJ-C,,clear,monsoon,false
BLK-2026-01985,TNP-ENR-DN,ENG-2025-05615,ENG,,2026-01-21 03:45,287,2026-01-21 03:45,362,2026-01-21 03:52,2026-01-21 08:47,true,-67,none,ENG-TNP-C,,clear,normal,false
BLK-2026-01986,PER-ABU-UP_SUB,TRD-2026-01753,TRD,,2026-02-26 02:30,196,2026-02-26 02:30,237,2026-02-26 02:33,2026-02-26 06:18,true,-12,none,TRD-TBM-B,OHE-TC-07,clear,normal,false
BLK-2026-01987,BBQ-PER-UP_SUB,SNT-2026-00885,SNT,,2026-07-01 00:15,62,2026-07-01 00:30,78,,,false,,,SNT-CGL-A,,clear,normal,false
BLK-2025-01988,BBQ-PER-UP_SUB,ENG-2025-05676,ENG,,2025-11-22 00:00,137,2025-11-22 00:00,165,2025-11-21 23:58,2025-11-22 02:32,true,-11,none,ENG-AJJ-A,,rain,monsoon,false
BLK-2026-01989,ENR-MJR-DN,ENG-2026-05584,ENG,,2026-03-05 02:45,180,2026-03-05 02:45,224,2026-03-05 03:03,2026-03-05 06:21,true,-26,none,ENG-STM-B,TAMP-SR-05,clear,normal,false
BLK-2026-01990,BBQ-TNP-DN,ENG-2026-04948,ENG,,2026-08-17 00:45,340,2026-08-17 01:00,425,,,false,,,ENG-ABU-C,,clear,normal,false
BLK-2025-01991,PER-ABU-UP_SUB,ENG-2025-05906,ENG,,2025-11-17 01:15,200,2025-11-17 01:15,246,2025-11-17 01:31,2025-11-17 04:27,true,-70,none,ENG-AJJ-B,TAMP-SR-07,clear,monsoon,false
BLK-2026-01992,MBM-GI-UP_SUB,SNT-2026-00827,SNT,,2026-07-02 12:45,289,2026-07-02 12:45,336,2026-07-02 13:03,2026-07-02 17:53,true,-46,none,SNT-TNP-B,,clear,normal,false
BLK-2025-01993,AVD-TI-UP,TRD-2025-01565,TRD,,2025-11-29 03:45,139,2025-11-29 03:30,175,2025-11-29 03:28,2025-11-29 05:43,true,-40,none,TRD-CGL-A,OHE-TC-01,rain,monsoon,false
BLK-2026-01994,BBQ-PER-UP,ENG-2025-05480,ENG,,2026-01-30 01:30,279,2026-01-30 01:30,342,2026-01-30 01:27,2026-01-30 06:35,true,-34,none,ENG-ABU-C,,clear,normal,false
BLK-2025-01995,MAS-BBQ-UP,SNT-2025-01552,SNT,,2025-10-30 10:45,262,2025-10-30 10:30,310,2025-10-30 10:38,2025-10-30 16:00,true,12,weather,SNT-GPD-B,,rain,monsoon,false
BLK-2026-01996,BBQ-TNP-UP,SNT-2026-01353,SNT,,2026-04-28 01:00,204,2026-04-28 01:00,244,2026-04-28 01:15,2026-04-28 04:45,true,-34,none,SNT-ENR-B,,clear,normal,false
BLK-2026-01997,BBQ-TNP-DN,TRD-2026-01513,TRD,,2026-07-05 01:30,108,2026-07-05 01:15,138,2026-07-05 01:15,2026-07-05 02:51,true,-42,none,TRD-CGL-A,OHE-TC-06,clear,normal,false
BLK-2026-01998,MSB-MS-UP,SNT-2026-01136,SNT,,2026-04-02 10:00,234,2026-04-02 10:00,274,2026-04-02 10:13,2026-04-02 13:58,true,-49,none,SNT-AJJ-B,,clear,normal,false
BLK-2026-01999,MSB-MS-UP_SUB,ENG-2026-04080,ENG,,2026-05-19 01:15,307,2026-05-19 01:30,367,2026-05-19 01:28,2026-05-19 06:46,true,-49,none,ENG-CJ-B,,clear,normal,false
BLK-2026-02000,PV-TBM-UP_SUB,TRD-2026-01089,TRD,,2026-06-07 00:15,381,2026-06-07 00:15,463,2026-06-07 00:23,2026-06-07 08:14,true,8,none,TRD-ENR-C,OHE-TC-01,clear,normal,false
BLK-2026-02001,MS-MBM-DN_SUB,ENG-2026-04611,ENG,,2026-06-25 02:30,256,2026-06-25 02:15,322,2026-06-25 02:15,2026-06-25 05:50,true,-107,none,ENG-MS-A,,clear,normal,false
BLK-2026-02002,TI-TRL-DN,ENG-2026-05971,ENG,,2026-02-27 02:15,354,2026-02-27 02:15,422,2026-02-27 02:24,2026-02-27 08:26,true,-60,none,ENG-CJ-B,,rain,normal,false
BLK-2026-02003,MSB-MS-UP_SUB,SNT-2026-00678,SNT,,2026-06-23 01:15,231,2026-06-23 01:30,279,2026-06-23 01:33,2026-06-23 06:08,true,-4,none,SNT-MS-B,,clear,normal,false
BLK-2025-02004,TNP-ENR-DN,SNT-2025-01054,SNT,,2025-11-25 00:15,114,2025-11-25 00:00,145,2025-11-24 23:50,2025-11-25 02:05,true,-10,none,SNT-AVD-B,,rain,monsoon,false
BLK-2025-02005,PER-ABU-UP_SUB,TRD-2025-01350,TRD,,2025-10-13 03:15,144,2025-10-13 03:15,180,2025-10-13 03:24,2025-10-13 06:03,true,-21,none,TRD-MAS-A,OHE-TC-06,rain,monsoon,false
BLK-2026-02006,CGL-WJ-SINGLE,TRD-2025-01253,TRD,,2026-01-07 01:15,366,2026-01-07 01:00,465,2026-01-07 01:17,2026-01-07 07:29,true,-93,none,TRD-CGL-B,OHE-TC-05,clear,normal,false
BLK-2026-02007,CJ-TMLP-SINGLE,SNT-2026-01167,SNT,,2026-06-20 00:00,95,2026-06-20 00:00,121,2026-06-20 00:11,2026-06-20 01:33,true,-39,none,SNT-TBM-A,,clear,normal,false
BLK-2026-02008,MSB-MS-UP,SNT-2026-01154,SNT,,2026-04-06 02:45,76,2026-04-06 02:45,94,2026-04-06 02:57,2026-04-06 04:05,true,-26,none,SNT-MSB-A,,clear,normal,false
BLK-2025-02009,AVD-TI-UP,ENG-2025-04637,ENG,,2025-11-16 00:00,192,2025-11-16 00:00,246,2025-11-16 00:02,2025-11-16 03:31,true,-37,none,ENG-PV-B,TAMP-SR-05,rain,monsoon,false
BLK-2026-02010,ABU-AVD-UP_SUB,ENG-2026-04148,ENG,,2026-04-26 02:00,141,2026-04-26 01:45,164,,,false,,,ENG-TBM-A,,clear,normal,false
BLK-2025-02011,TNP-ENR-DN,ENG-2025-05464,ENG,,2025-11-07 02:45,131,2025-11-07 02:45,156,,,false,,,ENG-STM-C,USFD-SR-04,clear,monsoon,false
BLK-2026-02012,AVD-TI-UP_SUB,SNT-2026-00682,SNT,,2026-02-20 03:30,227,2026-02-20 03:15,263,2026-02-20 03:09,2026-02-20 08:35,true,63,weather,SNT-MSB-B,,rain,normal,false
BLK-2025-02013,TNP-ENR-DN,TRD-2025-01751,TRD,,2025-10-04 00:30,257,2025-10-04 00:15,312,,,false,,,TRD-AVD-C,OHE-TC-05,heavy_rain,monsoon,false
BLK-2025-02014,MJR-PON-DN,ENG-2025-04353,ENG,,2025-11-16 02:45,395,2025-11-16 02:45,485,2025-11-16 03:02,2025-11-16 09:06,true,-121,none,ENG-TNP-C,,clear,monsoon,false
BLK-2026-02015,MAS-BBQ-DN_SUB,TRD-2026-01469,TRD,,2026-07-24 00:15,108,2026-07-24 00:00,130,2026-07-24 00:03,2026-07-24 02:03,true,-10,none,TRD-ENR-B,OHE-TC-06,clear,normal,false
BLK-2025-02016,MSB-MS-UP_SUB,ENG-2025-05923,ENG,,2025-10-24 01:30,244,2025-10-24 01:30,296,2025-10-24 01:50,2025-10-24 05:54,true,-52,none,ENG-STM-B,TAMP-SR-07,clear,monsoon,false
BLK-2026-02017,TNP-ENR-UP,ENG-2026-04832,ENG,,2026-03-16 03:15,97,2026-03-16 03:15,123,2026-03-16 03:25,2026-03-16 05:04,true,-24,none,ENG-ENR-C,USFD-SR-01,clear,normal,false
BLK-2025-02018,STM-PV-UP_SUB,SNT-2025-00974,SNT,,2025-10-18 02:45,119,2025-10-18 03:00,152,2025-10-18 02:53,2025-10-18 05:24,true,-1,none,SNT-AVD-B,,rain,monsoon,false
BLK-2025-02019,MSB-MS-DN_SUB,TRD-2025-01512,TRD,,2025-12-03 02:15,107,2025-12-03 02:30,132,2025-12-03 02:38,2025-12-03 04:27,true,-23,none,TRD-TBM-A,OHE-TC-05,clear,monsoon,false
BLK-2026-02020,AVD-TI-UP,ENG-2026-04160,ENG,,2026-05-14 03:45,385,2026-05-14 04:00,470,2026-05-14 03:58,2026-05-14 10:53,true,-55,none,ENG-ABU-A,,clear,normal,false
BLK-2025-02021,MS-MBM-DN_SUB,TRD-2025-01015,TRD,,2025-09-21 00:45,119,2025-09-21 01:00,140,2025-09-21 01:07,2025-09-21 03:15,true,-12,none,TRD-AVD-B,OHE-TC-06,clear,normal,false
BLK-2025-02022,BBQ-PER-UP_SUB,SNT-2025-01187,SNT,,2025-12-29 12:45,223,2025-12-29 13:00,278,2025-12-29 12:58,2025-12-29 17:23,true,-13,none,SNT-TRL-B,,heavy_rain,monsoon,false
BLK-2025-02023,TRL-AJJ-DN_SUB,TRD-2025-01793,TRD,,2025-09-21 01:15,168,2025-09-21 01:15,207,,,false,,,TRD-AVD-B,OHE-TC-05,clear,normal,false
BLK-2026-02024,MAS-BBQ-DN_SUB,ENG-2026-05857,ENG,,2026-06-05 01:30,326,2026-06-05 01:45,385,2026-06-05 01:51,2026-06-05 06:45,true,-91,none,ENG-GPD-A,,clear,normal,false
BLK-2026-02025,CJ-TMLP-SINGLE,SNT-2026-01484,SNT,,2026-09-02 11:45,242,2026-09-02 12:00,283,2026-09-02 12:00,2026-09-02 15:12,true,-91,none,SNT-MSB-B,,clear,normal,false
BLK-2026-02026,MBM-GI-UP_SUB,TRD-2026-01380,TRD,,2026-07-26 00:00,150,2026-07-26 00:00,186,2026-07-26 00:20,2026-07-26 03:06,true,-20,none,TRD-ENR-B,OHE-TC-01,clear,normal,false
BLK-2025-02027,TI-TRL-DN,ENG-2025-04564,ENG,,2025-11-02 03:15,147,2025-11-02 03:30,186,2025-11-02 03:29,2025-11-02 05:41,true,-54,none,ENG-PV-A,,clear,monsoon,false
BLK-2026-02028,TRL-AJJ-UP,SNT-2026-01386,SNT,,2026-04-03 02:45,73,2026-04-03 03:00,87,2026-04-03 02:55,2026-04-03 04:29,true,7,none,SNT-MAS-B,,clear,normal,false
BLK-2026-02029,TRL-AJJ-DN_SUB,TRD-2026-01582,TRD,,2026-03-20 00:45,291,2026-03-20 00:45,340,2026-03-20 00:49,2026-03-20 06:04,true,-25,none,TRD-TBM-B,OHE-TC-07,clear,normal,false
BLK-2026-02030,PV-TBM-UP_SUB,SNT-2026-01352,SNT,,2026-08-01 03:00,218,2026-08-01 03:00,260,2026-08-01 02:51,2026-08-01 06:32,true,-39,none,SNT-AJJ-B,,clear,normal,false
BLK-2026-02031,MSB-MS-UP_SUB,ENG-2026-04387,ENG,,2026-07-09 02:00,145,2026-07-09 02:00,173,2026-07-09 02:18,2026-07-09 04:31,true,-40,none,ENG-AJJ-B,BRM-SR-02,clear,normal,false
BLK-2026-02032,TRL-AJJ-DN,ENG-2026-05645,ENG,,2026-03-27 12:30,189,2026-03-27 12:30,236,2026-03-27 12:42,2026-03-27 16:13,true,-25,none,ENG-MBM-A,,clear,normal,false
BLK-2025-02033,MAS-BBQ-DN,SNT-2025-01087,SNT,,2025-11-01 13:15,250,2025-11-01 13:15,306,2025-11-01 13:06,2025-11-01 17:05,true,-67,none,SNT-CJ-B,,rain,monsoon,false
BLK-2026-02034,MAS-BBQ-UP_SUB,ENG-2026-05019,ENG,,2026-07-22 00:30,153,2026-07-22 00:45,184,2026-07-22 00:37,2026-07-22 03:36,true,-5,none,ENG-AJJ-B,TAMP-SR-07,clear,normal,false
BLK-2026-02035,AVD-TI-UP_SUB,TRD-2026-01643,TRD,,2026-04-03 02:00,144,2026-04-03 01:45,170,2026-04-03 01:59,2026-04-03 04:17,true,-32,none,TRD-MSB-A,OHE-TC-05,clear,normal,false
BLK-2025-02036,PON-GPD-DN,ENG-2025-04463,ENG,,2025-11-05 02:00,487,2025-11-05 02:00,594,2025-11-05 02:07,2025-11-05 11:59,true,-2,none,ENG-TI-C,,rain,monsoon,false
BLK-2026-02037,PER-ABU-DN,TRD-2026-01635,TRD,,2026-01-23 02:15,396,2026-01-23 02:30,482,2026-01-23 02:44,2026-01-23 11:54,true,68,machine_late,TRD-MAS-C,OHE-TC-05,clear,normal,false
BLK-2026-02038,MAS-BBQ-DN_SUB,TRD-2026-01319,TRD,,2026-03-28 00:45,126,2026-03-28 00:45,159,2026-03-28 00:57,2026-03-28 03:24,true,-12,none,TRD-GI-A,OHE-TC-08,clear,normal,false
BLK-2026-02039,TRL-AJJ-DN_SUB,ENG-2026-04741,ENG,,2026-02-18 02:45,382,2026-02-18 02:45,444,2026-02-18 02:53,2026-02-18 09:30,true,-47,none,ENG-MSB-A,,clear,normal,false
BLK-2026-02040,PV-TBM-DN,TRD-2026-01262,TRD,,2026-05-24 03:30,140,2026-05-24 03:30,162,2026-05-24 03:49,2026-05-24 06:05,true,-26,none,TRD-ENR-A,OHE-TC-07,clear,normal,false
BLK-2026-02041,ENR-MJR-DN,ENG-2026-05719,ENG,,2026-02-23 02:45,247,2026-02-23 02:30,287,2026-02-23 02:23,2026-02-23 07:14,true,4,none,ENG-TBM-B,TAMP-SR-03,clear,normal,false
BLK-2026-02042,ABU-AVD-DN_SUB,TRD-2026-01009,TRD,,2026-06-30 00:45,96,2026-06-30 01:00,119,2026-06-30 01:18,2026-06-30 03:34,true,17,unexpected_condition,TRD-TBM-A,OHE-TC-05,rain,normal,false
BLK-2025-02043,MSB-MS-UP_SUB,ENG-2025-05609,ENG,,2025-12-29 02:45,211,2025-12-29 03:00,260,2025-12-29 02:57,2025-12-29 07:05,true,-12,none,ENG-GPD-B,TAMP-SR-03,heavy_rain,monsoon,false
BLK-2025-02044,TRL-AJJ-UP_SUB,ENG-2025-04594,ENG,,2025-11-09 00:15,389,2025-11-09 00:00,449,,,false,,,ENG-AJJ-A,,heavy_rain,monsoon,false
BLK-2026-02045,STM-PV-DN,ENG-2026-04844,ENG,,2026-01-26 02:45,238,2026-01-26 02:45,299,2026-01-26 02:36,2026-01-26 06:55,true,-40,none,ENG-MAS-C,,clear,normal,false
BLK-2026-02046,ENR-MJR-UP,ENG-2026-04743,ENG,,2026-07-16 03:00,228,2026-07-16 03:00,268,2026-07-16 03:10,2026-07-16 07:27,true,-11,none,ENG-AVD-A,,clear,normal,false
BLK-2025-02047,MJR-PON-DN,SNT-2025-01077,SNT,,2025-11-20 02:00,55,2025-11-20 02:15,69,2025-11-20 02:09,2025-11-20 03:19,true,1,none,SNT-MS-A,,clear,monsoon,false
BLK-2026-02048,CGL-WJ-SINGLE,ENG-2026-04271,ENG,,2026-07-24 00:00,412,2026-07-23 23:45,482,2026-07-24 00:05,2026-07-24 06:26,true,-101,none,ENG-CGL-B,,rain,normal,false
BLK-2025-02049,MSB-MS-UP_SUB,ENG-2025-04667,ENG,,2025-10-07 03:45,402,2025-10-07 03:45,468,2025-10-07 03:39,2025-10-07 12:47,true,80,crew_short,ENG-CGL-B,,heavy_rain,monsoon,false
BLK-2025-02050,PER-ABU-UP,ENG-2025-04794,ENG,,2025-12-05 00:30,288,2025-12-05 00:30,353,2025-12-05 00:46,2025-12-05 05:48,true,-51,none,ENG-TI-B,,clear,monsoon,false
BLK-2026-02051,AVD-TI-UP_SUB,TRD-2026-01118;ENG-2026-05930;ENG-2026-05209,ENG;TRD,MG-2026-0273,2026-06-19 03:30,320,2026-06-19 03:30,398,2026-06-19 03:22,2026-06-19 10:18,true,18,crew_short,ENG-ABU-C,,clear,normal,true
BLK-2026-02052,PV-TBM-DN,ENG-2026-05747,ENG,,2026-05-12 00:30,401,2026-05-12 00:30,513,,,false,,,ENG-MAS-C,,rain,normal,false
BLK-2026-02053,MAS-BBQ-UP_SUB,SNT-2026-00523;ENG-2025-04183;SNT-2025-00635,ENG;SNT,MG-2026-0274,2026-01-17 03:15,371,2026-01-17 03:00,432,2026-01-17 03:15,2026-01-17 11:05,true,38,material_delay,ENG-PER-C,,clear,normal,true
BLK-2026-02054,PER-ABU-DN_SUB,ENG-2026-04119,ENG,,2026-03-17 11:00,119,2026-03-17 11:15,148,2026-03-17 11:11,2026-03-17 13:12,true,-27,none,ENG-TNP-A,,clear,normal,false
BLK-2026-02055,MJR-PON-DN,ENG-2026-04201,ENG,,2026-05-09 13:45,93,2026-05-09 13:45,109,2026-05-09 14:00,2026-05-09 15:57,true,8,none,ENG-ENR-C,,clear,normal,false
BLK-2026-02056,GI-STM-DN,SNT-2026-00852,SNT,,2026-02-19 13:15,207,2026-02-19 13:30,265,2026-02-19 13:41,2026-02-19 17:36,true,-30,none,SNT-GI-B,,clear,normal,false
BLK-2026-02057,TRL-AJJ-UP,ENG-2026-05344,ENG,,2026-07-28 03:00,160,2026-07-28 03:00,200,2026-07-28 02:59,2026-07-28 06:18,true,-1,none,ENG-GPD-C,USFD-SR-01,clear,normal,false
BLK-2026-02058,PER-ABU-DN,TRD-2026-01742,TRD,,2026-07-09 01:45,253,2026-07-09 02:00,320,,,false,,,TRD-GI-B,OHE-TC-03,clear,normal,false
BLK-2025-02059,GI-STM-UP,ENG-2025-05438,ENG,,2025-12-23 01:15,93,2025-12-23 01:15,116,2025-12-23 01:25,2025-12-23 02:46,true,-35,none,ENG-MS-B,BRM-SR-02,clear,monsoon,false
BLK-2026-02060,AVD-TI-DN,ENG-2025-04646,ENG,,2026-01-04 02:30,364,2026-01-04 02:30,434,2026-01-04 02:23,2026-01-04 08:18,true,-79,none,ENG-MAS-A,,clear,normal,false
BLK-2026-02061,MJR-PON-DN,SNT-2026-01399,SNT,,2026-06-18 01:30,83,2026-06-18 01:30,102,2026-06-18 01:35,2026-06-18 03:24,true,7,none,SNT-MS-A,,rain,normal,false
BLK-2026-02062,MBM-GI-DN,ENG-2026-05814,ENG,,2026-04-23 01:45,137,2026-04-23 01:45,173,2026-04-23 01:53,2026-04-23 03:43,true,-63,none,ENG-AJJ-B,RGM-SR-01,clear,normal,false
BLK-2026-02063,BBQ-PER-UP,ENG-2026-05781,ENG,,2026-06-27 03:00,383,2026-06-27 03:00,449,2026-06-27 02:54,2026-06-27 08:07,true,-136,none,ENG-MAS-A,,clear,normal,false
BLK-2026-02064,STM-PV-DN,ENG-2026-04629,ENG,,2026-03-24 02:30,289,2026-03-24 02:15,356,,,false,,,ENG-MS-A,,clear,normal,false
BLK-2026-02065,GI-STM-DN_SUB,ENG-2026-04805,ENG,,2026-03-05 00:30,187,2026-03-05 00:30,220,2026-03-05 00:41,2026-03-05 04:07,true,-14,none,ENG-CJ-B,,clear,normal,false
BLK-2026-02066,PV-TBM-UP_SUB,ENG-2026-05399,ENG,,2026-07-10 01:15,318,2026-07-10 01:15,391,2026-07-10 01:13,2026-07-10 06:40,true,-64,none,ENG-PER-C,,rain,normal,false
BLK-2026-02067,CJ-TMLP-SINGLE,ENG-2026-05825,ENG,,2026-03-30 00:15,167,2026-03-30 00:30,197,2026-03-30 00:47,2026-03-30 03:57,true,-7,none,ENG-MJR-B,BRM-SR-02,rain,normal,false
BLK-2025-02068,PV-TBM-UP_SUB,ENG-2025-04450,ENG,,2025-09-28 03:15,451,2025-09-28 03:15,572,2025-09-28 03:33,2025-09-28 11:52,true,-73,none,ENG-MAS-C,,clear,normal,false
BLK-2025-02069,MBM-GI-UP_SUB,SNT-2026-00541;TRD-2025-01829,SNT;TRD,MG-2025-0275,2025-10-08 02:00,100,2025-10-08 01:45,120,2025-10-08 01:50,2025-10-08 04:41,true,51,weather,TRD-GPD-A,OHE-TC-04,heavy_rain,monsoon,true
BLK-2026-02070,GI-STM-DN,ENG-2026-04657,ENG,,2026-08-02 11:30,201,2026-08-02 11:15,239,2026-08-02 11:12,2026-08-02 14:39,true,-32,none,ENG-STM-A,,clear,normal,false
BLK-2026-02071,MSB-MS-UP,SNT-2026-01465,SNT,,2026-05-03 00:15,41,2026-05-03 00:30,49,,,false,,,SNT-GI-A,,clear,normal,false
BLK-2026-02072,TNP-ENR-UP,ENG-2026-04869;ENG-2026-04967;SNT-2026-01293,ENG;SNT,MG-2026-0276,2026-05-26 03:45,332,2026-05-26 03:45,415,2026-05-26 04:03,2026-05-26 10:20,true,-38,none,ENG-AVD-C,,clear,normal,true
BLK-2026-02073,PER-ABU-UP_SUB,TRD-2026-01487,TRD,,2026-07-16 02:00,72,2026-07-16 01:45,90,2026-07-16 01:54,2026-07-16 03:04,true,-20,none,TRD-MAS-B,,clear,normal,false
BLK-2025-02074,PV-TBM-DN,TRD-2025-01394;ENG-2026-05938;ENG-2025-04649,ENG;TRD,MG-2025-0277,2025-11-29 01:00,405,2025-11-29 00:45,475,2025-11-29 01:04,2025-11-29 12:36,true,217,unexpected_condition,TRD-ENR-C,OHE-TC-04,rain,monsoon,true
BLK-2026-02075,PV-TBM-UP_SUB,ENG-2026-04595,ENG,,2026-02-12 03:45,274,2026-02-12 04:00,350,2026-02-12 03:53,2026-02-12 08:55,true,-48,none,ENG-CJ-B,,clear,normal,false
BLK-2025-02076,TKO-AJJ-SINGLE,ENG-2025-04505,ENG,,2025-10-31 12:45,299,2025-10-31 12:45,379,2025-10-31 12:49,2025-10-31 17:54,true,-74,none,ENG-GI-C,,clear,monsoon,false
BLK-2026-02077,PV-TBM-UP_SUB,TRD-2026-01372,TRD,,2026-02-12 01:30,83,2026-02-12 01:30,98,2026-02-12 01:24,2026-02-12 02:55,true,-7,none,TRD-ENR-A,OHE-TC-07,clear,normal,false
BLK-2026-02078,TRL-AJJ-DN_SUB,ENG-2025-05992,ENG,,2026-01-14 00:15,260,2026-01-14 00:30,322,,,false,,,ENG-GI-A,,clear,normal,false
BLK-2025-02079,STM-PV-DN_SUB,SNT-2025-01527,SNT,,2025-12-27 02:15,127,2025-12-27 02:15,156,2025-12-27 02:21,2025-12-27 05:20,true,23,machine_late,SNT-TBM-A,,heavy_rain,monsoon,false
BLK-2026-02080,MAS-BBQ-DN_SUB,TRD-2026-01107,TRD,,2026-02-15 03:00,86,2026-02-15 02:45,109,2026-02-15 02:42,2026-02-15 04:06,true,-25,none,TRD-AJJ-B,OHE-TC-04,clear,normal,false
BLK-2026-02081,CGL-WJ-SINGLE,ENG-2026-04058,ENG,,2026-05-05 03:30,229,2026-05-05 03:45,281,2026-05-05 04:04,2026-05-05 07:40,true,-65,none,ENG-PER-C,,clear,normal,false
BLK-2026-02082,TRL-AJJ-UP,TRD-2026-01220,TRD,,2026-01-28 00:45,99,2026-01-28 00:45,125,2026-01-28 01:05,2026-01-28 02:54,true,-16,none,TRD-GPD-A,OHE-TC-04,clear,normal,false
BLK-2026-02083,BBQ-TNP-UP,ENG-2026-04196,ENG,,2026-07-04 02:30,221,2026-07-04 02:45,255,,,false,,,ENG-PV-B,TAMP-SR-05,clear,normal,false
BLK-2026-02084,AVD-TI-DN_SUB,TRD-2026-01010,TRD,,2026-08-22 01:45,165,2026-08-22 01:45,190,2026-08-22 01:52,2026-08-22 05:20,true,18,machine_late,TRD-AVD-C,OHE-TC-01,clear,normal,false
BLK-2025-02085,TKO-AJJ-SINGLE,ENG-2025-04368,ENG,,2025-11-03 00:00,132,2025-11-02 23:45,160,2025-11-02 23:43,2025-11-03 02:25,true,2,none,ENG-PV-B,BRM-SR-06,heavy_rain,monsoon,false
BLK-2025-02086,TRL-AJJ-DN_SUB,SNT-2025-01512,SNT,,2025-10-21 03:45,208,2025-10-21 03:30,264,2025-10-21 03:50,2025-10-21 08:06,true,-8,none,SNT-ENR-B,,rain,monsoon,false
BLK-2026-02087,CGL-WJ-SINGLE,SNT-2026-00716,SNT,,2026-05-20 00:45,224,2026-05-20 01:00,265,2026-05-20 01:19,2026-05-20 05:10,true,-34,none,SNT-GPD-B,,clear,normal,false
BLK-2026-02088,TKO-AJJ-SINGLE,ENG-2025-05927;SNT-2026-00511;ENG-2026-05047,ENG;SNT,MG-2026-0278,2026-08-31 02:45,289,2026-08-31 02:30,361,2026-08-31 02:25,2026-08-31 08:38,true,12,material_delay,ENG-AVD-C,,clear,normal,true
BLK-2026-02089,TI-TRL-DN,TRD-2026-01306;ENG-2025-05965;TRD-2026-01311,ENG;TRD,MG-2026-0279,2026-04-09 00:00,237,2026-04-09 00:00,295,2026-04-08 23:53,2026-04-09 05:03,true,15,material_delay,TRD-GI-B,OHE-TC-02,clear,normal,true
BLK-2026-02090,MSB-MS-DN_SUB,ENG-2026-05453,ENG,,2026-03-19 01:30,159,2026-03-19 01:30,192,2026-03-19 01:50,2026-03-19 04:54,true,-8,none,ENG-ENR-C,USFD-SR-04,clear,normal,false
BLK-2026-02091,BBQ-TNP-UP,TRD-2026-01868,TRD,,2026-04-15 00:45,353,2026-04-15 00:45,414,,,false,,,TRD-MAS-C,OHE-TC-03,clear,normal,false
BLK-2025-02092,ABU-AVD-DN_SUB,SNT-2025-00558,SNT,,2025-11-30 00:15,33,2025-11-30 00:30,40,2025-11-30 00:27,2025-11-30 00:57,true,-10,none,SNT-CJ-A,,rain,monsoon,false
BLK-2025-02093,PV-TBM-UP_SUB,TRD-2025-01537,TRD,,2025-10-09 02:15,91,2025-10-09 02:15,108,2025-10-09 02:07,2025-10-09 03:32,true,-23,none,TRD-TBM-A,OHE-TC-07,clear,monsoon,false
BLK-2025-02094,BBQ-PER-UP,TRD-2025-01077,TRD,,2025-11-05 03:15,101,2025-11-05 03:30,121,2025-11-05 03:24,2025-11-05 04:52,true,-33,none,TRD-MAS-B,OHE-TC-02,clear,monsoon,false
BLK-2026-02095,ENR-MJR-DN,ENG-2026-04905;ENG-2026-05998;ENG-2026-05759,ENG,MG-2026-0280,2026-06-15 00:00,891,2026-06-15 00:00,1114,2026-06-15 00:17,2026-06-15 18:39,true,-12,none,ENG-STM-B,TAMP-SR-03,clear,normal,true
BLK-2025-02096,PER-ABU-DN_SUB,SNT-2025-01283,SNT,,2025-11-11 03:30,109,2025-11-11 03:30,136,2025-11-11 03:26,2025-11-11 05:28,true,-14,none,SNT-AVD-B,,heavy_rain,monsoon,false
BLK-2026-02097,MSB-MS-DN,ENG-2026-05273,ENG,,2026-02-10 01:15,312,2026-02-10 01:00,370,2026-02-10 00:54,2026-02-10 07:01,true,-3,none,ENG-CJ-A,,rain,normal,false
BLK-2026-02098,PER-ABU-DN_SUB,ENG-2026-05196,ENG,,2026-02-14 03:30,292,2026-02-14 03:45,371,2026-02-14 03:38,2026-02-14 07:40,true,-129,none,ENG-CJ-B,,clear,normal,false
BLK-2025-02099,AVD-TI-DN_SUB,SNT-2025-01041,SNT,,2025-12-24 03:30,123,2025-12-24 03:45,154,,,false,,,SNT-MS-A,,heavy_rain,monsoon,false
BLK-2026-02100,ABU-AVD-UP_SUB,SNT-2026-01192,SNT,,2026-03-19 01:45,103,2026-03-19 01:45,129,2026-03-19 01:58,2026-03-19 03:46,true,-21,none,SNT-PER-B,,clear,normal,false
BLK-2026-02101,TRL-AJJ-UP,ENG-2026-05294,ENG,,2026-06-06 01:45,340,2026-06-06 01:45,408,2026-06-06 01:59,2026-06-06 07:31,true,-76,none,ENG-CGL-B,,clear,normal,false
BLK-2025-02102,ABU-AVD-UP,SNT-2025-01519,SNT,,2025-09-29 00:45,83,2025-09-29 00:45,105,,,false,,,SNT-STM-A,,clear,normal,false
BLK-2026-02103,PON-GPD-DN,ENG-2026-04732,ENG,,2026-05-25 10:30,120,2026-05-25 10:45,153,2026-05-25 10:52,2026-05-25 12:36,true,-49,none,ENG-MBM-C,,clear,normal,false
BLK-2025-02104,PON-GPD-DN,TRD-2025-01545,TRD,,2025-09-14 00:00,284,2025-09-14 00:15,362,,,false,,,TRD-GI-B,OHE-TC-06,clear,normal,false
BLK-2025-02105,TRL-AJJ-DN_SUB,ENG-2026-04761;ENG-2025-05824;ENG-2026-05496,ENG,MG-2025-0281,2025-11-11 00:30,373,2025-11-11 00:30,476,2025-11-11 00:20,2025-11-11 08:17,true,1,none,ENG-TI-B,,heavy_rain,monsoon,true
BLK-2026-02106,PER-ABU-UP_SUB,TRD-2026-01387;SNT-2025-00994;ENG-2026-05216,ENG;SNT;TRD,MG-2026-0282,2026-06-06 02:30,401,2026-06-06 02:45,505,2026-06-06 02:50,2026-06-06 08:33,true,-162,none,ENG-ABU-C,,clear,normal,true
BLK-2025-02107,TRL-AJJ-DN,ENG-2025-04567,ENG,,2025-10-16 02:45,401,2025-10-16 02:45,499,2025-10-16 02:59,2025-10-16 09:30,true,-108,none,ENG-ENR-A,,rain,monsoon,false
BLK-2026-02108,PON-GPD-DN,ENG-2025-04547,ENG,,2026-01-02 01:45,309,2026-01-02 01:30,357,2026-01-02 01:49,2026-01-02 07:59,true,13,unexpected_condition,ENG-CGL-B,,clear,normal,false
BLK-2026-02109,PON-GPD-UP,ENG-2026-05272,ENG,,2026-04-12 12:45,172,2026-04-12 12:30,207,2026-04-12 12:36,2026-04-12 15:39,true,-24,none,ENG-ENR-A,,rain,normal,false
BLK-2026-02110,MSB-MS-UP_SUB,ENG-2026-05656,ENG,,2026-05-05 02:30,214,2026-05-05 02:30,257,2026-05-05 02:44,2026-05-05 06:45,true,-16,none,ENG-MAS-A,,clear,normal,false
BLK-2026-02111,TRL-AJJ-UP_SUB,SNT-2026-01389,SNT,,2026-06-20 03:15,84,2026-06-20 03:00,103,2026-06-20 03:08,2026-06-20 04:37,true,-14,none,SNT-PER-A,,clear,normal,false
BLK-2026-02112,TNP-ENR-DN,ENG-2026-05424,ENG,,2026-07-01 01:45,236,2026-07-01 01:45,288,,,false,,,ENG-MAS-A,,clear,normal,false
BLK-2026-02113,ENR-MJR-UP,ENG-2026-04314,ENG,,2026-03-27 01:45,245,2026-03-27 01:30,292,2026-03-27 01:43,2026-03-27 06:29,true,-6,none,ENG-MJR-B,TAMP-SR-05,clear,normal,false
BLK-2026-02114,TRL-AJJ-UP,TRD-2026-01468;ENG-2026-04724;ENG-2026-04439,ENG;TRD,MG-2026-0283,2026-07-28 00:15,479,2026-07-28 00:00,594,2026-07-28 00:01,2026-07-28 11:48,true,113,unexpected_condition,ENG-MAS-C,,clear,normal,true
BLK-2026-02115,MSB-MS-UP,TRD-2026-01730,TRD,,2026-07-06 00:45,123,2026-07-06 00:45,148,2026-07-06 00:46,2026-07-06 03:16,true,2,none,TRD-AJJ-A,OHE-TC-03,clear,normal,false
BLK-2026-02116,MSB-MS-UP,SNT-2026-00762,SNT,,2026-06-23 00:15,210,2026-06-23 00:15,254,2026-06-23 00:28,2026-06-23 04:03,true,-39,none,SNT-AJJ-B,,clear,normal,false
BLK-2025-02117,BBQ-PER-UP_SUB,SNT-2025-01365,SNT,,2025-11-03 01:45,180,2025-11-03 02:00,215,2025-11-03 01:50,2025-11-03 05:12,true,-13,none,SNT-AJJ-B,,clear,monsoon,false
BLK-2026-02118,TRL-AJJ-UP_SUB,TRD-2026-01861,TRD,,2026-05-18 03:00,85,2026-05-18 03:00,104,,,false,,,TRD-GI-A,OHE-TC-06,clear,normal,false
BLK-2026-02119,ABU-AVD-UP_SUB,ENG-2026-04321,ENG,,2026-07-03 00:15,181,2026-07-03 00:15,227,2026-07-03 00:11,2026-07-03 03:39,true,-19,none,ENG-CGL-A,,rain,normal,false
BLK-2025-02120,STM-PV-UP_SUB,TRD-2025-01057;ENG-2025-04995;TRD-2026-01781,ENG;TRD,MG-2025-0284,2025-09-13 01:15,192,2025-09-13 01:00,246,2025-09-13 01:11,2025-09-13 04:22,true,-55,none,TRD-TBM-B,OHE-TC-06,clear,normal,true
BLK-2025-02121,TRL-AJJ-UP,TRD-2025-01192,TRD,,2025-11-18 02:00,113,2025-11-18 02:00,139,2025-11-18 02:17,2025-11-18 04:10,true,-26,none,TRD-GPD-C,,clear,monsoon,false
BLK-2025-02122,MSB-MS-UP_SUB,ENG-2025-05045,ENG,,2025-09-26 01:30,378,2025-09-26 01:30,457,2025-09-26 01:47,2025-09-26 07:53,true,-91,none,ENG-MJR-A,,clear,normal,false
BLK-2025-02123,GI-STM-DN_SUB,TRD-2025-01254,TRD,,2025-10-13 01:15,149,2025-10-13 01:15,186,2025-10-13 01:13,2025-10-13 03:47,true,-32,none,TRD-MSB-A,OHE-TC-04,clear,monsoon,false
BLK-2026-02124,MSB-MS-UP_SUB,SNT-2026-00943,SNT,,2026-07-16 01:00,102,2026-07-16 01:15,126,2026-07-16 01:32,2026-07-16 03:46,true,8,none,SNT-MSB-A,,rain,normal,false
BLK-2026-02125,MBM-GI-UP,TRD-2026-01343,TRD,,2026-07-27 03:45,171,2026-07-27 03:45,216,2026-07-27 03:44,2026-07-27 07:05,true,-15,none,TRD-ENR-C,OHE-TC-01,clear,normal,false
BLK-2026-02126,TI-TRL-UP,ENG-2026-04380,ENG,,2026-08-07 03:00,322,2026-08-07 03:00,389,2026-08-07 03:02,2026-08-07 07:58,true,-93,none,ENG-AJJ-C,,clear,normal,false
BLK-2026-02127,BBQ-PER-DN_SUB,ENG-2026-05102,ENG,,2026-05-12 03:00,165,2026-05-12 03:15,193,2026-05-12 03:28,2026-05-12 07:05,true,24,unexpected_condition,ENG-GI-A,,clear,normal,false
BLK-2026-02128,MS-MBM-DN_SUB,ENG-2026-05083,ENG,,2026-08-18 03:00,213,2026-08-18 03:00,247,,,false,,,ENG-GI-B,RGM-SR-01,clear,normal,false
BLK-2026-02129,TI-TRL-DN,ENG-2026-05133,ENG,,2026-03-07 02:30,274,2026-03-07 02:30,318,2026-03-07 02:30,2026-03-07 08:18,true,30,machine_late,ENG-TI-C,,clear,normal,false
BLK-2026-02130,TI-TRL-DN,SNT-2026-00835,SNT,,2026-07-18 03:00,122,2026-07-18 03:15,143,,,false,,,SNT-AVD-A,,clear,normal,false
BLK-2026-02131,MSB-MS-UP_SUB,ENG-2026-05636,ENG,,2026-03-14 00:45,170,2026-03-14 01:00,196,2026-03-14 01:06,2026-03-14 05:26,true,64,crew_short,ENG-TBM-B,TAMP-SR-05,rain,normal,false
BLK-2026-02132,TRL-AJJ-DN,TRD-2026-01347;ENG-2026-04510;ENG-2026-04257,ENG;TRD,MG-2026-0285,2026-04-23 03:30,161,2026-04-23 03:15,202,2026-04-23 03:32,2026-04-23 06:12,true,-42,none,TRD-AJJ-C,OHE-TC-06,heavy_rain,normal,true
BLK-2026-02133,PV-TBM-UP_SUB,SNT-2026-00679,SNT,,2026-05-11 02:00,74,2026-05-11 02:00,93,2026-05-11 02:06,2026-05-11 03:26,true,-13,none,SNT-AVD-B,,clear,normal,false
BLK-2026-02134,AVD-TI-DN_SUB,ENG-2026-05059,ENG,,2026-09-03 03:15,427,2026-09-03 03:15,511,2026-09-03 03:14,2026-09-03 09:49,true,-116,none,ENG-PER-C,,clear,normal,false
BLK-2026-02135,TI-TRL-UP,ENG-2026-05249,ENG,,2026-02-06 03:45,195,2026-02-06 03:45,240,2026-02-06 03:59,2026-02-06 07:56,true,-3,none,ENG-MJR-B,TAMP-SR-03,clear,normal,false
BLK-2026-02136,MJR-PON-UP,ENG-2025-05946;TRD-2026-01041;ENG-2026-05854,ENG;TRD,MG-2026-0286,2026-06-18 02:00,247,2026-06-18 02:00,304,2026-06-18 02:04,2026-06-18 07:32,true,24,material_delay,ENG-STM-B,TAMP-SR-03,clear,normal,true
BLK-2026-02137,PER-ABU-DN,SNT-2026-01423,SNT,,2026-04-19 01:30,120,2026-04-19 01:30,144,2026-04-19 01:32,2026-04-19 03:56,true,0,none,SNT-MS-A,,clear,normal,false
BLK-2025-02138,PV-TBM-UP_SUB,ENG-2025-05227;ENG-2026-04399;ENG-2026-04677,ENG,MG-2025-0287,2025-10-09 02:15,359,2025-10-09 02:30,428,2025-10-09 02:44,2025-10-09 08:59,true,-53,none,ENG-TNP-C,,rain,monsoon,true
BLK-2026-02139,PV-TBM-DN_SUB,ENG-2026-04971,ENG,,2026-03-07 00:15,151,2026-03-07 00:30,192,2026-03-07 00:47,2026-03-07 03:06,true,-53,none,ENG-TBM-A,,clear,normal,false
BLK-2026-02140,GI-STM-DN,ENG-2026-04467,ENG,,2026-08-26 02:15,221,2026-08-26 02:15,271,2026-08-26 02:11,2026-08-26 06:22,true,-20,none,ENG-MJR-B,RGM-SR-01,clear,normal,false
BLK-2025-02141,MJR-PON-DN,ENG-2025-04771;SNT-2026-01151;ENG-2026-05070,ENG;SNT,MG-2025-0288,2025-09-23 00:15,232,2025-09-23 00:30,274,,,false,,,ENG-MBM-B,TAMP-SR-03,clear,normal,true
BLK-2026-02142,TI-TRL-DN_SUB,SNT-2026-00884,SNT,,2026-05-13 02:15,74,2026-05-13 02:15,85,2026-05-13 02:08,2026-05-13 03:40,true,7,none,SNT-TBM-A,,rain,normal,false
BLK-2025-02143,PON-GPD-DN,ENG-2025-05598,ENG,,2025-10-20 11:00,116,2025-10-20 11:00,143,,,false,,,ENG-MS-A,,clear,monsoon,false
BLK-2025-02144,BBQ-PER-DN,ENG-2025-04974,ENG,,2025-11-09 01:15,182,2025-11-09 01:15,223,2025-11-09 01:34,2025-11-09 04:40,true,-37,none,ENG-MSB-B,TAMP-SR-03,rain,monsoon,false
BLK-2025-02145,MS-MBM-UP,ENG-2025-04587,ENG,,2025-09-15 13:00,127,2025-09-15 13:15,150,,,false,,,ENG-CJ-A,,clear,normal,false
BLK-2025-02146,AVD-TI-DN_SUB,ENG-2025-05798,ENG,,2025-11-02 02:30,216,2025-11-02 02:30,252,2025-11-02 02:45,2025-11-02 07:14,true,17,weather,ENG-AVD-B,,clear,monsoon,false
BLK-2025-02147,ABU-AVD-UP,SNT-2025-01055,SNT,,2025-10-28 02:15,51,2025-10-28 02:30,59,2025-10-28 02:32,2025-10-28 03:32,true,1,none,SNT-ENR-A,,heavy_rain,monsoon,false
BLK-2026-02148,PER-ABU-UP,TRD-2026-01184,TRD,,2026-07-03 03:45,246,2026-07-03 03:45,313,2026-07-03 03:35,2026-07-03 07:12,true,-96,none,TRD-AVD-C,OHE-TC-04,clear,normal,false
BLK-2025-02149,PON-GPD-UP,ENG-2025-05057,ENG,,2025-11-12 01:00,225,2025-11-12 01:00,279,2025-11-12 00:53,2025-11-12 04:20,true,-72,none,ENG-TRL-C,,rain,monsoon,false
BLK-2025-02150,TRL-AJJ-UP,TRD-2025-01492,TRD,,2025-12-14 00:45,120,2025-12-14 01:00,141,2025-12-14 01:15,2025-12-14 03:34,true,-2,none,TRD-CGL-A,OHE-TC-08,heavy_rain,monsoon,false
BLK-2026-02151,GI-STM-UP,SNT-2026-00865,SNT,,2026-01-08 03:45,93,2026-01-08 04:00,109,2026-01-08 04:10,2026-01-08 05:17,true,-42,none,SNT-GPD-A,,clear,normal,false
BLK-2026-02152,TI-TRL-DN,SNT-2026-00719,SNT,,2026-04-14 02:15,88,2026-04-14 02:30,107,2026-04-14 02:21,2026-04-14 03:47,true,-21,none,SNT-TBM-A,,clear,normal,false
BLK-2026-02153,BBQ-PER-UP_SUB,ENG-2026-04704;TRD-2025-01272;TRD-2026-01326,ENG;TRD,MG-2026-0289,2026-02-21 01:45,148,2026-02-21 02:00,177,2026-02-21 02:13,2026-02-21 05:05,true,-5,none,ENG-ABU-B,,clear,normal,true
BLK-2026-02154,MAS-BBQ-UP,ENG-2026-05109;SNT-2025-00991,ENG;SNT,MG-2026-0290,2026-04-29 03:00,342,2026-04-29 03:15,412,2026-04-29 03:05,2026-04-29 13:08,true,191,machine_late,ENG-TNP-B,TAMP-SR-03,clear,normal,true
BLK-2025-02155,ABU-AVD-DN,ENG-2025-04336,ENG,,2025-09-20 02:30,373,2025-09-20 02:30,442,,,false,,,ENG-AJJ-A,,clear,normal,false
BLK-2026-02156,PV-TBM-UP_SUB,ENG-2026-04562,ENG,,2026-03-01 03:00,253,2026-03-01 03:00,313,2026-03-01 03:08,2026-03-01 07:03,true,-78,none,ENG-MAS-C,,clear,normal,false
BLK-2026-02157,TNP-ENR-DN,ENG-2026-05323,ENG,,2026-05-21 01:45,282,2026-05-21 02:00,347,2026-05-21 01:53,2026-05-21 07:49,true,9,none,ENG-AJJ-C,,clear,normal,false
BLK-2026-02158,PV-TBM-DN_SUB,SNT-2026-00564,SNT,,2026-03-13 13:30,315,2026-03-13 13:30,369,2026-03-13 13:44,2026-03-13 20:03,true,10,none,SNT-CJ-B,,clear,normal,false
BLK-2025-02159,MS-MBM-UP,SNT-2025-01256,SNT,,2025-12-03 03:15,71,2025-12-03 03:15,85,2025-12-03 03:11,2025-12-03 04:40,true,4,none,SNT-AVD-A,,rain,monsoon,false
BLK-2025-02160,TRL-AJJ-UP_SUB,ENG-2025-04164;TRD-2026-01263;TRD-2025-01579,ENG;TRD,MG-2025-0291,2025-10-21 03:30,280,2025-10-21 03:15,333,2025-10-21 03:10,2025-10-21 09:59,true,76,material_delay,ENG-MAS-B,,clear,monsoon,true
BLK-2026-02161,TRL-AJJ-DN_SUB,ENG-2026-04305;SNT-2026-01457;TRD-2026-01728,ENG;SNT;TRD,MG-2026-0292,2026-03-19 03:00,638,2026-03-19 03:15,792,2026-03-19 03:07,2026-03-19 15:16,true,-63,none,TRD-CGL-B,OHE-TC-04,clear,normal,true
BLK-2026-02162,PER-ABU-UP,ENG-2026-04211,ENG,,2026-03-22 00:30,259,2026-03-22 00:15,314,2026-03-22 00:17,2026-03-22 06:57,true,86,weather,ENG-MAS-C,,rain,normal,false
BLK-2026-02163,TRL-AJJ-UP,ENG-2026-04570,ENG,,2026-07-29 02:15,332,2026-07-29 02:15,386,,,false,,,ENG-MAS-C,,rain,normal,false
BLK-2026-02164,CGL-WJ-SINGLE,ENG-2026-05179,ENG,,2026-03-31 12:45,281,2026-03-31 12:30,324,2026-03-31 12:47,2026-03-31 18:34,true,23,machine_late,ENG-GPD-C,,clear,normal,false
BLK-2026-02165,MAS-BBQ-UP_SUB,ENG-2026-04216,ENG,,2026-07-26 00:30,400,2026-07-26 00:30,465,2026-07-26 00:47,2026-07-26 06:58,true,-94,none,ENG-TNP-C,,clear,normal,false
BLK-2026-02166,TI-TRL-DN,SNT-2026-01039,SNT,,2026-01-18 00:15,68,2026-01-18 00:00,82,,,false,,,SNT-MAS-A,,clear,normal,false
BLK-2025-02167,BBQ-TNP-UP,ENG-2025-04765,ENG,,2025-09-20 03:30,296,2025-09-20 03:30,349,2025-09-20 03:34,2025-09-20 08:41,true,-42,none,ENG-CJ-B,,clear,normal,false
BLK-2026-02168,AVD-TI-DN_SUB,ENG-2026-04699,ENG,,2026-02-28 02:00,238,2026-02-28 01:45,303,2026-02-28 01:52,2026-02-28 05:51,true,-64,none,ENG-CJ-A,,heavy_rain,normal,false
BLK-2025-02169,STM-PV-UP,TRD-2025-01267,TRD,,2025-12-25 00:00,120,2025-12-25 00:00,144,2025-12-25 00:19,2025-12-25 02:18,true,-25,none,TRD-AJJ-A,OHE-TC-04,rain,monsoon,false
BLK-2026-02170,BBQ-TNP-UP,SNT-2026-01105,SNT,,2026-06-15 00:15,99,2026-06-15 00:30,125,2026-06-15 00:32,2026-06-15 02:09,true,-28,none,SNT-TRL-A,,clear,normal,false
BLK-2026-02171,TI-TRL-UP,TRD-2026-01838,TRD,,2026-06-11 01:30,144,2026-06-11 01:15,167,2026-06-11 01:16,2026-06-11 04:32,true,29,crew_short,TRD-CGL-A,OHE-TC-02,rain,normal,false
BLK-2026-02172,MSB-MS-UP_SUB,ENG-2025-05829,ENG,,2026-01-20 03:00,113,2026-01-20 02:45,141,2026-01-20 02:59,2026-01-20 04:59,true,-21,none,ENG-ENR-C,USFD-SR-01,clear,normal,false
BLK-2026-02173,MS-MBM-UP_SUB,TRD-2026-01627,TRD,,2026-03-09 01:15,172,2026-03-09 01:30,204,2026-03-09 01:32,2026-03-09 04:52,true,-4,none,TRD-AJJ-A,OHE-TC-07,rain,normal,false
BLK-2026-02174,BBQ-TNP-UP,TRD-2026-01486,TRD,,2026-04-23 00:45,137,2026-04-23 00:45,165,2026-04-23 00:54,2026-04-23 03:34,true,-5,none,TRD-AJJ-A,OHE-TC-02,clear,normal,false
BLK-2026-02175,TI-TRL-UP,SNT-2026-00861,SNT,,2026-08-28 00:00,104,2026-08-28 00:00,127,2026-08-28 00:11,2026-08-28 01:53,true,-25,none,SNT-MAS-A,,clear,normal,false
BLK-2026-02176,MS-MBM-DN,SNT-2026-00598,SNT,,2026-07-04 02:45,92,2026-07-04 02:30,106,2026-07-04 02:47,2026-07-04 04:16,true,-17,none,SNT-MS-A,,clear,normal,false
BLK-2026-02177,MS-MBM-UP,SNT-2026-00839,SNT,,2026-04-05 03:15,67,2026-04-05 03:15,82,2026-04-05 03:24,2026-04-05 04:35,true,-11,none,SNT-MAS-A,,clear,normal,false
BLK-2026-02178,MS-MBM-DN_SUB,TRD-2026-01731,TRD,,2026-08-09 01:30,196,2026-08-09 01:45,240,2026-08-09 01:41,2026-08-09 06:08,true,27,traffic_hold,TRD-AJJ-C,OHE-TC-04,clear,normal,false
BLK-2026-02179,TRL-AJJ-UP,TRD-2026-01837,TRD,,2026-01-27 02:00,144,2026-01-27 02:00,175,2026-01-27 01:51,2026-01-27 04:38,true,-8,none,TRD-TBM-B,OHE-TC-04,clear,normal,false
BLK-2026-02180,MSB-MS-UP_SUB,ENG-2025-05933,ENG,,2026-01-08 03:30,204,2026-01-08 03:45,238,,,false,,,ENG-GI-B,TAMP-SR-05,clear,normal,false
BLK-2026-02181,MSB-MS-DN_SUB,ENG-2026-05082,ENG,,2026-01-30 02:30,336,2026-01-30 02:30,426,,,false,,,ENG-AVD-B,,rain,normal,false
BLK-2026-02182,PON-GPD-DN,ENG-2026-04403;TRD-2026-01018;ENG-2026-04294,ENG;TRD,MG-2026-0293,2026-03-21 03:15,243,2026-03-21 03:15,307,2026-03-21 03:22,2026-03-21 07:36,true,-53,none,ENG-TRL-B,,clear,normal,true
BLK-2025-02183,CGL-WJ-SINGLE,ENG-2025-05509,ENG,,2025-12-31 02:00,171,2025-12-31 01:45,200,2025-12-31 01:40,2025-12-31 05:01,true,1,none,ENG-AVD-A,,rain,monsoon,false
BLK-2026-02184,ABU-AVD-UP,TRD-2026-01029,TRD,,2026-06-03 03:45,127,2026-06-03 03:45,154,,,false,,,TRD-AVD-A,OHE-TC-02,clear,normal,false
BLK-2025-02185,BBQ-PER-UP_SUB,ENG-2025-04952;ENG-2025-04738,ENG,MG-2025-0294,2025-10-23 00:30,388,2025-10-23 00:45,490,,,false,,,ENG-MAS-C,,clear,monsoon,true
BLK-2026-02186,TNP-ENR-DN,SNT-2026-01124,SNT,,2026-07-26 00:30,57,2026-07-26 00:15,70,2026-07-26 00:18,2026-07-26 01:17,true,-11,none,SNT-MSB-A,,rain,normal,false
BLK-2026-02187,TNP-ENR-DN,SNT-2026-00504,SNT,,2026-02-10 01:30,96,2026-02-10 01:30,113,2026-02-10 01:29,2026-02-10 03:25,true,3,none,SNT-MSB-A,,rain,normal,false
BLK-2026-02188,TRL-AJJ-UP,ENG-2026-04549,ENG,,2026-02-01 01:45,205,2026-02-01 01:45,260,,,false,,,ENG-CGL-B,,clear,normal,false
BLK-2025-02189,CGL-WJ-SINGLE,SNT-2025-01391,SNT,,2025-11-20 02:00,115,2025-11-20 01:45,146,,,false,,,SNT-MSB-A,,clear,monsoon,false
BLK-2026-02190,STM-PV-DN_SUB,ENG-2026-05711;SNT-2026-00939;TRD-2026-01216,ENG;SNT;TRD,MG-2026-0295,2026-06-18 01:30,528,2026-06-18 01:30,641,2026-06-18 01:21,2026-06-18 13:36,true,94,unexpected_condition,ENG-PER-C,,clear,normal,true
BLK-2026-02191,PER-ABU-DN_SUB,SNT-2026-00841;ENG-2026-05103;TRD-2026-01813,ENG;SNT;TRD,MG-2026-0296,2026-08-04 03:15,262,2026-08-04 03:15,309,2026-08-04 03:09,2026-08-04 08:11,true,-7,none,ENG-TRL-C,,clear,normal,true
BLK-2026-02192,TI-TRL-UP,ENG-2026-05397,ENG,,2026-06-18 01:15,158,2026-06-18 01:30,187,2026-06-18 01:25,2026-06-18 03:57,true,-35,none,ENG-ENR-B,TAMP-SR-03,clear,normal,false
BLK-2026-02193,ABU-AVD-DN,SNT-2026-01415,SNT,,2026-07-05 01:45,94,2026-07-05 02:00,115,2026-07-05 02:10,2026-07-05 03:41,true,-24,none,SNT-GI-A,,clear,normal,false
BLK-2026-02194,TI-TRL-DN_SUB,ENG-2026-04680,ENG,,2026-06-30 01:15,228,2026-06-30 01:15,272,2026-06-30 01:20,2026-06-30 05:16,true,-36,none,ENG-GI-B,RGM-SR-01,clear,normal,false
BLK-2026-02195,TI-TRL-UP_SUB,TRD-2026-01334,TRD,,2026-08-11 01:15,75,2026-08-11 01:15,91,,,false,,,TRD-MAS-B,OHE-TC-06,clear,normal,false
BLK-2026-02196,MS-MBM-UP,ENG-2026-05068,ENG,,2026-03-27 00:15,143,2026-03-27 00:00,180,2026-03-27 00:02,2026-03-27 03:03,true,1,none,ENG-TNP-B,RGM-SR-01,rain,normal,false
BLK-2026-02197,PV-TBM-DN_SUB,ENG-2026-05685,ENG,,2026-08-29 02:45,422,2026-08-29 02:45,490,2026-08-29 02:40,2026-08-29 10:42,true,-8,none,ENG-MSB-A,,clear,normal,false
BLK-2026-02198,GI-STM-UP_SUB,ENG-2026-04768,ENG,,2026-05-20 01:15,169,2026-05-20 01:30,206,2026-05-20 01:31,2026-05-20 04:24,true,-33,none,ENG-MSB-C,USFD-SR-04,clear,normal,false
BLK-2025-02199,TRL-AJJ-DN,SNT-2025-00906,SNT,,2025-12-13 02:15,97,2025-12-13 02:15,119,2025-12-13 02:24,2025-12-13 04:00,true,-23,none,SNT-GI-A,,clear,monsoon,false
BLK-2026-02200,ABU-AVD-DN,ENG-2026-04306,ENG,,2026-09-03 01:00,264,2026-09-03 00:45,337,2026-09-03 01:02,2026-09-03 06:11,true,-28,none,ENG-ENR-A,,clear,normal,false
BLK-2025-02201,TI-TRL-UP,ENG-2025-05022;ENG-2026-04457;ENG-2025-05185,ENG,MG-2025-0297,2025-11-15 03:15,241,2025-11-15 03:00,298,2025-11-15 03:16,2025-11-15 07:27,true,-47,none,ENG-ENR-A,,clear,monsoon,true
BLK-2026-02202,ABU-AVD-UP_SUB,TRD-2026-01525,TRD,,2026-01-20 00:45,146,2026-01-20 00:30,183,2026-01-20 00:28,2026-01-20 02:32,true,-59,none,TRD-MSB-C,,clear,normal,false
BLK-2026-02203,TI-TRL-DN,ENG-2026-05731;ENG-2026-04770;ENG-2025-04482,ENG,MG-2026-0298,2026-07-15 01:45,276,2026-07-15 01:30,337,2026-07-15 01:46,2026-07-15 08:05,true,42,material_delay,ENG-AVD-A,,clear,normal,true
BLK-2026-02204,CGL-WJ-SINGLE,TRD-2026-01442,TRD,,2026-05-07 00:45,93,2026-05-07 00:45,113,,,false,,,TRD-MAS-B,OHE-TC-01,clear,normal,false
BLK-2026-02205,CGL-WJ-SINGLE,SNT-2026-00595;TRD-2026-01808;SNT-2025-01088,SNT;TRD,MG-2026-0299,2026-03-25 01:00,184,2026-03-25 01:00,216,2026-03-25 01:06,2026-03-25 05:04,true,22,crew_short,TRD-MSB-C,,clear,normal,true
BLK-2026-02206,PER-ABU-UP_SUB,ENG-2026-05625,ENG,,2026-07-12 01:15,243,2026-07-12 01:00,289,,,false,,,ENG-MSB-B,RGM-SR-01,clear,normal,false
BLK-2026-02207,STM-PV-DN,ENG-2026-04033,ENG,,2026-06-07 03:45,97,2026-06-07 03:45,119,2026-06-07 03:51,2026-06-07 05:41,true,-9,none,ENG-MBM-C,USFD-SR-04,clear,normal,false
BLK-2025-02208,TNP-ENR-UP,TRD-2025-01453,TRD,,2025-10-11 00:15,104,2025-10-11 00:15,131,2025-10-11 00:31,2025-10-11 02:36,true,-6,none,TRD-MAS-A,OHE-TC-05,clear,monsoon,false
BLK-2026-02209,MSB-MS-UP_SUB,SNT-2026-01526,SNT,,2026-06-11 02:00,62,2026-06-11 01:45,77,2026-06-11 01:51,2026-06-11 03:01,true,-7,none,SNT-PER-A,,clear,normal,false
BLK-2025-02210,TI-TRL-UP,ENG-2025-04274,ENG,,2025-10-13 01:00,404,2025-10-13 01:15,512,2025-10-13 01:27,2025-10-13 09:57,true,-2,none,ENG-TNP-C,,clear,monsoon,false
BLK-2025-02211,PV-TBM-DN_SUB,ENG-2025-04901,ENG,,2025-09-12 00:00,271,2025-09-12 00:00,331,2025-09-12 00:03,2025-09-12 05:15,true,-19,none,ENG-MSB-B,BCM-SR-01,clear,normal,false
BLK-2025-02212,MS-MBM-UP,TRD-2025-01177,TRD,,2025-10-07 03:30,203,2025-10-07 03:15,234,2025-10-07 03:08,2025-10-07 07:30,true,28,machine_late,TRD-GI-B,OHE-TC-04,clear,monsoon,false
BLK-2026-02213,MS-MBM-UP_SUB,TRD-2026-01659,TRD,,2026-08-19 00:00,84,2026-08-19 00:00,106,,,false,,,TRD-GI-A,OHE-TC-04,clear,normal,false
BLK-2025-02214,PV-TBM-DN,ENG-2025-05412,ENG,,2025-12-26 02:45,347,2025-12-26 03:00,435,2025-12-26 03:01,2025-12-26 09:35,true,-41,none,ENG-ABU-C,,rain,monsoon,false
BLK-2026-02215,ABU-AVD-UP_SUB,SNT-2025-01411,SNT,,2026-01-08 11:15,298,2026-01-08 11:15,373,2026-01-08 11:13,2026-01-08 15:18,true,-128,none,SNT-GPD-B,,clear,normal,false
BLK-2026-02216,PV-TBM-DN_SUB,ENG-2026-05681,ENG,,2026-01-22 03:45,231,2026-01-22 04:00,267,2026-01-22 04:09,2026-01-22 08:13,true,-23,none,ENG-TRL-A,,clear,normal,false
BLK-2026-02217,MAS-BBQ-UP_SUB,ENG-2026-05619,ENG,,2026-05-23 01:45,270,2026-05-23 01:45,324,2026-05-23 01:57,2026-05-23 06:41,true,-40,none,ENG-TNP-C,,heavy_rain,normal,false
BLK-2025-02218,PV-TBM-UP_SUB,SNT-2025-01407,SNT,,2025-10-25 01:30,44,2025-10-25 01:30,54,,,false,,,SNT-STM-A,,rain,monsoon,false
BLK-2026-02219,STM-PV-UP,ENG-2026-04304,ENG,,2026-03-17 11:15,80,2026-03-17 11:15,96,2026-03-17 11:06,2026-03-17 12:55,true,13,traffic_hold,ENG-ABU-A,,rain,normal,false
BLK-2026-02220,PV-TBM-UP_SUB,SNT-2026-01430,SNT,,2026-02-27 01:45,55,2026-02-27 02:00,64,2026-02-27 02:14,2026-02-27 03:18,true,0,none,SNT-MAS-B,,clear,normal,false
BLK-2026-02221,PON-GPD-UP,SNT-2026-01412,SNT,,2026-02-13 02:30,98,2026-02-13 02:30,113,,,false,,,SNT-STM-A,,clear,normal,false
BLK-2026-02222,CGL-WJ-SINGLE,ENG-2026-05421,ENG,,2026-02-13 03:30,131,2026-02-13 03:45,160,,,false,,,ENG-MS-C,USFD-SR-01,clear,normal,false
BLK-2025-02223,TRL-AJJ-UP,SNT-2025-00799,SNT,,2025-10-16 10:45,180,2025-10-16 10:30,228,2025-10-16 10:29,2025-10-16 13:35,true,-42,none,SNT-CGL-B,,clear,monsoon,false
BLK-2026-02224,MSB-MS-UP,SNT-2026-01106,SNT,,2026-04-17 02:00,94,2026-04-17 02:00,118,,,false,,,SNT-MAS-B,,clear,normal,false
BLK-2026-02225,MS-MBM-DN_SUB,ENG-2026-04098,ENG,,2026-05-26 03:15,166,2026-05-26 03:15,207,2026-05-26 03:35,2026-05-26 07:12,true,10,none,ENG-TBM-A,,clear,normal,false
BLK-2026-02226,STM-PV-UP_SUB,ENG-2026-04879,ENG,,2026-07-14 01:00,424,2026-07-14 01:00,532,2026-07-14 01:12,2026-07-14 07:55,true,-129,none,ENG-ABU-C,,clear,normal,false
BLK-2026-02227,ABU-AVD-UP,ENG-2026-05300,ENG,,2026-08-30 00:45,293,2026-08-30 01:00,347,2026-08-30 00:51,2026-08-30 06:16,true,-22,none,ENG-MS-B,BCM-SR-01,clear,normal,false
BLK-2026-02228,ENR-MJR-UP,SNT-2026-01313,SNT,,2026-04-17 02:30,107,2026-04-17 02:45,128,2026-04-17 02:43,2026-04-17 04:33,true,-18,none,SNT-GI-A,,clear,normal,false
BLK-2026-02229,MSB-MS-DN_SUB,TRD-2026-01606;SNT-2026-01177;ENG-2026-04636,ENG;SNT;TRD,MG-2026-0300,2026-04-20 02:45,300,2026-04-20 02:30,371,2026-04-20 02:20,2026-04-20 09:29,true,58,crew_short,ENG-MS-B,BCM-SR-01,clear,normal,true
BLK-2025-02230,TI-TRL-DN_SUB,ENG-2025-05296,ENG,,2025-12-29 01:00,227,2025-12-29 01:15,285,2025-12-29 01:21,2025-12-29 05:47,true,-19,none,ENG-ENR-B,RGM-SR-01,rain,monsoon,false
BLK-2026-02231,TNP-ENR-DN,ENG-2026-05148,ENG,,2026-07-20 03:15,382,2026-07-20 03:30,486,2026-07-20 03:39,2026-07-20 09:27,true,-138,none,ENG-MAS-A,,clear,normal,false
BLK-2026-02232,MJR-PON-DN,TRD-2026-01269,TRD,,2026-06-02 02:00,272,2026-06-02 01:45,337,2026-06-02 01:42,2026-06-02 06:36,true,-43,none,TRD-CGL-B,OHE-TC-03,heavy_rain,normal,false
BLK-2026-02233,WJ-CJ-SINGLE,SNT-2026-01348,SNT,,2026-06-21 02:00,110,2026-06-21 02:00,130,,,false,,,SNT-MSB-A,,rain,normal,false
BLK-2026-02234,MAS-BBQ-DN_SUB,TRD-2026-01152;SNT-2026-01075,SNT;TRD,MG-2026-0301,2026-07-04 00:45,351,2026-07-04 00:45,412,2026-07-04 00:46,2026-07-04 11:06,true,208,unexpected_condition,TRD-AJJ-C,OHE-TC-05,clear,normal,true
BLK-2026-02235,AVD-TI-UP,ENG-2026-05405,ENG,,2026-08-17 03:30,237,2026-08-17 03:30,301,2026-08-17 03:35,2026-08-17 08:43,true,7,none,ENG-ABU-B,,clear,normal,false
BLK-2025-02236,TI-TRL-UP_SUB,ENG-2025-05883;SNT-2026-00777,ENG;SNT,MG-2025-0302,2025-11-08 03:45,330,2025-11-08 03:45,412,,,false,,,ENG-CJ-B,,clear,monsoon,true
BLK-2025-02237,CGL-WJ-SINGLE,TRD-2025-01866,TRD,,2025-10-17 02:15,167,2025-10-17 02:15,197,2025-10-17 02:15,2025-10-17 04:46,true,-46,none,TRD-GI-B,OHE-TC-03,clear,monsoon,false
BLK-2025-02238,CGL-WJ-SINGLE,TRD-2026-01573;ENG-2025-04907;SNT-2025-01000,ENG;SNT;TRD,MG-2025-0303,2025-11-12 03:15,443,2025-11-12 03:15,555,,,false,,,ENG-MAS-C,,rain,monsoon,true
BLK-2026-02239,TRL-AJJ-UP,ENG-2025-05936,ENG,,2026-01-03 03:00,118,2026-01-03 03:15,140,2026-01-03 03:22,2026-01-03 05:19,true,-23,none,ENG-GI-C,USFD-SR-04,clear,normal,false
BLK-2026-02240,MS-MBM-UP_SUB,TRD-2026-01067,TRD,,2026-06-29 00:45,166,2026-06-29 00:45,199,2026-06-29 00:53,2026-06-29 04:04,true,-8,none,TRD-MAS-C,OHE-TC-01,clear,normal,false
BLK-2026-02241,MAS-BBQ-UP_SUB,SNT-2026-01513;ENG-2026-05241;ENG-2025-05818,ENG;SNT,MG-2026-0304,2026-06-11 02:00,195,2026-06-11 02:15,245,2026-06-11 02:25,2026-06-11 07:08,true,38,traffic_hold,ENG-ENR-B,TAMP-SR-07,clear,normal,true
BLK-2026-02242,MSB-MS-UP_SUB,ENG-2026-06045;SNT-2026-00728,ENG;SNT,MG-2026-0305,2026-08-06 00:15,196,2026-08-06 00:15,239,,,false,,,ENG-STM-B,TAMP-SR-05,clear,normal,true
BLK-2026-02243,MS-MBM-DN,SNT-2026-01183,SNT,,2026-06-12 11:45,274,2026-06-12 12:00,350,2026-06-12 12:18,2026-06-12 16:45,true,-83,none,SNT-CGL-B,,clear,normal,false
BLK-2026-02244,TRL-AJJ-UP,SNT-2025-01524,SNT,,2026-01-11 03:45,89,2026-01-11 03:45,111,2026-01-11 03:38,2026-01-11 05:22,true,-7,none,SNT-AJJ-A,,clear,normal,false
BLK-2026-02245,TRL-AJJ-UP,ENG-2026-04895;SNT-2026-01520;ENG-2026-04253,ENG;SNT,MG-2026-0306,2026-01-11 00:45,425,2026-01-11 00:45,495,2026-01-11 00:36,2026-01-11 10:00,true,69,material_delay,ENG-MJR-A,,clear,normal,true
BLK-2025-02246,MBM-GI-UP,SNT-2025-01011,SNT,,2025-10-11 00:15,72,2025-10-11 00:30,83,2025-10-11 00:29,2025-10-11 01:21,true,-31,none,SNT-MS-A,,rain,monsoon,false
BLK-2026-02247,TNP-ENR-DN,ENG-2026-05423,ENG,,2026-07-07 00:00,130,2026-07-07 00:00,152,2026-07-07 00:02,2026-07-07 02:05,true,-29,none,ENG-GPD-C,USFD-SR-04,clear,normal,false
BLK-2026-02248,AVD-TI-UP,SNT-2026-01091,SNT,,2026-01-25 13:45,295,2026-01-25 13:45,349,2026-01-25 13:51,2026-01-25 18:45,true,-55,none,SNT-GPD-B,,clear,normal,false
BLK-2025-02249,MS-MBM-DN,ENG-2025-05991,ENG,,2025-12-17 10:00,73,2025-12-17 10:00,85,,,false,,,ENG-MSB-A,,heavy_rain,monsoon,false
BLK-2026-02250,MS-MBM-DN,SNT-2026-00866,SNT,,2026-04-12 03:30,113,2026-04-12 03:15,141,2026-04-12 03:15,2026-04-12 05:18,true,-18,none,SNT-STM-A,,clear,normal,false
BLK-2025-02251,MSB-MS-UP_SUB,ENG-2025-05822,ENG,,2025-11-22 00:45,235,2025-11-22 00:30,300,,,false,,,ENG-MJR-B,TAMP-SR-03,clear,monsoon,false
BLK-2026-02252,PON-GPD-DN,SNT-2026-01078,SNT,,2026-05-30 02:15,122,2026-05-30 02:15,141,2026-05-30 02:19,2026-05-30 04:39,true,-1,none,SNT-ENR-A,,clear,normal,false
BLK-2026-02253,PON-GPD-UP,ENG-2026-05710,ENG,,2026-08-14 01:15,384,2026-08-14 01:15,456,2026-08-14 01:06,2026-08-14 08:01,true,-41,none,ENG-GI-A,,clear,normal,false
BLK-2025-02254,BBQ-PER-UP,ENG-2025-05601,ENG,,2025-09-10 01:30,367,2025-09-10 01:30,456,2025-09-10 01:37,2025-09-10 07:48,true,-85,none,ENG-AVD-A,,clear,normal,false
BLK-2026-02255,PER-ABU-DN,SNT-2026-00820,SNT,,2026-05-20 10:45,277,2026-05-20 11:00,323,2026-05-20 10:53,2026-05-20 16:16,true,0,none,SNT-MSB-B,,clear,normal,false
BLK-2025-02256,TRL-AJJ-UP_SUB,ENG-2025-05128,ENG,,2025-12-06 02:45,172,2025-12-06 03:00,204,2025-12-06 03:16,2025-12-06 06:44,true,4,none,ENG-AVD-B,,heavy_rain,monsoon,false
BLK-2026-02257,TRL-AJJ-UP_SUB,SNT-2026-00684,SNT,,2026-08-20 00:15,125,2026-08-20 00:30,145,,,false,,,SNT-ENR-A,,clear,normal,false
BLK-2026-02258,MSB-MS-UP_SUB,ENG-2026-05076,ENG,,2026-01-31 01:45,179,2026-01-31 01:45,219,2026-01-31 01:40,2026-01-31 05:45,true,26,unexpected_condition,ENG-ENR-B,TAMP-SR-03,rain,normal,false
BLK-2026-02259,TRL-AJJ-DN,SNT-2026-00806,SNT,,2026-05-08 02:00,116,2026-05-08 01:45,146,2026-05-08 01:39,2026-05-08 03:13,true,-52,none,SNT-STM-A,,clear,normal,false
BLK-2026-02260,ABU-AVD-UP_SUB,ENG-2026-05335,ENG,,2026-02-01 03:45,370,2026-02-01 03:45,466,2026-02-01 03:42,2026-02-01 10:27,true,-61,none,ENG-CJ-B,,clear,normal,false
BLK-2026-02261,AVD-TI-UP,SNT-2026-01319,SNT,,2026-08-20 00:00,99,2026-08-20 00:15,124,2026-08-20 00:16,2026-08-20 02:10,true,-10,none,SNT-TNP-A,,clear,normal,false
BLK-2026-02262,MS-MBM-UP_SUB,ENG-2026-04475,ENG,,2026-02-21 03:45,356,2026-02-21 03:45,413,2026-02-21 03:53,2026-02-21 09:13,true,-93,none,ENG-MBM-A,,clear,normal,false
BLK-2026-02263,MJR-PON-UP,ENG-2026-05306,ENG,,2026-05-05 11:45,100,2026-05-05 11:45,122,,,false,,,ENG-CGL-A,,clear,normal,false
BLK-2026-02264,TNP-ENR-UP,ENG-2026-04785,ENG,,2026-01-16 00:45,283,2026-01-16 00:30,336,2026-01-16 00:31,2026-01-16 05:30,true,-37,none,ENG-AJJ-C,,clear,normal,false
BLK-2026-02265,MJR-PON-DN,ENG-2026-04957,ENG,,2026-05-02 03:45,369,2026-05-02 03:45,439,2026-05-02 03:45,2026-05-02 09:14,true,-110,none,ENG-MAS-A,,clear,normal,false
BLK-2025-02266,MSB-MS-UP_SUB,ENG-2025-05504,ENG,,2025-12-31 00:15,170,2025-12-31 00:00,215,2025-12-31 00:08,2025-12-31 03:50,true,7,none,ENG-GI-B,TAMP-SR-07,rain,monsoon,false
BLK-2025-02267,MS-MBM-DN_SUB,SNT-2025-01570,SNT,,2025-12-03 03:30,176,2025-12-03 03:30,207,,,false,,,SNT-GI-B,,clear,monsoon,false
BLK-2026-02268,TNP-ENR-DN,ENG-2025-04258,ENG,,2026-02-01 01:00,312,2026-02-01 01:15,362,2026-02-01 01:16,2026-02-01 07:07,true,-11,none,ENG-TRL-C,,clear,normal,false
BLK-2025-02269,BBQ-TNP-UP,ENG-2025-04266,ENG,,2025-11-28 12:15,114,2025-11-28 12:15,134,2025-11-28 12:18,2025-11-28 15:09,true,37,material_delay,ENG-MBM-A,,rain,monsoon,false
BLK-2026-02270,MSB-MS-UP_SUB,ENG-2026-05166,ENG,,2026-06-02 03:00,216,2026-06-02 03:15,263,,,false,,,ENG-TBM-B,TAMP-SR-03,clear,normal,false
BLK-2026-02271,WJ-CJ-SINGLE,ENG-2026-04018,ENG,,2026-07-22 10:15,199,2026-07-22 10:00,249,,,false,,,ENG-TRL-A,,clear,normal,false
BLK-2026-02272,AVD-TI-DN_SUB,TRD-2026-01722,TRD,,2026-06-25 03:45,147,2026-06-25 03:45,172,,,false,,,TRD-AVD-C,OHE-TC-04,clear,normal,false
BLK-2026-02273,PER-ABU-DN,TRD-2026-01653,TRD,,2026-07-05 02:00,148,2026-07-05 02:15,171,,,false,,,TRD-GI-B,OHE-TC-06,clear,normal,false
BLK-2026-02274,MSB-MS-UP,SNT-2026-01166;SNT-2026-01436;ENG-2026-05271,ENG;SNT,MG-2026-0307,2026-04-05 00:30,361,2026-04-05 00:30,421,2026-04-05 00:32,2026-04-05 06:12,true,-81,none,ENG-MBM-B,RGM-SR-01,clear,normal,true
BLK-2026-02275,TKO-AJJ-SINGLE,SNT-2026-01263,SNT,,2026-07-12 03:30,88,2026-07-12 03:30,102,2026-07-12 03:39,2026-07-12 05:16,true,-5,none,SNT-CGL-A,,clear,normal,false
BLK-2026-02276,ENR-MJR-UP,TRD-2025-01693,TRD,,2026-01-05 01:45,157,2026-01-05 01:30,188,2026-01-05 01:35,2026-01-05 04:39,true,-4,none,TRD-AVD-A,OHE-TC-06,clear,normal,false
BLK-2026-02277,TI-TRL-DN_SUB,ENG-2026-05371,ENG,,2026-03-31 03:30,308,2026-03-31 03:30,368,2026-03-31 03:41,2026-03-31 08:32,true,-77,none,ENG-GI-B,BCM-SR-01,clear,normal,false
BLK-2026-02278,TRL-AJJ-DN_SUB,ENG-2026-04848,ENG,,2026-06-24 02:45,353,2026-06-24 02:45,426,2026-06-24 03:05,2026-06-24 09:50,true,-21,none,ENG-GPD-A,,rain,normal,false
BLK-2025-02279,MS-MBM-DN_SUB,TRD-2025-01153,TRD,,2025-10-07 00:30,117,2025-10-07 00:30,138,2025-10-07 00:43,2025-10-07 03:23,true,22,traffic_hold,TRD-AJJ-C,OHE-TC-06,heavy_rain,monsoon,false
BLK-2025-02280,BBQ-TNP-UP,TRD-2025-01570,TRD,,2025-12-19 01:00,121,2025-12-19 00:45,143,2025-12-19 00:41,2025-12-19 02:52,true,-12,none,TRD-CGL-A,OHE-TC-07,rain,monsoon,false
BLK-2026-02281,MSB-MS-UP_SUB,SNT-2026-01398,SNT,,2026-04-23 02:45,191,2026-04-23 02:45,237,2026-04-23 02:59,2026-04-23 05:48,true,-68,none,SNT-TRL-B,,rain,normal,false
BLK-2026-02282,MS-MBM-DN_SUB,ENG-2026-05599,ENG,,2026-08-12 01:45,180,2026-08-12 01:45,218,2026-08-12 01:48,2026-08-12 05:29,true,3,none,ENG-MJR-B,RGM-SR-01,clear,normal,false
BLK-2026-02283,TRL-AJJ-UP,ENG-2026-04078,ENG,,2026-08-29 02:30,281,2026-08-29 02:45,346,,,false,,,ENG-ENR-A,,clear,normal,false
BLK-2026-02284,MS-MBM-DN,TRD-2026-01765,TRD,,2026-05-10 02:30,133,2026-05-10 02:30,160,2026-05-10 02:48,2026-05-10 05:20,true,-8,none,TRD-GPD-A,OHE-TC-02,rain,normal,false
BLK-2025-02285,PV-TBM-UP_SUB,SNT-2025-01095,SNT,,2025-12-10 00:30,235,2025-12-10 00:45,281,2025-12-10 00:35,2025-12-10 04:39,true,-37,none,SNT-ENR-B,,clear,monsoon,false
BLK-2026-02286,TRL-AJJ-DN_SUB,TRD-2026-01113,TRD,,2026-09-05 01:15,269,2026-09-05 01:30,344,2026-09-05 01:47,2026-09-05 06:04,true,-87,none,TRD-AJJ-C,OHE-TC-05,clear,normal,false
BLK-2026-02287,TNP-ENR-UP,ENG-2026-04030,ENG,,2026-06-16 00:30,213,2026-06-16 00:45,257,2026-06-16 01:03,2026-06-16 04:14,true,-66,none,ENG-TBM-B,RGM-SR-01,clear,normal,false
BLK-2025-02288,TI-TRL-DN_SUB,ENG-2025-04270;TRD-2025-01053,ENG;TRD,MG-2025-0308,2025-09-24 00:00,269,2025-09-24 00:00,310,,,false,,,TRD-TBM-B,OHE-TC-08,clear,normal,true
BLK-2025-02289,MS-MBM-UP_SUB,TRD-2025-01281,TRD,,2025-11-24 01:00,131,2025-11-24 01:00,159,2025-11-24 00:59,2025-11-24 03:56,true,18,weather,TRD-MAS-C,OHE-TC-03,heavy_rain,monsoon,false
BLK-2026-02290,TRL-AJJ-UP_SUB,ENG-2026-05897,ENG,,2026-07-21 13:45,115,2026-07-21 14:00,142,2026-07-21 13:54,2026-07-21 16:09,true,-7,none,ENG-CJ-A,,clear,normal,false
BLK-2025-02291,PV-TBM-UP_SUB,ENG-2025-05334;SNT-2025-00660;TRD-2026-01136,ENG;SNT;TRD,MG-2025-0309,2025-10-06 03:15,353,2025-10-06 03:00,428,,,false,,,ENG-AJJ-C,,clear,monsoon,true
BLK-2026-02292,MBM-GI-UP,SNT-2026-00946,SNT,,2026-05-19 03:00,100,2026-05-19 02:45,126,2026-05-19 02:36,2026-05-19 04:06,true,-36,none,SNT-AVD-B,,clear,normal,false
BLK-2025-02293,STM-PV-UP_SUB,TRD-2025-01524,TRD,,2025-10-09 01:30,216,2025-10-09 01:15,270,2025-10-09 01:14,2025-10-09 06:06,true,22,machine_late,TRD-TBM-B,OHE-TC-06,rain,monsoon,false
BLK-2026-02294,GI-STM-UP,ENG-2026-05743,ENG,,2026-08-28 13:00,82,2026-08-28 13:15,104,2026-08-28 13:09,2026-08-28 14:44,true,-9,none,ENG-ENR-A,,clear,normal,false
BLK-2026-02295,MJR-PON-DN,ENG-2026-06034,ENG,,2026-08-04 03:00,103,2026-08-04 03:00,120,2026-08-04 03:06,2026-08-04 04:53,true,-13,none,ENG-TBM-A,,rain,normal,false
BLK-2026-02296,TNP-ENR-DN,ENG-2026-04039,ENG,,2026-06-15 01:30,313,2026-06-15 01:15,393,2026-06-15 01:21,2026-06-15 06:40,true,-74,none,ENG-AVD-C,,clear,normal,false
BLK-2026-02297,MAS-BBQ-UP_SUB,ENG-2026-05661,ENG,,2026-01-31 03:45,326,2026-01-31 04:00,381,2026-01-31 04:12,2026-01-31 09:53,true,-40,none,ENG-MAS-C,,clear,normal,false
BLK-2025-02298,CJ-TMLP-SINGLE,SNT-2025-01536,SNT,,2025-12-22 00:15,248,2025-12-22 00:30,300,,,false,,,SNT-TNP-B,,rain,monsoon,false
BLK-2026-02299,TI-TRL-UP,ENG-2026-05516,ENG,,2026-02-20 01:15,177,2026-02-20 01:30,219,2026-02-20 01:50,2026-02-20 04:51,true,-38,none,ENG-MS-B,TAMP-SR-07,rain,normal,false
BLK-2026-02300,TI-TRL-DN,ENG-2026-05037,ENG,,2026-03-06 01:15,301,2026-03-06 01:00,372,2026-03-06 01:19,2026-03-06 07:23,true,-8,none,ENG-CGL-B,,clear,normal,false
BLK-2026-02301,PER-ABU-DN_SUB,TRD-2026-01642,TRD,,2026-03-04 03:30,215,2026-03-04 03:45,260,,,false,,,TRD-AVD-C,OHE-TC-05,clear,normal,false
BLK-2025-02302,MAS-BBQ-UP_SUB,SNT-2025-01122,SNT,,2025-11-18 00:45,222,2025-11-18 00:45,256,,,false,,,SNT-CGL-B,,heavy_rain,monsoon,false
BLK-2026-02303,TRL-AJJ-DN_SUB,SNT-2026-00565;ENG-2026-05410;ENG-2026-05934,ENG;SNT,MG-2026-0310,2026-09-03 03:30,243,2026-09-03 03:15,287,2026-09-03 03:06,2026-09-03 07:55,true,2,none,ENG-MSB-B,TAMP-SR-03,clear,normal,true
BLK-2025-02304,STM-PV-UP_SUB,TRD-2025-01555,TRD,,2025-12-02 03:00,130,2025-12-02 02:45,158,2025-12-02 02:52,2025-12-02 06:06,true,36,traffic_hold,TRD-ENR-A,OHE-TC-02,clear,monsoon,false
BLK-2026-02305,MS-MBM-UP_SUB,SNT-2026-01377,SNT,,2026-03-16 01:30,107,2026-03-16 01:45,131,2026-03-16 01:53,2026-03-16 03:32,true,-32,none,SNT-AJJ-A,,clear,normal,false
BLK-2025-02306,AVD-TI-DN_SUB,TRD-2025-01333,TRD,,2025-10-30 00:00,181,2025-10-29 23:45,218,2025-10-30 00:04,2025-10-30 03:25,true,-17,none,TRD-ENR-C,OHE-TC-05,heavy_rain,monsoon,false
BLK-2025-02307,PER-ABU-UP,SNT-2025-01307,SNT,,2025-12-31 00:45,89,2025-12-31 00:45,112,,,false,,,SNT-GPD-A,,rain,monsoon,false
BLK-2026-02308,TRL-AJJ-DN,ENG-2026-04295,ENG,,2026-02-18 01:30,401,2026-02-18 01:30,507,2026-02-18 01:24,2026-02-18 08:39,true,-72,none,ENG-MAS-C,,clear,normal,false
BLK-2026-02309,AVD-TI-UP_SUB,ENG-2026-04929,ENG,,2026-05-08 02:15,384,2026-05-08 02:30,454,2026-05-08 02:48,2026-05-08 09:56,true,-26,none,ENG-AVD-B,,clear,normal,false
BLK-2026-02310,TRL-AJJ-UP,ENG-2026-04837,ENG,,2026-07-21 02:45,414,2026-07-21 03:00,524,,,false,,,ENG-GI-A,,rain,normal,false
BLK-2026-02311,TI-TRL-DN,ENG-2026-06024,ENG,,2026-08-14 02:45,91,2026-08-14 02:45,106,2026-08-14 02:47,2026-08-14 04:30,true,-3,none,ENG-MJR-C,USFD-SR-01,clear,normal,false
BLK-2025-02312,BBQ-PER-UP_SUB,TRD-2025-01141,TRD,,2025-10-25 02:45,119,2025-10-25 02:45,151,,,false,,,TRD-MAS-A,OHE-TC-01,rain,monsoon,false
BLK-2026-02313,TRL-AJJ-UP,ENG-2026-04171,ENG,,2026-05-14 00:15,111,2026-05-14 00:15,131,2026-05-14 00:17,2026-05-14 02:04,true,-24,none,ENG-MJR-C,USFD-SR-04,clear,normal,false
BLK-2025-02314,ABU-AVD-UP_SUB,SNT-2025-01287,SNT,,2025-10-23 02:45,187,2025-10-23 03:00,231,2025-10-23 03:06,2025-10-23 06:52,true,-5,none,SNT-GPD-B,,heavy_rain,monsoon,false
BLK-2025-02315,STM-PV-UP_SUB,TRD-2025-01709,TRD,,2025-11-10 03:45,278,2025-11-10 03:30,343,2025-11-10 03:33,2025-11-10 08:44,true,-32,none,TRD-MAS-C,OHE-TC-04,clear,monsoon,false
BLK-2025-02316,MJR-PON-DN,ENG-2025-05283,ENG,,2025-09-26 03:15,391,2025-09-26 03:30,450,2025-09-26 03:37,2025-09-26 11:00,true,-7,none,ENG-AVD-C,,clear,normal,false
BLK-2026-02317,GI-STM-UP_SUB,ENG-2026-05823,ENG,,2026-04-19 03:00,420,2026-04-19 02:45,485,2026-04-19 02:50,2026-04-19 09:53,true,-62,none,ENG-CJ-A,,clear,normal,false
BLK-2026-02318,BBQ-PER-DN_SUB,ENG-2026-05885,ENG,,2026-05-26 02:45,282,2026-05-26 02:30,351,2026-05-26 02:50,2026-05-26 08:45,true,4,none,ENG-CGL-A,,clear,normal,false
BLK-2026-02319,MSB-MS-UP_SUB,ENG-2026-05905,ENG,,2026-07-15 00:45,243,2026-07-15 01:00,288,2026-07-15 01:04,2026-07-15 05:25,true,-27,none,ENG-ABU-C,,clear,normal,false
BLK-2026-02320,TRL-AJJ-DN_SUB,ENG-2026-05574,ENG,,2026-06-18 00:00,293,2026-06-18 00:15,337,2026-06-18 00:09,2026-06-18 06:04,true,18,unexpected_condition,ENG-GI-B,TAMP-SR-05,clear,normal,false
BLK-2026-02321,MAS-BBQ-UP_SUB,ENG-2026-05787,ENG,,2026-07-08 03:45,228,2026-07-08 03:30,289,,,false,,,ENG-GI-B,TAMP-SR-07,clear,normal,false
BLK-2026-02322,PER-ABU-DN,TRD-2026-01421,TRD,,2026-02-06 03:15,111,2026-02-06 03:15,131,2026-02-06 03:31,2026-02-06 04:58,true,-44,none,TRD-AJJ-B,OHE-TC-01,clear,normal,false
BLK-2026-02323,MBM-GI-DN_SUB,ENG-2026-05210,ENG,,2026-07-28 02:45,105,2026-07-28 03:00,130,,,false,,,ENG-MSB-C,USFD-SR-04,clear,normal,false
BLK-2025-02324,TRL-AJJ-DN,ENG-2025-04040,ENG,,2025-11-08 00:30,347,2025-11-08 00:15,425,2025-11-08 00:28,2025-11-08 05:09,true,-144,none,ENG-AVD-B,,clear,monsoon,false
BLK-2026-02325,PV-TBM-UP,ENG-2026-04303,ENG,,2026-06-02 02:45,250,2026-06-02 02:45,311,2026-06-02 02:51,2026-06-02 07:19,true,-43,none,ENG-TI-C,,clear,normal,false
BLK-2025-02326,TRL-AJJ-UP,ENG-2025-04237,ENG,,2025-11-30 03:00,353,2025-11-30 03:00,435,2025-11-30 03:00,2025-11-30 10:40,true,25,unexpected_condition,ENG-AVD-A,,heavy_rain,monsoon,false
BLK-2025-02327,TRL-AJJ-UP_SUB,TRD-2025-01763,TRD,,2025-11-02 03:30,101,2025-11-02 03:15,126,2025-11-02 03:13,2025-11-02 05:16,true,-3,none,TRD-GPD-B,OHE-TC-04,rain,monsoon,false
BLK-2026-02328,BBQ-PER-UP,TRD-2026-01631,TRD,,2026-03-18 03:45,65,2026-03-18 03:45,75,2026-03-18 03:55,2026-03-18 05:02,true,-8,none,TRD-GPD-A,,clear,normal,false
BLK-2026-02329,ABU-AVD-UP,TRD-2026-01770,TRD,,2026-04-29 01:15,280,2026-04-29 01:30,340,2026-04-29 01:28,2026-04-29 06:51,true,-17,none,TRD-AJJ-C,OHE-TC-07,clear,normal,false
BLK-2026-02330,TI-TRL-DN,ENG-2026-05394,ENG,,2026-03-17 00:45,149,2026-03-17 00:30,176,2026-03-17 00:21,2026-03-17 02:58,true,-19,none,ENG-TRL-B,,clear,normal,false
BLK-2026-02331,GI-STM-UP_SUB,ENG-2026-05033,ENG,,2026-05-23 00:30,198,2026-05-23 00:45,236,,,false,,,ENG-TBM-B,TAMP-SR-03,clear,normal,false
BLK-2026-02332,ABU-AVD-UP_SUB,ENG-2026-04515,ENG,,2026-06-03 01:15,287,2026-06-03 01:15,348,2026-06-03 01:32,2026-06-03 06:47,true,-33,none,ENG-TNP-C,,clear,normal,false
BLK-2026-02333,ENR-MJR-DN,ENG-2025-04951,ENG,,2026-01-13 00:15,148,2026-01-13 00:30,173,2026-01-13 00:39,2026-01-13 02:56,true,-36,none,ENG-STM-C,USFD-SR-01,clear,normal,false
BLK-2026-02334,TRL-AJJ-UP_SUB,SNT-2026-01168,SNT,,2026-02-23 02:00,177,2026-02-23 02:00,211,2026-02-23 02:03,2026-02-23 04:20,true,-74,none,SNT-MS-B,,clear,normal,false
BLK-2026-02335,TKO-AJJ-SINGLE,SNT-2026-00863,SNT,,2026-05-02 00:45,187,2026-05-02 00:30,229,2026-05-02 00:44,2026-05-02 04:19,true,-14,none,SNT-GI-B,,clear,normal,false
BLK-2026-02336,TI-TRL-DN,ENG-2026-04192,ENG,,2026-05-03 01:15,304,2026-05-03 01:30,360,2026-05-03 01:36,2026-05-03 06:59,true,-37,none,ENG-CJ-B,,clear,normal,false
BLK-2025-02337,TRL-AJJ-UP,SNT-2025-00505,SNT,,2025-11-12 01:15,221,2025-11-12 01:30,281,,,false,,,SNT-GPD-B,,rain,monsoon,false
BLK-2026-02338,GI-STM-DN,SNT-2026-01371,SNT,,2026-03-21 03:15,78,2026-03-21 03:15,91,2026-03-21 03:20,2026-03-21 04:53,true,2,none,SNT-PER-B,,clear,normal,false
BLK-2026-02339,TNP-ENR-UP,ENG-2026-04784,ENG,,2026-05-10 03:15,433,2026-05-10 03:15,540,,,false,,,ENG-TRL-C,,clear,normal,false
BLK-2025-02340,TRL-AJJ-DN,TRD-2025-01215,TRD,,2025-11-23 03:15,138,2025-11-23 03:00,162,,,false,,,TRD-GI-A,OHE-TC-07,clear,monsoon,false
BLK-2026-02341,MBM-GI-UP,SNT-2026-01235,SNT,,2026-01-15 01:45,169,2026-01-15 01:45,211,2026-01-15 01:36,2026-01-15 04:28,true,-39,none,SNT-STM-B,,clear,normal,false
BLK-2026-02342,PER-ABU-UP,ENG-2026-05478,ENG,,2026-02-04 01:15,154,2026-02-04 01:30,182,,,false,,,ENG-ABU-A,,heavy_rain,normal,false
BLK-2026-02343,TNP-ENR-DN,ENG-2026-04755,ENG,,2026-02-13 00:45,230,2026-02-13 00:45,275,2026-02-13 00:50,2026-02-13 04:45,true,-40,none,ENG-AVD-B,,clear,normal,false
