defect_id,asset_id,defect_type,severity_at_raise,raised_date,attended_date,days_open,temporary_repair_applied,escalated,escalation_type,escalation_date
DFT-2025-00001,OHE-MSMBM-06,hard_spot,minor,2025-11-27,2026-01-13,47,true,false,,
DFT-2025-00002,MST-TNPENR-07,corrosion,minor,2025-11-04,2025-12-31,57,false,true,speed_restriction,2025-11-08
DFT-2025-00003,OHE-BBQPER-03,hard_spot,minor,2025-05-25,2025-06-14,20,false,false,,
DFT-2025-00004,LC-TITRL-01,check_rail_wear,major,2025-04-28,2025-05-17,19,false,false,,
DFT-2025-00005,OHE-BBQTNP-03,height_stagger,minor,2025-04-13,2025-05-28,45,true,false,,
DFT-2026-00006,RL-AVDTI-05,corrugation,2,2026-05-07,2026-05-18,11,true,false,,
DFT-2025-00007,OHE-TITRL-17,hard_spot,minor,2025-09-16,2025-10-13,27,false,false,,
DFT-2025-00008,TO-PER-08,gauge_defect,minor,2025-08-22,2025-10-29,68,false,false,,
DFT-2025-00009,AC-MASBBQ-02,reset_failure,minor,2025-11-11,2025-12-24,43,true,false,,
DFT-2025-00010,OHE-MSBMS-08,hard_spot,minor,2025-12-07,2026-01-31,55,false,false,,
DFT-2026-00011,OHE-TITRL-07,hard_spot,minor,2026-01-15,2026-03-11,55,false,false,,
DFT-2025-00012,MST-MBMGI-04,corrosion,major,2025-04-17,2025-05-09,22,false,false,,
DFT-2026-00013,CW-AVDTI-05,burn_mark,critical,2026-03-15,2026-03-22,7,false,true,punctuality_incident,2026-03-20
DFT-2026-00014,RL-TRLAJJ-29,corrugation,3,2026-03-26,2026-06-04,70,false,false,,
DFT-2026-00015,SG-TITRL-18,lamp_failure,minor,2026-09-01,,6,false,false,,
DFT-2026-00016,BL-MBMGI-03,fouling,minor,2026-06-14,2026-08-03,50,false,false,,
DFT-2026-00017,RL-BBQPER-06,corrugation,3,2026-02-01,2026-03-22,49,true,false,,
DFT-2026-00018,SL-TRLAJJ-09,fastening_failure,major,2026-05-24,2026-05-29,5,false,false,,
DFT-2026-00019,SL-PERABU-14,fastening_failure,minor,2026-07-21,2026-08-24,34,false,false,,
DFT-2025-00020,RL-ABUAVD-03,corrugation,3,2025-05-08,2025-05-23,15,false,false,,
DFT-2026-00021,RL-PERABU-23,wear,2,2026-03-26,2026-04-06,11,false,false,,
DFT-2026-00022,OHE-PONGPD-06,height_stagger,minor,2026-02-10,2026-02-22,12,false,false,,
DFT-2025-00023,AC-ENRMJR-03,reset_failure,minor,2025-03-26,2025-05-30,65,false,false,,
DFT-2026-00024,BR-TNPENR-01,bearing_defect,minor,2026-03-28,2026-04-14,17,false,false,,
DFT-2025-00025,CW-ENRMJR-04,wire_wear,minor,2025-04-21,2025-05-09,18,false,false,,
DFT-2026-00026,TO-AJJ-08,crossing_wear,minor,2026-03-09,2026-04-19,41,false,false,,
DFT-2026-00027,TO-AVD-03,switch_wear,minor,2026-01-30,2026-03-15,44,false,false,,
DFT-2026-00028,RL-MSMBM-17,corrugation,3,2026-07-26,,43,false,false,,
DFT-2025-00029,TO-BBQ-01,switch_wear,minor,2025-06-23,2025-07-03,10,false,false,,
DFT-2026-00030,RL-MSMBM-19,rail_flaw,1,2026-05-06,2026-05-13,7,false,false,,
DFT-2025-00031,TO-MAS-17,switch_wear,minor,2025-07-17,2025-09-03,48,false,false,,
DFT-2026-00032,SG-TITRL-03,lamp_failure,minor,2026-07-26,2026-08-16,21,true,false,,
DFT-2025-00033,RL-STMPV-16,corrugation,1,2025-09-17,2025-09-24,7,false,false,,
DFT-2026-00034,SL-BBQTNP-01,fastening_failure,major,2026-01-24,2026-02-03,10,false,false,,
DFT-2026-00035,MST-STMPV-01,corrosion,major,2026-05-02,2026-05-22,20,false,false,,
DFT-2025-00036,RL-MSBMS-10,corrugation,2,2025-03-20,2025-04-13,24,false,false,,
DFT-2025-00037,TO-MSB-10,switch_wear,critical,2025-10-19,2025-10-25,6,false,false,,
DFT-2026-00038,TO-BBQ-10,switch_wear,major,2026-02-03,2026-02-10,7,false,true,speed_restriction,2026-02-05
DFT-2026-00039,BL-TNPENR-01,drainage_choke,minor,2026-06-27,2026-08-19,53,false,true,speed_restriction,2026-08-11
DFT-2025-00040,AC-GISTM-04,reset_failure,minor,2025-06-07,2025-07-14,37,true,false,,
DFT-2026-00041,TC-TRLAJJ-02,shunt_failure,major,2026-02-02,2026-02-17,15,false,false,,
DFT-2025-00042,BL-CJ-02,fouling,major,2025-05-01,2025-05-13,12,false,true,speed_restriction,2025-05-11
DFT-2026-00043,RL-PONGPD-08,corrugation,3,2026-08-30,,8,false,false,,
DFT-2025-00044,BL-GPD-01,ballast_deficiency,minor,2025-06-22,2025-07-27,35,false,false,,
DFT-2026-00045,SL-TRLAJJ-07,fastening_failure,minor,2026-03-02,2026-03-13,11,true,false,,
DFT-2026-00046,MST-MSBMS-06,foundation_defect,major,2026-06-10,2026-06-26,16,false,false,,
DFT-2025-00047,MST-MJRPON-05,corrosion,major,2025-11-23,2025-12-04,11,false,false,,
DFT-2026-00048,AC-PONGPD-01,reset_failure,minor,2026-03-11,2026-04-03,23,false,false,,
DFT-2025-00049,TO-AVD-06,switch_wear,major,2025-05-18,2025-05-23,5,false,false,,
DFT-2025-00050,CW-ABUAVD-07,burn_mark,major,2025-05-24,2025-06-13,20,false,true,failure,2025-05-26
DFT-2025-00051,INS-TRLAJJ-17,cracked_insulator,minor,2025-04-19,2025-05-18,29,true,false,,
DFT-2026-00052,TC-PERABU-11,bonding_defect,minor,2026-05-08,2026-07-09,62,true,false,,
DFT-2026-00053,CW-PERABU-02,burn_mark,minor,2026-03-11,2026-04-20,40,false,false,,
DFT-2025-00054,MST-STMPV-06,foundation_defect,major,2025-12-26,2026-01-16,21,true,false,,
DFT-2025-00055,SG-PERABU-12,aspect_defect,minor,2025-04-29,2025-06-10,42,false,false,,
DFT-2026-00056,TC-GISTM-02,bonding_defect,critical,2026-05-11,2026-05-18,7,false,false,,
DFT-2026-00057,TC-TNPENR-03,bonding_defect,critical,2026-07-05,2026-07-07,2,false,false,,
DFT-2026-00058,BL-MBMGI-04,drainage_choke,minor,2026-08-17,,21,false,true,speed_restriction,2026-09-01
DFT-2025-00059,TC-MSMBM-02,shunt_failure,major,2025-08-03,2025-08-19,16,false,false,,
DFT-2026-00060,RL-TITRL-28,rail_flaw,2,2026-01-03,2026-01-23,20,false,false,,
DFT-2025-00061,PT-GPD-02,obstruction,minor,2025-07-16,2025-08-21,36,false,true,punctuality_incident,2025-07-18
DFT-2025-00062,MST-MASBBQ-01,foundation_defect,minor,2025-12-31,2026-02-21,52,false,false,,
DFT-2025-00063,TC-MSMBM-11,shunt_failure,major,2025-08-06,2025-08-18,12,false,false,,
DFT-2025-00064,RL-MSMBM-09,corrugation,3,2025-04-27,2025-06-08,42,false,true,speed_restriction,2025-05-15
DFT-2026-00065,RL-PERABU-18,corrugation,1,2026-04-03,2026-04-08,5,false,false,,
DFT-2025-00066,TO-AJJ-01,switch_wear,major,2025-10-03,2025-10-19,16,false,false,,
DFT-2026-00067,SL-MSMBM-04,cracked_sleeper,minor,2026-05-28,2026-07-04,37,false,false,,
DFT-2026-00068,PT-TNP-03,motor_fault,minor,2026-04-06,2026-05-24,48,false,false,,
DFT-2025-00069,TO-PER-07,crossing_wear,minor,2025-07-16,2025-08-19,34,false,false,,
DFT-2025-00070,AC-PERABU-07,head_fault,minor,2025-12-23,2026-01-23,31,false,false,,
DFT-2026-00071,CW-GISTM-02,burn_mark,critical,2026-02-28,2026-03-05,5,true,false,,
DFT-2026-00072,MST-PERABU-13,corrosion,major,2026-04-19,2026-04-27,8,false,false,,
DFT-2026-00073,TO-ENR-02,crossing_wear,minor,2026-01-30,2026-03-21,50,false,true,failure,2026-02-16
DFT-2025-00074,RL-MJRPON-09,corrugation,2,2025-11-23,2025-12-07,14,false,false,,
DFT-2025-00075,TO-MAS-03,switch_wear,minor,2025-04-10,2025-04-23,13,false,false,,
DFT-2026-00076,BL-AVD-03,drainage_choke,minor,2026-07-11,2026-08-04,24,false,true,speed_restriction,2026-07-18
DFT-2026-00077,RL-TRLAJJ-07,weld_failure,3,2026-08-01,,37,false,false,,
DFT-2025-00078,IL-MAS-01,relay_fault,minor,2025-04-22,2025-06-08,47,false,false,,
DFT-2025-00079,SL-ABUAVD-05,cracked_sleeper,minor,2025-10-02,2025-11-24,53,false,true,speed_restriction,2025-11-10
DFT-2025-00080,LC-CGLWJ-02,surface_defect,minor,2025-04-09,2025-04-28,19,false,false,,
DFT-2025-00081,OHE-AVDTI-14,hard_spot,minor,2025-05-21,2025-07-07,47,true,true,punctuality_incident,2025-05-22
DFT-2026-00082,BL-MSMBM-07,drainage_choke,minor,2026-08-17,,21,false,false,,
DFT-2025-00083,TO-AJJ-10,switch_wear,critical,2025-04-22,2025-04-23,1,true,false,,
DFT-2025-00084,RL-ABUAVD-12,rail_flaw,3,2025-04-18,2025-05-05,17,false,false,,
DFT-2025-00085,PT-PER-04,obstruction,minor,2025-08-07,2025-09-25,49,false,false,,
DFT-2025-00086,SL-ENRMJR-02,fastening_failure,major,2025-12-11,2025-12-22,11,false,false,,
DFT-2025-00087,SL-AVDTI-09,cracked_sleeper,minor,2025-11-29,2025-12-31,32,false,true,speed_restriction,2025-12-25
DFT-2026-00088,RL-MJRPON-10,wear,3,2026-07-26,2026-08-24,29,false,false,,
DFT-2025-00089,SG-AVDTI-06,lamp_failure,minor,2025-12-13,2026-01-13,31,false,false,,
DFT-2025-00090,OHE-AVDTI-12,height_stagger,minor,2025-08-02,2025-09-22,51,true,true,punctuality_incident,2025-09-12
DFT-2025-00091,AC-AVDTI-07,reset_failure,critical,2025-06-17,2025-06-20,3,true,false,,
DFT-2025-00092,CW-ABUAVD-06,burn_mark,minor,2025-12-05,2025-12-19,14,true,false,,
DFT-2026-00093,PT-BBQ-03,motor_fault,minor,2026-07-17,,52,false,true,punctuality_incident,2026-08-17
DFT-2025-00094,OHE-MJRPON-05,hard_spot,major,2025-09-02,2025-09-18,16,true,false,,
DFT-2026-00095,BL-TRL-04,fouling,major,2026-01-11,2026-01-31,20,false,false,,
DFT-2025-00096,RL-MSBMS-05,rail_flaw,3,2025-05-02,2025-06-09,38,true,false,,
DFT-2026-00097,BL-TRL-03,fouling,critical,2026-04-08,2026-04-14,6,false,false,,
DFT-2026-00098,TO-BBQ-11,crossing_wear,minor,2026-09-05,,2,false,false,,
DFT-2025-00099,OHE-GPD-01,hard_spot,minor,2025-07-23,2025-09-19,58,false,false,,
DFT-2026-00100,PT-MS-12,motor_fault,critical,2026-01-04,2026-01-10,6,false,true,failure,2026-01-05
DFT-2026-00101,SG-TITRL-17,aspect_defect,major,2026-05-31,2026-06-06,6,false,false,,
DFT-2025-00102,TC-CGLWJ-03,bonding_defect,major,2025-08-20,2025-09-11,22,false,false,,
DFT-2026-00103,RL-TRLAJJ-28,wear,3,2026-08-07,2026-08-27,20,false,false,,
DFT-2026-00104,INS-TRLAJJ-18,cracked_insulator,minor,2026-05-11,2026-07-14,64,false,false,,
DFT-2026-00105,SL-WJCJ-01,cracked_sleeper,minor,2026-08-16,,22,false,true,speed_restriction,2026-09-05
DFT-2026-00106,BL-AVDTI-06,ballast_deficiency,minor,2026-08-29,,9,false,false,,
DFT-2025-00107,SG-TRLAJJ-07,aspect_defect,minor,2025-03-30,2025-05-13,44,false,true,failure,2025-04-15
DFT-2025-00108,OHE-TITRL-07,hard_spot,minor,2025-10-25,2025-11-13,19,false,false,,
DFT-2025-00109,PT-PER-09,obstruction,minor,2025-08-27,2025-10-13,47,false,false,,
DFT-2026-00110,SL-TNPENR-04,cracked_sleeper,major,2026-04-30,2026-05-11,11,false,false,,
DFT-2026-00111,RL-TITRL-03,rail_flaw,2,2026-05-06,2026-05-25,19,true,false,,
DFT-2025-00112,RL-STMPV-07,wear,2,2025-05-03,2025-05-21,18,false,false,,
DFT-2025-00113,INS-TITRL-01,flashover_mark,minor,2025-09-19,2025-10-19,30,true,false,,
DFT-2026-00114,SL-MASBBQ-03,cracked_sleeper,major,2026-08-13,2026-09-02,20,false,true,speed_restriction,2026-08-25
DFT-2025-00115,PT-MS-04,detection_failure,minor,2025-11-30,2026-01-25,56,false,false,,
DFT-2025-00116,RL-STMPV-15,wear,IMDT,2025-04-13,2025-04-14,1,true,false,,
DFT-2025-00117,TC-AVDTI-07,bonding_defect,minor,2025-12-11,2026-01-12,32,false,true,punctuality_incident,2026-01-08
DFT-2025-00118,BL-TBM-05,ballast_deficiency,minor,2025-12-26,2026-01-07,12,false,false,,
DFT-2025-00119,MST-GISTM-02,corrosion,major,2025-10-29,2025-11-05,7,false,false,,
DFT-2025-00120,CW-ENRMJR-01,burn_mark,critical,2025-09-07,2025-09-08,1,false,false,,
DFT-2026-00121,RL-WJCJ-09,corrugation,3,2026-01-26,2026-02-15,20,false,true,speed_restriction,2026-02-09
DFT-2026-00122,TO-MAS-04,switch_wear,major,2026-08-28,,10,true,false,,
DFT-2026-00123,RL-TRLAJJ-51,corrugation,2,2026-06-24,2026-07-05,11,false,false,,
DFT-2026-00124,SL-PERABU-10,cracked_sleeper,minor,2026-07-05,2026-08-05,31,false,false,,
DFT-2025-00125,TO-BBQ-05,gauge_defect,minor,2025-04-21,2025-05-09,18,false,true,speed_restriction,2025-05-02
DFT-2025-00126,TC-TNPENR-07,shunt_failure,major,2025-11-16,2025-12-02,16,false,false,,
DFT-2025-00127,TO-BBQ-09,switch_wear,minor,2025-11-24,2025-12-23,29,false,false,,
DFT-2025-00128,BL-TNPENR-06,drainage_choke,minor,2025-03-17,2025-05-02,46,false,false,,
DFT-2025-00129,TO-MSB-05,crossing_wear,major,2025-12-13,2025-12-22,9,false,false,,
DFT-2025-00130,OHE-MS-03,height_stagger,minor,2025-07-28,2025-09-07,41,true,false,,
DFT-2025-00131,SL-ABUAVD-08,cracked_sleeper,major,2025-09-08,2025-09-27,19,false,false,,
DFT-2025-00132,TO-AJJ-08,gauge_defect,minor,2025-07-10,2025-08-02,23,false,false,,
DFT-2026-00133,BL-MAS-04,drainage_choke,minor,2026-04-11,2026-04-23,12,false,false,,
DFT-2026-00134,SG-TNPENR-06,aspect_defect,major,2026-07-21,2026-08-08,18,false,true,punctuality_incident,2026-08-07
DFT-2025-00135,SG-TRLAJJ-36,lamp_failure,minor,2025-07-16,2025-08-08,23,false,false,,
DFT-2025-00136,AC-PONGPD-04,reset_failure,minor,2025-12-29,2026-02-18,51,false,false,,
DFT-2025-00137,TO-TBM-05,crossing_wear,critical,2025-12-06,2025-12-11,5,false,false,,
DFT-2025-00138,PT-MAS-16,detection_failure,minor,2025-06-10,2025-07-13,33,true,false,,
DFT-2026-00139,LC-TRLAJJ-01,surface_defect,minor,2026-04-05,2026-05-03,28,true,false,,
DFT-2025-00140,BL-MAS-05,ballast_deficiency,minor,2025-10-16,2025-12-18,63,false,false,,
DFT-2025-00141,SL-TRLAJJ-11,cracked_sleeper,critical,2025-04-08,2025-04-11,3,false,false,,
DFT-2025-00142,PT-CGL-02,motor_fault,major,2025-10-11,2025-11-02,22,false,false,,
DFT-2025-00143,MST-MJRPON-02,corrosion,minor,2025-11-27,2025-12-12,15,false,false,,
DFT-2025-00144,SL-TITRL-11,cracked_sleeper,minor,2025-06-02,2025-07-05,33,false,false,,
DFT-2025-00145,BL-MAS-07,fouling,major,2025-11-17,2025-12-07,20,false,false,,
DFT-2025-00146,OHE-PONGPD-06,height_stagger,minor,2025-04-10,2025-05-28,48,false,true,failure,2025-05-25
DFT-2026-00147,RL-TRLAJJ-15,weld_failure,2,2026-02-22,2026-03-12,18,true,false,,
DFT-2025-00148,SL-STMPV-05,cracked_sleeper,minor,2025-11-13,2025-12-01,18,false,false,,
DFT-2025-00149,RL-AVDTI-04,wear,3,2025-10-23,2025-12-31,69,false,true,failure,2025-12-23
DFT-2025-00150,RL-STMPV-02,rail_flaw,3,2025-05-25,2025-06-23,29,true,false,,
DFT-2025-00151,MST-TRLAJJ-10,corrosion,minor,2025-11-20,2026-01-18,59,true,false,,
DFT-2025-00152,RL-TITRL-15,corrugation,1,2025-08-13,2025-08-20,7,true,false,,
DFT-2026-00153,RL-PONGPD-04,wear,2,2026-01-10,2026-01-16,6,false,false,,
DFT-2026-00154,OHE-MSMBM-02,height_stagger,major,2026-08-10,2026-08-30,20,false,false,,
DFT-2026-00155,RL-ABUAVD-02,corrugation,2,2026-06-04,2026-06-19,15,true,false,,
DFT-2025-00156,TO-TNP-04,crossing_wear,critical,2025-08-07,2025-08-11,4,false,false,,
DFT-2025-00157,RL-TRLAJJ-65,rail_flaw,3,2025-08-07,2025-10-16,70,false,false,,
DFT-2025-00158,MST-STMPV-04,corrosion,major,2025-09-30,2025-10-13,13,false,false,,
DFT-2026-00159,TO-MSB-12,gauge_defect,major,2026-02-16,2026-03-05,17,true,false,,
DFT-2025-00160,TO-MAS-09,gauge_defect,major,2025-06-26,2025-07-05,9,false,false,,
DFT-2026-00161,SG-TRLAJJ-14,lamp_failure,minor,2026-03-07,2026-03-22,15,true,false,,
DFT-2025-00162,AC-TRLAJJ-15,reset_failure,major,2025-11-23,2025-11-29,6,false,false,,
DFT-2026-00163,AC-TNPENR-02,reset_failure,minor,2026-03-21,2026-04-03,13,true,false,,
DFT-2026-00164,SL-AVDTI-01,cracked_sleeper,critical,2026-03-11,2026-03-18,7,true,false,,
DFT-2025-00165,MST-PERABU-14,foundation_defect,minor,2025-08-24,2025-09-05,12,true,false,,
DFT-2025-00166,TO-TBM-03,switch_wear,major,2025-07-19,2025-08-04,16,false,false,,
DFT-2025-00167,TO-ENR-01,gauge_defect,major,2025-07-21,2025-08-07,17,false,false,,
DFT-2025-00168,OHE-TRLAJJ-20,height_stagger,major,2025-04-12,2025-04-29,17,false,false,,
DFT-2025-00169,AC-GISTM-04,head_fault,minor,2025-06-30,2025-07-25,25,false,true,failure,2025-07-02
DFT-2025-00170,SG-BBQPER-04,lamp_failure,minor,2025-09-26,2025-11-22,57,false,false,,
DFT-2025-00171,RL-TRLAJJ-60,weld_failure,1,2025-04-11,2025-04-13,2,false,false,,
DFT-2026-00172,CW-MASBBQ-03,burn_mark,critical,2026-07-11,2026-07-14,3,false,false,,
DFT-2025-00173,TO-MAS-10,crossing_wear,minor,2025-06-07,2025-06-17,10,false,false,,
DFT-2025-00174,OHE-TBM-03,hard_spot,minor,2025-07-14,2025-07-26,12,false,false,,
DFT-2026-00175,TO-BBQ-11,switch_wear,major,2026-04-24,2026-05-01,7,false,false,,
DFT-2025-00176,SL-PERABU-11,cracked_sleeper,major,2025-09-29,2025-10-09,10,false,false,,
DFT-2026-00177,RL-TRLAJJ-16,rail_flaw,IMDT,2026-03-06,2026-03-08,2,true,false,,
DFT-2026-00178,RL-BBQPER-03,weld_failure,3,2026-03-23,2026-04-19,27,false,false,,
DFT-2026-00179,SG-BBQTNP-01,lamp_failure,minor,2026-07-22,,47,false,true,speed_restriction,2026-08-13
DFT-2025-00180,SL-TRLAJJ-05,cracked_sleeper,minor,2025-12-21,2026-02-06,47,false,false,,
DFT-2026-00181,SL-BBQPER-04,fastening_failure,minor,2026-01-16,2026-03-03,46,false,true,speed_restriction,2026-02-09
DFT-2026-00182,CW-AVDTI-03,burn_mark,minor,2026-02-17,2026-03-08,19,false,false,,
DFT-2025-00183,OHE-ABUAVD-07,hard_spot,critical,2025-12-05,2025-12-07,2,false,false,,
DFT-2025-00184,SL-AVDTI-11,cracked_sleeper,critical,2025-07-18,2025-07-24,6,false,false,,
DFT-2025-00185,RL-TRLAJJ-65,weld_failure,3,2025-06-19,2025-08-21,63,false,false,,
DFT-2026-00186,RL-MASBBQ-03,corrugation,3,2026-02-20,2026-04-14,53,true,false,,
DFT-2025-00187,MST-STMPV-04,corrosion,minor,2025-08-11,2025-09-27,47,false,true,punctuality_incident,2025-08-25
DFT-2025-00188,RL-TITRL-20,wear,3,2025-07-14,2025-08-02,19,false,false,,
DFT-2026-00189,PT-MAS-06,motor_fault,major,2026-03-07,2026-03-22,15,false,false,,
DFT-2026-00190,OHE-MSB-03,hard_spot,major,2026-08-17,2026-09-02,16,true,false,,
DFT-2025-00191,PT-PER-09,detection_failure,major,2025-10-25,2025-11-14,20,false,false,,
DFT-2026-00192,RL-BBQPER-07,rail_flaw,2,2026-08-20,,18,false,false,,
DFT-2025-00193,RL-PERABU-05,rail_flaw,2,2025-04-07,2025-04-17,10,true,true,speed_restriction,2025-04-17
DFT-2026-00194,AC-MSBMS-01,reset_failure,minor,2026-06-11,2026-07-21,40,false,false,,
DFT-2026-00195,SG-ABUAVD-04,aspect_defect,minor,2026-07-19,2026-08-07,19,false,false,,
DFT-2026-00196,TC-MSMBM-12,shunt_failure,major,2026-07-23,2026-08-09,17,false,false,,
DFT-2025-00197,TC-BBQTNP-01,bonding_defect,critical,2025-04-18,2025-04-21,3,false,false,,
DFT-2025-00198,SL-AVDTI-10,fastening_failure,minor,2025-07-27,2025-08-23,27,true,false,,
DFT-2026-00199,MST-TITRL-19,corrosion,minor,2026-08-19,,19,false,false,,
DFT-2026-00200,RL-PONGPD-04,corrugation,IMDT,2026-08-20,2026-08-22,2,false,false,,
DFT-2026-00201,SG-ENRMJR-08,lamp_failure,minor,2026-06-09,2026-07-17,38,true,true,punctuality_incident,2026-07-14
DFT-2026-00202,SL-MASBBQ-02,fastening_failure,minor,2026-01-28,2026-03-11,42,false,true,speed_restriction,2026-03-09
DFT-2025-00203,RL-TRLAJJ-32,corrugation,1,2025-06-24,2025-06-29,5,false,false,,
DFT-2026-00204,RL-TRLAJJ-03,weld_failure,3,2026-08-08,,30,false,false,,
DFT-2025-00205,MST-TRLAJJ-36,corrosion,minor,2025-09-20,2025-11-16,57,false,false,,
DFT-2025-00206,BR-MJRPON-01,bearing_defect,minor,2025-10-28,2025-11-12,15,true,false,,
DFT-2026-00207,BL-ENRMJR-05,fouling,minor,2026-06-25,2026-07-12,17,true,false,,
DFT-2026-00208,OHE-AVDTI-15,hard_spot,major,2026-01-15,2026-02-05,21,false,false,,
DFT-2025-00209,MST-TITRL-19,corrosion,minor,2025-04-10,2025-06-16,67,false,false,,
DFT-2026-00210,OHE-PERABU-13,hard_spot,minor,2026-02-21,2026-05-02,70,false,true,failure,2026-03-08
DFT-2025-00211,BL-TRLAJJ-12,ballast_deficiency,major,2025-10-23,2025-10-28,5,false,false,,
DFT-2025-00212,BL-STMPV-06,fouling,minor,2025-08-19,2025-10-13,55,false,true,speed_restriction,2025-09-30
DFT-2026-00213,TC-ABUAVD-04,shunt_failure,major,2026-09-01,,6,false,true,punctuality_incident,2026-09-04
DFT-2025-00214,RL-PVTBM-08,corrugation,2,2025-08-31,2025-09-24,24,false,false,,
DFT-2025-00215,BR-TITRL-01,corrosion,minor,2025-06-05,2025-08-11,67,false,true,speed_restriction,2025-07-22
DFT-2026-00216,CW-CGLWJ-04,burn_mark,major,2026-03-13,2026-03-28,15,true,false,,
DFT-2025-00217,BL-TKOAJJ-05,fouling,minor,2025-07-04,2025-07-20,16,false,false,,
DFT-2025-00218,RL-MSBMS-06,corrugation,2,2025-12-06,2025-12-21,15,true,true,punctuality_incident,2025-12-10
DFT-2026-00219,BL-PERABU-09,fouling,minor,2026-08-09,2026-08-31,22,false,false,,
DFT-2025-00220,OHE-AVDTI-16,hard_spot,major,2025-08-15,2025-08-27,12,true,false,,
DFT-2026-00221,TC-PVTBM-08,shunt_failure,minor,2026-09-03,,4,false,false,,
DFT-2026-00222,OHE-TRL-01,height_stagger,minor,2026-02-06,2026-03-21,43,true,false,,
DFT-2026-00223,TC-TRLAJJ-33,bonding_defect,minor,2026-08-13,,25,false,false,,
DFT-2026-00224,SG-MASBBQ-04,aspect_defect,critical,2026-06-15,2026-06-16,1,false,false,,
DFT-2026-00225,AC-PVTBM-02,reset_failure,minor,2026-09-02,,5,false,false,,
DFT-2025-00226,OHE-CGLWJ-09,height_stagger,minor,2025-12-02,2026-02-02,62,false,false,,
DFT-2026-00227,BL-AJJ-04,drainage_choke,major,2026-07-30,2026-08-10,11,true,false,,
DFT-2026-00228,TO-BBQ-10,crossing_wear,minor,2026-04-23,2026-06-25,63,false,true,speed_restriction,2026-06-18
DFT-2026-00229,AC-TKOAJJ-01,reset_failure,minor,2026-07-21,,48,false,false,,
DFT-2026-00230,TO-CGL-06,gauge_defect,major,2026-05-16,2026-05-24,8,true,false,,
DFT-2025-00231,RL-TRLAJJ-43,corrugation,1,2025-05-26,2025-05-29,3,false,false,,
DFT-2026-00232,SL-BBQPER-03,fastening_failure,critical,2026-04-22,2026-04-28,6,true,false,,
DFT-2025-00233,PT-AJJ-05,motor_fault,minor,2025-06-10,2025-08-10,61,true,true,punctuality_incident,2025-06-29
DFT-2025-00234,TO-GPD-05,crossing_wear,minor,2025-04-11,2025-05-04,23,true,false,,
DFT-2026-00235,AC-AVDTI-01,reset_failure,major,2026-06-30,2026-07-09,9,false,false,,
DFT-2025-00236,BL-MJRPON-05,ballast_deficiency,minor,2025-09-08,2025-09-29,21,true,false,,
DFT-2025-00237,AC-GISTM-02,head_fault,minor,2025-07-31,2025-09-08,39,false,false,,
DFT-2026-00238,BL-BBQPER-02,drainage_choke,minor,2026-04-20,2026-05-09,19,false,false,,
DFT-2026-00239,RL-TRLAJJ-05,rail_flaw,IMDT,2026-03-01,2026-03-03,2,true,false,,
DFT-2025-00240,SL-PERABU-13,cracked_sleeper,minor,2025-08-06,2025-09-05,30,false,false,,
DFT-2026-00241,SG-MBMGI-01,lamp_failure,minor,2026-06-18,2026-07-07,19,false,false,,
DFT-2026-00242,BL-CGL-01,ballast_deficiency,minor,2026-03-31,2026-05-28,58,false,true,speed_restriction,2026-05-22
DFT-2026-00243,CW-TRLAJJ-10,wire_wear,major,2026-01-30,2026-02-18,19,false,false,,
DFT-2025-00244,SL-GISTM-04,fastening_failure,minor,2025-10-04,2025-11-23,50,false,true,speed_restriction,2025-11-22
DFT-2025-00245,RL-PVTBM-14,wear,3,2025-04-14,2025-05-24,40,true,false,,
DFT-2025-00246,RL-PVTBM-14,wear,3,2025-08-16,2025-10-26,71,false,true,speed_restriction,2025-09-05
DFT-2026-00247,SL-TRLAJJ-22,cracked_sleeper,minor,2026-04-25,2026-06-26,62,false,false,,
DFT-2026-00248,OHE-BBQPER-02,hard_spot,major,2026-04-10,2026-04-29,19,false,true,failure,2026-04-25
DFT-2026-00249,BL-ENRMJR-06,fouling,critical,2026-01-22,2026-01-29,7,true,false,,
DFT-2025-00250,BL-PERABU-15,fouling,major,2025-05-14,2025-05-26,12,true,false,,
DFT-2025-00251,BL-GPD-03,fouling,minor,2025-08-18,2025-09-19,32,false,false,,
DFT-2025-00252,TC-TITRL-10,bonding_defect,major,2025-07-18,2025-08-04,17,false,false,,
DFT-2025-00253,INS-TITRL-10,flashover_mark,critical,2025-05-20,2025-05-21,1,true,false,,
DFT-2026-00254,IL-TBM-01,relay_fault,minor,2026-09-05,,2,false,false,,
DFT-2026-00255,OHE-AVDTI-08,height_stagger,minor,2026-07-15,,54,true,true,failure,2026-08-04
DFT-2025-00256,PT-AJJ-08,obstruction,major,2025-04-08,2025-04-28,20,false,false,,
DFT-2025-00257,MST-TITRL-01,foundation_defect,minor,2025-10-23,2025-11-17,25,true,false,,
DFT-2026-00258,SL-PVTBM-03,fastening_failure,minor,2026-02-12,2026-02-23,11,false,false,,
DFT-2025-00259,OHE-MSB-04,hard_spot,minor,2025-08-10,2025-08-30,20,false,false,,
DFT-2026-00260,PT-BBQ-04,obstruction,minor,2026-05-02,2026-06-30,59,false,true,punctuality_incident,2026-06-09
DFT-2026-00261,RL-CJTMLP-06,corrugation,2,2026-07-26,2026-08-01,6,false,false,,
DFT-2025-00262,PT-MAS-14,motor_fault,minor,2025-05-06,2025-05-28,22,false,false,,
DFT-2026-00263,PT-PER-05,obstruction,minor,2026-08-14,,24,false,false,,
DFT-2026-00264,SG-TRLAJJ-27,aspect_defect,critical,2026-02-09,2026-02-11,2,true,false,,
DFT-2025-00265,MST-TRLAJJ-38,foundation_defect,major,2025-06-16,2025-07-02,16,false,false,,
DFT-2026-00266,BL-PERABU-02,ballast_deficiency,minor,2026-08-02,,36,false,false,,
DFT-2026-00267,TO-MS-02,switch_wear,major,2026-05-20,2026-05-26,6,false,false,,
DFT-2025-00268,TC-STMPV-08,shunt_failure,critical,2025-09-26,2025-09-27,1,false,false,,
DFT-2025-00269,RL-ABUAVD-02,wear,2,2025-09-05,2025-09-10,5,false,false,,
DFT-2025-00270,RL-CGLWJ-11,weld_failure,3,2025-09-02,2025-09-26,24,false,true,speed_restriction,2025-09-16
DFT-2026-00271,PT-MSB-06,detection_failure,minor,2026-02-18,2026-03-10,20,false,false,,
DFT-2025-00272,SG-PONGPD-07,lamp_failure,minor,2025-04-24,2025-06-29,66,false,false,,
DFT-2026-00273,BL-BBQTNP-01,ballast_deficiency,critical,2026-08-14,2026-08-19,5,false,false,,
DFT-2025-00274,CW-MSMBM-03,burn_mark,major,2025-06-14,2025-06-24,10,false,false,,
DFT-2025-00275,BL-PVTBM-02,ballast_deficiency,critical,2025-04-14,2025-04-17,3,false,true,failure,2025-04-16
DFT-2026-00276,SL-WJCJ-03,cracked_sleeper,minor,2026-08-19,2026-09-02,14,false,false,,
DFT-2025-00277,OHE-CJ-01,hard_spot,minor,2025-12-08,2026-02-09,63,false,false,,
DFT-2026-00278,PT-AVD-04,obstruction,major,2026-08-08,2026-08-23,15,false,false,,
DFT-2026-00279,TO-TBM-04,crossing_wear,minor,2026-04-02,2026-05-01,29,true,false,,
DFT-2025-00280,RL-TITRL-28,wear,3,2025-04-02,2025-05-05,33,false,false,,
DFT-2026-00281,RL-PVTBM-11,weld_failure,3,2026-08-14,,24,false,false,,
DFT-2025-00282,TC-MJRPON-08,shunt_failure,major,2025-08-21,2025-09-05,15,false,false,,
DFT-2026-00283,RL-MSBMS-05,corrugation,3,2026-06-14,2026-07-16,32,true,false,,
DFT-2026-00284,PT-TBM-07,detection_failure,minor,2026-04-26,2026-07-01,66,false,false,,
DFT-2025-00285,RL-PONGPD-09,wear,3,2025-06-26,2025-09-04,70,false,false,,
DFT-2026-00286,SG-TRLAJJ-17,aspect_defect,minor,2026-07-17,2026-08-27,41,false,false,,
DFT-2025-00287,INS-MSMBM-04,flashover_mark,major,2025-10-19,2025-10-27,8,false,false,,
DFT-2026-00288,SG-TRLAJJ-13,lamp_failure,minor,2026-08-20,,18,true,false,,
DFT-2026-00289,BL-PVTBM-01,fouling,major,2026-01-27,2026-02-14,18,false,false,,
DFT-2026-00290,SG-TKOAJJ-03,lamp_failure,minor,2026-04-08,2026-05-22,44,false,false,,
DFT-2025-00291,SL-MASBBQ-03,cracked_sleeper,minor,2025-10-29,2025-12-18,50,false,true,speed_restriction,2025-11-04
DFT-2026-00292,SG-AVDTI-12,lamp_failure,minor,2026-02-10,2026-04-05,54,false,false,,
DFT-2025-00293,RL-TRLAJJ-05,weld_failure,2,2025-12-11,2025-12-28,17,true,false,,
DFT-2025-00294,SG-AVDTI-08,aspect_defect,minor,2025-07-15,2025-07-27,12,true,false,,
DFT-2026-00295,TC-TKOAJJ-03,bonding_defect,minor,2026-07-04,2026-08-10,37,false,false,,
DFT-2026-00296,TC-TRLAJJ-43,shunt_failure,minor,2026-07-19,,50,true,true,punctuality_incident,2026-08-05
DFT-2025-00297,SL-STMPV-06,cracked_sleeper,major,2025-10-03,2025-10-14,11,false,false,,
DFT-2026-00298,PT-ENR-03,motor_fault,major,2026-03-08,2026-03-18,10,false,false,,
DFT-2026-00299,AC-PERABU-02,head_fault,minor,2026-05-05,2026-07-12,68,false,false,,
DFT-2026-00300,TO-MAS-10,crossing_wear,minor,2026-07-02,2026-07-13,11,false,true,speed_restriction,2026-07-09
DFT-2026-00301,BR-PERABU-01,bearing_defect,major,2026-04-02,2026-04-22,20,true,false,,
DFT-2025-00302,RL-PERABU-21,corrugation,2,2025-09-28,2025-10-15,17,false,false,,
DFT-2025-00303,RL-MSBMS-04,rail_flaw,3,2025-09-25,2025-12-08,74,false,true,failure,2025-10-23
DFT-2025-00304,INS-MJRPON-02,cracked_insulator,minor,2025-06-28,2025-08-15,48,false,false,,
DFT-2025-00305,AC-TRLAJJ-01,reset_failure,minor,2025-08-24,2025-10-05,42,false,false,,
DFT-2026-00306,SL-TITRL-09,cracked_sleeper,minor,2026-05-15,2026-06-12,28,true,false,,
DFT-2026-00307,MST-PVTBM-02,corrosion,major,2026-04-20,2026-05-11,21,false,false,,
DFT-2025-00308,SG-TRLAJJ-11,aspect_defect,minor,2025-09-07,2025-10-02,25,false,false,,
DFT-2026-00309,SL-ENRMJR-08,cracked_sleeper,minor,2026-04-14,2026-06-09,56,false,false,,
DFT-2026-00310,SL-PVTBM-01,fastening_failure,critical,2026-01-24,2026-01-27,3,true,false,,
DFT-2025-00311,BL-MBMGI-04,drainage_choke,minor,2025-05-07,2025-07-14,68,false,false,,
DFT-2026-00312,SG-STMPV-03,aspect_defect,minor,2026-02-02,2026-03-15,41,true,false,,
DFT-2026-00313,MST-MJRPON-02,corrosion,minor,2026-01-16,2026-02-10,25,true,false,,
DFT-2025-00314,RL-MBMGI-08,weld_failure,2,2025-11-21,2025-11-27,6,false,false,,
DFT-2026-00315,RL-TNPENR-05,corrugation,2,2026-02-11,2026-03-05,22,false,false,,
DFT-2026-00316,OHE-TRLAJJ-09,hard_spot,critical,2026-06-25,2026-06-30,5,false,false,,
DFT-2025-00317,RL-TNPENR-04,rail_flaw,3,2025-08-30,2025-10-08,39,false,true,speed_restriction,2025-09-19
DFT-2025-00318,MST-MBMGI-02,foundation_defect,minor,2025-05-14,2025-06-14,31,true,true,failure,2025-05-27
DFT-2026-00319,MST-ENRMJR-01,foundation_defect,critical,2026-04-25,2026-04-28,3,false,false,,
DFT-2026-00320,SL-PVTBM-03,cracked_sleeper,major,2026-05-27,2026-06-13,17,true,false,,
DFT-2025-00321,BL-TRLAJJ-27,drainage_choke,minor,2025-06-16,2025-07-04,18,false,false,,
DFT-2026-00322,MST-AVDTI-08,corrosion,major,2026-08-20,,18,false,false,,
DFT-2026-00323,SL-PVTBM-06,fastening_failure,major,2026-07-07,2026-07-28,21,false,false,,
DFT-2025-00324,BL-MJRPON-01,ballast_deficiency,minor,2025-10-23,2025-11-15,23,false,false,,
DFT-2026-00325,RL-TRLAJJ-09,rail_flaw,2,2026-01-15,2026-01-21,6,true,false,,
DFT-2025-00326,INS-BBQPER-02,cracked_insulator,critical,2025-07-29,2025-08-04,6,false,false,,
DFT-2026-00327,SL-PERABU-04,cracked_sleeper,major,2026-08-23,2026-09-04,12,true,true,punctuality_incident,2026-08-29
DFT-2026-00328,RL-GISTM-04,rail_flaw,1,2026-07-30,2026-08-06,7,false,false,,
DFT-2026-00329,RL-MSMBM-17,wear,2,2026-04-23,2026-05-07,14,false,true,speed_restriction,2026-04-29
DFT-2025-00330,SL-PERABU-02,cracked_sleeper,minor,2025-10-04,2025-10-23,19,false,true,failure,2025-10-13
DFT-2025-00331,SL-TRLAJJ-05,fastening_failure,major,2025-09-22,2025-10-13,21,true,false,,
DFT-2026-00332,SS-TBM-01,equipment_fault,minor,2026-08-16,,22,false,false,,
DFT-2026-00333,INS-PERABU-01,flashover_mark,minor,2026-01-09,2026-03-01,51,true,false,,
DFT-2025-00334,CW-TRLAJJ-22,wire_wear,major,2025-10-19,2025-11-01,13,false,false,,
DFT-2026-00335,MST-PERABU-13,foundation_defect,minor,2026-09-05,,2,false,false,,
DFT-2026-00336,PT-CJ-01,motor_fault,minor,2026-04-28,2026-05-17,19,false,false,,
DFT-2026-00337,OHE-MSMBM-13,height_stagger,minor,2026-04-06,2026-05-28,52,false,true,failure,2026-05-03
DFT-2026-00338,CW-PERABU-11,wire_wear,critical,2026-05-06,2026-05-08,2,false,false,,
DFT-2026-00339,OHE-MSB-04,hard_spot,minor,2026-01-31,2026-03-26,54,false,false,,
DFT-2025-00340,SL-WJCJ-03,cracked_sleeper,major,2025-07-04,2025-07-09,5,false,true,punctuality_incident,2025-07-07
DFT-2025-00341,PT-MS-03,obstruction,minor,2025-04-24,2025-06-30,67,false,false,,
DFT-2026-00342,OHE-MBMGI-03,hard_spot,minor,2026-06-21,2026-08-30,70,false,false,,
DFT-2025-00343,AC-MSMBM-02,reset_failure,major,2025-03-20,2025-04-02,13,false,false,,
DFT-2026-00344,IL-MSB-01,relay_fault,critical,2026-06-12,2026-06-14,2,false,false,,
DFT-2025-00345,IL-TRL-01,relay_fault,major,2025-03-17,2025-03-25,8,true,false,,
DFT-2025-00346,OHE-MJRPON-08,height_stagger,minor,2025-10-22,2025-11-22,31,true,true,failure,2025-11-01
DFT-2025-00347,TO-AVD-04,switch_wear,minor,2025-06-14,2025-07-01,17,false,false,,
DFT-2026-00348,PT-TNP-06,obstruction,major,2026-06-09,2026-06-16,7,true,false,,
DFT-2026-00349,OHE-TRLAJJ-11,hard_spot,major,2026-01-11,2026-01-19,8,true,false,,
DFT-2025-00350,TO-CGL-01,switch_wear,minor,2025-06-03,2025-06-28,25,true,false,,
DFT-2026-00351,RL-AVDTI-03,weld_failure,1,2026-02-20,2026-02-24,4,true,false,,
DFT-2025-00352,OHE-TITRL-01,height_stagger,minor,2025-08-23,2025-10-25,63,false,true,failure,2025-09-22
DFT-2025-00353,MST-MASBBQ-02,corrosion,minor,2025-09-09,2025-10-27,48,true,false,,
DFT-2026-00354,MST-PONGPD-05,corrosion,minor,2026-07-10,2026-07-29,19,true,false,,
DFT-2025-00355,OHE-MASBBQ-03,hard_spot,minor,2025-11-26,2026-02-04,70,false,false,,
DFT-2026-00356,RL-TITRL-23,rail_flaw,3,2026-06-10,2026-08-09,60,false,true,speed_restriction,2026-06-14
DFT-2025-00357,BL-MJRPON-02,drainage_choke,minor,2025-05-01,2025-05-20,19,false,false,,
DFT-2025-00358,TC-TRLAJJ-18,shunt_failure,minor,2025-07-03,2025-07-17,14,true,false,,
DFT-2026-00359,SL-TNPENR-01,fastening_failure,minor,2026-01-01,2026-02-26,56,false,false,,
DFT-2025-00360,BL-PVTBM-01,ballast_deficiency,minor,2025-03-26,2025-05-09,44,false,false,,
DFT-2026-00361,BL-TRLAJJ-11,drainage_choke,major,2026-05-20,2026-06-09,20,true,false,,
DFT-2026-00362,RL-TNPENR-03,corrugation,2,2026-08-14,2026-08-29,15,false,true,failure,2026-08-20
DFT-2025-00363,RL-BBQPER-05,rail_flaw,IMDT,2025-06-29,2025-07-01,2,false,false,,
DFT-2026-00364,RL-WJCJ-07,rail_flaw,3,2026-01-17,2026-03-13,55,false,false,,
DFT-2025-00365,PT-MAS-08,obstruction,minor,2025-09-08,2025-11-16,69,false,false,,
DFT-2026-00366,BL-BBQ-06,ballast_deficiency,major,2026-05-07,2026-05-21,14,false,false,,
DFT-2026-00367,OHE-MS-04,height_stagger,minor,2026-02-17,2026-03-25,36,false,false,,
DFT-2026-00368,BL-PERABU-08,fouling,major,2026-07-23,2026-08-06,14,true,false,,
DFT-2025-00369,RL-STMPV-14,weld_failure,2,2025-08-24,2025-08-29,5,false,false,,
DFT-2025-00370,TO-TBM-05,gauge_defect,minor,2025-12-12,2026-01-28,47,false,false,,
DFT-2026-00371,CW-MSMBM-07,wire_wear,minor,2026-03-07,2026-05-10,64,false,false,,
DFT-2025-00372,RL-PONGPD-05,rail_flaw,3,2025-12-01,2026-01-28,58,false,false,,
DFT-2026-00373,RL-MSMBM-10,rail_flaw,3,2026-08-22,,16,false,false,,
DFT-2025-00374,BL-PER-01,fouling,minor,2025-11-14,2025-12-31,47,false,false,,
DFT-2025-00375,MST-TITRL-15,foundation_defect,minor,2025-07-05,2025-09-13,70,false,false,,
DFT-2025-00376,OHE-MAS-02,height_stagger,major,2025-11-22,2025-12-03,11,false,false,,
DFT-2025-00377,OHE-ABUAVD-12,hard_spot,major,2025-09-06,2025-09-17,11,true,false,,
DFT-2025-00378,TO-TNP-05,switch_wear,major,2025-04-02,2025-04-24,22,false,false,,
DFT-2026-00379,INS-MSBMS-01,flashover_mark,major,2026-02-16,2026-02-28,12,true,false,,
DFT-2026-00380,SL-MASBBQ-02,fastening_failure,minor,2026-08-19,,19,false,false,,
DFT-2025-00381,TC-TRLAJJ-19,shunt_failure,major,2025-10-28,2025-11-12,15,false,false,,
DFT-2025-00382,RL-TITRL-05,rail_flaw,2,2025-08-19,2025-09-03,15,false,true,speed_restriction,2025-08-27
DFT-2025-00383,INS-PVTBM-04,cracked_insulator,minor,2025-11-10,2025-12-13,33,false,false,,
DFT-2026-00384,SL-PONGPD-06,fastening_failure,minor,2026-06-18,2026-08-23,66,false,true,speed_restriction,2026-08-02
DFT-2025-00385,INS-STMPV-04,flashover_mark,minor,2025-11-27,2025-12-18,21,true,false,,
DFT-2025-00386,TO-CGL-01,crossing_wear,minor,2025-05-24,2025-06-07,14,true,false,,
DFT-2025-00387,CW-TRLAJJ-14,wire_wear,minor,2025-05-03,2025-06-05,33,false,false,,
DFT-2025-00388,OHE-MSMBM-08,hard_spot,major,2025-08-15,2025-08-31,16,false,false,,
DFT-2025-00389,BL-TBM-02,ballast_deficiency,minor,2025-09-17,2025-09-30,13,false,false,,
DFT-2025-00390,BL-TRLAJJ-32,ballast_deficiency,minor,2025-12-25,2026-03-05,70,false,false,,
DFT-2025-00391,AC-CGLWJ-04,head_fault,minor,2025-05-05,2025-05-31,26,false,false,,
DFT-2025-00392,SL-ABUAVD-05,fastening_failure,critical,2025-10-28,2025-11-01,4,false,true,speed_restriction,2025-10-29
DFT-2025-00393,OHE-BBQPER-03,hard_spot,critical,2025-05-02,2025-05-03,1,true,false,,
DFT-2026-00394,SG-MSMBM-07,aspect_defect,critical,2026-05-24,2026-05-29,5,false,false,,
DFT-2025-00395,RL-MSBMS-04,weld_failure,2,2025-11-30,2025-12-13,13,false,true,failure,2025-12-08
DFT-2025-00396,PT-MS-09,motor_fault,critical,2025-04-21,2025-04-24,3,false,false,,
DFT-2026-00397,SL-ABUAVD-03,fastening_failure,critical,2026-02-25,2026-02-27,2,false,false,,
DFT-2026-00398,MST-TRLAJJ-12,foundation_defect,minor,2026-06-06,2026-06-19,13,false,false,,
DFT-2026-00399,SG-MSBMS-07,lamp_failure,minor,2026-03-07,2026-05-16,70,false,true,punctuality_incident,2026-05-16
DFT-2025-00400,TO-MAS-01,crossing_wear,minor,2025-06-07,2025-06-26,19,false,false,,
DFT-2026-00401,PT-MAS-15,detection_failure,minor,2026-04-13,2026-06-02,50,true,false,,
DFT-2025-00402,MST-MJRPON-02,foundation_defect,minor,2025-08-18,2025-10-20,63,false,false,,
DFT-2025-00403,SL-PONGPD-06,cracked_sleeper,minor,2025-08-13,2025-10-02,50,true,false,,
DFT-2025-00404,TC-ENRMJR-01,shunt_failure,major,2025-11-23,2025-12-13,20,false,false,,
DFT-2026-00405,BL-PERABU-12,fouling,major,2026-03-14,2026-03-19,5,false,false,,
DFT-2026-00406,SG-MASBBQ-03,aspect_defect,minor,2026-05-09,2026-07-18,70,true,false,,
DFT-2025-00407,OHE-MSMBM-06,height_stagger,major,2025-06-17,2025-07-05,18,false,false,,
DFT-2025-00408,BR-TRLAJJ-02,bearing_defect,minor,2025-04-26,2025-05-27,31,false,true,failure,2025-05-12
DFT-2026-00409,OHE-ENR-02,hard_spot,minor,2026-05-29,2026-06-16,18,false,false,,
DFT-2025-00410,RL-MSMBM-13,rail_flaw,1,2025-11-02,2025-11-06,4,false,false,,
DFT-2025-00411,RL-MJRPON-10,rail_flaw,1,2025-03-28,2025-04-01,4,false,false,,
DFT-2025-00412,CW-PONGPD-05,wire_wear,critical,2025-12-24,2025-12-25,1,false,false,,
DFT-2025-00413,RL-TRLAJJ-43,corrugation,2,2025-09-14,2025-09-19,5,false,false,,
DFT-2025-00414,BL-MAS-08,ballast_deficiency,minor,2025-06-08,2025-07-07,29,false,true,speed_restriction,2025-06-12
DFT-2025-00415,SL-MSBMS-06,fastening_failure,minor,2025-09-17,2025-11-16,60,false,true,speed_restriction,2025-10-22
DFT-2026-00416,AC-AVDTI-04,reset_failure,critical,2026-07-22,2026-07-28,6,false,true,failure,2026-07-26
DFT-2026-00417,BL-BBQ-06,ballast_deficiency,major,2026-01-31,2026-02-11,11,false,true,speed_restriction,2026-02-10
DFT-2026-00418,PT-PER-04,obstruction,major,2026-03-23,2026-04-02,10,false,false,,
DFT-2026-00419,SG-ENRMJR-02,aspect_defect,major,2026-03-15,2026-03-27,12,false,false,,
DFT-2025-00420,AC-TRLAJJ-15,head_fault,major,2025-08-26,2025-09-09,14,false,true,punctuality_incident,2025-09-04
DFT-2026-00421,RL-MJRPON-06,corrugation,3,2026-08-06,,32,false,false,,
DFT-2025-00422,AC-TRLAJJ-12,head_fault,minor,2025-08-29,2025-11-04,67,false,false,,
DFT-2025-00423,SG-MBMGI-03,lamp_failure,minor,2025-08-17,2025-10-11,55,true,true,failure,2025-09-05
DFT-2026-00424,SL-TRLAJJ-10,cracked_sleeper,minor,2026-01-06,2026-03-16,69,false,false,,
DFT-2025-00425,RL-TITRL-15,wear,3,2025-04-28,2025-05-15,17,false,false,,
DFT-2025-00426,SG-PVTBM-04,lamp_failure,critical,2025-06-02,2025-06-09,7,true,false,,
DFT-2025-00427,IL-GPD-01,relay_fault,minor,2025-12-21,2026-02-23,64,true,false,,
DFT-2025-00428,TO-ENR-05,switch_wear,major,2025-03-16,2025-03-26,10,true,true,punctuality_incident,2025-03-22
DFT-2026-00429,RL-MBMGI-03,wear,2,2026-08-14,2026-08-21,7,false,false,,
DFT-2026-00430,OHE-TITRL-14,height_stagger,minor,2026-01-04,2026-03-09,64,false,false,,
DFT-2025-00431,INS-BBQPER-04,cracked_insulator,minor,2025-10-10,2025-12-12,63,true,true,punctuality_incident,2025-11-03
DFT-2026-00432,PT-TBM-05,detection_failure,major,2026-04-20,2026-04-28,8,false,false,,
DFT-2025-00433,RL-MSMBM-06,weld_failure,3,2025-03-17,2025-05-15,59,false,false,,
DFT-2026-00434,TO-AJJ-12,gauge_defect,minor,2026-08-31,,7,true,false,,
DFT-2025-00435,RL-MJRPON-07,wear,3,2025-09-18,2025-11-14,57,false,true,failure,2025-10-18
DFT-2025-00436,TC-TRLAJJ-36,bonding_defect,minor,2025-12-19,2026-02-19,62,false,false,,
DFT-2025-00437,BL-PER-03,fouling,minor,2025-10-17,2025-11-16,30,true,false,,
DFT-2025-00438,SL-AVDTI-08,cracked_sleeper,major,2025-05-02,2025-05-14,12,true,false,,
DFT-2025-00439,RL-MJRPON-01,wear,3,2025-05-08,2025-07-12,65,true,false,,
DFT-2025-00440,TO-MSB-11,crossing_wear,major,2025-10-18,2025-11-08,21,true,false,,
DFT-2025-00441,OHE-TRLAJJ-03,hard_spot,minor,2025-04-27,2025-05-07,10,false,false,,
DFT-2025-00442,RL-ABUAVD-14,rail_flaw,1,2025-07-23,2025-07-29,6,true,false,,
DFT-2025-00443,TC-PONGPD-07,shunt_failure,minor,2025-09-27,2025-11-05,39,false,false,,
DFT-2026-00444,TC-PERABU-07,bonding_defect,critical,2026-03-17,2026-03-24,7,true,false,,
DFT-2025-00445,TO-MAS-01,gauge_defect,minor,2025-08-27,2025-09-11,15,true,false,,
DFT-2025-00446,RL-PERABU-16,corrugation,IMDT,2025-08-26,2025-08-28,2,true,false,,
DFT-2026-00447,RL-TNPENR-03,rail_flaw,2,2026-04-07,2026-04-26,19,false,false,,
DFT-2026-00448,SL-MASBBQ-01,cracked_sleeper,major,2026-04-05,2026-04-10,5,true,false,,
DFT-2026-00449,SG-ABUAVD-01,lamp_failure,major,2026-01-07,2026-01-24,17,false,false,,
DFT-2026-00450,SL-PONGPD-02,fastening_failure,minor,2026-06-29,2026-09-02,65,false,true,speed_restriction,2026-08-06
DFT-2025-00451,RL-BBQPER-08,wear,3,2025-08-24,2025-10-06,43,true,false,,
DFT-2026-00452,SL-PVTBM-08,fastening_failure,major,2026-04-21,2026-05-13,22,false,true,speed_restriction,2026-04-24
DFT-2026-00453,TC-ABUAVD-04,bonding_defect,minor,2026-01-30,2026-03-10,39,true,false,,
DFT-2026-00454,BL-TBM-02,ballast_deficiency,minor,2026-03-01,2026-04-20,50,true,false,,
DFT-2026-00455,INS-TRLAJJ-01,cracked_insulator,minor,2026-08-01,,37,false,true,punctuality_incident,2026-08-05
DFT-2026-00456,RL-TRLAJJ-47,wear,3,2026-06-19,2026-08-25,67,true,false,,
DFT-2025-00457,SL-TRLAJJ-23,cracked_sleeper,minor,2025-08-21,2025-09-09,19,false,false,,
DFT-2026-00458,TO-BBQ-07,crossing_wear,major,2026-04-01,2026-04-13,12,false,false,,
DFT-2025-00459,OHE-ENR-01,hard_spot,major,2025-06-04,2025-06-20,16,true,false,,
DFT-2025-00460,SL-PERABU-04,fastening_failure,critical,2025-03-21,2025-03-24,3,true,false,,
DFT-2025-00461,BL-MAS-09,drainage_choke,minor,2025-08-08,2025-09-01,24,false,false,,
DFT-2026-00462,RL-MSBMS-11,corrugation,3,2026-08-18,2026-09-02,15,false,false,,
DFT-2025-00463,OHE-PERABU-04,height_stagger,major,2025-05-03,2025-05-22,19,false,false,,
DFT-2025-00464,RL-TRLAJJ-25,wear,2,2025-10-15,2025-11-02,18,true,false,,
DFT-2025-00465,BL-TITRL-11,ballast_deficiency,major,2025-12-30,2026-01-10,11,false,false,,
DFT-2025-00466,RL-TNPENR-14,rail_flaw,3,2025-06-16,2025-07-10,24,false,false,,
DFT-2025-00467,OHE-AVDTI-07,hard_spot,minor,2025-08-21,2025-10-04,44,false,false,,
DFT-2025-00468,AC-AVDTI-01,reset_failure,minor,2025-08-04,2025-09-01,28,true,false,,
DFT-2026-00469,AC-CGLWJ-02,reset_failure,minor,2026-08-17,,21,true,false,,
DFT-2026-00470,TC-TRLAJJ-27,shunt_failure,minor,2026-04-28,2026-05-12,14,false,false,,
DFT-2026-00471,INS-BBQPER-02,flashover_mark,minor,2026-06-30,2026-08-24,55,false,true,failure,2026-08-16
DFT-2025-00472,SL-MASBBQ-04,cracked_sleeper,minor,2025-12-05,2026-01-21,47,false,true,speed_restriction,2026-01-05
DFT-2026-00473,AC-TNPENR-03,reset_failure,major,2026-05-17,2026-06-07,21,true,false,,
DFT-2026-00474,RL-STMPV-13,weld_failure,2,2026-08-09,2026-08-19,10,false,false,,
DFT-2026-00475,MST-MSBMS-08,foundation_defect,minor,2026-04-23,2026-06-01,39,false,false,,
DFT-2026-00476,TC-TITRL-11,shunt_failure,major,2026-05-22,2026-05-27,5,false,false,,
DFT-2025-00477,TO-TNP-02,crossing_wear,minor,2025-11-04,2025-11-16,12,false,false,,
DFT-2025-00478,INS-CGLWJ-05,cracked_insulator,major,2025-10-31,2025-11-16,16,false,true,punctuality_incident,2025-11-01
DFT-2026-00479,RL-TRLAJJ-55,rail_flaw,3,2026-09-04,,3,true,false,,
DFT-2026-00480,TO-PER-05,crossing_wear,minor,2026-07-22,,47,false,false,,
DFT-2026-00481,RL-TRLAJJ-43,corrugation,3,2026-06-11,2026-07-27,46,true,false,,
DFT-2025-00482,BL-TRLAJJ-04,drainage_choke,minor,2025-05-20,2025-07-13,54,false,false,,
DFT-2026-00483,SG-PERABU-15,lamp_failure,major,2026-04-27,2026-05-10,13,true,true,punctuality_incident,2026-04-29
DFT-2025-00484,TO-PER-05,crossing_wear,major,2025-08-09,2025-08-25,16,true,false,,
DFT-2026-00485,SL-MSBMS-04,fastening_failure,major,2026-02-06,2026-02-22,16,false,false,,
DFT-2025-00486,SL-CGLWJ-06,fastening_failure,minor,2025-04-24,2025-06-22,59,true,false,,
DFT-2025-00487,MST-TRLAJJ-38,corrosion,minor,2025-10-19,2025-12-26,68,false,true,punctuality_incident,2025-11-17
DFT-2026-00488,SL-MASBBQ-01,fastening_failure,critical,2026-08-24,2026-08-27,3,true,false,,
DFT-2026-00489,OHE-TRLAJJ-0402,hard_spot,minor,2026-02-16,2026-04-15,58,false,false,,
DFT-2026-00490,TC-TRLAJJ-04,bonding_defect,minor,2026-09-04,,3,false,false,,
DFT-2025-00491,SL-PVTBM-08,fastening_failure,major,2025-04-18,2025-04-26,8,false,false,,
DFT-2025-00492,TO-TBM-02,crossing_wear,critical,2025-04-24,2025-04-25,1,false,false,,
DFT-2025-00493,RL-PVTBM-04,weld_failure,3,2025-08-02,2025-10-07,66,false,false,,
DFT-2025-00494,TC-ABUAVD-05,shunt_failure,minor,2025-04-08,2025-06-17,70,false,true,punctuality_incident,2025-05-18
DFT-2025-00495,SL-PONGPD-08,fastening_failure,major,2025-07-30,2025-08-16,17,false,true,speed_restriction,2025-08-06
DFT-2026-00496,BL-BBQTNP-01,ballast_deficiency,major,2026-08-26,2026-09-01,6,true,false,,
DFT-2025-00497,TO-MAS-15,crossing_wear,minor,2025-09-07,2025-10-05,28,false,true,speed_restriction,2025-09-12
DFT-2026-00498,BL-TNP-03,ballast_deficiency,minor,2026-09-03,,4,false,false,,
DFT-2026-00499,PT-TNP-05,obstruction,major,2026-06-08,2026-06-22,14,false,false,,
DFT-2025-00500,PT-TNP-06,obstruction,minor,2025-05-10,2025-06-24,45,false,false,,
DFT-2026-00501,RL-MJRPON-05,weld_failure,1,2026-07-26,2026-07-30,4,false,false,,
DFT-2026-00502,CW-PERABU-09,burn_mark,minor,2026-08-23,,15,false,false,,
DFT-2026-00503,OHE-BBQTNP-01,height_stagger,minor,2026-08-25,,13,false,false,,
DFT-2025-00504,SG-TITRL-15,aspect_defect,minor,2025-10-16,2025-11-17,32,false,false,,
DFT-2025-00505,OHE-TRLAJJ-30,height_stagger,minor,2025-04-20,2025-05-31,41,false,false,,
DFT-2026-00506,AC-MASBBQ-02,reset_failure,minor,2026-08-06,2026-08-30,24,false,false,,
DFT-2025-00507,OHE-MSB-03,hard_spot,minor,2025-05-13,2025-07-10,58,false,false,,
DFT-2026-00508,MST-AVDTI-03,corrosion,major,2026-03-07,2026-03-25,18,true,false,,
DFT-2026-00509,MST-TRLAJJ-43,corrosion,critical,2026-01-01,2026-01-04,3,false,false,,
DFT-2026-00510,RL-MSMBM-08,rail_flaw,3,2026-05-02,2026-06-01,30,false,false,,
DFT-2026-00511,INS-AVDTI-07,flashover_mark,major,2026-08-09,2026-08-20,11,false,false,,
DFT-2025-00512,RL-GISTM-02,wear,2,2025-03-24,2025-04-17,24,false,true,punctuality_incident,2025-03-29
DFT-2026-00513,TO-TBM-03,switch_wear,minor,2026-05-28,2026-07-21,54,true,true,speed_restriction,2026-06-03
DFT-2026-00514,MST-AVDTI-09,corrosion,major,2026-08-06,2026-08-20,14,true,false,,
DFT-2025-00515,TC-TRLAJJ-24,bonding_defect,major,2025-05-09,2025-05-23,14,false,false,,
DFT-2025-00516,SL-TITRL-04,cracked_sleeper,minor,2025-07-05,2025-07-15,10,false,false,,
DFT-2025-00517,BL-GISTM-04,drainage_choke,minor,2025-05-10,2025-06-25,46,true,false,,
DFT-2025-00518,CW-MSBMS-02,burn_mark,minor,2025-11-02,2025-12-20,48,false,false,,
DFT-2026-00519,RL-PONGPD-12,weld_failure,2,2026-06-06,2026-06-18,12,true,false,,
DFT-2025-00520,AC-MBMGI-02,head_fault,minor,2025-10-14,2025-11-12,29,false,false,,
DFT-2025-00521,BL-MS-06,drainage_choke,major,2025-08-27,2025-09-10,14,false,false,,
DFT-2025-00522,PT-MS-09,detection_failure,minor,2025-10-26,2025-11-15,20,false,false,,
DFT-2025-00523,BL-MSBMS-02,ballast_deficiency,major,2025-10-25,2025-11-16,22,false,false,,
DFT-2026-00524,TO-MSB-08,gauge_defect,minor,2026-07-05,2026-07-28,23,false,false,,
DFT-2026-00525,MST-TRLAJJ-32,corrosion,major,2026-06-20,2026-06-26,6,false,true,failure,2026-06-21
DFT-2025-00526,PT-AJJ-09,obstruction,minor,2025-12-29,2026-02-14,47,false,true,punctuality_incident,2026-01-18
DFT-2025-00527,BL-AVDTI-09,drainage_choke,minor,2025-08-18,2025-10-07,50,true,false,,
DFT-2025-00528,RL-TITRL-22,weld_failure,3,2025-10-31,2025-12-17,47,true,false,,
DFT-2026-00529,SL-ABUAVD-05,cracked_sleeper,minor,2026-04-10,2026-05-23,43,false,false,,
DFT-2025-00530,CW-TITRL-04,wire_wear,major,2025-05-25,2025-06-10,16,false,false,,
DFT-2026-00531,TO-BBQ-10,gauge_defect,minor,2026-08-09,,29,false,false,,
DFT-2025-00532,SL-BBQTNP-02,fastening_failure,minor,2025-07-26,2025-09-13,49,false,false,,
DFT-2026-00533,PT-MSB-10,obstruction,critical,2026-02-16,2026-02-18,2,false,false,,
DFT-2026-00534,BL-MSBMS-07,fouling,major,2026-05-29,2026-06-13,15,false,false,,
DFT-2026-00535,OHE-TNPENR-03,hard_spot,major,2026-03-29,2026-04-04,6,false,false,,
DFT-2025-00536,OHE-MJRPON-01,hard_spot,minor,2025-06-24,2025-08-11,48,false,false,,
DFT-2025-00537,INS-TITRL-01,cracked_insulator,minor,2025-08-27,2025-10-03,37,false,false,,
DFT-2025-00538,MST-PERABU-14,corrosion,major,2025-08-31,2025-09-06,6,true,false,,
DFT-2025-00539,BL-PERABU-02,fouling,major,2025-07-01,2025-07-17,16,true,true,failure,2025-07-14
DFT-2025-00540,MST-AVDTI-10,foundation_defect,minor,2025-11-30,2025-12-10,10,false,false,,
DFT-2025-00541,RL-ABUAVD-04,rail_flaw,IMDT,2025-05-01,2025-05-01,0,true,false,,
DFT-2025-00542,OHE-TITRL-04,hard_spot,major,2025-12-14,2026-01-02,19,false,false,,
DFT-2026-00543,BL-TRLAJJ-21,drainage_choke,minor,2026-04-23,2026-05-14,21,false,false,,
DFT-2025-00544,TC-AVDTI-02,bonding_defect,minor,2025-04-19,2025-05-06,17,false,false,,
DFT-2025-00545,AC-GISTM-04,head_fault,minor,2025-09-27,2025-11-26,60,false,true,speed_restriction,2025-10-17
DFT-2025-00546,RL-BBQTNP-04,rail_flaw,3,2025-07-28,2025-08-11,14,true,false,,
DFT-2025-00547,OHE-MSMBM-16,height_stagger,major,2025-11-28,2025-12-03,5,true,false,,
DFT-2026-00548,SL-BBQPER-03,fastening_failure,minor,2026-02-14,2026-03-08,22,true,false,,
DFT-2025-00549,SL-ABUAVD-03,fastening_failure,critical,2025-12-15,2025-12-20,5,false,true,speed_restriction,2025-12-19
DFT-2026-00550,TC-PONGPD-07,shunt_failure,minor,2026-02-08,2026-02-22,14,false,false,,
DFT-2026-00551,RL-TRLAJJ-65,weld_failure,2,2026-03-03,2026-03-13,10,false,false,,
DFT-2026-00552,SL-TRLAJJ-24,fastening_failure,major,2026-02-21,2026-03-13,20,true,true,speed_restriction,2026-03-05
DFT-2025-00553,SL-TRLAJJ-27,cracked_sleeper,major,2025-10-21,2025-11-05,15,false,true,speed_restriction,2025-11-02
DFT-2026-00554,AC-TITRL-07,head_fault,critical,2026-01-04,2026-01-11,7,false,false,,
DFT-2025-00555,RL-CGLWJ-02,rail_flaw,3,2025-08-03,2025-09-19,47,false,false,,
DFT-2025-00556,RL-BBQPER-03,weld_failure,1,2025-07-28,2025-08-03,6,false,false,,
DFT-2026-00557,TC-TRLAJJ-19,bonding_defect,major,2026-08-30,,8,true,false,,
DFT-2025-00558,TO-ENR-02,switch_wear,minor,2025-11-24,2025-12-21,27,true,false,,
DFT-2025-00559,OHE-AVDTI-02,hard_spot,major,2025-08-26,2025-09-11,16,false,true,failure,2025-09-04
DFT-2026-00560,CW-AVDTI-04,wire_wear,major,2026-06-19,2026-07-05,16,false,false,,
DFT-2025-00561,OHE-MSBMS-01,height_stagger,critical,2025-12-16,2025-12-19,3,false,false,,
DFT-2025-00562,RL-STMPV-03,corrugation,3,2025-11-08,2026-01-09,62,false,true,punctuality_incident,2025-11-26
DFT-2026-00563,RL-PERABU-21,wear,2,2026-05-18,2026-05-26,8,false,false,,
DFT-2025-00564,SG-PVTBM-07,lamp_failure,minor,2025-10-03,2025-11-06,34,false,false,,
DFT-2025-00565,INS-PVTBM-03,cracked_insulator,minor,2025-08-10,2025-10-10,61,false,true,failure,2025-08-21
DFT-2025-00566,BR-MJRPON-01,corrosion,minor,2025-06-09,2025-07-02,23,false,false,,
DFT-2026-00567,OHE-AVDTI-06,hard_spot,minor,2026-07-04,2026-08-14,41,false,true,failure,2026-07-12
DFT-2025-00568,PT-MAS-13,obstruction,minor,2025-11-10,2025-12-20,40,false,true,failure,2025-12-04
DFT-2026-00569,RL-MSBMS-04,rail_flaw,1,2026-04-14,2026-04-19,5,true,false,,
DFT-2026-00570,RL-STMPV-14,corrugation,2,2026-03-20,2026-03-28,8,false,false,,
DFT-2025-00571,CW-TNPENR-06,burn_mark,minor,2025-06-27,2025-08-05,39,true,false,,
DFT-2025-00572,BL-TRLAJJ-07,ballast_deficiency,minor,2025-07-22,2025-08-30,39,false,false,,
DFT-2025-00573,RL-TNPENR-05,corrugation,1,2025-10-23,2025-10-29,6,false,false,,
DFT-2026-00574,BL-PVTBM-06,fouling,minor,2026-01-10,2026-02-17,38,true,false,,
DFT-2025-00575,RL-TNPENR-01,rail_flaw,2,2025-09-26,2025-10-11,15,false,false,,
DFT-2026-00576,BL-AVD-03,drainage_choke,minor,2026-05-25,2026-07-08,44,false,true,speed_restriction,2026-06-10
DFT-2025-00577,CW-TRLAJJ-08,wire_wear,minor,2025-05-29,2025-07-14,46,true,false,,
DFT-2026-00578,SL-PONGPD-02,fastening_failure,minor,2026-06-03,2026-07-07,34,false,false,,
DFT-2025-00579,INS-MSMBM-04,flashover_mark,minor,2025-06-26,2025-08-18,53,false,true,punctuality_incident,2025-08-01
DFT-2026-00580,PT-BBQ-01,detection_failure,minor,2026-02-15,2026-04-15,59,false,true,punctuality_incident,2026-04-11
DFT-2026-00581,TO-MS-11,switch_wear,minor,2026-03-21,2026-04-15,25,false,false,,
DFT-2025-00582,TO-ENR-05,gauge_defect,major,2025-06-10,2025-06-30,20,false,true,speed_restriction,2025-06-13
DFT-2025-00583,BL-MSBMS-02,ballast_deficiency,minor,2025-06-02,2025-07-01,29,false,true,speed_restriction,2025-06-28
DFT-2025-00584,SG-TITRL-19,lamp_failure,minor,2025-10-13,2025-11-18,36,false,true,failure,2025-11-06
DFT-2026-00585,RL-MBMGI-06,rail_flaw,3,2026-03-21,2026-05-27,67,false,false,,
DFT-2025-00586,BL-TBM-05,drainage_choke,major,2025-04-11,2025-04-27,16,true,false,,
DFT-2025-00587,AC-PERABU-02,reset_failure,minor,2025-09-07,2025-09-19,12,false,false,,
DFT-2025-00588,TO-CJ-02,gauge_defect,minor,2025-09-06,2025-11-05,60,true,false,,
DFT-2026-00589,TO-TBM-03,switch_wear,minor,2026-01-01,2026-01-26,25,false,false,,
DFT-2026-00590,RL-MSMBM-16,rail_flaw,3,2026-01-22,2026-03-29,66,false,false,,
DFT-2025-00591,RL-ENRMJR-11,corrugation,1,2025-12-25,2025-12-27,2,false,false,,
DFT-2026-00592,PT-CGL-07,motor_fault,minor,2026-02-12,2026-04-04,51,false,true,failure,2026-03-02
DFT-2025-00593,RL-STMPV-16,wear,3,2025-05-11,2025-05-28,17,false,false,,
DFT-2026-00594,SG-TITRL-19,lamp_failure,minor,2026-07-04,2026-08-06,33,false,false,,
DFT-2026-00595,SL-ABUAVD-03,fastening_failure,minor,2026-01-07,2026-01-17,10,false,false,,
DFT-2025-00596,PT-PER-04,motor_fault,minor,2025-04-16,2025-05-03,17,true,false,,
DFT-2026-00597,IL-AVD-01,wire_count_discrepancy,major,2026-04-15,2026-04-27,12,false,true,punctuality_incident,2026-04-25
DFT-2025-00598,MST-STMPV-06,foundation_defect,minor,2025-09-11,2025-10-19,38,true,false,,
DFT-2025-00599,RL-TRLAJJ-07,wear,3,2025-05-05,2025-06-11,37,true,false,,
DFT-2025-00600,TC-TNPENR-03,bonding_defect,critical,2025-10-03,2025-10-04,1,false,false,,
DFT-2026-00601,BL-MS-01,ballast_deficiency,minor,2026-03-06,2026-03-16,10,false,false,,
DFT-2026-00602,TO-BBQ-10,gauge_defect,minor,2026-08-06,,32,true,false,,
DFT-2025-00603,CW-TRLAJJ-28,wire_wear,critical,2025-05-02,2025-05-09,7,false,false,,
DFT-2025-00604,SL-TRLAJJ-13,fastening_failure,minor,2025-12-08,2026-01-02,25,false,false,,
DFT-2025-00605,SG-ABUAVD-05,lamp_failure,minor,2025-08-20,2025-10-12,53,false,false,,
DFT-2025-00606,TC-PERABU-07,shunt_failure,critical,2025-07-25,2025-07-26,1,false,false,,
DFT-2026-00607,BL-TRL-04,drainage_choke,minor,2026-07-29,,40,false,false,,
DFT-2026-00608,PT-MS-06,obstruction,major,2026-06-10,2026-07-01,21,false,true,punctuality_incident,2026-06-23
DFT-2025-00609,MST-TRLAJJ-39,foundation_defect,minor,2025-10-02,2025-11-27,56,false,false,,
DFT-2026-00610,BL-TBM-04,fouling,minor,2026-03-17,2026-05-12,56,false,false,,
DFT-2025-00611,RL-MJRPON-01,weld_failure,2,2025-12-06,2025-12-12,6,false,false,,
DFT-2026-00612,SL-TRLAJJ-28,fastening_failure,minor,2026-06-12,2026-07-05,23,false,true,speed_restriction,2026-07-04
DFT-2025-00613,LC-TRLAJJ-02,check_rail_wear,major,2025-11-17,2025-11-29,12,false,false,,
DFT-2025-00614,INS-MSBMS-02,cracked_insulator,major,2025-10-31,2025-11-05,5,true,false,,
DFT-2025-00615,RL-BBQPER-03,weld_failure,3,2025-07-15,2025-08-21,37,false,true,speed_restriction,2025-08-13
DFT-2025-00616,AC-TRLAJJ-09,reset_failure,minor,2025-10-15,2025-12-21,67,false,false,,
DFT-2025-00617,BL-AVDTI-09,ballast_deficiency,minor,2025-10-03,2025-11-27,55,true,false,,
DFT-2026-00618,MST-TRLAJJ-07,corrosion,minor,2026-06-20,2026-07-16,26,false,true,failure,2026-06-27
DFT-2025-00619,INS-MSMBM-01,cracked_insulator,major,2025-08-26,2025-09-13,18,false,true,failure,2025-08-31
DFT-2026-00620,SL-PERABU-11,cracked_sleeper,minor,2026-01-23,2026-02-22,30,false,false,,
DFT-2026-00621,BL-ENRMJR-04,fouling,minor,2026-03-16,2026-04-14,29,false,true,punctuality_incident,2026-04-07
DFT-2026-00622,BL-MBMGI-04,drainage_choke,minor,2026-03-01,2026-04-24,54,false,true,failure,2026-04-07
DFT-2026-00623,TO-MAS-16,gauge_defect,minor,2026-07-29,2026-09-03,36,false,false,,
DFT-2025-00624,CW-MSBMS-02,burn_mark,minor,2025-10-16,2025-11-02,17,false,false,,
DFT-2026-00625,AC-BBQPER-04,reset_failure,major,2026-06-27,2026-07-14,17,true,false,,
DFT-2025-00626,TC-TKOAJJ-04,shunt_failure,minor,2025-04-01,2025-05-01,30,false,false,,
DFT-2026-00627,MST-PONGPD-05,corrosion,critical,2026-04-08,2026-04-13,5,true,false,,
DFT-2026-00628,SL-TITRL-07,cracked_sleeper,minor,2026-07-27,,42,false,true,speed_restriction,2026-08-01
DFT-2025-00629,MST-AVDTI-10,corrosion,minor,2025-08-31,2025-10-27,57,false,false,,
DFT-2025-00630,OHE-TRLAJJ-11,hard_spot,major,2025-07-14,2025-07-24,10,false,true,failure,2025-07-23
DFT-2026-00631,RL-TITRL-05,weld_failure,3,2026-01-14,2026-02-17,34,false,true,punctuality_incident,2026-01-23
DFT-2025-00632,TO-CGL-07,switch_wear,minor,2025-07-07,2025-08-13,37,true,false,,
DFT-2026-00633,BR-WJCJ-01,expansion_joint,critical,2026-06-15,2026-06-17,2,true,false,,
DFT-2026-00634,RL-PVTBM-01,corrugation,1,2026-07-15,2026-07-20,5,false,false,,
DFT-2025-00635,CW-MSBMS-04,wire_wear,minor,2025-12-10,2026-01-21,42,false,false,,
DFT-2025-00636,MST-MBMGI-04,corrosion,major,2025-04-28,2025-05-05,7,false,false,,
DFT-2025-00637,RL-AVDTI-10,weld_failure,2,2025-07-30,2025-08-24,25,false,true,speed_restriction,2025-08-24
DFT-2025-00638,BL-AVDTI-09,fouling,minor,2025-04-03,2025-04-24,21,false,false,,
DFT-2025-00639,TO-MAS-05,switch_wear,minor,2025-06-06,2025-08-08,63,false,false,,
DFT-2026-00640,PT-MS-07,motor_fault,minor,2026-04-06,2026-05-05,29,false,false,,
DFT-2026-00641,SG-ABUAVD-07,lamp_failure,minor,2026-06-22,2026-07-26,34,false,false,,
DFT-2025-00642,TC-PONGPD-01,shunt_failure,minor,2025-03-21,2025-05-03,43,false,false,,
DFT-2026-00643,RL-TRLAJJ-22,wear,3,2026-07-20,2026-08-23,34,false,false,,
DFT-2026-00644,SL-ENRMJR-02,fastening_failure,major,2026-02-01,2026-02-16,15,false,false,,
DFT-2026-00645,BL-PER-04,ballast_deficiency,minor,2026-08-14,,24,false,false,,
DFT-2025-00646,RL-BBQTNP-04,corrugation,2,2025-03-22,2025-04-12,21,true,false,,
DFT-2026-00647,INS-TRLAJJ-03,flashover_mark,minor,2026-03-22,2026-04-08,17,false,false,,
DFT-2026-00648,TC-PVTBM-08,shunt_failure,major,2026-06-20,2026-07-02,12,false,true,failure,2026-06-26
DFT-2025-00649,TO-GPD-02,switch_wear,major,2025-11-16,2025-12-02,16,false,false,,
DFT-2026-00650,RL-PERABU-04,corrugation,3,2026-07-31,,38,false,true,speed_restriction,2026-08-30
DFT-2025-00651,TC-ABUAVD-06,shunt_failure,minor,2025-12-20,2026-01-12,23,true,false,,
DFT-2026-00652,MST-TITRL-20,foundation_defect,minor,2026-04-21,2026-05-27,36,false,false,,
DFT-2025-00653,MST-CGLWJ-08,corrosion,major,2025-04-18,2025-05-04,16,false,true,speed_restriction,2025-05-04
DFT-2025-00654,TO-AJJ-02,switch_wear,critical,2025-07-22,2025-07-27,5,false,false,,
DFT-2026-00655,TC-CGLWJ-07,shunt_failure,minor,2026-01-08,2026-03-13,64,true,false,,
DFT-2025-00656,BL-WJCJ-01,fouling,minor,2025-10-05,2025-12-14,70,false,false,,
DFT-2025-00657,BL-CGL-01,drainage_choke,minor,2025-04-16,2025-05-02,16,false,true,punctuality_incident,2025-04-29
DFT-2026-00658,SG-AVDTI-09,aspect_defect,major,2026-06-19,2026-07-03,14,true,false,,
DFT-2025-00659,RL-PVTBM-14,wear,2,2025-06-23,2025-07-02,9,false,false,,
DFT-2025-00660,RL-TRLAJJ-37,rail_flaw,3,2025-05-21,2025-07-23,63,false,false,,
DFT-2025-00661,TO-ENR-05,crossing_wear,minor,2025-12-22,2026-01-15,24,true,false,,
DFT-2025-00662,OHE-TITRL-20,hard_spot,minor,2025-11-13,2025-12-29,46,false,true,speed_restriction,2025-11-14
DFT-2025-00663,TC-TRLAJJ-01,bonding_defect,major,2025-10-24,2025-11-03,10,false,false,,
DFT-2026-00664,SL-TNPENR-06,fastening_failure,major,2026-09-06,,1,false,false,,
DFT-2025-00665,AC-ENRMJR-01,head_fault,minor,2025-05-22,2025-07-18,57,false,true,failure,2025-05-25
DFT-2025-00666,OHE-MSMBM-02,hard_spot,minor,2025-09-14,2025-10-14,30,false,false,,
DFT-2025-00667,OHE-STMPV-04,hard_spot,minor,2025-09-11,2025-11-06,56,false,false,,
DFT-2025-00668,BL-TBM-04,fouling,minor,2025-04-09,2025-05-12,33,false,false,,
DFT-2025-00669,RL-MJRPON-01,weld_failure,2,2025-05-22,2025-05-27,5,false,false,,
DFT-2026-00670,AC-TRLAJJ-05,reset_failure,critical,2026-01-15,2026-01-22,7,false,false,,
DFT-2026-00671,SL-GISTM-04,cracked_sleeper,minor,2026-01-29,2026-03-22,52,false,false,,
DFT-2025-00672,RL-MSMBM-10,corrugation,2,2025-10-24,2025-11-14,21,true,false,,
DFT-2026-00673,SL-PERABU-05,fastening_failure,minor,2026-06-23,2026-07-21,28,false,false,,
DFT-2025-00674,PT-MS-09,motor_fault,major,2025-05-25,2025-06-02,8,true,false,,
DFT-2025-00675,RL-TNPENR-13,weld_failure,2,2025-03-17,2025-03-24,7,false,false,,
DFT-2026-00676,AC-MJRPON-01,reset_failure,major,2026-01-24,2026-02-06,13,true,false,,
DFT-2025-00677,LC-TITRL-01,check_rail_wear,critical,2025-10-21,2025-10-22,1,false,false,,
DFT-2025-00678,TO-TBM-07,switch_wear,major,2025-04-08,2025-04-25,17,false,true,speed_restriction,2025-04-23
DFT-2025-00679,BL-TNPENR-08,ballast_deficiency,minor,2025-10-13,2025-11-13,31,false,false,,
DFT-2026-00680,AC-WJCJ-02,reset_failure,minor,2026-08-11,,27,false,false,,
DFT-2025-00681,TC-TITRL-05,shunt_failure,minor,2025-12-16,2026-01-18,33,false,false,,
DFT-2025-00682,TO-TRL-05,gauge_defect,minor,2025-04-24,2025-05-16,22,false,false,,
DFT-2026-00683,TO-TBM-01,gauge_defect,major,2026-07-29,2026-08-11,13,false,true,speed_restriction,2026-08-03
DFT-2025-00684,BL-MAS-04,fouling,minor,2025-05-22,2025-07-14,53,true,false,,
DFT-2026-00685,BL-TITRL-16,fouling,major,2026-02-12,2026-02-23,11,false,false,,
DFT-2025-00686,RL-TRLAJJ-15,weld_failure,3,2025-04-14,2025-06-22,69,false,true,speed_restriction,2025-04-28
DFT-2026-00687,RL-PERABU-21,weld_failure,2,2026-04-23,2026-05-17,24,false,false,,
DFT-2025-00688,BL-STMPV-03,ballast_deficiency,minor,2025-04-24,2025-06-07,44,false,true,speed_restriction,2025-05-04
DFT-2026-00689,INS-TITRL-11,flashover_mark,major,2026-06-01,2026-06-11,10,false,false,,
DFT-2026-00690,TO-BBQ-07,crossing_wear,major,2026-05-15,2026-06-06,22,false,true,failure,2026-06-03
DFT-2025-00691,SL-MSBMS-02,cracked_sleeper,major,2025-11-16,2025-11-24,8,false,false,,
DFT-2026-00692,TO-MAS-01,crossing_wear,minor,2026-07-26,2026-08-23,28,true,false,,
DFT-2025-00693,SG-GISTM-02,aspect_defect,minor,2025-04-21,2025-06-05,45,false,false,,
DFT-2026-00694,PT-MAS-07,detection_failure,minor,2026-01-14,2026-03-10,55,false,true,failure,2026-02-21
DFT-2026-00695,LC-CGLWJ-02,surface_defect,minor,2026-01-31,2026-03-03,31,false,false,,
DFT-2026-00696,TC-ENRMJR-01,shunt_failure,minor,2026-01-12,2026-01-24,12,false,false,,
DFT-2025-00697,BL-CGLWJ-07,fouling,minor,2025-11-13,2025-12-12,29,false,false,,
DFT-2025-00698,RL-TNPENR-01,rail_flaw,2,2025-06-20,2025-07-09,19,false,true,punctuality_incident,2025-06-27
DFT-2025-00699,PT-AJJ-07,obstruction,critical,2025-03-31,2025-04-05,5,false,false,,
DFT-2026-00700,OHE-AVD-03,height_stagger,critical,2026-07-05,2026-07-06,1,false,false,,
DFT-2026-00701,SL-STMPV-04,fastening_failure,major,2026-04-23,2026-05-13,20,true,false,,
DFT-2026-00702,RL-PONGPD-09,wear,1,2026-04-29,2026-05-01,2,false,false,,
DFT-2025-00703,MST-TRLAJJ-38,corrosion,minor,2025-08-04,2025-08-21,17,false,false,,
DFT-2026-00704,SG-TRLAJJ-16,lamp_failure,major,2026-06-11,2026-06-19,8,false,false,,
DFT-2026-00705,MST-TITRL-15,corrosion,minor,2026-07-26,2026-09-02,38,false,false,,
DFT-2025-00706,SL-STMPV-01,fastening_failure,major,2025-12-12,2026-01-03,22,false,false,,
DFT-2026-00707,BL-ENRMJR-01,fouling,minor,2026-08-11,,27,false,false,,
DFT-2025-00708,MST-MSBMS-04,foundation_defect,minor,2025-09-05,2025-10-11,36,true,false,,
DFT-2025-00709,OHE-STMPV-06,height_stagger,minor,2025-09-20,2025-11-11,52,true,false,,
DFT-2025-00710,AC-AVDTI-06,reset_failure,major,2025-06-15,2025-07-04,19,true,false,,
DFT-2026-00711,SL-AVDTI-09,fastening_failure,minor,2026-04-30,2026-05-28,28,false,false,,
DFT-2026-00712,BL-MAS-09,ballast_deficiency,major,2026-05-09,2026-05-18,9,false,false,,
DFT-2025-00713,OHE-AVDTI-16,hard_spot,minor,2025-03-22,2025-04-25,34,false,false,,
DFT-2026-00714,SG-TKOAJJ-03,lamp_failure,major,2026-07-20,2026-07-29,9,false,false,,
DFT-2025-00715,SG-TRLAJJ-02,lamp_failure,minor,2025-10-03,2025-11-13,41,false,false,,
DFT-2026-00716,SL-ENRMJR-01,fastening_failure,minor,2026-08-19,,19,false,false,,
DFT-2025-00717,TO-AVD-03,crossing_wear,minor,2025-05-27,2025-06-07,11,true,false,,
DFT-2025-00718,BL-PERABU-15,ballast_deficiency,minor,2025-12-16,2026-01-14,29,true,false,,
DFT-2025-00719,SL-TRLAJJ-24,cracked_sleeper,major,2025-08-11,2025-08-30,19,false,true,speed_restriction,2025-08-25
DFT-2025-00720,MST-TITRL-06,corrosion,major,2025-07-11,2025-07-28,17,false,false,,
DFT-2026-00721,BL-CGLWJ-06,drainage_choke,major,2026-06-28,2026-07-11,13,true,false,,
DFT-2025-00722,RL-TNPENR-10,rail_flaw,3,2025-04-11,2025-05-16,35,true,false,,
DFT-2025-00723,RL-PONGPD-12,corrugation,1,2025-09-16,2025-09-20,4,true,false,,
DFT-2026-00724,TO-GPD-03,crossing_wear,major,2026-01-02,2026-01-11,9,true,false,,
DFT-2025-00725,TO-MSB-06,crossing_wear,major,2025-05-17,2025-06-01,15,false,false,,
DFT-2025-00726,INS-TRLAJJ-11,cracked_insulator,minor,2025-07-23,2025-08-21,29,false,false,,
DFT-2025-00727,TO-BBQ-07,switch_wear,minor,2025-08-22,2025-10-01,40,false,true,failure,2025-09-15
DFT-2026-00728,SL-TITRL-18,fastening_failure,minor,2026-07-03,2026-08-25,53,true,false,,
DFT-2026-00729,RL-TITRL-04,weld_failure,1,2026-01-08,2026-01-12,4,false,false,,
DFT-2026-00730,SL-TRLAJJ-06,fastening_failure,major,2026-03-18,2026-04-09,22,false,false,,
DFT-2025-00731,RL-TRLAJJ-64,corrugation,2,2025-10-21,2025-10-28,7,false,true,speed_restriction,2025-10-26
DFT-2026-00732,RL-PVTBM-07,rail_flaw,2,2026-06-08,2026-06-23,15,false,true,failure,2026-06-13
DFT-2025-00733,AC-GISTM-01,head_fault,critical,2025-08-15,2025-08-17,2,false,false,,
DFT-2026-00734,OHE-AVDTI-07,height_stagger,minor,2026-01-30,2026-03-17,46,false,false,,
DFT-2025-00735,MST-AVDTI-08,corrosion,critical,2025-10-16,2025-10-18,2,false,false,,
DFT-2025-00736,TC-MASBBQ-03,bonding_defect,major,2025-05-08,2025-05-14,6,false,false,,
DFT-2025-00737,SL-BBQPER-04,cracked_sleeper,minor,2025-12-28,2026-01-19,22,false,false,,
DFT-2026-00738,PT-ENR-06,detection_failure,minor,2026-07-15,2026-08-17,33,false,true,punctuality_incident,2026-08-03
DFT-2025-00739,MST-MSBMS-01,foundation_defect,minor,2025-12-22,2026-01-12,21,false,false,,
DFT-2026-00740,SG-MBMGI-02,lamp_failure,major,2026-08-24,,14,true,false,,
DFT-2025-00741,RL-TITRL-07,wear,3,2025-10-25,2025-11-19,25,false,true,speed_restriction,2025-11-07
DFT-2025-00742,BL-MS-03,ballast_deficiency,minor,2025-11-30,2026-01-13,44,false,false,,
DFT-2025-00743,SL-TRLAJJ-24,cracked_sleeper,minor,2025-09-07,2025-09-20,13,false,true,speed_restriction,2025-09-15
DFT-2026-00744,TO-AVD-03,gauge_defect,minor,2026-07-05,2026-08-08,34,true,false,,
DFT-2026-00745,SL-TRLAJJ-18,fastening_failure,major,2026-08-19,2026-09-05,17,false,false,,
DFT-2026-00746,TC-BBQPER-01,bonding_defect,minor,2026-01-13,2026-02-09,27,false,false,,
DFT-2025-00747,MST-MSMBM-06,corrosion,minor,2025-08-20,2025-08-31,11,false,false,,
DFT-2026-00748,TO-BBQ-10,switch_wear,major,2026-03-03,2026-03-18,15,false,true,speed_restriction,2026-03-15
DFT-2025-00749,PT-MAS-01,detection_failure,minor,2025-04-20,2025-05-22,32,true,false,,
DFT-2026-00750,AC-PERABU-08,head_fault,major,2026-07-12,2026-07-30,18,false,true,punctuality_incident,2026-07-20
DFT-2025-00751,BL-TITRL-01,ballast_deficiency,minor,2025-10-22,2025-12-16,55,false,false,,
DFT-2025-00752,TC-MSMBM-02,shunt_failure,major,2025-10-25,2025-11-05,11,false,false,,
DFT-2026-00753,AC-MBMGI-04,head_fault,critical,2026-08-05,2026-08-07,2,false,false,,
DFT-2026-00754,SG-BBQPER-01,lamp_failure,major,2026-04-10,2026-04-28,18,false,false,,
DFT-2026-00755,MST-MSBMS-04,corrosion,critical,2026-08-28,2026-09-01,4,false,false,,
DFT-2025-00756,SL-MSMBM-05,fastening_failure,major,2025-03-17,2025-04-08,22,false,true,speed_restriction,2025-03-21
DFT-2025-00757,TO-BBQ-07,gauge_defect,major,2025-12-02,2025-12-11,9,false,false,,
DFT-2025-00758,SG-STMPV-02,aspect_defect,major,2025-07-12,2025-07-21,9,false,false,,
DFT-2025-00759,RL-PERABU-14,weld_failure,1,2025-10-26,2025-10-27,1,false,false,,
DFT-2026-00760,SG-AVDTI-09,lamp_failure,minor,2026-08-09,,29,true,false,,
DFT-2025-00761,TO-MSB-08,gauge_defect,major,2025-08-04,2025-08-10,6,true,false,,
DFT-2026-00762,IL-CJ-01,relay_fault,major,2026-05-06,2026-05-25,19,false,true,speed_restriction,2026-05-09
DFT-2026-00763,INS-ABUAVD-01,cracked_insulator,major,2026-03-18,2026-04-08,21,false,false,,
DFT-2026-00764,OHE-CJ-02,height_stagger,minor,2026-01-02,2026-01-23,21,false,true,failure,2026-01-19
DFT-2025-00765,CW-TITRL-05,wire_wear,minor,2025-07-03,2025-08-03,31,true,false,,
DFT-2026-00766,RL-MJRPON-01,wear,2,2026-03-17,2026-03-23,6,false,false,,
DFT-2026-00767,TC-TRLAJJ-05,shunt_failure,minor,2026-02-28,2026-03-10,10,false,false,,
DFT-2025-00768,PT-MSB-12,motor_fault,major,2025-07-22,2025-08-01,10,false,false,,
DFT-2026-00769,OHE-ENRMJR-01,hard_spot,critical,2026-01-19,2026-01-22,3,false,true,failure,2026-01-22
DFT-2025-00770,AC-TITRL-05,reset_failure,minor,2025-05-04,2025-07-12,69,false,false,,
DFT-2026-00771,BL-TNP-03,drainage_choke,major,2026-07-09,2026-07-22,13,false,false,,
DFT-2026-00772,SL-TRLAJJ-24,cracked_sleeper,minor,2026-08-18,2026-08-28,10,false,false,,
DFT-2025-00773,BL-TRLAJJ-10,ballast_deficiency,major,2025-04-09,2025-04-16,7,false,false,,
DFT-2025-00774,INS-TRLAJJ-22,cracked_insulator,major,2025-08-08,2025-08-21,13,false,false,,
DFT-2025-00775,RL-TNPENR-11,corrugation,2,2025-11-13,2025-12-05,22,false,false,,
DFT-2026-00776,RL-TRLAJJ-32,wear,2,2026-07-15,2026-07-23,8,true,false,,
DFT-2026-00777,RL-STMPV-03,wear,2,2026-03-06,2026-03-15,9,false,false,,
DFT-2026-00778,OHE-WJCJ-03,height_stagger,major,2026-06-10,2026-07-01,21,false,false,,
DFT-2025-00779,TO-TRL-08,switch_wear,major,2025-09-07,2025-09-27,20,true,true,failure,2025-09-10
DFT-2025-00780,BL-PVTBM-03,ballast_deficiency,minor,2025-09-11,2025-10-31,50,false,false,,
DFT-2025-00781,BL-MASBBQ-04,drainage_choke,major,2025-08-20,2025-08-28,8,false,false,,
DFT-2025-00782,BL-MSBMS-05,fouling,major,2025-08-06,2025-08-14,8,true,false,,
DFT-2026-00783,BL-ENRMJR-02,ballast_deficiency,minor,2026-03-12,2026-04-29,48,false,false,,
DFT-2025-00784,TO-BBQ-09,switch_wear,major,2025-12-20,2026-01-06,17,false,false,,
DFT-2025-00785,TC-TITRL-02,shunt_failure,major,2025-09-30,2025-10-12,12,false,true,punctuality_incident,2025-10-05
DFT-2025-00786,OHE-MAS-01,hard_spot,major,2025-09-12,2025-10-04,22,false,false,,
DFT-2025-00787,INS-MASBBQ-01,cracked_insulator,major,2025-07-05,2025-07-11,6,false,false,,
DFT-2025-00788,OHE-STMPV-12,hard_spot,major,2025-07-05,2025-07-12,7,false,false,,
DFT-2025-00789,TC-GISTM-04,bonding_defect,minor,2025-08-27,2025-09-21,25,true,false,,
DFT-2026-00790,RL-TNPENR-09,rail_flaw,IMDT,2026-03-18,2026-03-18,0,false,false,,
DFT-2025-00791,INS-TRLAJJ-16,cracked_insulator,major,2025-10-03,2025-10-23,20,true,false,,
DFT-2026-00792,BL-MASBBQ-04,ballast_deficiency,major,2026-02-15,2026-02-26,11,false,false,,
DFT-2025-00793,BL-PERABU-15,ballast_deficiency,minor,2025-04-22,2025-06-05,44,false,false,,
DFT-2025-00794,PT-AVD-06,motor_fault,minor,2025-12-05,2025-12-20,15,false,false,,
DFT-2026-00795,MST-TRLAJJ-44,foundation_defect,minor,2026-08-28,,10,false,false,,
DFT-2026-00796,RL-ABUAVD-14,weld_failure,3,2026-07-08,2026-08-02,25,true,false,,
DFT-2025-00797,BL-MS-03,ballast_deficiency,minor,2025-09-04,2025-09-24,20,false,false,,
DFT-2025-00798,RL-TRLAJJ-52,corrugation,1,2025-05-10,2025-05-14,4,false,false,,
DFT-2025-00799,SL-TITRL-12,cracked_sleeper,major,2025-10-08,2025-10-13,5,false,false,,
DFT-2026-00800,CW-STMPV-02,burn_mark,minor,2026-01-30,2026-03-21,50,false,true,failure,2026-03-13
DFT-2026-00801,OHE-TRLAJJ-07,hard_spot,minor,2026-05-02,2026-06-20,49,true,true,failure,2026-05-08
DFT-2026-00802,TO-MAS-09,gauge_defect,minor,2026-07-24,,45,false,false,,
DFT-2026-00803,TC-TRLAJJ-28,bonding_defect,major,2026-07-08,2026-07-25,17,false,false,,
DFT-2025-00804,BL-MASBBQ-01,fouling,minor,2025-11-14,2025-12-21,37,false,false,,
DFT-2025-00805,OHE-TRLAJJ-42,hard_spot,critical,2025-04-29,2025-05-01,2,false,false,,
DFT-2026-00806,SG-TKOAJJ-02,lamp_failure,minor,2026-06-18,2026-07-25,37,false,false,,
DFT-2026-00807,TC-WJCJ-05,shunt_failure,major,2026-07-12,2026-08-03,22,false,false,,
DFT-2026-00808,TC-STMPV-05,shunt_failure,minor,2026-08-22,,16,true,false,,
DFT-2026-00809,MST-PONGPD-05,corrosion,major,2026-07-05,2026-07-24,19,true,false,,
DFT-2025-00810,RL-MSBMS-05,weld_failure,IMDT,2025-05-07,2025-05-07,0,true,false,,
DFT-2026-00811,MST-TITRL-16,corrosion,minor,2026-03-15,2026-04-23,39,true,false,,
DFT-2026-00812,RL-WJCJ-04,wear,3,2026-03-23,2026-04-05,13,false,false,,
DFT-2026-00813,MST-MSMBM-11,foundation_defect,major,2026-08-15,2026-09-01,17,false,false,,
DFT-2026-00814,SG-TNPENR-07,aspect_defect,critical,2026-02-04,2026-02-06,2,true,false,,
DFT-2026-00815,SG-AVDTI-09,lamp_failure,major,2026-02-21,2026-03-13,20,false,false,,
DFT-2025-00816,INS-BBQTNP-01,flashover_mark,minor,2025-06-20,2025-07-28,38,true,false,,
DFT-2026-00817,BL-ABUAVD-06,ballast_deficiency,minor,2026-08-24,,14,true,false,,
DFT-2025-00818,TO-BBQ-09,switch_wear,minor,2025-07-29,2025-09-14,47,false,false,,
DFT-2025-00819,SL-MSBMS-05,fastening_failure,minor,2025-07-25,2025-08-05,11,false,false,,
DFT-2026-00820,BL-TMLPTKO-02,fouling,minor,2026-01-30,2026-02-20,21,true,false,,
DFT-2026-00821,SG-TRLAJJ-03,lamp_failure,minor,2026-06-07,2026-07-15,38,false,false,,
DFT-2025-00822,RL-TNPENR-10,corrugation,2,2025-06-19,2025-07-04,15,false,false,,
DFT-2025-00823,RL-MBMGI-08,weld_failure,1,2025-12-25,2025-12-26,1,false,false,,
DFT-2026-00824,OHE-PONGPD-07,height_stagger,major,2026-01-15,2026-01-22,7,false,false,,
DFT-2025-00825,TC-BBQPER-03,shunt_failure,minor,2025-07-10,2025-08-07,28,true,false,,
DFT-2025-00826,TO-MAS-18,gauge_defect,minor,2025-06-09,2025-07-31,52,false,false,,
DFT-2026-00827,BL-PERABU-04,drainage_choke,major,2026-03-07,2026-03-13,6,false,false,,
DFT-2026-00828,AC-GISTM-04,head_fault,critical,2026-06-21,2026-06-28,7,true,false,,
DFT-2026-00829,AC-AVDTI-04,reset_failure,minor,2026-08-03,,35,true,false,,
DFT-2025-00830,RL-TRLAJJ-16,corrugation,2,2025-03-21,2025-03-29,8,false,false,,
DFT-2026-00831,RL-MSMBM-13,rail_flaw,3,2026-04-19,2026-05-20,31,false,true,speed_restriction,2026-05-20
DFT-2026-00832,SL-MSMBM-05,cracked_sleeper,major,2026-03-01,2026-03-08,7,false,false,,
DFT-2026-00833,MST-BBQPER-04,corrosion,minor,2026-01-23,2026-03-05,41,false,false,,
DFT-2026-00834,BL-AVD-01,fouling,minor,2026-07-22,2026-08-19,28,false,false,,
DFT-2026-00835,MST-AVDTI-03,foundation_defect,minor,2026-05-10,2026-06-16,37,false,true,punctuality_incident,2026-05-12
DFT-2026-00836,SG-PVTBM-01,aspect_defect,minor,2026-01-02,2026-01-13,11,false,false,,
DFT-2025-00837,TC-PERABU-10,shunt_failure,major,2025-05-05,2025-05-17,12,false,false,,
DFT-2025-00838,RL-MSMBM-18,corrugation,3,2025-09-13,2025-10-09,26,false,false,,
DFT-2026-00839,OHE-MSB-03,height_stagger,major,2026-05-08,2026-05-27,19,true,false,,
DFT-2025-00840,SL-MJRPON-05,fastening_failure,major,2025-10-04,2025-10-21,17,true,false,,
DFT-2026-00841,SL-PERABU-08,fastening_failure,critical,2026-03-21,2026-03-23,2,false,false,,
DFT-2026-00842,PT-MAS-10,detection_failure,minor,2026-01-05,2026-01-21,16,false,false,,
DFT-2025-00843,TO-TRL-02,gauge_defect,minor,2025-12-29,2026-01-17,19,false,false,,
DFT-2025-00844,AC-GISTM-04,reset_failure,minor,2025-04-06,2025-04-25,19,false,false,,
DFT-2026-00845,AC-MJRPON-04,reset_failure,minor,2026-08-13,,25,false,true,punctuality_incident,2026-08-20
DFT-2025-00846,IL-TRL-01,wire_count_discrepancy,major,2025-04-19,2025-04-29,10,true,false,,
DFT-2025-00847,BL-PONGPD-06,drainage_choke,critical,2025-03-16,2025-03-17,1,true,false,,
DFT-2025-00848,MST-TITRL-14,foundation_defect,major,2025-09-14,2025-10-04,20,false,true,failure,2025-09-26
DFT-2026-00849,MST-TRLAJJ-15,corrosion,major,2026-07-28,2026-08-12,15,false,false,,
DFT-2026-00850,OHE-TNPENR-07,height_stagger,minor,2026-05-03,2026-05-27,24,false,false,,
DFT-2026-00851,SL-MBMGI-02,fastening_failure,minor,2026-08-30,,8,false,false,,
DFT-2025-00852,BL-TBM-05,drainage_choke,minor,2025-11-16,2025-12-11,25,false,false,,
DFT-2026-00853,PT-TNP-06,motor_fault,major,2026-03-21,2026-03-29,8,false,false,,
DFT-2025-00854,RL-TRLAJJ-30,weld_failure,3,2025-09-20,2025-10-27,37,false,false,,
DFT-2025-00855,CW-TITRL-15,wire_wear,minor,2025-07-27,2025-10-03,68,false,false,,
DFT-2025-00856,SG-TRLAJJ-31,aspect_defect,major,2025-05-27,2025-06-08,12,false,false,,
DFT-2025-00857,SG-TRLAJJ-07,aspect_defect,minor,2025-08-22,2025-09-22,31,true,true,failure,2025-09-21
DFT-2026-00858,RL-TNPENR-11,rail_flaw,2,2026-05-03,2026-05-28,25,true,true,speed_restriction,2026-05-06
DFT-2025-00859,SG-ENRMJR-08,aspect_defect,minor,2025-09-11,2025-11-05,55,false,true,failure,2025-09-21
DFT-2026-00860,TO-BBQ-03,switch_wear,minor,2026-08-17,,21,false,false,,
DFT-2026-00861,BL-MSBMS-08,ballast_deficiency,minor,2026-09-02,,5,false,false,,
DFT-2025-00862,PT-TBM-02,obstruction,major,2025-03-29,2025-04-08,10,false,true,punctuality_incident,2025-04-05
DFT-2025-00863,TC-TRLAJJ-14,shunt_failure,minor,2025-05-27,2025-07-31,65,false,false,,
DFT-2025-00864,RL-GISTM-02,rail_flaw,3,2025-10-01,2025-11-06,36,false,false,,
DFT-2025-00865,TC-ENRMJR-02,shunt_failure,minor,2025-05-02,2025-07-03,62,false,false,,
DFT-2026-00866,BL-MASBBQ-04,fouling,major,2026-02-14,2026-02-28,14,false,false,,
DFT-2025-00867,SG-TITRL-18,lamp_failure,minor,2025-06-09,2025-07-24,45,true,false,,
DFT-2026-00868,RL-BBQTNP-04,rail_flaw,3,2026-07-05,2026-08-25,51,false,true,speed_restriction,2026-08-23
DFT-2026-00869,SG-TRLAJJ-03,lamp_failure,minor,2026-08-30,,8,false,false,,
DFT-2025-00870,CW-PVTBM-01,burn_mark,minor,2025-08-07,2025-09-05,29,true,false,,
DFT-2026-00871,AC-GISTM-04,reset_failure,minor,2026-08-14,2026-09-03,20,true,false,,
DFT-2025-00872,BL-MSB-01,drainage_choke,major,2025-11-19,2025-12-02,13,false,false,,
DFT-2025-00873,SG-PVTBM-04,lamp_failure,minor,2025-05-21,2025-07-13,53,false,false,,
DFT-2026-00874,SL-PERABU-11,fastening_failure,minor,2026-01-14,2026-02-18,35,false,true,speed_restriction,2026-01-25
DFT-2026-00875,TO-MSB-03,switch_wear,minor,2026-04-24,2026-06-23,60,false,false,,
DFT-2025-00876,OHE-MSB-03,hard_spot,minor,2025-08-29,2025-10-14,46,false,true,punctuality_incident,2025-09-23
DFT-2025-00877,MST-MSBMS-03,corrosion,minor,2025-04-24,2025-06-19,56,false,false,,
DFT-2026-00878,BL-BBQPER-02,fouling,critical,2026-08-06,2026-08-11,5,false,false,,
DFT-2025-00879,TC-TRLAJJ-14,shunt_failure,major,2025-08-26,2025-09-05,10,false,false,,
DFT-2026-00880,RL-MJRPON-03,rail_flaw,1,2026-07-12,2026-07-15,3,false,false,,
DFT-2025-00881,TO-PER-03,crossing_wear,minor,2025-10-04,2025-11-22,49,false,false,,
DFT-2026-00882,TC-STMPV-05,bonding_defect,minor,2026-03-21,2026-05-15,55,false,false,,
DFT-2025-00883,TC-AVDTI-01,shunt_failure,minor,2025-05-04,2025-05-21,17,false,false,,
DFT-2025-00884,OHE-PERABU-02,height_stagger,minor,2025-10-25,2025-11-27,33,false,false,,
DFT-2026-00885,SL-TRLAJJ-18,fastening_failure,minor,2026-05-05,2026-05-28,23,false,false,,
DFT-2025-00886,BL-ABUAVD-04,drainage_choke,minor,2025-06-01,2025-08-05,65,false,false,,
DFT-2026-00887,BL-PERABU-12,drainage_choke,major,2026-01-07,2026-01-26,19,true,true,speed_restriction,2026-01-14
DFT-2025-00888,RL-PERABU-22,weld_failure,3,2025-11-26,2025-12-13,17,true,false,,
DFT-2026-00889,PT-MAS-04,motor_fault,major,2026-08-02,2026-08-14,12,false,false,,
DFT-2026-00890,TC-TRLAJJ-11,bonding_defect,major,2026-06-01,2026-06-09,8,false,false,,
DFT-2025-00891,RL-TRLAJJ-16,corrugation,3,2025-06-07,2025-06-19,12,false,false,,
DFT-2026-00892,INS-STMPV-02,cracked_insulator,minor,2026-07-27,2026-08-19,23,false,false,,
DFT-2025-00893,OHE-GPD-02,height_stagger,major,2025-06-29,2025-07-12,13,false,false,,
DFT-2026-00894,PT-AJJ-12,motor_fault,minor,2026-08-16,,22,false,false,,
DFT-2025-00895,SL-TITRL-14,fastening_failure,minor,2025-12-15,2026-01-25,41,false,true,punctuality_incident,2026-01-07
DFT-2025-00896,RL-ENRMJR-09,weld_failure,3,2025-07-07,2025-09-18,73,false,false,,
DFT-2026-00897,SL-ABUAVD-01,fastening_failure,major,2026-03-12,2026-03-31,19,false,false,,
DFT-2026-00898,MST-MSMBM-11,corrosion,minor,2026-03-04,2026-04-16,43,false,false,,
DFT-2025-00899,BL-MSBMS-02,drainage_choke,minor,2025-09-25,2025-10-24,29,false,false,,
DFT-2026-00900,RL-MSBMS-04,wear,2,2026-09-06,,1,false,false,,
DFT-2025-00901,BL-TRLAJJ-35,ballast_deficiency,minor,2025-06-28,2025-08-29,62,true,false,,
DFT-2026-00902,OHE-TRLAJJ-02,height_stagger,minor,2026-05-05,2026-06-23,49,true,false,,
DFT-2025-00903,BL-MSB-05,fouling,minor,2025-06-25,2025-07-17,22,false,true,failure,2025-06-28
DFT-2025-00904,OHE-TITRL-01,hard_spot,minor,2025-10-04,2025-11-24,51,false,false,,
DFT-2025-00905,SG-TMLPTKO-02,lamp_failure,critical,2025-04-14,2025-04-20,6,false,true,punctuality_incident,2025-04-15
DFT-2025-00906,BL-MSBMS-08,drainage_choke,major,2025-12-19,2026-01-09,21,false,false,,
DFT-2026-00907,TC-TRLAJJ-30,bonding_defect,major,2026-03-30,2026-04-11,12,false,false,,
DFT-2026-00908,RL-ABUAVD-07,corrugation,2,2026-03-07,2026-03-13,6,false,false,,
DFT-2026-00909,SG-AVDTI-05,aspect_defect,major,2026-06-12,2026-07-02,20,false,false,,
DFT-2025-00910,RL-BBQPER-07,corrugation,2,2025-05-22,2025-06-13,22,false,false,,
DFT-2025-00911,SG-CJTMLP-01,aspect_defect,critical,2025-05-30,2025-06-06,7,false,false,,
DFT-2025-00912,INS-TITRL-04,cracked_insulator,minor,2025-10-07,2025-10-25,18,false,false,,
DFT-2025-00913,OHE-PONGPD-06,height_stagger,major,2025-07-26,2025-08-04,9,false,false,,
DFT-2026-00914,MST-MJRPON-08,foundation_defect,critical,2026-02-20,2026-02-26,6,false,false,,
DFT-2026-00915,TC-PERABU-09,bonding_defect,minor,2026-07-29,,40,false,false,,
DFT-2025-00916,SL-PERABU-08,fastening_failure,critical,2025-06-17,2025-06-18,1,false,false,,
DFT-2026-00917,SL-TRLAJJ-28,cracked_sleeper,minor,2026-07-08,2026-08-27,50,false,false,,
DFT-2026-00918,TC-PERABU-16,shunt_failure,minor,2026-07-12,,57,false,false,,
DFT-2026-00919,RL-TRLAJJ-55,wear,1,2026-04-04,2026-04-07,3,false,false,,
DFT-2026-00920,OHE-TRLAJJ-26,height_stagger,minor,2026-03-01,2026-03-25,24,false,false,,
DFT-2026-00921,CW-MJRPON-06,burn_mark,minor,2026-03-26,2026-06-03,69,false,true,punctuality_incident,2026-04-28
DFT-2026-00922,BL-PONGPD-06,ballast_deficiency,minor,2026-08-14,,24,false,false,,
DFT-2026-00923,TO-ENR-01,crossing_wear,minor,2026-03-12,2026-04-08,27,false,false,,
DFT-2025-00924,RL-STMPV-16,wear,3,2025-04-18,2025-05-28,40,false,false,,
DFT-2025-00925,RL-AVDTI-20,rail_flaw,3,2025-11-19,2026-02-01,74,false,true,speed_restriction,2025-11-22
DFT-2026-00926,MST-MSMBM-07,foundation_defect,minor,2026-06-04,2026-06-21,17,false,false,,
DFT-2025-00927,MST-TRLAJJ-06,corrosion,minor,2025-05-15,2025-06-08,24,false,false,,
DFT-2025-00928,OHE-MAS-06,height_stagger,minor,2025-10-18,2025-12-07,50,false,false,,
DFT-2026-00929,BL-MSB-05,fouling,minor,2026-08-16,,22,false,false,,
DFT-2026-00930,SL-PVTBM-08,fastening_failure,major,2026-03-24,2026-04-13,20,true,false,,
DFT-2025-00931,TC-TRLAJJ-33,shunt_failure,minor,2025-04-10,2025-04-25,15,false,false,,
DFT-2025-00932,TC-MBMGI-01,bonding_defect,major,2025-09-13,2025-09-24,11,false,false,,
DFT-2025-00933,RL-ENRMJR-09,weld_failure,3,2025-08-24,2025-10-21,58,false,false,,
DFT-2026-00934,RL-TITRL-22,weld_failure,3,2026-04-08,2026-06-20,73,false,true,failure,2026-04-22
DFT-2025-00935,RL-TNPENR-10,rail_flaw,3,2025-03-24,2025-06-03,71,false,true,speed_restriction,2025-04-27
DFT-2026-00936,RL-MSMBM-03,wear,2,2026-02-01,2026-02-21,20,false,false,,
DFT-2025-00937,INS-TRLAJJ-19,flashover_mark,major,2025-06-17,2025-06-25,8,false,false,,
DFT-2026-00938,MST-TRLAJJ-05,corrosion,major,2026-07-20,2026-07-25,5,false,false,,
DFT-2025-00939,INS-MBMGI-01,cracked_insulator,critical,2025-10-15,2025-10-16,1,false,false,,
DFT-2026-00940,SG-TRLAJJ-02,aspect_defect,minor,2026-04-20,2026-05-10,20,false,false,,
DFT-2026-00941,CW-TITRL-13,burn_mark,minor,2026-01-03,2026-02-15,43,true,false,,
DFT-2026-00942,SG-BBQPER-04,lamp_failure,critical,2026-07-16,2026-07-22,6,false,false,,
DFT-2026-00943,TC-TNPENR-03,shunt_failure,minor,2026-04-18,2026-06-04,47,false,false,,
DFT-2026-00944,RL-PONGPD-09,rail_flaw,3,2026-06-12,2026-08-02,51,false,false,,
DFT-2025-00945,OHE-GPD-01,height_stagger,critical,2025-05-10,2025-05-11,1,false,false,,
DFT-2026-00946,SG-TITRL-04,aspect_defect,minor,2026-06-27,2026-08-23,57,true,true,failure,2026-08-12
DFT-2026-00947,SL-AVDTI-09,cracked_sleeper,minor,2026-01-24,2026-04-04,70,false,false,,
DFT-2026-00948,SG-MJRPON-03,lamp_failure,minor,2026-01-30,2026-04-05,65,true,true,failure,2026-03-24
DFT-2026-00949,MST-TRLAJJ-42,corrosion,minor,2026-05-31,2026-07-19,49,false,true,failure,2026-06-03
DFT-2026-00950,PT-PER-01,motor_fault,major,2026-05-11,2026-05-20,9,true,false,,
DFT-2026-00951,TO-CGL-07,switch_wear,major,2026-08-21,,17,false,false,,
DFT-2025-00952,MST-PERABU-03,corrosion,minor,2025-08-14,2025-09-20,37,true,false,,
DFT-2026-00953,RL-TRLAJJ-32,corrugation,3,2026-03-18,2026-04-24,37,false,false,,
DFT-2025-00954,TC-PERABU-15,bonding_defect,critical,2025-04-26,2025-05-01,5,false,false,,
DFT-2026-00955,OHE-MSBMS-02,hard_spot,major,2026-05-23,2026-06-05,13,true,false,,
DFT-2026-00956,OHE-AVDTI-02,hard_spot,minor,2026-06-01,2026-08-09,69,true,true,failure,2026-06-19
DFT-2025-00957,RL-PONGPD-16,wear,1,2025-06-13,2025-06-18,5,false,false,,
DFT-2026-00958,BL-ABUAVD-04,fouling,major,2026-07-28,2026-08-14,17,false,false,,
DFT-2025-00959,TC-MASBBQ-03,shunt_failure,critical,2025-08-14,2025-08-15,1,true,false,,
DFT-2026-00960,CW-BBQTNP-02,wire_wear,major,2026-04-21,2026-05-04,13,false,false,,
DFT-2025-00961,TC-MSMBM-01,shunt_failure,critical,2025-12-17,2025-12-21,4,false,false,,
DFT-2026-00962,SG-MBMGI-04,aspect_defect,minor,2026-06-19,2026-08-02,44,false,false,,
DFT-2026-00963,TC-TRLAJJ-02,bonding_defect,major,2026-04-25,2026-05-08,13,false,false,,
DFT-2025-00964,TO-CGL-07,switch_wear,minor,2025-11-29,2026-01-06,38,true,false,,
DFT-2026-00965,SL-PVTBM-06,cracked_sleeper,minor,2026-07-11,2026-07-27,16,true,false,,
DFT-2025-00966,RL-MJRPON-12,wear,3,2025-06-29,2025-07-27,28,true,false,,
DFT-2026-00967,SG-TRLAJJ-19,lamp_failure,minor,2026-07-05,2026-09-02,59,false,false,,
DFT-2025-00968,MST-MJRPON-04,corrosion,minor,2025-08-15,2025-08-28,13,true,false,,
DFT-2025-00969,RL-MASBBQ-02,weld_failure,3,2025-03-31,2025-05-12,42,false,false,,
DFT-2026-00970,RL-TNPENR-12,wear,3,2026-03-04,2026-05-03,60,false,false,,
DFT-2025-00971,SL-ABUAVD-08,cracked_sleeper,minor,2025-09-02,2025-11-08,67,false,true,speed_restriction,2025-09-19
DFT-2026-00972,RL-TRLAJJ-12,weld_failure,1,2026-07-06,2026-07-12,6,false,false,,
DFT-2025-00973,RL-ABUAVD-15,corrugation,2,2025-08-11,2025-08-24,13,false,false,,
DFT-2025-00974,BL-MSBMS-08,fouling,major,2025-07-27,2025-08-14,18,false,false,,
DFT-2025-00975,SG-PERABU-13,lamp_failure,minor,2025-12-18,2026-02-08,52,true,false,,
DFT-2025-00976,TC-MSMBM-06,shunt_failure,minor,2025-11-01,2026-01-07,67,true,false,,
DFT-2026-00977,SG-ABUAVD-03,lamp_failure,minor,2026-01-20,2026-01-31,11,false,false,,
DFT-2026-00978,INS-GISTM-02,flashover_mark,minor,2026-08-26,,12,false,false,,
DFT-2025-00979,TO-PER-03,switch_wear,major,2025-12-04,2025-12-14,10,false,true,speed_restriction,2025-12-14
DFT-2026-00980,TC-GISTM-03,shunt_failure,minor,2026-05-16,2026-07-11,56,false,true,punctuality_incident,2026-06-04
DFT-2026-00981,TC-AVDTI-02,bonding_defect,major,2026-03-07,2026-03-13,6,true,false,,
DFT-2025-00982,SL-MASBBQ-02,fastening_failure,minor,2025-08-08,2025-09-12,35,false,false,,
DFT-2025-00983,TO-TBM-06,switch_wear,minor,2025-11-17,2025-12-30,43,false,false,,
DFT-2026-00984,BL-MAS-01,fouling,minor,2026-07-26,2026-08-14,19,false,false,,
DFT-2025-00985,CW-GISTM-02,burn_mark,minor,2025-04-13,2025-05-29,46,false,false,,
DFT-2026-00986,RL-TRLAJJ-49,rail_flaw,3,2026-07-08,,61,false,false,,
DFT-2025-00987,TC-AVDTI-04,bonding_defect,major,2025-04-20,2025-04-26,6,false,false,,
DFT-2025-00988,MST-STMPV-02,foundation_defect,major,2025-06-15,2025-07-04,19,false,true,failure,2025-06-26
DFT-2025-00989,LC-CJTMLP-01,surface_defect,minor,2025-08-08,2025-09-07,30,false,false,,
DFT-2026-00990,PT-TBM-02,obstruction,minor,2026-01-20,2026-02-01,12,false,false,,
DFT-2026-00991,RL-TITRL-19,weld_failure,2,2026-05-23,2026-06-10,18,false,false,,
DFT-2026-00992,RL-PERABU-20,weld_failure,1,2026-05-16,2026-05-21,5,false,false,,
DFT-2026-00993,IL-MAS-01,wire_count_discrepancy,critical,2026-04-13,2026-04-14,1,true,false,,
DFT-2026-00994,MST-TITRL-14,foundation_defect,minor,2026-06-28,2026-08-10,43,false,false,,
DFT-2026-00995,BL-MSBMS-03,ballast_deficiency,major,2026-08-11,2026-08-27,16,false,false,,
DFT-2025-00996,SL-MSBMS-03,cracked_sleeper,major,2025-08-01,2025-08-21,20,false,false,,
DFT-2025-00997,TC-ABUAVD-06,shunt_failure,major,2025-05-31,2025-06-19,19,true,false,,
DFT-2025-00998,TC-TRLAJJ-02,shunt_failure,minor,2025-08-24,2025-10-05,42,false,false,,
DFT-2026-00999,CW-BBQPER-02,burn_mark,minor,2026-05-31,2026-06-22,22,false,false,,
DFT-2025-01000,SL-ENRMJR-02,fastening_failure,minor,2025-06-20,2025-07-27,37,false,false,,
DFT-2026-01001,AC-AVDTI-05,reset_failure,major,2026-05-07,2026-05-12,5,false,false,,
DFT-2025-01002,MST-MSMBM-11,corrosion,minor,2025-04-28,2025-06-21,54,true,false,,
DFT-2026-01003,RL-TNPENR-03,wear,2,2026-05-26,2026-06-15,20,true,true,speed_restriction,2026-06-09
DFT-2025-01004,RL-TRLAJJ-25,weld_failure,1,2025-04-25,2025-04-26,1,false,false,,
DFT-2025-01005,TO-MSB-06,crossing_wear,critical,2025-10-11,2025-10-18,7,false,false,,
DFT-2025-01006,BL-TITRL-09,drainage_choke,minor,2025-04-15,2025-05-01,16,true,false,,
DFT-2026-01007,TO-TBM-06,crossing_wear,minor,2026-01-20,2026-02-09,20,false,false,,
DFT-2025-01008,TO-MSB-05,crossing_wear,minor,2025-06-29,2025-07-24,25,true,false,,
DFT-2026-01009,PT-BBQ-05,detection_failure,major,2026-08-12,2026-08-24,12,false,false,,
DFT-2025-01010,TC-AVDTI-04,bonding_defect,minor,2025-06-07,2025-07-18,41,false,false,,
DFT-2025-01011,TC-STMPV-02,shunt_failure,major,2025-11-10,2025-11-29,19,false,false,,
DFT-2026-01012,TO-MAS-05,gauge_defect,minor,2026-05-19,2026-07-15,57,false,false,,
DFT-2026-01013,BL-MAS-06,fouling,major,2026-06-07,2026-06-25,18,false,true,speed_restriction,2026-06-22
DFT-2025-01014,RL-TITRL-04,wear,2,2025-12-08,2025-12-20,12,false,false,,
DFT-2025-01015,OHE-MSMBM-16,height_stagger,minor,2025-08-12,2025-10-06,55,false,false,,
DFT-2025-01016,TC-MASBBQ-03,bonding_defect,minor,2025-11-13,2026-01-12,60,false,false,,
DFT-2026-01017,CW-CGLWJ-04,wire_wear,major,2026-06-06,2026-06-21,15,false,false,,
DFT-2026-01018,TC-PERABU-10,bonding_defect,minor,2026-02-20,2026-03-24,32,true,false,,
DFT-2025-01019,OHE-PVTBM-06,hard_spot,minor,2025-09-13,2025-11-08,56,false,false,,
DFT-2026-01020,RL-MASBBQ-02,rail_flaw,3,2026-07-09,2026-07-23,14,false,false,,
DFT-2026-01021,MST-MSMBM-11,corrosion,minor,2026-03-27,2026-05-31,65,true,false,,
DFT-2026-01022,TO-AVD-05,gauge_defect,minor,2026-05-22,2026-07-02,41,false,true,failure,2026-06-30
DFT-2025-01023,TO-PER-08,switch_wear,major,2025-12-03,2025-12-08,5,false,true,speed_restriction,2025-12-07
DFT-2026-01024,CW-GISTM-01,wire_wear,minor,2026-05-19,2026-07-13,55,false,true,failure,2026-06-17
DFT-2025-01025,BL-TRLAJJ-10,fouling,minor,2025-03-24,2025-05-28,65,false,false,,
DFT-2025-01026,SL-PERABU-13,cracked_sleeper,minor,2025-12-20,2026-01-27,38,false,false,,
DFT-2026-01027,MST-TRLAJJ-42,foundation_defect,major,2026-08-12,2026-09-01,20,false,false,,
DFT-2026-01028,BL-ABUAVD-05,fouling,major,2026-01-28,2026-02-10,13,false,false,,
DFT-2025-01029,TO-BBQ-10,gauge_defect,minor,2025-04-11,2025-06-08,58,true,true,speed_restriction,2025-05-15
DFT-2025-01030,TC-AVDTI-06,bonding_defect,major,2025-12-15,2026-01-01,17,false,false,,
DFT-2025-01031,OHE-BBQTNP-04,height_stagger,minor,2025-04-07,2025-06-14,68,false,false,,
DFT-2026-01032,SL-MSMBM-03,cracked_sleeper,major,2026-05-09,2026-05-27,18,false,false,,
DFT-2025-01033,SL-CGLWJ-03,cracked_sleeper,major,2025-05-23,2025-06-04,12,false,false,,
DFT-2026-01034,SL-BBQTNP-02,cracked_sleeper,major,2026-07-12,2026-07-17,5,false,false,,
DFT-2025-01035,OHE-PER-01,height_stagger,major,2025-06-20,2025-07-02,12,false,true,failure,2025-06-27
DFT-2025-01036,RL-TRLAJJ-35,corrugation,3,2025-06-13,2025-07-21,38,false,false,,
DFT-2026-01037,RL-AVDTI-03,weld_failure,1,2026-05-09,2026-05-10,1,false,false,,
DFT-2025-01038,BL-TRLAJJ-01,drainage_choke,minor,2025-10-09,2025-10-26,17,false,false,,
DFT-2026-01039,CW-MBMGI-04,burn_mark,major,2026-01-25,2026-02-14,20,false,false,,
DFT-2026-01040,OHE-MSBMS-05,height_stagger,minor,2026-09-01,,6,false,true,failure,2026-09-06
DFT-2025-01041,BL-PONGPD-08,fouling,major,2025-04-11,2025-04-21,10,false,false,,
DFT-2025-01042,AC-AVDTI-08,reset_failure,minor,2025-07-08,2025-09-01,55,false,true,failure,2025-08-03
DFT-2026-01043,PT-MAS-10,motor_fault,minor,2026-07-28,2026-08-10,13,false,false,,
DFT-2025-01044,TC-MSMBM-06,bonding_defect,major,2025-09-01,2025-09-10,9,false,false,,
DFT-2026-01045,SL-STMPV-01,cracked_sleeper,critical,2026-04-17,2026-04-19,2,false,false,,
DFT-2026-01046,SG-PERABU-04,lamp_failure,critical,2026-02-14,2026-02-17,3,true,false,,
DFT-2025-01047,RL-TNPENR-09,rail_flaw,1,2025-09-27,2025-10-04,7,false,false,,
DFT-2025-01048,OHE-MASBBQ-02,hard_spot,critical,2025-03-24,2025-03-27,3,false,true,failure,2025-03-27
DFT-2025-01049,SL-STMPV-02,cracked_sleeper,minor,2025-04-25,2025-06-06,42,false,false,,
DFT-2026-01050,BL-MS-06,drainage_choke,major,2026-03-04,2026-03-19,15,false,false,,
DFT-2026-01051,AC-GISTM-01,reset_failure,minor,2026-08-21,,17,true,false,,
DFT-2026-01052,SL-TRLAJJ-24,cracked_sleeper,minor,2026-03-21,2026-04-06,16,true,false,,
DFT-2025-01053,TO-MSB-04,switch_wear,major,2025-04-08,2025-04-20,12,false,true,punctuality_incident,2025-04-16
DFT-2025-01054,PT-BBQ-03,motor_fault,minor,2025-05-12,2025-07-13,62,false,true,failure,2025-06-02
DFT-2026-01055,RL-CJTMLP-06,weld_failure,1,2026-03-04,2026-03-08,4,false,false,,
DFT-2025-01056,OHE-MBMGI-03,hard_spot,minor,2025-10-05,2025-10-26,21,true,false,,
DFT-2026-01057,PT-AVD-06,obstruction,minor,2026-09-02,,5,false,false,,
DFT-2026-01058,SL-PERABU-03,cracked_sleeper,minor,2026-04-04,2026-05-14,40,true,true,failure,2026-04-17
DFT-2026-01059,RL-TRLAJJ-68,weld_failure,3,2026-02-11,2026-03-11,28,true,false,,
DFT-2025-01060,PT-MSB-11,obstruction,minor,2025-03-27,2025-05-14,48,false,false,,
DFT-2026-01061,MST-MBMGI-02,corrosion,minor,2026-03-24,2026-05-21,58,false,false,,
DFT-2025-01062,TO-BBQ-01,gauge_defect,minor,2025-12-06,2026-01-27,52,false,true,punctuality_incident,2026-01-07
DFT-2025-01063,OHE-BBQPER-03,height_stagger,major,2025-09-02,2025-09-17,15,false,false,,
DFT-2025-01064,INS-STMPV-02,cracked_insulator,major,2025-09-21,2025-10-04,13,false,false,,
DFT-2025-01065,BR-TRLAJJ-01,bearing_defect,minor,2025-03-25,2025-05-29,65,false,true,speed_restriction,2025-05-28
DFT-2026-01066,RL-CGLWJ-12,corrugation,3,2026-05-19,2026-06-08,20,false,false,,
DFT-2025-01067,RL-PONGPD-09,corrugation,2,2025-10-04,2025-10-12,8,false,false,,
DFT-2026-01068,RL-TRLAJJ-45,rail_flaw,3,2026-07-09,2026-07-28,19,false,false,,
DFT-2025-01069,TO-MS-07,crossing_wear,minor,2025-05-03,2025-06-24,52,true,false,,
DFT-2025-01070,TO-AJJ-01,gauge_defect,minor,2025-04-14,2025-05-22,38,false,true,punctuality_incident,2025-05-02
DFT-2025-01071,TO-TBM-09,crossing_wear,minor,2025-04-27,2025-06-28,62,true,false,,
DFT-2026-01072,OHE-AVDTI-10,hard_spot,minor,2026-07-09,2026-08-30,52,true,false,,
DFT-2025-01073,AC-TRLAJJ-19,head_fault,minor,2025-07-25,2025-08-27,33,false,false,,
DFT-2026-01074,RL-ENRMJR-08,weld_failure,2,2026-01-03,2026-01-16,13,false,false,,
DFT-2026-01075,OHE-AVD-01,height_stagger,critical,2026-05-20,2026-05-27,7,false,false,,
DFT-2025-01076,SL-MSBMS-01,fastening_failure,minor,2025-07-15,2025-08-10,26,false,false,,
DFT-2025-01077,RL-TITRL-24,corrugation,2,2025-10-25,2025-11-09,15,false,true,speed_restriction,2025-10-27
DFT-2026-01078,RL-MBMGI-01,corrugation,3,2026-04-10,2026-06-21,72,false,true,speed_restriction,2026-05-31
DFT-2026-01079,BL-PERABU-01,ballast_deficiency,major,2026-02-21,2026-03-07,14,false,false,,
DFT-2025-01080,TO-BBQ-11,crossing_wear,minor,2025-07-26,2025-09-25,61,false,false,,
DFT-2026-01081,INS-TNPENR-02,cracked_insulator,major,2026-08-05,2026-08-25,20,false,true,failure,2026-08-23
DFT-2025-01082,SG-BBQPER-01,lamp_failure,minor,2025-10-07,2025-11-19,43,false,true,speed_restriction,2025-10-16
DFT-2025-01083,MST-MSMBM-07,corrosion,minor,2025-10-28,2025-12-07,40,false,false,,
DFT-2026-01084,RL-ABUAVD-15,wear,2,2026-05-06,2026-05-12,6,false,false,,
DFT-2026-01085,BL-MSBMS-07,drainage_choke,major,2026-06-23,2026-07-02,9,true,false,,
DFT-2026-01086,RL-PONGPD-08,corrugation,3,2026-01-07,2026-02-08,32,false,false,,
DFT-2025-01087,PT-TBM-07,motor_fault,minor,2025-12-30,2026-01-15,16,false,false,,
DFT-2025-01088,OHE-TITRL-22,height_stagger,major,2025-06-06,2025-06-20,14,true,false,,
DFT-2025-01089,RL-TRLAJJ-04,corrugation,1,2025-09-08,2025-09-09,1,false,false,,
DFT-2026-01090,RL-TRLAJJ-05,weld_failure,3,2026-02-24,2026-04-08,43,false,false,,
DFT-2026-01091,SL-PVTBM-04,cracked_sleeper,critical,2026-09-05,,2,false,false,,
DFT-2025-01092,RL-TMLPTKO-03,wear,1,2025-08-25,2025-08-27,2,false,false,,
DFT-2026-01093,SL-PVTBM-03,cracked_sleeper,minor,2026-06-19,2026-08-26,68,false,true,speed_restriction,2026-07-09
DFT-2025-01094,PT-AJJ-06,motor_fault,minor,2025-07-06,2025-08-01,26,false,false,,
DFT-2025-01095,RL-STMPV-06,wear,2,2025-12-03,2025-12-20,17,false,false,,
DFT-2026-01096,INS-AVDTI-06,flashover_mark,major,2026-04-14,2026-04-23,9,true,false,,
DFT-2025-01097,SL-MBMGI-02,fastening_failure,major,2025-06-08,2025-06-20,12,false,false,,
DFT-2025-01098,SL-TNPENR-03,fastening_failure,minor,2025-12-07,2026-01-19,43,false,false,,
DFT-2025-01099,TO-BBQ-06,crossing_wear,major,2025-03-29,2025-04-16,18,false,true,speed_restriction,2025-04-03
DFT-2026-01100,RL-TRLAJJ-0421,rail_flaw,2,2026-04-09,2026-04-25,16,false,false,,
DFT-2025-01101,TO-BBQ-08,gauge_defect,major,2025-04-22,2025-05-07,15,false,false,,
DFT-2025-01102,RL-PONGPD-05,wear,1,2025-07-10,2025-07-13,3,false,false,,
DFT-2026-01103,RL-TRLAJJ-48,weld_failure,IMDT,2026-04-08,2026-04-10,2,false,false,,
DFT-2026-01104,INS-MASBBQ-01,flashover_mark,major,2026-07-29,2026-08-20,22,false,false,,
DFT-2025-01105,BR-TRLAJJ-02,bearing_defect,minor,2025-04-07,2025-05-07,30,true,false,,
DFT-2025-01106,TC-TITRL-18,bonding_defect,major,2025-06-05,2025-06-19,14,false,true,punctuality_incident,2025-06-16
DFT-2026-01107,SL-TKOAJJ-05,fastening_failure,minor,2026-07-05,2026-07-27,22,false,true,failure,2026-07-24
DFT-2026-01108,TC-TRLAJJ-26,bonding_defect,major,2026-05-11,2026-05-22,11,false,false,,
DFT-2026-01109,BL-WJCJ-05,fouling,major,2026-05-21,2026-06-09,19,false,false,,
DFT-2026-01110,OHE-PERABU-02,hard_spot,minor,2026-04-26,2026-06-15,50,true,false,,
DFT-2026-01111,IL-TBM-01,wire_count_discrepancy,minor,2026-08-04,,34,false,false,,
DFT-2026-01112,INS-PERABU-02,cracked_insulator,minor,2026-03-20,2026-05-06,47,true,false,,
DFT-2025-01113,TO-CJ-01,gauge_defect,minor,2025-07-17,2025-09-10,55,true,false,,
DFT-2026-01114,SL-PVTBM-03,cracked_sleeper,minor,2026-02-10,2026-02-22,12,false,false,,
DFT-2026-01115,RL-TITRL-22,corrugation,2,2026-05-07,2026-05-17,10,false,true,speed_restriction,2026-05-17
DFT-2025-01116,RL-TRLAJJ-46,weld_failure,3,2025-04-21,2025-05-12,21,true,false,,
DFT-2026-01117,SL-TNPENR-02,fastening_failure,major,2026-08-01,2026-08-14,13,false,false,,
DFT-2025-01118,TC-MASBBQ-01,bonding_defect,minor,2025-08-14,2025-10-12,59,true,false,,
DFT-2025-01119,BL-ENR-01,fouling,minor,2025-05-13,2025-06-06,24,false,false,,
DFT-2025-01120,TC-PERABU-10,shunt_failure,major,2025-04-12,2025-04-19,7,false,false,,
DFT-2025-01121,LC-PERABU-01,surface_defect,major,2025-06-29,2025-07-05,6,false,false,,
DFT-2025-01122,TC-MASBBQ-02,bonding_defect,critical,2025-07-22,2025-07-26,4,false,false,,
DFT-2025-01123,SL-MBMGI-03,cracked_sleeper,minor,2025-06-28,2025-07-18,20,true,false,,
DFT-2026-01124,AC-TITRL-03,reset_failure,minor,2026-06-28,2026-07-17,19,false,false,,
DFT-2025-01125,TC-STMPV-01,bonding_defect,major,2025-12-25,2026-01-02,8,true,false,,
DFT-2026-01126,SL-BBQPER-02,fastening_failure,critical,2026-04-28,2026-05-02,4,false,false,,
DFT-2026-01127,PT-GPD-03,detection_failure,major,2026-01-27,2026-02-03,7,true,false,,
DFT-2026-01128,OHE-PERABU-13,hard_spot,minor,2026-05-16,2026-06-05,20,true,false,,
DFT-2025-01129,RL-PERABU-10,weld_failure,1,2025-12-18,2025-12-22,4,false,false,,
DFT-2025-01130,SL-CJTMLP-01,fastening_failure,minor,2025-10-11,2025-10-23,12,false,false,,
DFT-2026-01131,OHE-MASBBQ-02,hard_spot,minor,2026-07-01,2026-08-30,60,true,false,,
DFT-2026-01132,OHE-TBM-03,hard_spot,minor,2026-08-09,,29,false,false,,
DFT-2025-01133,TO-PER-03,crossing_wear,major,2025-09-06,2025-09-21,15,true,false,,
DFT-2025-01134,SG-PERABU-01,aspect_defect,major,2025-10-05,2025-10-11,6,false,false,,
DFT-2026-01135,SL-TITRL-14,cracked_sleeper,minor,2026-07-09,,60,false,false,,
DFT-2025-01136,TO-MAS-06,gauge_defect,minor,2025-07-15,2025-09-15,62,false,true,failure,2025-07-23
DFT-2025-01137,RL-TITRL-10,weld_failure,3,2025-10-23,2026-01-05,74,false,false,,
DFT-2026-01138,BL-MAS-08,fouling,critical,2026-03-26,2026-04-01,6,false,false,,
DFT-2026-01139,TO-PER-06,switch_wear,major,2026-04-12,2026-05-01,19,false,true,failure,2026-04-18
DFT-2025-01140,BL-AVDTI-07,fouling,minor,2025-10-05,2025-11-27,53,false,false,,
DFT-2026-01141,PT-MS-06,motor_fault,major,2026-07-19,2026-08-09,21,true,false,,
DFT-2026-01142,RL-TITRL-16,corrugation,3,2026-01-12,2026-03-03,50,true,false,,
DFT-2026-01143,BL-PERABU-09,drainage_choke,critical,2026-08-13,2026-08-19,6,false,false,,
DFT-2026-01144,SL-MBMGI-04,fastening_failure,major,2026-04-25,2026-05-09,14,false,false,,
DFT-2025-01145,OHE-BBQTNP-04,height_stagger,critical,2025-12-19,2025-12-24,5,false,false,,
DFT-2025-01146,SG-TITRL-05,aspect_defect,minor,2025-04-07,2025-06-01,55,true,false,,
DFT-2025-01147,PT-MS-08,motor_fault,minor,2025-08-27,2025-09-19,23,false,false,,
DFT-2025-01148,TC-TITRL-04,bonding_defect,major,2025-10-26,2025-11-04,9,false,false,,
DFT-2026-01149,TO-TRL-05,gauge_defect,minor,2026-01-14,2026-02-01,18,false,false,,
DFT-2025-01150,TC-ABUAVD-08,shunt_failure,major,2025-10-17,2025-11-07,21,false,false,,
DFT-2025-01151,SL-MJRPON-02,cracked_sleeper,minor,2025-07-22,2025-09-09,49,false,true,speed_restriction,2025-08-15
DFT-2026-01152,INS-TITRL-07,cracked_insulator,minor,2026-05-24,2026-07-31,68,false,false,,
DFT-2026-01153,OHE-MBMGI-01,hard_spot,major,2026-04-12,2026-04-24,12,false,true,punctuality_incident,2026-04-24
DFT-2025-01154,RL-TKOAJJ-08,weld_failure,3,2025-04-15,2025-06-17,63,false,false,,
DFT-2026-01155,RL-PONGPD-08,wear,3,2026-08-11,,27,true,false,,
DFT-2025-01156,INS-MJRPON-02,cracked_insulator,minor,2025-05-03,2025-05-24,21,true,false,,
DFT-2025-01157,INS-TRLAJJ-14,flashover_mark,minor,2025-12-08,2026-01-03,26,false,false,,
DFT-2025-01158,BL-MAS-04,ballast_deficiency,major,2025-06-19,2025-07-09,20,false,false,,
DFT-2026-01159,AC-PERABU-04,head_fault,minor,2026-06-04,2026-07-10,36,false,false,,
DFT-2026-01160,TO-AVD-08,crossing_wear,critical,2026-05-13,2026-05-16,3,true,false,,
DFT-2026-01161,BL-TITRL-12,ballast_deficiency,minor,2026-02-14,2026-03-15,29,true,true,speed_restriction,2026-03-04
DFT-2025-01162,SL-TITRL-02,fastening_failure,minor,2025-03-22,2025-05-11,50,false,true,failure,2025-04-07
DFT-2026-01163,TC-PERABU-02,bonding_defect,major,2026-09-04,,3,false,false,,
DFT-2026-01164,OHE-BBQ-01,height_stagger,minor,2026-01-30,2026-02-24,25,false,false,,
DFT-2025-01165,OHE-TNPENR-03,hard_spot,minor,2025-08-30,2025-09-14,15,false,false,,
DFT-2026-01166,MST-MSMBM-03,corrosion,major,2026-05-30,2026-06-18,19,false,false,,
DFT-2025-01167,SG-AVDTI-06,lamp_failure,minor,2025-11-28,2026-01-03,36,false,false,,
DFT-2026-01168,TC-TITRL-02,bonding_defect,minor,2026-04-12,2026-06-01,50,false,true,failure,2026-04-30
DFT-2026-01169,TC-TITRL-02,bonding_defect,minor,2026-05-25,2026-07-31,67,true,false,,
DFT-2025-01170,OHE-MASBBQ-02,height_stagger,minor,2025-08-25,2025-11-02,69,false,false,,
DFT-2026-01171,CW-STMPV-02,burn_mark,major,2026-03-20,2026-04-06,17,true,false,,
DFT-2026-01172,INS-GISTM-01,cracked_insulator,minor,2026-02-26,2026-05-06,69,false,false,,
DFT-2025-01173,SG-TMLPTKO-02,aspect_defect,critical,2025-07-17,2025-07-22,5,true,false,,
DFT-2026-01174,RL-PERABU-19,wear,IMDT,2026-01-26,2026-01-28,2,false,false,,
DFT-2025-01175,TO-MSB-07,switch_wear,minor,2025-09-26,2025-10-15,19,false,false,,
DFT-2025-01176,OHE-AVD-01,height_stagger,minor,2025-05-18,2025-06-29,42,false,false,,
DFT-2025-01177,RL-MSMBM-06,wear,2,2025-07-31,2025-08-06,6,false,false,,
DFT-2025-01178,RL-MJRPON-12,wear,2,2025-06-25,2025-07-09,14,true,false,,
DFT-2025-01179,TO-PER-07,gauge_defect,minor,2025-04-25,2025-06-19,55,true,true,speed_restriction,2025-06-16
DFT-2026-01180,RL-CJTMLP-02,corrugation,3,2026-05-22,2026-07-17,56,false,false,,
DFT-2026-01181,MST-PVTBM-08,foundation_defect,minor,2026-09-06,,1,false,false,,
DFT-2025-01182,SL-ABUAVD-08,fastening_failure,critical,2025-04-11,2025-04-15,4,false,false,,
DFT-2026-01183,BL-MS-06,fouling,major,2026-02-26,2026-03-12,14,false,false,,
DFT-2025-01184,SL-TITRL-03,fastening_failure,critical,2025-07-04,2025-07-09,5,false,false,,
DFT-2026-01185,SL-AVDTI-10,fastening_failure,major,2026-02-24,2026-03-12,16,false,false,,
DFT-2025-01186,BL-AVD-01,ballast_deficiency,minor,2025-08-22,2025-09-11,20,false,false,,
DFT-2025-01187,SL-GISTM-04,fastening_failure,major,2025-03-27,2025-04-15,19,false,true,speed_restriction,2025-03-28
DFT-2025-01188,PT-MSB-11,detection_failure,major,2025-04-02,2025-04-14,12,false,false,,
DFT-2026-01189,SL-AVDTI-07,cracked_sleeper,minor,2026-08-16,,22,false,false,,
DFT-2026-01190,OHE-CGLWJ-09,height_stagger,minor,2026-04-05,2026-05-09,34,true,false,,
DFT-2026-01191,SG-ABUAVD-03,lamp_failure,minor,2026-04-02,2026-06-07,66,true,false,,
DFT-2025-01192,IL-MS-01,relay_fault,major,2025-06-02,2025-06-21,19,false,false,,
DFT-2025-01193,SG-PONGPD-04,aspect_defect,minor,2025-10-05,2025-12-01,57,false,false,,
DFT-2026-01194,OHE-TITRL-14,height_stagger,minor,2026-08-27,,11,true,false,,
DFT-2025-01195,INS-TRLAJJ-03,cracked_insulator,minor,2025-06-27,2025-07-14,17,false,false,,
DFT-2025-01196,LC-PONGPD-01,surface_defect,major,2025-10-23,2025-10-28,5,false,false,,
DFT-2026-01197,BL-TNP-03,ballast_deficiency,minor,2026-01-08,2026-02-10,33,false,false,,
DFT-2025-01198,OHE-STMPV-05,hard_spot,critical,2025-11-30,2025-12-03,3,true,false,,
DFT-2026-01199,TC-TNPENR-06,shunt_failure,critical,2026-03-27,2026-04-02,6,false,false,,
DFT-2025-01200,IL-CJ-01,wire_count_discrepancy,critical,2025-12-03,2025-12-07,4,false,false,,
DFT-2026-01201,SG-CGLWJ-03,lamp_failure,minor,2026-04-04,2026-05-12,38,false,false,,
DFT-2025-01202,SL-TRLAJJ-26,fastening_failure,major,2025-04-26,2025-05-06,10,false,false,,
DFT-2025-01203,INS-TITRL-02,cracked_insulator,minor,2025-06-11,2025-06-29,18,false,false,,
DFT-2026-01204,SG-STMPV-05,aspect_defect,minor,2026-08-04,,34,false,true,failure,2026-08-08
DFT-2025-01205,RL-TITRL-22,weld_failure,2,2025-12-17,2025-12-22,5,false,false,,
DFT-2026-01206,BR-TRLAJJ-01,corrosion,major,2026-04-13,2026-04-29,16,false,false,,
DFT-2026-01207,MST-ENRMJR-03,corrosion,major,2026-06-06,2026-06-25,19,false,false,,
DFT-2025-01208,MST-TITRL-19,foundation_defect,minor,2025-07-25,2025-09-07,44,false,false,,
DFT-2025-01209,RL-MASBBQ-02,rail_flaw,2,2025-05-22,2025-06-14,23,false,false,,
DFT-2025-01210,CW-GISTM-04,burn_mark,major,2025-09-20,2025-10-06,16,false,false,,
DFT-2025-01211,BL-ABUAVD-07,drainage_choke,major,2025-05-10,2025-05-17,7,false,false,,
DFT-2025-01212,PT-MAS-12,detection_failure,minor,2025-08-24,2025-10-21,58,true,false,,
DFT-2026-01213,SL-MSMBM-01,cracked_sleeper,minor,2026-06-10,2026-07-07,27,false,false,,
DFT-2026-01214,MST-ABUAVD-01,corrosion,minor,2026-04-05,2026-06-11,67,false,true,failure,2026-06-10
DFT-2025-01215,SL-MJRPON-01,cracked_sleeper,minor,2025-08-14,2025-09-01,18,true,false,,
DFT-2025-01216,OHE-ENRMJR-08,height_stagger,critical,2025-08-05,2025-08-08,3,false,true,punctuality_incident,2025-08-08
DFT-2025-01217,AC-MJRPON-03,reset_failure,major,2025-08-23,2025-09-12,20,false,false,,
DFT-2025-01218,SL-PVTBM-08,fastening_failure,minor,2025-11-19,2025-12-17,28,false,true,punctuality_incident,2025-11-29
DFT-2026-01219,OHE-MSBMS-07,hard_spot,minor,2026-05-05,2026-05-27,22,false,false,,
DFT-2025-01220,MST-TITRL-06,corrosion,minor,2025-12-29,2026-01-14,16,false,false,,
DFT-2025-01221,CW-PERABU-12,wire_wear,minor,2025-09-28,2025-11-23,56,false,false,,
DFT-2025-01222,TO-TRL-05,gauge_defect,major,2025-04-12,2025-04-22,10,false,false,,
DFT-2025-01223,RL-TRLAJJ-01,corrugation,2,2025-05-18,2025-05-24,6,false,false,,
DFT-2025-01224,SL-STMPV-04,cracked_sleeper,minor,2025-04-06,2025-05-06,30,false,false,,
DFT-2025-01225,PT-MS-03,motor_fault,minor,2025-07-27,2025-09-12,47,false,false,,
DFT-2026-01226,MST-TRLAJJ-34,corrosion,minor,2026-02-24,2026-05-02,67,false,false,,
DFT-2025-01227,BL-STMPV-08,fouling,minor,2025-04-17,2025-05-25,38,true,false,,
DFT-2026-01228,OHE-TRLAJJ-04,hard_spot,major,2026-08-22,2026-09-03,12,false,true,punctuality_incident,2026-08-28
DFT-2025-01229,RL-PERABU-23,rail_flaw,1,2025-04-19,2025-04-23,4,true,false,,
DFT-2026-01230,SL-MBMGI-02,cracked_sleeper,minor,2026-07-21,,48,false,false,,
DFT-2025-01231,SG-MSBMS-01,lamp_failure,minor,2025-09-13,2025-10-13,30,false,false,,
DFT-2026-01232,BL-AVD-04,fouling,major,2026-03-12,2026-03-31,19,false,true,speed_restriction,2026-03-20
DFT-2025-01233,RL-TITRL-24,rail_flaw,3,2025-11-24,2025-12-09,15,false,false,,
DFT-2025-01234,RL-MSBMS-06,weld_failure,3,2025-12-18,2026-02-01,45,true,false,,
DFT-2025-01235,OHE-PONGPD-02,height_stagger,major,2025-05-16,2025-06-01,16,false,true,failure,2025-05-26
DFT-2026-01236,OHE-ABUAVD-12,hard_spot,major,2026-07-09,2026-07-29,20,false,false,,
DFT-2025-01237,SL-PONGPD-04,fastening_failure,minor,2025-09-18,2025-10-08,20,false,false,,
DFT-2025-01238,MST-TITRL-12,corrosion,major,2025-06-24,2025-06-30,6,true,false,,
DFT-2026-01239,PT-BBQ-08,obstruction,minor,2026-04-05,2026-05-20,45,true,false,,
DFT-2025-01240,TC-TITRL-08,bonding_defect,major,2025-11-09,2025-11-25,16,false,false,,
DFT-2025-01241,SG-TRLAJJ-14,lamp_failure,major,2025-10-25,2025-10-31,6,false,false,,
DFT-2025-01242,TO-MSB-10,switch_wear,minor,2025-07-05,2025-08-30,56,false,true,speed_restriction,2025-08-20
DFT-2025-01243,SL-ENRMJR-04,cracked_sleeper,major,2025-06-30,2025-07-08,8,false,false,,
DFT-2025-01244,CW-TITRL-11,burn_mark,critical,2025-07-02,2025-07-05,3,false,false,,
DFT-2025-01245,AC-PERABU-08,head_fault,critical,2025-05-29,2025-06-01,3,false,false,,
DFT-2025-01246,TO-TBM-04,crossing_wear,minor,2025-08-29,2025-10-26,58,false,false,,
DFT-2026-01247,RL-MSBMS-05,rail_flaw,2,2026-05-22,2026-05-29,7,true,true,speed_restriction,2026-05-28
DFT-2026-01248,SL-PERABU-10,fastening_failure,minor,2026-06-11,2026-08-13,63,false,true,speed_restriction,2026-07-17
DFT-2025-01249,SL-CJTMLP-01,cracked_sleeper,minor,2025-04-08,2025-06-11,64,true,false,,
DFT-2026-01250,OHE-TITRL-03,height_stagger,minor,2026-07-03,2026-07-14,11,false,false,,
DFT-2025-01251,TO-MAS-06,crossing_wear,minor,2025-04-05,2025-05-12,37,false,true,speed_restriction,2025-04-26
DFT-2025-01252,CW-WJCJ-01,burn_mark,minor,2025-04-21,2025-06-11,51,false,false,,
DFT-2026-01253,TC-PVTBM-03,bonding_defect,minor,2026-01-25,2026-02-11,17,false,false,,
DFT-2025-01254,RL-ABUAVD-02,corrugation,2,2025-06-28,2025-07-13,15,false,true,punctuality_incident,2025-07-13
DFT-2026-01255,TC-TRLAJJ-06,bonding_defect,major,2026-03-25,2026-04-08,14,false,false,,
DFT-2026-01256,MST-TRLAJJ-21,corrosion,major,2026-07-26,2026-08-07,12,false,true,failure,2026-07-31
DFT-2025-01257,TO-GPD-03,crossing_wear,major,2025-07-17,2025-07-28,11,false,false,,
DFT-2025-01258,BL-GISTM-04,fouling,minor,2025-12-11,2026-01-27,47,false,false,,
DFT-2026-01259,SL-TITRL-14,fastening_failure,critical,2026-08-17,2026-08-20,3,true,false,,
DFT-2025-01260,MST-TRLAJJ-14,foundation_defect,minor,2025-11-06,2026-01-15,70,false,true,punctuality_incident,2025-12-19
DFT-2026-01261,OHE-MSMBM-14,hard_spot,minor,2026-02-15,2026-04-26,70,true,false,,
DFT-2026-01262,IL-MS-01,relay_fault,minor,2026-05-19,2026-07-23,65,true,false,,
DFT-2025-01263,RL-TITRL-16,corrugation,1,2025-12-03,2025-12-05,2,false,false,,
DFT-2026-01264,RL-TNPENR-03,corrugation,1,2026-02-05,2026-02-07,2,false,false,,
DFT-2026-01265,INS-STMPV-02,cracked_insulator,major,2026-02-21,2026-03-03,10,true,false,,
DFT-2026-01266,BL-ABUAVD-03,ballast_deficiency,minor,2026-06-26,2026-07-25,29,false,false,,
DFT-2026-01267,SL-ABUAVD-08,fastening_failure,major,2026-04-09,2026-04-29,20,false,false,,
DFT-2026-01268,BL-PONGPD-08,ballast_deficiency,major,2026-04-03,2026-04-11,8,false,false,,
DFT-2026-01269,BL-ENRMJR-02,ballast_deficiency,minor,2026-05-07,2026-07-03,57,false,true,failure,2026-05-10
DFT-2026-01270,INS-TNPENR-01,cracked_insulator,minor,2026-03-13,2026-03-31,18,false,false,,
DFT-2026-01271,AC-TITRL-03,head_fault,major,2026-08-04,2026-08-22,18,false,false,,
DFT-2025-01272,RL-PVTBM-01,rail_flaw,3,2025-07-15,2025-08-04,20,false,false,,
DFT-2026-01273,TO-GPD-04,gauge_defect,major,2026-05-28,2026-06-03,6,false,false,,
DFT-2025-01274,TC-PERABU-12,bonding_defect,major,2025-11-07,2025-11-14,7,false,true,failure,2025-11-10
DFT-2025-01275,INS-AVDTI-04,cracked_insulator,major,2025-04-28,2025-05-09,11,false,false,,
DFT-2025-01276,SL-TRLAJJ-16,fastening_failure,minor,2025-04-25,2025-06-12,48,false,false,,
DFT-2025-01277,RL-MJRPON-08,corrugation,3,2025-06-25,2025-09-05,72,false,true,punctuality_incident,2025-07-16
DFT-2026-01278,SL-TRLAJJ-20,cracked_sleeper,minor,2026-04-02,2026-04-12,10,false,false,,
DFT-2026-01279,SG-MASBBQ-01,lamp_failure,minor,2026-05-20,2026-06-09,20,true,false,,
DFT-2026-01280,RL-PERABU-24,weld_failure,3,2026-09-05,,2,false,false,,
DFT-2026-01281,MST-PERABU-02,foundation_defect,minor,2026-06-22,2026-08-03,42,false,false,,
DFT-2026-01282,PT-CJ-02,obstruction,minor,2026-01-29,2026-02-17,19,false,false,,
DFT-2025-01283,INS-MSBMS-02,cracked_insulator,major,2025-06-28,2025-07-04,6,false,false,,
DFT-2025-01284,RL-TNPENR-02,wear,2,2025-08-23,2025-09-07,15,false,false,,
DFT-2025-01285,SG-PERABU-10,lamp_failure,major,2025-07-26,2025-08-04,9,true,false,,
DFT-2025-01286,TO-AVD-09,switch_wear,major,2025-07-19,2025-07-26,7,false,false,,
DFT-2026-01287,RL-BBQPER-06,wear,1,2026-03-10,2026-03-15,5,false,false,,
DFT-2025-01288,CW-MBMGI-02,wire_wear,minor,2025-09-13,2025-11-16,64,true,false,,
DFT-2025-01289,RL-PERABU-14,weld_failure,3,2025-05-18,2025-06-14,27,false,false,,
DFT-2025-01290,RL-TRLAJJ-24,rail_flaw,3,2025-05-12,2025-06-11,30,false,false,,
DFT-2025-01291,MST-MASBBQ-02,corrosion,minor,2025-05-11,2025-06-07,27,false,false,,
DFT-2025-01292,RL-TRLAJJ-36,rail_flaw,1,2025-04-01,2025-04-08,7,false,false,,
DFT-2025-01293,BL-TBM-03,ballast_deficiency,major,2025-07-08,2025-07-22,14,false,false,,
DFT-2026-01294,OHE-PVTBM-05,height_stagger,major,2026-01-30,2026-02-12,13,false,false,,
DFT-2025-01295,RL-MSMBM-08,rail_flaw,2,2025-09-05,2025-09-18,13,false,false,,
DFT-2026-01296,MST-PERABU-05,foundation_defect,minor,2026-01-20,2026-03-08,47,false,false,,
DFT-2025-01297,TO-TBM-04,gauge_defect,minor,2025-10-05,2025-11-01,27,false,false,,
DFT-2025-01298,MST-MSBMS-03,foundation_defect,major,2025-12-15,2026-01-05,21,false,false,,
DFT-2025-01299,OHE-PERABU-18,hard_spot,major,2025-04-21,2025-05-08,17,false,false,,
DFT-2026-01300,TO-MS-07,gauge_defect,minor,2026-02-03,2026-03-24,49,false,false,,
DFT-2026-01301,OHE-BBQPER-02,hard_spot,major,2026-01-08,2026-01-14,6,false,false,,
DFT-2026-01302,TO-BBQ-04,crossing_wear,major,2026-04-02,2026-04-19,17,true,false,,
DFT-2026-01303,TC-PERABU-03,bonding_defect,minor,2026-07-23,,46,true,false,,
DFT-2025-01304,BL-CGLWJ-05,fouling,minor,2025-12-12,2026-01-17,36,false,false,,
DFT-2025-01305,TO-MS-09,gauge_defect,major,2025-06-17,2025-06-24,7,true,false,,
DFT-2025-01306,RL-TRLAJJ-05,wear,3,2025-08-16,2025-10-12,57,false,false,,
DFT-2026-01307,BL-CGL-04,fouling,critical,2026-09-02,,5,true,false,,
DFT-2026-01308,BL-MASBBQ-02,ballast_deficiency,minor,2026-07-09,,60,true,true,failure,2026-07-13
DFT-2026-01309,INS-TITRL-11,cracked_insulator,critical,2026-07-15,2026-07-17,2,false,false,,
DFT-2025-01310,RL-PONGPD-12,rail_flaw,3,2025-04-03,2025-05-10,37,false,false,,
DFT-2025-01311,RL-PONGPD-04,corrugation,3,2025-04-03,2025-05-24,51,false,false,,
DFT-2026-01312,SG-TNPENR-06,aspect_defect,minor,2026-07-28,2026-08-10,13,false,false,,
DFT-2025-01313,TO-GPD-02,switch_wear,major,2025-11-12,2025-11-22,10,false,false,,
DFT-2025-01314,RL-BBQPER-05,corrugation,IMDT,2025-10-05,2025-10-05,0,true,false,,
DFT-2026-01315,OHE-TITRL-11,height_stagger,minor,2026-04-05,2026-04-15,10,false,false,,
DFT-2026-01316,SG-PVTBM-05,lamp_failure,minor,2026-06-15,2026-07-22,37,false,false,,
DFT-2025-01317,SL-ABUAVD-06,fastening_failure,minor,2025-07-09,2025-08-05,27,false,false,,
DFT-2025-01318,MST-ABUAVD-04,foundation_defect,major,2025-10-05,2025-10-27,22,false,false,,
DFT-2026-01319,BL-PVTBM-06,fouling,major,2026-08-20,2026-08-31,11,false,false,,
DFT-2025-01320,TO-PER-06,gauge_defect,minor,2025-10-07,2025-11-28,52,false,true,punctuality_incident,2025-10-26
DFT-2025-01321,CW-TITRL-13,burn_mark,minor,2025-08-04,2025-09-27,54,false,false,,
DFT-2026-01322,TO-BBQ-09,crossing_wear,critical,2026-07-18,2026-07-21,3,false,false,,
DFT-2026-01323,MST-MSMBM-11,corrosion,critical,2026-08-21,2026-08-23,2,false,false,,
DFT-2025-01324,CW-PERABU-07,wire_wear,critical,2025-11-25,2025-11-26,1,false,false,,
DFT-2025-01325,BL-PER-04,fouling,minor,2025-08-06,2025-08-22,16,false,false,,
DFT-2026-01326,BL-TRLAJJ-01,ballast_deficiency,minor,2026-08-20,,18,true,true,speed_restriction,2026-09-03
DFT-2026-01327,RL-TRLAJJ-46,rail_flaw,3,2026-01-12,2026-02-07,26,false,false,,
DFT-2026-01328,TC-PERABU-10,bonding_defect,critical,2026-07-04,2026-07-09,5,true,false,,
DFT-2026-01329,CW-PERABU-06,wire_wear,minor,2026-04-06,2026-06-10,65,false,false,,
DFT-2025-01330,RL-MSMBM-16,corrugation,2,2025-07-05,2025-07-18,13,false,false,,
DFT-2026-01331,RL-MSMBM-08,corrugation,3,2026-02-21,2026-03-05,12,false,false,,
DFT-2025-01332,BL-PERABU-08,ballast_deficiency,minor,2025-04-10,2025-05-24,44,false,false,,
DFT-2026-01333,SG-TITRL-19,aspect_defect,major,2026-05-28,2026-06-13,16,false,false,,
DFT-2025-01334,RL-TITRL-03,corrugation,3,2025-09-14,2025-10-30,46,true,false,,
DFT-2025-01335,PT-MS-06,motor_fault,critical,2025-03-18,2025-03-19,1,false,false,,
DFT-2026-01336,RL-TRLAJJ-02,rail_flaw,2,2026-03-20,2026-04-08,19,true,false,,
DFT-2025-01337,TC-BBQPER-02,bonding_defect,major,2025-04-02,2025-04-14,12,false,false,,
DFT-2026-01338,SG-STMPV-02,lamp_failure,minor,2026-04-07,2026-04-24,17,false,false,,
DFT-2025-01339,RL-TRLAJJ-11,wear,1,2025-04-22,2025-04-26,4,true,false,,
DFT-2025-01340,PT-TBM-03,detection_failure,minor,2025-10-02,2025-11-06,35,false,false,,
DFT-2026-01341,SG-STMPV-04,lamp_failure,major,2026-02-11,2026-03-03,20,true,false,,
DFT-2025-01342,TO-AVD-06,switch_wear,major,2025-09-26,2025-10-07,11,true,false,,
DFT-2026-01343,INS-TITRL-10,flashover_mark,minor,2026-07-23,,46,false,false,,
DFT-2026-01344,TO-MAS-16,gauge_defect,minor,2026-08-01,2026-08-20,19,false,false,,
DFT-2026-01345,SG-PVTBM-01,aspect_defect,minor,2026-03-09,2026-05-09,61,false,false,,
DFT-2026-01346,PT-AJJ-06,detection_failure,critical,2026-05-25,2026-05-28,3,false,true,punctuality_incident,2026-05-27
DFT-2025-01347,INS-TNPENR-03,flashover_mark,major,2025-04-01,2025-04-20,19,false,false,,
DFT-2025-01348,OHE-PONGPD-07,height_stagger,major,2025-05-27,2025-06-17,21,false,true,punctuality_incident,2025-06-03
DFT-2025-01349,TO-MAS-07,switch_wear,minor,2025-07-13,2025-08-31,49,true,false,,
DFT-2026-01350,SL-TNPENR-02,fastening_failure,minor,2026-04-24,2026-06-16,53,false,false,,
DFT-2025-01351,RL-TNPENR-10,weld_failure,2,2025-05-01,2025-05-11,10,true,false,,
DFT-2025-01352,LC-TRLAJJ-01,check_rail_wear,major,2025-11-13,2025-11-21,8,true,false,,
DFT-2025-01353,INS-GISTM-02,flashover_mark,minor,2025-06-21,2025-07-22,31,false,false,,
DFT-2026-01354,TO-MAS-11,gauge_defect,minor,2026-08-11,2026-08-28,17,false,false,,
DFT-2025-01355,MST-MSBMS-03,corrosion,major,2025-12-14,2025-12-27,13,false,false,,
DFT-2025-01356,BL-AVD-04,fouling,major,2025-12-15,2026-01-04,20,false,false,,
DFT-2025-01357,SL-MSBMS-01,cracked_sleeper,major,2025-08-24,2025-09-08,15,false,false,,
DFT-2025-01358,RL-PERABU-16,corrugation,2,2025-05-18,2025-06-07,20,false,false,,
DFT-2025-01359,TC-GISTM-04,shunt_failure,minor,2025-05-06,2025-06-08,33,false,false,,
DFT-2026-01360,SL-PONGPD-08,fastening_failure,minor,2026-07-22,2026-08-07,16,false,true,speed_restriction,2026-08-03
DFT-2026-01361,TC-TITRL-11,bonding_defect,minor,2026-01-27,2026-02-25,29,true,false,,
DFT-2025-01362,AC-ABUAVD-02,head_fault,minor,2025-12-18,2026-01-16,29,false,true,punctuality_incident,2025-12-21
DFT-2026-01363,MST-AVDTI-08,corrosion,minor,2026-06-09,2026-08-18,70,true,false,,
DFT-2025-01364,TO-AJJ-02,gauge_defect,major,2025-07-17,2025-07-23,6,false,false,,
DFT-2026-01365,RL-PERABU-02,rail_flaw,2,2026-09-04,,3,false,false,,
DFT-2025-01366,RL-MSMBM-14,rail_flaw,3,2025-06-04,2025-08-18,75,false,false,,
DFT-2026-01367,RL-ABUAVD-07,weld_failure,2,2026-01-09,2026-01-17,8,false,false,,
DFT-2026-01368,RL-ABUAVD-01,corrugation,1,2026-02-20,2026-02-23,3,false,false,,
DFT-2025-01369,SG-MSMBM-03,aspect_defect,minor,2025-09-06,2025-09-17,11,false,false,,
DFT-2025-01370,MST-PERABU-13,foundation_defect,minor,2025-06-20,2025-08-13,54,true,false,,
DFT-2026-01371,MST-PONGPD-07,corrosion,major,2026-05-11,2026-05-24,13,false,false,,
DFT-2025-01372,BL-TRLAJJ-11,ballast_deficiency,major,2025-07-02,2025-07-11,9,false,false,,
DFT-2025-01373,BL-PONGPD-06,ballast_deficiency,major,2025-11-25,2025-12-02,7,false,true,failure,2025-12-01
DFT-2026-01374,SL-TITRL-07,cracked_sleeper,major,2026-02-22,2026-03-03,9,false,false,,
DFT-2025-01375,RL-PERABU-09,wear,2,2025-08-17,2025-09-06,20,false,true,speed_restriction,2025-08-30
DFT-2026-01376,TC-STMPV-06,bonding_defect,minor,2026-01-17,2026-03-02,44,true,false,,
DFT-2025-01377,OHE-PERABU-12,height_stagger,major,2025-05-04,2025-05-16,12,false,false,,
DFT-2026-01378,OHE-STMPV-07,hard_spot,minor,2026-08-30,,8,true,false,,
DFT-2026-01379,MST-MSBMS-01,corrosion,critical,2026-05-20,2026-05-27,7,false,false,,
DFT-2025-01380,PT-BBQ-05,motor_fault,critical,2025-05-20,2025-05-26,6,false,false,,
DFT-2025-01381,CW-MSMBM-07,burn_mark,minor,2025-03-23,2025-05-27,65,false,false,,
DFT-2026-01382,RL-TRLAJJ-42,weld_failure,2,2026-02-24,2026-03-02,6,true,false,,
DFT-2025-01383,RL-WJCJ-04,weld_failure,3,2025-06-01,2025-06-27,26,false,false,,
DFT-2025-01384,RL-CJTMLP-05,weld_failure,IMDT,2025-05-18,2025-05-18,0,true,false,,
DFT-2026-01385,OHE-STMPV-05,hard_spot,minor,2026-02-19,2026-04-21,61,false,false,,
DFT-2025-01386,MST-PVTBM-01,foundation_defect,minor,2025-08-22,2025-09-25,34,false,false,,
DFT-2025-01387,TC-GISTM-04,bonding_defect,major,2025-08-08,2025-08-27,19,false,false,,
DFT-2026-01388,BL-PERABU-04,fouling,major,2026-03-14,2026-03-22,8,false,false,,
DFT-2025-01389,SL-PVTBM-08,fastening_failure,critical,2025-03-20,2025-03-22,2,false,false,,
DFT-2025-01390,TC-MSBMS-03,bonding_defect,major,2025-10-06,2025-10-21,15,false,false,,
DFT-2026-01391,RL-AVDTI-08,corrugation,IMDT,2026-08-23,2026-08-23,0,false,false,,
DFT-2026-01392,SL-TRLAJJ-11,cracked_sleeper,minor,2026-05-11,2026-06-16,36,true,false,,
DFT-2025-01393,SL-ENRMJR-05,cracked_sleeper,major,2025-07-08,2025-07-17,9,false,false,,
DFT-2025-01394,RL-TRLAJJ-42,rail_flaw,2,2025-12-11,2025-12-19,8,false,false,,
DFT-2025-01395,MST-PERABU-02,foundation_defect,minor,2025-10-16,2025-11-07,22,false,false,,
DFT-2026-01396,RL-AVDTI-15,rail_flaw,3,2026-03-16,2026-03-29,13,false,false,,
DFT-2025-01397,RL-BBQPER-07,rail_flaw,3,2025-06-25,2025-07-08,13,false,false,,
DFT-2025-01398,CW-TITRL-03,burn_mark,minor,2025-04-29,2025-05-20,21,true,false,,
DFT-2026-01399,RL-STMPV-16,rail_flaw,3,2026-07-29,,40,false,false,,
DFT-2025-01400,RL-PERABU-18,rail_flaw,2,2025-04-25,2025-05-09,14,true,false,,
DFT-2025-01401,RL-MJRPON-05,weld_failure,2,2025-12-15,2025-12-24,9,false,false,,
DFT-2025-01402,RL-TNPENR-04,corrugation,2,2025-11-01,2025-11-17,16,false,false,,
DFT-2026-01403,RL-TRLAJJ-28,wear,2,2026-01-22,2026-02-11,20,false,true,speed_restriction,2026-02-05
DFT-2026-01404,BL-MSMBM-03,drainage_choke,minor,2026-05-17,2026-07-08,52,false,false,,
DFT-2025-01405,RL-STMPV-10,rail_flaw,3,2025-08-18,2025-10-16,59,false,false,,
DFT-2025-01406,TO-TBM-09,crossing_wear,minor,2025-11-22,2025-12-26,34,true,false,,
DFT-2026-01407,RL-PERABU-13,rail_flaw,1,2026-03-19,2026-03-22,3,true,false,,
DFT-2026-01408,TC-PONGPD-10,bonding_defect,minor,2026-01-30,2026-03-01,30,false,false,,
DFT-2026-01409,BL-ABUAVD-03,fouling,minor,2026-02-28,2026-04-28,59,false,false,,
DFT-2025-01410,RL-PERABU-21,weld_failure,2,2025-07-24,2025-08-11,18,true,false,,
DFT-2025-01411,CW-BBQPER-03,wire_wear,major,2025-07-14,2025-07-25,11,false,false,,
DFT-2026-01412,RL-AVDTI-16,weld_failure,3,2026-07-29,2026-08-28,30,false,false,,
DFT-2025-01413,RL-BBQTNP-01,wear,2,2025-06-11,2025-06-23,12,false,false,,
DFT-2026-01414,BL-MSB-06,drainage_choke,minor,2026-03-11,2026-05-16,66,false,true,speed_restriction,2026-03-19
DFT-2026-01415,CW-MSBMS-04,burn_mark,major,2026-01-22,2026-02-04,13,false,false,,
DFT-2026-01416,RL-ENRMJR-06,wear,2,2026-08-25,2026-09-05,11,true,false,,
DFT-2025-01417,OHE-CGLWJ-08,hard_spot,major,2025-12-04,2025-12-22,18,false,false,,
DFT-2026-01418,BL-TBM-03,drainage_choke,minor,2026-04-23,2026-06-28,66,false,true,failure,2026-06-28
DFT-2025-01419,PT-ENR-06,motor_fault,minor,2025-08-22,2025-09-13,22,true,false,,
DFT-2025-01420,SL-CGLWJ-04,fastening_failure,minor,2025-08-26,2025-09-13,18,true,false,,
DFT-2025-01421,BL-TRLAJJ-27,drainage_choke,major,2025-03-29,2025-04-13,15,false,false,,
DFT-2025-01422,OHE-TITRL-10,hard_spot,minor,2025-05-12,2025-06-06,25,true,false,,
DFT-2025-01423,RL-PERABU-05,wear,3,2025-06-11,2025-08-07,57,false,false,,
DFT-2026-01424,BL-BBQ-04,ballast_deficiency,minor,2026-06-08,2026-07-09,31,false,false,,
DFT-2026-01425,OHE-MSBMS-08,hard_spot,minor,2026-06-11,2026-06-26,15,false,false,,
DFT-2025-01426,SL-CGLWJ-02,cracked_sleeper,major,2025-04-21,2025-05-04,13,true,false,,
DFT-2025-01427,TO-TBM-07,switch_wear,minor,2025-03-16,2025-05-21,66,true,false,,
DFT-2025-01428,TC-PERABU-11,shunt_failure,critical,2025-08-13,2025-08-18,5,true,false,,
DFT-2026-01429,RL-PERABU-14,wear,2,2026-03-14,2026-04-03,20,false,true,speed_restriction,2026-03-18
DFT-2025-01430,RL-BBQTNP-02,rail_flaw,2,2025-10-17,2025-10-29,12,false,true,speed_restriction,2025-10-19
DFT-2026-01431,TO-MSB-09,crossing_wear,critical,2026-02-23,2026-02-26,3,false,false,,
DFT-2025-01432,BL-TBM-05,fouling,major,2025-04-05,2025-04-19,14,false,true,speed_restriction,2025-04-07
DFT-2026-01433,TO-TBM-07,gauge_defect,minor,2026-03-17,2026-05-23,67,false,false,,
DFT-2026-01434,SG-PERABU-10,lamp_failure,minor,2026-06-29,2026-08-22,54,true,false,,
DFT-2025-01435,PT-CGL-01,motor_fault,major,2025-04-17,2025-04-24,7,false,false,,
DFT-2025-01436,RL-PONGPD-02,rail_flaw,3,2025-08-19,2025-09-16,28,false,false,,
DFT-2026-01437,SL-TRLAJJ-20,fastening_failure,major,2026-03-10,2026-03-18,8,false,false,,
DFT-2025-01438,RL-PERABU-06,rail_flaw,3,2025-03-31,2025-04-21,21,false,false,,
DFT-2025-01439,SG-ENRMJR-08,aspect_defect,major,2025-06-29,2025-07-14,15,false,false,,
DFT-2025-01440,BL-TITRL-12,fouling,minor,2025-12-20,2026-02-07,49,false,false,,
DFT-2025-01441,INS-PVTBM-02,cracked_insulator,major,2025-12-03,2025-12-10,7,false,false,,
DFT-2025-01442,BL-MSB-05,ballast_deficiency,major,2025-03-23,2025-04-12,20,false,false,,
DFT-2026-01443,RL-TITRL-22,corrugation,1,2026-01-07,2026-01-13,6,false,false,,
DFT-2025-01444,BL-TITRL-07,fouling,minor,2025-06-01,2025-07-29,58,true,false,,
DFT-2026-01445,BL-AVD-05,ballast_deficiency,major,2026-07-02,2026-07-11,9,false,false,,
DFT-2025-01446,MST-TITRL-02,corrosion,major,2025-10-07,2025-10-28,21,false,false,,
DFT-2026-01447,RL-AVDTI-11,rail_flaw,3,2026-01-07,2026-03-04,56,true,false,,
DFT-2025-01448,SL-ABUAVD-08,fastening_failure,minor,2025-05-31,2025-07-08,38,false,true,speed_restriction,2025-06-27
DFT-2025-01449,BL-CGLWJ-04,ballast_deficiency,major,2025-06-26,2025-07-06,10,false,false,,
DFT-2025-01450,TO-MAS-14,crossing_wear,major,2025-11-06,2025-11-15,9,false,false,,
DFT-2026-01451,OHE-TRLAJJ-28,hard_spot,minor,2026-02-14,2026-04-03,48,true,false,,
DFT-2026-01452,RL-TRLAJJ-68,weld_failure,2,2026-01-04,2026-01-09,5,true,false,,
DFT-2025-01453,OHE-MSMBM-08,height_stagger,minor,2025-05-04,2025-07-08,65,false,false,,
DFT-2025-01454,SG-TITRL-18,lamp_failure,minor,2025-04-21,2025-05-03,12,false,true,failure,2025-04-25
DFT-2025-01455,RL-STMPV-15,rail_flaw,2,2025-10-28,2025-11-12,15,false,false,,
DFT-2026-01456,SL-TITRL-07,fastening_failure,minor,2026-01-13,2026-03-09,55,false,true,speed_restriction,2026-01-15
DFT-2026-01457,TC-MJRPON-01,shunt_failure,minor,2026-02-06,2026-02-22,16,false,false,,
DFT-2026-01458,RL-MJRPON-12,corrugation,3,2026-05-24,2026-06-20,27,false,false,,
DFT-2025-01459,TO-CGL-01,gauge_defect,minor,2025-06-22,2025-07-20,28,false,true,failure,2025-07-15
DFT-2026-01460,RL-TRLAJJ-22,corrugation,1,2026-06-05,2026-06-06,1,false,false,,
DFT-2025-01461,RL-TRLAJJ-12,wear,1,2025-10-04,2025-10-07,3,false,false,,
DFT-2026-01462,SL-AVDTI-04,cracked_sleeper,major,2026-04-17,2026-05-06,19,false,true,speed_restriction,2026-05-01
DFT-2026-01463,SL-AVDTI-12,fastening_failure,minor,2026-04-01,2026-05-28,57,false,true,speed_restriction,2026-04-08
DFT-2026-01464,AC-CJTMLP-01,head_fault,minor,2026-03-10,2026-03-20,10,false,false,,
DFT-2026-01465,PT-MS-04,obstruction,major,2026-06-03,2026-06-14,11,false,false,,
DFT-2026-01466,AC-TITRL-02,reset_failure,minor,2026-01-30,2026-04-09,69,false,false,,
DFT-2026-01467,SG-PERABU-08,aspect_defect,minor,2026-08-24,,14,true,false,,
DFT-2026-01468,TO-MAS-06,switch_wear,minor,2026-04-09,2026-05-11,32,true,false,,
DFT-2025-01469,RL-STMPV-05,weld_failure,2,2025-05-17,2025-06-09,23,false,false,,
DFT-2025-01470,RL-TITRL-24,wear,3,2025-08-28,2025-10-23,56,false,false,,
DFT-2025-01471,TC-PERABU-07,shunt_failure,minor,2025-10-06,2025-11-05,30,false,false,,
DFT-2026-01472,RL-BBQPER-02,weld_failure,3,2026-01-11,2026-02-09,29,false,false,,
DFT-2025-01473,SL-WJCJ-03,cracked_sleeper,minor,2025-12-02,2026-01-12,41,false,false,,
DFT-2025-01474,TC-ENRMJR-08,shunt_failure,minor,2025-03-19,2025-05-09,51,true,false,,
DFT-2026-01475,MST-MSMBM-05,foundation_defect,minor,2026-05-10,2026-06-13,34,false,false,,
DFT-2026-01476,TC-CJTMLP-03,shunt_failure,minor,2026-08-08,,30,false,true,punctuality_incident,2026-09-04
DFT-2026-01477,MST-PVTBM-04,corrosion,minor,2026-08-11,,27,false,false,,
DFT-2025-01478,SL-TITRL-08,cracked_sleeper,minor,2025-11-20,2025-12-22,32,true,false,,
DFT-2026-01479,OHE-BBQ-01,height_stagger,critical,2026-03-10,2026-03-11,1,true,false,,
DFT-2025-01480,AC-TRLAJJ-11,head_fault,minor,2025-08-20,2025-10-03,44,true,false,,
DFT-2026-01481,SL-PERABU-06,cracked_sleeper,minor,2026-06-22,2026-07-15,23,false,false,,
DFT-2026-01482,MST-PERABU-13,foundation_defect,minor,2026-08-12,,26,true,false,,
DFT-2025-01483,RL-PERABU-13,wear,3,2025-11-19,2025-12-23,34,false,false,,
DFT-2025-01484,RL-PONGPD-08,weld_failure,2,2025-12-12,2025-12-27,15,false,false,,
DFT-2026-01485,PT-MAS-02,detection_failure,major,2026-05-06,2026-05-20,14,false,false,,
DFT-2026-01486,RL-ABUAVD-14,wear,1,2026-06-11,2026-06-18,7,false,false,,
DFT-2025-01487,SG-MSBMS-06,aspect_defect,minor,2025-05-13,2025-07-03,51,false,false,,
DFT-2025-01488,MST-MSMBM-10,foundation_defect,major,2025-11-05,2025-11-13,8,false,false,,
DFT-2026-01489,BL-MSBMS-02,ballast_deficiency,minor,2026-02-18,2026-03-20,30,false,true,failure,2026-02-27
DFT-2025-01490,SL-CJTMLP-02,fastening_failure,minor,2025-11-05,2025-11-23,18,false,false,,
DFT-2026-01491,TO-TRL-06,gauge_defect,major,2026-04-25,2026-05-11,16,true,false,,
DFT-2026-01492,MST-PERABU-09,foundation_defect,minor,2026-01-31,2026-03-03,31,false,false,,
DFT-2026-01493,RL-TRLAJJ-22,wear,3,2026-04-27,2026-06-22,56,false,true,speed_restriction,2026-05-02
DFT-2025-01494,BL-TRLAJJ-10,drainage_choke,minor,2025-06-12,2025-08-14,63,false,true,failure,2025-07-26
DFT-2026-01495,RL-STMPV-10,weld_failure,3,2026-02-01,2026-04-01,59,false,false,,
DFT-2026-01496,BL-AVD-02,fouling,minor,2026-02-03,2026-04-10,66,false,false,,
DFT-2025-01497,BL-CGLWJ-02,ballast_deficiency,major,2025-08-14,2025-08-22,8,false,false,,
DFT-2026-01498,SG-TITRL-16,aspect_defect,major,2026-01-20,2026-01-25,5,false,false,,
DFT-2025-01499,OHE-TRLAJJ-36,height_stagger,minor,2025-05-01,2025-07-01,61,false,false,,
DFT-2026-01500,TC-ENRMJR-02,shunt_failure,minor,2026-08-19,,19,false,false,,
DFT-2025-01501,BL-TBM-05,drainage_choke,minor,2025-05-04,2025-05-30,26,false,true,failure,2025-05-23
DFT-2025-01502,RL-PVTBM-02,corrugation,2,2025-03-22,2025-04-15,24,false,false,,
DFT-2026-01503,INS-MSBMS-04,cracked_insulator,minor,2026-08-06,,32,false,false,,
DFT-2026-01504,SG-PONGPD-03,aspect_defect,minor,2026-04-02,2026-05-01,29,false,false,,
DFT-2026-01505,PT-PER-04,motor_fault,major,2026-03-29,2026-04-16,18,false,false,,
DFT-2025-01506,SL-TRLAJJ-10,cracked_sleeper,minor,2025-10-23,2025-12-18,56,false,false,,
DFT-2025-01507,OHE-PERABU-08,height_stagger,minor,2025-10-26,2025-12-30,65,false,false,,
DFT-2026-01508,RL-PERABU-14,corrugation,3,2026-04-19,2026-06-29,71,false,false,,
DFT-2025-01509,BR-PERABU-01,corrosion,minor,2025-11-26,2026-01-17,52,false,true,speed_restriction,2026-01-01
DFT-2025-01510,MST-TITRL-14,foundation_defect,minor,2025-05-19,2025-07-11,53,false,false,,
DFT-2025-01511,RL-TRLAJJ-48,rail_flaw,2,2025-08-06,2025-08-24,18,false,true,speed_restriction,2025-08-23
DFT-2025-01512,RL-ABUAVD-10,rail_flaw,2,2025-12-23,2026-01-06,14,false,true,speed_restriction,2025-12-26
DFT-2026-01513,TO-TRL-06,crossing_wear,major,2026-04-07,2026-04-22,15,false,false,,
DFT-2025-01514,INS-TITRL-03,cracked_insulator,minor,2025-05-16,2025-06-05,20,false,false,,
DFT-2025-01515,INS-PERABU-04,cracked_insulator,major,2025-11-20,2025-11-28,8,false,false,,
DFT-2025-01516,AC-MSMBM-02,reset_failure,major,2025-07-31,2025-08-15,15,true,false,,
DFT-2026-01517,OHE-MJRPON-08,hard_spot,minor,2026-06-23,2026-07-13,20,false,false,,
DFT-2026-01518,SL-TRLAJJ-09,fastening_failure,minor,2026-08-07,,31,true,false,,
DFT-2025-01519,OHE-MSBMS-02,hard_spot,minor,2025-12-15,2026-02-20,67,true,false,,
DFT-2026-01520,BL-MSMBM-02,ballast_deficiency,minor,2026-01-25,2026-04-03,68,true,false,,
DFT-2025-01521,RL-TRLAJJ-66,weld_failure,3,2025-05-15,2025-06-05,21,false,false,,
DFT-2025-01522,PT-BBQ-01,obstruction,major,2025-06-02,2025-06-19,17,true,false,,
DFT-2025-01523,OHE-GPD-02,hard_spot,minor,2025-05-05,2025-06-16,42,true,false,,
DFT-2026-01524,AC-MSMBM-03,reset_failure,minor,2026-01-27,2026-03-20,52,false,false,,
DFT-2025-01525,MST-MSBMS-05,foundation_defect,minor,2025-10-25,2025-12-23,59,false,false,,
DFT-2026-01526,BL-TITRL-10,fouling,minor,2026-05-10,2026-06-03,24,false,false,,
DFT-2025-01527,SL-TITRL-05,cracked_sleeper,major,2025-12-14,2025-12-31,17,false,false,,
DFT-2026-01528,CW-PERABU-09,wire_wear,minor,2026-07-03,2026-09-05,64,false,false,,
DFT-2026-01529,RL-MSMBM-19,wear,2,2026-01-11,2026-01-30,19,false,false,,
DFT-2026-01530,LC-TITRL-01,surface_defect,major,2026-02-16,2026-03-08,20,false,true,speed_restriction,2026-02-25
DFT-2026-01531,TO-CGL-09,switch_wear,major,2026-05-16,2026-06-02,17,false,false,,
DFT-2026-01532,RL-TRLAJJ-0421,corrugation,2,2026-02-02,2026-02-19,17,false,false,,
DFT-2025-01533,SL-TITRL-15,fastening_failure,minor,2025-11-17,2025-12-26,39,false,false,,
DFT-2025-01534,OHE-TRLAJJ-41,hard_spot,minor,2025-05-30,2025-07-04,35,false,false,,
DFT-2025-01535,AC-TKOAJJ-01,reset_failure,minor,2025-07-27,2025-09-19,54,false,false,,
DFT-2025-01536,RL-CJTMLP-05,rail_flaw,3,2025-09-30,2025-11-10,41,true,false,,
DFT-2025-01537,TO-AJJ-09,switch_wear,major,2025-08-11,2025-09-01,21,false,true,speed_restriction,2025-08-13
DFT-2025-01538,RL-PONGPD-08,rail_flaw,2,2025-04-04,2025-04-13,9,false,false,,
DFT-2026-01539,TO-AVD-03,switch_wear,minor,2026-04-17,2026-05-26,39,false,false,,
DFT-2026-01540,PT-TRL-01,motor_fault,minor,2026-07-01,2026-07-30,29,false,false,,
DFT-2026-01541,OHE-WJCJ-04,hard_spot,minor,2026-01-29,2026-02-12,14,false,false,,
DFT-2026-01542,RL-AVDTI-14,rail_flaw,2,2026-05-15,2026-05-26,11,false,false,,
DFT-2026-01543,PT-AJJ-01,detection_failure,major,2026-09-03,,4,false,false,,
DFT-2025-01544,CW-ABUAVD-04,wire_wear,minor,2025-11-07,2025-12-08,31,false,false,,
DFT-2025-01545,TC-TITRL-05,shunt_failure,major,2025-11-18,2025-12-06,18,false,false,,
DFT-2026-01546,OHE-ABUAVD-02,height_stagger,minor,2026-01-24,2026-03-08,43,false,false,,
DFT-2025-01547,TO-MSB-12,gauge_defect,minor,2025-11-23,2025-12-08,15,true,false,,
DFT-2026-01548,SL-MBMGI-04,cracked_sleeper,major,2026-07-29,2026-08-08,10,false,false,,
DFT-2025-01549,RL-AVDTI-05,rail_flaw,2,2025-04-03,2025-04-17,14,true,false,,
DFT-2026-01550,BR-MJRPON-01,corrosion,major,2026-08-27,,11,true,false,,
DFT-2026-01551,CW-TNPENR-01,wire_wear,minor,2026-04-02,2026-05-27,55,true,false,,
DFT-2026-01552,TC-STMPV-05,bonding_defect,minor,2026-09-05,,2,false,false,,
DFT-2026-01553,CW-TNPENR-02,burn_mark,major,2026-04-25,2026-05-15,20,true,false,,
DFT-2025-01554,PT-CGL-06,motor_fault,minor,2025-09-06,2025-09-21,15,false,false,,
DFT-2025-01555,AC-TRLAJJ-08,reset_failure,major,2025-06-12,2025-06-25,13,false,true,failure,2025-06-23
DFT-2026-01556,PT-ENR-06,detection_failure,critical,2026-07-27,2026-08-01,5,true,false,,
DFT-2026-01557,OHE-PVTBM-03,hard_spot,minor,2026-01-26,2026-03-26,59,false,false,,
DFT-2025-01558,BL-TRL-03,drainage_choke,minor,2025-06-01,2025-07-31,60,false,false,,
DFT-2026-01559,BL-MBMGI-02,ballast_deficiency,major,2026-08-23,2026-08-31,8,false,false,,
DFT-2025-01560,RL-TNPENR-02,weld_failure,2,2025-03-20,2025-04-13,24,false,true,punctuality_incident,2025-03-22
DFT-2025-01561,SL-AVDTI-12,cracked_sleeper,major,2025-11-03,2025-11-23,20,false,false,,
DFT-2026-01562,RL-ENRMJR-09,corrugation,3,2026-01-31,2026-02-24,24,false,true,speed_restriction,2026-02-09
DFT-2026-01563,OHE-STMPV-10,height_stagger,minor,2026-05-07,2026-06-19,43,false,false,,
DFT-2025-01564,TC-TITRL-13,shunt_failure,minor,2025-08-27,2025-09-15,19,false,false,,
DFT-2026-01565,TC-ABUAVD-04,bonding_defect,minor,2026-03-22,2026-04-09,18,true,false,,
DFT-2026-01566,TC-TRLAJJ-30,shunt_failure,major,2026-08-27,2026-09-03,7,true,false,,
DFT-2026-01567,SG-AVDTI-09,lamp_failure,minor,2026-06-13,2026-07-15,32,false,false,,
DFT-2025-01568,RL-TRLAJJ-50,rail_flaw,3,2025-06-03,2025-08-14,72,false,false,,
DFT-2025-01569,RL-WJCJ-08,rail_flaw,3,2025-09-11,2025-11-07,57,false,false,,
DFT-2026-01570,RL-ABUAVD-03,rail_flaw,3,2026-01-27,2026-02-16,20,false,false,,
DFT-2026-01571,SL-TITRL-04,fastening_failure,major,2026-02-19,2026-02-24,5,false,false,,
DFT-2025-01572,TO-AJJ-02,switch_wear,minor,2025-07-20,2025-08-17,28,false,false,,
DFT-2026-01573,AC-AVDTI-02,reset_failure,minor,2026-01-26,2026-03-31,64,false,true,punctuality_incident,2026-03-03
DFT-2025-01574,TC-PERABU-03,bonding_defect,major,2025-06-04,2025-06-09,5,false,true,failure,2025-06-08
DFT-2025-01575,OHE-STMPV-12,height_stagger,major,2025-03-20,2025-04-09,20,false,false,,
DFT-2025-01576,RL-STMPV-10,rail_flaw,3,2025-07-12,2025-09-07,57,false,false,,
DFT-2026-01577,MST-PERABU-15,foundation_defect,major,2026-08-09,2026-08-22,13,true,true,failure,2026-08-19
DFT-2026-01578,TC-PONGPD-03,shunt_failure,minor,2026-04-18,2026-06-22,65,false,false,,
DFT-2025-01579,RL-PONGPD-11,wear,2,2025-09-03,2025-09-28,25,false,false,,
DFT-2026-01580,CW-MSMBM-07,wire_wear,major,2026-05-14,2026-05-25,11,false,false,,
DFT-2026-01581,TO-BBQ-02,switch_wear,minor,2026-04-23,2026-05-16,23,false,true,speed_restriction,2026-05-02
DFT-2025-01582,SL-TRLAJJ-21,fastening_failure,minor,2025-06-21,2025-07-08,17,false,false,,
DFT-2026-01583,RL-MJRPON-05,rail_flaw,1,2026-07-02,2026-07-03,1,false,false,,
DFT-2025-01584,TC-PVTBM-05,bonding_defect,minor,2025-12-22,2026-02-25,65,false,false,,
DFT-2025-01585,RL-TITRL-19,wear,3,2025-09-22,2025-11-03,42,true,false,,
DFT-2026-01586,CW-ABUAVD-04,burn_mark,minor,2026-06-22,2026-07-15,23,false,true,failure,2026-07-15
DFT-2025-01587,SL-PERABU-04,fastening_failure,major,2025-05-21,2025-06-03,13,false,true,speed_restriction,2025-05-31
DFT-2026-01588,RL-ABUAVD-09,weld_failure,1,2026-05-16,2026-05-21,5,false,false,,
DFT-2025-01589,SG-GISTM-04,lamp_failure,minor,2025-08-07,2025-09-02,26,false,false,,
DFT-2026-01590,TC-MBMGI-03,shunt_failure,minor,2026-03-04,2026-04-30,57,true,false,,
DFT-2026-01591,TO-MS-09,crossing_wear,critical,2026-03-10,2026-03-11,1,false,false,,
DFT-2025-01592,RL-TITRL-07,weld_failure,2,2025-04-11,2025-04-20,9,true,false,,
DFT-2025-01593,BL-MBMGI-02,ballast_deficiency,major,2025-12-12,2025-12-18,6,true,false,,
DFT-2025-01594,AC-TRLAJJ-02,head_fault,minor,2025-08-18,2025-10-23,66,false,false,,
DFT-2026-01595,SL-PONGPD-04,cracked_sleeper,minor,2026-02-13,2026-03-26,41,false,true,punctuality_incident,2026-02-20
DFT-2026-01596,SG-TRLAJJ-08,lamp_failure,critical,2026-08-13,2026-08-20,7,false,false,,
DFT-2026-01597,MST-TRLAJJ-44,foundation_defect,major,2026-02-28,2026-03-07,7,true,false,,
DFT-2025-01598,AC-GISTM-03,reset_failure,minor,2025-09-26,2025-10-07,11,false,false,,
DFT-2026-01599,MST-MSMBM-11,corrosion,critical,2026-01-04,2026-01-05,1,false,false,,
DFT-2025-01600,OHE-AVDTI-14,hard_spot,minor,2025-10-08,2025-11-10,33,false,false,,
DFT-2025-01601,SG-PVTBM-07,aspect_defect,minor,2025-06-09,2025-08-02,54,true,false,,
DFT-2026-01602,INS-MSMBM-07,cracked_insulator,minor,2026-04-19,2026-05-10,21,false,false,,
DFT-2026-01603,OHE-GPD-02,height_stagger,minor,2026-03-20,2026-04-15,26,false,false,,
DFT-2025-01604,OHE-TRLAJJ-35,height_stagger,minor,2025-05-30,2025-08-08,70,false,false,,
DFT-2026-01605,BL-TITRL-20,drainage_choke,critical,2026-06-30,2026-07-03,3,true,false,,
DFT-2025-01606,TC-PONGPD-07,shunt_failure,major,2025-04-28,2025-05-13,15,false,false,,
DFT-2026-01607,RL-TRLAJJ-05,rail_flaw,1,2026-04-28,2026-05-04,6,false,false,,
DFT-2025-01608,BL-TRL-01,ballast_deficiency,major,2025-11-04,2025-11-11,7,false,false,,
DFT-2025-01609,AC-STMPV-02,head_fault,minor,2025-11-10,2025-12-21,41,false,false,,
DFT-2025-01610,MST-CGLWJ-09,corrosion,minor,2025-06-05,2025-07-16,41,false,false,,
DFT-2025-01611,TO-TBM-09,gauge_defect,critical,2025-12-10,2025-12-17,7,true,false,,
DFT-2026-01612,BL-ABUAVD-05,ballast_deficiency,major,2026-04-18,2026-05-04,16,true,false,,
DFT-2025-01613,TO-CGL-05,switch_wear,minor,2025-04-21,2025-05-12,21,false,false,,
DFT-2026-01614,BL-TRLAJJ-08,drainage_choke,major,2026-02-01,2026-02-20,19,true,false,,
DFT-2026-01615,RL-ENRMJR-09,rail_flaw,1,2026-08-23,2026-08-24,1,false,false,,
DFT-2026-01616,CW-BBQTNP-02,wire_wear,minor,2026-01-05,2026-02-17,43,false,false,,
DFT-2025-01617,SL-TRLAJJ-07,cracked_sleeper,minor,2025-12-07,2026-02-13,68,false,true,speed_restriction,2026-01-11
DFT-2026-01618,TC-STMPV-03,shunt_failure,critical,2026-01-11,2026-01-17,6,false,true,punctuality_incident,2026-01-13
DFT-2026-01619,TO-MAS-16,crossing_wear,critical,2026-01-29,2026-02-01,3,false,false,,
DFT-2026-01620,BL-MSB-06,drainage_choke,major,2026-04-29,2026-05-19,20,false,false,,
DFT-2025-01621,TO-MAS-05,crossing_wear,minor,2025-05-27,2025-06-16,20,false,false,,
DFT-2025-01622,MST-GISTM-01,corrosion,minor,2025-06-10,2025-06-30,20,false,false,,
DFT-2025-01623,SG-TITRL-18,aspect_defect,minor,2025-09-06,2025-10-16,40,false,false,,
DFT-2025-01624,SG-STMPV-03,aspect_defect,minor,2025-12-23,2026-01-03,11,true,false,,
DFT-2026-01625,RL-TRLAJJ-16,corrugation,3,2026-04-27,2026-05-27,30,false,true,speed_restriction,2026-05-13
DFT-2026-01626,SL-PERABU-06,cracked_sleeper,minor,2026-03-12,2026-04-17,36,false,false,,
DFT-2025-01627,BL-TBM-01,fouling,minor,2025-12-24,2026-01-08,15,false,false,,
DFT-2025-01628,RL-TRLAJJ-17,corrugation,3,2025-11-17,2026-01-07,51,false,false,,
DFT-2025-01629,OHE-TRLAJJ-07,height_stagger,minor,2025-10-03,2025-11-09,37,false,true,punctuality_incident,2025-10-18
DFT-2025-01630,BL-TRL-04,ballast_deficiency,major,2025-09-02,2025-09-15,13,false,false,,
DFT-2026-01631,LC-PERABU-01,surface_defect,minor,2026-06-15,2026-07-03,18,false,false,,
DFT-2026-01632,TC-PERABU-11,shunt_failure,minor,2026-01-14,2026-03-09,54,false,false,,
DFT-2026-01633,BL-MS-06,drainage_choke,major,2026-07-05,2026-07-16,11,false,false,,
DFT-2025-01634,BL-BBQ-06,fouling,major,2025-08-19,2025-08-25,6,false,false,,
DFT-2025-01635,MST-STMPV-08,foundation_defect,minor,2025-04-10,2025-05-07,27,true,false,,
DFT-2026-01636,CW-TRLAJJ-24,wire_wear,major,2026-08-03,2026-08-18,15,false,false,,
DFT-2026-01637,CW-TRLAJJ-10,burn_mark,major,2026-04-26,2026-05-10,14,true,false,,
DFT-2025-01638,OHE-STMPV-09,hard_spot,major,2025-09-12,2025-10-02,20,true,false,,
DFT-2026-01639,TC-TRLAJJ-38,shunt_failure,minor,2026-01-08,2026-02-11,34,false,false,,
DFT-2025-01640,TC-PERABU-07,shunt_failure,minor,2025-09-17,2025-11-13,57,true,false,,
DFT-2026-01641,CW-BBQPER-03,wire_wear,minor,2026-07-18,,51,false,false,,
DFT-2025-01642,TO-AJJ-01,crossing_wear,major,2025-09-23,2025-09-30,7,false,false,,
DFT-2025-01643,SL-PONGPD-04,cracked_sleeper,minor,2025-06-03,2025-07-14,41,false,true,speed_restriction,2025-06-17
DFT-2025-01644,OHE-PERABU-16,height_stagger,critical,2025-12-28,2025-12-31,3,false,false,,
DFT-2026-01645,TC-STMPV-04,bonding_defect,critical,2026-08-19,2026-08-25,6,false,false,,
DFT-2026-01646,OHE-PVTBM-03,height_stagger,minor,2026-06-10,2026-07-17,37,false,false,,
DFT-2026-01647,SL-ABUAVD-05,cracked_sleeper,major,2026-08-14,2026-08-27,13,false,false,,
DFT-2025-01648,PT-MS-05,obstruction,major,2025-07-09,2025-07-29,20,false,false,,
DFT-2025-01649,SL-MSBMS-04,cracked_sleeper,minor,2025-11-24,2025-12-28,34,true,false,,
DFT-2026-01650,INS-PVTBM-02,flashover_mark,major,2026-03-16,2026-03-31,15,false,false,,
DFT-2025-01651,RL-MBMGI-03,corrugation,3,2025-12-03,2026-01-11,39,false,false,,
DFT-2026-01652,SG-BBQTNP-01,aspect_defect,minor,2026-03-13,2026-04-18,36,false,false,,
DFT-2026-01653,TC-GISTM-04,shunt_failure,major,2026-05-28,2026-06-17,20,false,false,,
DFT-2026-01654,SL-TNPENR-07,fastening_failure,major,2026-01-19,2026-01-30,11,true,false,,
DFT-2025-01655,RL-TRLAJJ-05,rail_flaw,3,2025-12-03,2026-02-02,61,false,false,,
DFT-2026-01656,RL-TNPENR-13,wear,3,2026-04-12,2026-05-16,34,false,false,,
DFT-2026-01657,AC-BBQPER-01,head_fault,major,2026-03-10,2026-03-22,12,false,false,,
DFT-2026-01658,PT-AVD-05,obstruction,minor,2026-05-01,2026-05-18,17,false,false,,
DFT-2026-01659,TO-TNP-06,switch_wear,major,2026-04-05,2026-04-26,21,false,true,punctuality_incident,2026-04-17
DFT-2026-01660,MST-TRLAJJ-22,corrosion,major,2026-07-28,2026-08-19,22,true,false,,
DFT-2026-01661,TO-AJJ-05,gauge_defect,major,2026-04-19,2026-05-09,20,true,true,speed_restriction,2026-04-20
DFT-2026-01662,CW-PVTBM-04,burn_mark,minor,2026-08-10,,28,false,false,,
DFT-2026-01663,MST-PVTBM-06,foundation_defect,minor,2026-06-07,2026-08-10,64,false,true,speed_restriction,2026-06-25
DFT-2025-01664,BL-ENRMJR-07,ballast_deficiency,major,2025-08-14,2025-08-31,17,false,false,,
DFT-2025-01665,TO-TNP-04,gauge_defect,minor,2025-06-15,2025-07-16,31,false,false,,
DFT-2025-01666,RL-TRLAJJ-07,weld_failure,3,2025-05-13,2025-07-21,69,true,true,speed_restriction,2025-07-15
DFT-2025-01667,BL-STMPV-03,drainage_choke,major,2025-09-17,2025-10-09,22,false,false,,
DFT-2025-01668,INS-AVDTI-02,flashover_mark,major,2025-04-22,2025-05-13,21,false,false,,
DFT-2025-01669,MST-PERABU-07,foundation_defect,major,2025-08-06,2025-08-23,17,true,false,,
DFT-2025-01670,SG-TKOAJJ-04,aspect_defect,major,2025-10-07,2025-10-22,15,false,false,,
DFT-2026-01671,OHE-TITRL-01,hard_spot,minor,2026-01-27,2026-03-17,49,true,false,,
DFT-2026-01672,RL-TITRL-03,weld_failure,3,2026-02-20,2026-05-03,72,true,false,,
DFT-2025-01673,MST-TRLAJJ-21,foundation_defect,major,2025-10-28,2025-11-08,11,true,false,,
DFT-2026-01674,RL-MSMBM-19,weld_failure,2,2026-01-07,2026-01-12,5,false,false,,
DFT-2026-01675,MST-TITRL-13,corrosion,minor,2026-07-28,2026-08-29,32,false,false,,
DFT-2026-01676,OHE-MAS-02,hard_spot,minor,2026-03-10,2026-04-13,34,true,false,,
DFT-2025-01677,CW-TRLAJJ-09,wire_wear,minor,2025-04-06,2025-05-09,33,true,false,,
DFT-2025-01678,SL-PERABU-16,cracked_sleeper,minor,2025-05-29,2025-08-04,67,false,true,failure,2025-07-25
DFT-2025-01679,LC-TNPENR-01,surface_defect,major,2025-07-14,2025-07-30,16,false,false,,
DFT-2025-01680,TO-TBM-03,switch_wear,minor,2025-09-16,2025-11-24,69,false,true,speed_restriction,2025-10-01
DFT-2026-01681,BL-BBQPER-02,fouling,major,2026-03-25,2026-04-08,14,false,false,,
DFT-2025-01682,SL-CJTMLP-04,fastening_failure,minor,2025-10-26,2026-01-02,68,false,false,,
DFT-2025-01683,RL-MASBBQ-04,corrugation,3,2025-03-20,2025-05-21,62,true,false,,
DFT-2025-01684,RL-CJTMLP-06,wear,2,2025-10-30,2025-11-23,24,false,false,,
DFT-2026-01685,PT-CGL-02,motor_fault,minor,2026-07-21,2026-08-11,21,true,false,,
DFT-2026-01686,PT-BBQ-09,motor_fault,minor,2026-06-26,2026-07-11,15,false,false,,
DFT-2026-01687,CW-MSBMS-04,burn_mark,minor,2026-09-01,,6,false,false,,
DFT-2025-01688,RL-TRLAJJ-03,rail_flaw,1,2025-06-05,2025-06-12,7,true,false,,
DFT-2026-01689,SL-PERABU-02,cracked_sleeper,minor,2026-05-05,2026-06-04,30,true,false,,
DFT-2025-01690,SL-MSBMS-01,fastening_failure,minor,2025-11-14,2025-12-08,24,false,false,,
DFT-2026-01691,INS-CGLWJ-05,flashover_mark,major,2026-06-20,2026-06-29,9,false,false,,
DFT-2025-01692,OHE-MAS-01,hard_spot,minor,2025-04-28,2025-06-11,44,false,false,,
DFT-2025-01693,SL-BBQPER-03,fastening_failure,critical,2025-12-11,2025-12-12,1,false,false,,
DFT-2025-01694,SG-TNPENR-02,aspect_defect,critical,2025-10-21,2025-10-22,1,false,false,,
DFT-2026-01695,CW-AVDTI-06,burn_mark,minor,2026-08-28,,10,false,false,,
DFT-2025-01696,RL-MSBMS-12,weld_failure,3,2025-04-20,2025-05-23,33,false,false,,
DFT-2026-01697,SL-MJRPON-05,cracked_sleeper,minor,2026-03-27,2026-05-29,63,false,true,speed_restriction,2026-05-16
DFT-2025-01698,BL-AVDTI-03,drainage_choke,minor,2025-04-10,2025-05-29,49,false,false,,
DFT-2025-01699,INS-STMPV-03,cracked_insulator,minor,2025-04-05,2025-04-30,25,false,false,,
DFT-2026-01700,RL-TRLAJJ-37,weld_failure,3,2026-06-12,2026-08-12,61,false,true,failure,2026-06-23
DFT-2026-01701,OHE-MSBMS-06,hard_spot,minor,2026-03-23,2026-05-30,68,false,false,,
DFT-2025-01702,INS-TRLAJJ-12,cracked_insulator,minor,2025-05-08,2025-05-18,10,false,false,,
DFT-2026-01703,AC-BBQTNP-02,head_fault,minor,2026-03-07,2026-03-27,20,false,false,,
DFT-2025-01704,TC-TNPENR-05,bonding_defect,minor,2025-07-05,2025-09-13,70,false,false,,
DFT-2025-01705,TO-MSB-08,switch_wear,minor,2025-11-01,2025-11-30,29,false,false,,
DFT-2025-01706,TO-MSB-04,crossing_wear,minor,2025-10-22,2025-12-12,51,false,true,failure,2025-12-01
DFT-2026-01707,CW-MBMGI-01,wire_wear,major,2026-01-19,2026-02-05,17,false,false,,
DFT-2026-01708,OHE-MBMGI-08,hard_spot,major,2026-04-04,2026-04-21,17,true,false,,
DFT-2026-01709,MST-MSBMS-04,corrosion,minor,2026-02-24,2026-04-29,64,true,false,,
DFT-2026-01710,BL-TRLAJJ-34,drainage_choke,major,2026-06-28,2026-07-04,6,false,false,,
DFT-2026-01711,TO-MS-03,crossing_wear,minor,2026-06-06,2026-08-07,62,false,false,,
DFT-2026-01712,OHE-GPD-02,hard_spot,minor,2026-02-12,2026-03-12,28,false,false,,
DFT-2026-01713,TC-MJRPON-05,shunt_failure,critical,2026-01-18,2026-01-23,5,false,false,,
DFT-2026-01714,TC-ABUAVD-02,shunt_failure,major,2026-09-06,,1,false,false,,
DFT-2026-01715,BL-AVDTI-10,ballast_deficiency,major,2026-04-26,2026-05-07,11,false,true,speed_restriction,2026-04-27
DFT-2025-01716,SL-AVDTI-03,cracked_sleeper,minor,2025-11-20,2026-01-14,55,false,false,,
DFT-2026-01717,SL-PERABU-02,fastening_failure,minor,2026-06-27,2026-08-31,65,false,false,,
DFT-2025-01718,OHE-PERABU-08,height_stagger,major,2025-03-19,2025-03-26,7,false,false,,
DFT-2026-01719,TO-ENR-01,crossing_wear,major,2026-07-06,2026-07-27,21,true,false,,
DFT-2026-01720,MST-GISTM-03,corrosion,minor,2026-07-20,,49,false,false,,
DFT-2026-01721,CW-TRLAJJ-09,burn_mark,major,2026-06-07,2026-06-14,7,false,false,,
DFT-2026-01722,BL-ENR-01,ballast_deficiency,minor,2026-08-18,,20,false,false,,
DFT-2026-01723,SL-TRLAJJ-20,fastening_failure,major,2026-01-10,2026-01-15,5,false,false,,
DFT-2026-01724,OHE-AVDTI-13,height_stagger,major,2026-03-18,2026-03-29,11,false,false,,
DFT-2025-01725,SL-PERABU-07,fastening_failure,minor,2025-10-07,2025-11-19,43,true,false,,
DFT-2025-01726,BL-PONGPD-06,fouling,major,2025-11-18,2025-12-02,14,false,false,,
DFT-2026-01727,TC-MJRPON-05,shunt_failure,critical,2026-08-03,2026-08-07,4,false,true,punctuality_incident,2026-08-05
DFT-2025-01728,RL-TITRL-22,wear,3,2025-09-10,2025-10-02,22,false,false,,
DFT-2026-01729,TC-AVDTI-01,bonding_defect,major,2026-03-21,2026-04-11,21,true,false,,
DFT-2026-01730,IL-PER-01,wire_count_discrepancy,minor,2026-02-23,2026-04-04,40,false,false,,
DFT-2025-01731,TC-TRLAJJ-01,bonding_defect,major,2025-10-22,2025-10-31,9,true,false,,
DFT-2026-01732,PT-AVD-05,detection_failure,minor,2026-02-14,2026-03-21,35,false,false,,
DFT-2025-01733,OHE-PERABU-13,height_stagger,major,2025-07-13,2025-07-20,7,true,false,,
DFT-2026-01734,TO-TNP-01,crossing_wear,major,2026-08-01,2026-08-07,6,false,true,speed_restriction,2026-08-04
DFT-2025-01735,RL-STMPV-05,corrugation,1,2025-04-13,2025-04-16,3,false,false,,
DFT-2026-01736,SL-TRLAJJ-05,cracked_sleeper,minor,2026-08-09,2026-08-22,13,true,false,,
DFT-2025-01737,MST-TNPENR-08,corrosion,major,2025-10-18,2025-10-29,11,false,false,,
DFT-2026-01738,MST-MBMGI-04,corrosion,minor,2026-01-07,2026-02-13,37,true,false,,
DFT-2026-01739,RL-TITRL-22,corrugation,3,2026-08-24,,14,false,false,,
DFT-2026-01740,SL-AVDTI-04,fastening_failure,major,2026-05-16,2026-05-23,7,false,false,,
DFT-2025-01741,SG-TRLAJJ-32,aspect_defect,minor,2025-05-22,2025-07-18,57,false,false,,
DFT-2025-01742,RL-TRLAJJ-32,rail_flaw,3,2025-05-07,2025-05-22,15,false,false,,
DFT-2026-01743,CW-PERABU-03,burn_mark,major,2026-01-05,2026-01-10,5,false,false,,
DFT-2026-01744,SG-ENRMJR-08,aspect_defect,major,2026-03-10,2026-03-15,5,false,false,,
DFT-2025-01745,RL-TRLAJJ-48,corrugation,2,2025-05-17,2025-05-22,5,false,false,,
DFT-2026-01746,SL-STMPV-07,cracked_sleeper,minor,2026-04-03,2026-05-19,46,false,false,,
DFT-2025-01747,SG-PERABU-07,lamp_failure,minor,2025-10-02,2025-10-22,20,false,false,,
DFT-2025-01748,SL-ENRMJR-05,cracked_sleeper,minor,2025-06-07,2025-07-02,25,false,false,,
DFT-2025-01749,SL-AVDTI-11,fastening_failure,minor,2025-06-14,2025-07-15,31,false,false,,
DFT-2025-01750,SG-STMPV-06,lamp_failure,minor,2025-06-26,2025-07-18,22,true,false,,
DFT-2025-01751,OHE-TRLAJJ-24,height_stagger,minor,2025-08-26,2025-10-21,56,true,false,,
DFT-2025-01752,PT-MS-08,motor_fault,minor,2025-04-16,2025-06-03,48,false,false,,
DFT-2025-01753,RL-MSMBM-03,corrugation,2,2025-11-29,2025-12-10,11,false,false,,
DFT-2026-01754,IL-AJJ-01,relay_fault,minor,2026-08-21,,17,false,false,,
DFT-2025-01755,MST-TRLAJJ-35,foundation_defect,minor,2025-11-10,2025-12-02,22,true,false,,
DFT-2026-01756,RL-TRLAJJ-65,weld_failure,1,2026-09-01,2026-09-03,2,false,false,,
DFT-2025-01757,TO-PER-03,gauge_defect,minor,2025-12-24,2026-01-24,31,false,true,failure,2026-01-17
DFT-2026-01758,PT-GPD-05,detection_failure,minor,2026-02-04,2026-04-12,67,false,true,punctuality_incident,2026-02-15
DFT-2026-01759,RL-TRLAJJ-17,wear,2,2026-07-20,2026-08-01,12,false,false,,
DFT-2025-01760,TO-TBM-07,crossing_wear,minor,2025-06-16,2025-08-21,66,false,false,,
DFT-2025-01761,RL-TRLAJJ-15,wear,2,2025-11-22,2025-12-15,23,false,false,,
DFT-2025-01762,SG-TITRL-13,lamp_failure,minor,2025-04-22,2025-06-13,52,false,false,,
DFT-2025-01763,TC-PONGPD-08,bonding_defect,minor,2025-10-13,2025-11-03,21,false,false,,
DFT-2025-01764,AC-PONGPD-01,head_fault,minor,2025-07-19,2025-08-02,14,false,false,,
DFT-2025-01765,MST-STMPV-04,foundation_defect,critical,2025-03-23,2025-03-24,1,false,false,,
DFT-2025-01766,CW-TITRL-14,burn_mark,minor,2025-12-08,2025-12-22,14,true,false,,
DFT-2025-01767,PT-TBM-06,motor_fault,critical,2025-08-29,2025-09-01,3,false,false,,
DFT-2025-01768,SL-TRLAJJ-25,cracked_sleeper,minor,2025-03-31,2025-04-20,20,false,false,,
DFT-2025-01769,RL-PONGPD-02,rail_flaw,1,2025-08-12,2025-08-13,1,false,false,,
DFT-2026-01770,RL-AVDTI-14,rail_flaw,2,2026-08-30,,8,false,false,,
DFT-2025-01771,RL-PVTBM-05,wear,2,2025-05-07,2025-05-24,17,false,false,,
DFT-2025-01772,TC-BBQPER-03,shunt_failure,minor,2025-12-20,2026-02-02,44,true,false,,
DFT-2026-01773,INS-PVTBM-04,flashover_mark,major,2026-06-28,2026-07-06,8,false,false,,
DFT-2025-01774,MST-MSBMS-04,foundation_defect,major,2025-09-16,2025-09-25,9,false,true,failure,2025-09-24
DFT-2025-01775,SL-TRLAJJ-07,fastening_failure,major,2025-10-14,2025-10-24,10,true,false,,
DFT-2026-01776,BL-TBM-05,ballast_deficiency,minor,2026-04-15,2026-06-12,58,true,true,speed_restriction,2026-05-26
DFT-2026-01777,RL-MSMBM-14,rail_flaw,3,2026-07-30,2026-09-03,35,false,false,,
DFT-2025-01778,TO-AJJ-01,switch_wear,minor,2025-12-11,2026-02-03,54,false,false,,
DFT-2025-01779,SL-TRLAJJ-28,fastening_failure,minor,2025-09-14,2025-10-30,46,false,false,,
DFT-2025-01780,SG-TITRL-13,aspect_defect,major,2025-07-10,2025-07-17,7,false,false,,
DFT-2026-01781,SL-GISTM-01,cracked_sleeper,major,2026-03-06,2026-03-25,19,true,false,,
DFT-2026-01782,SL-PERABU-12,fastening_failure,minor,2026-08-12,,26,true,false,,
DFT-2026-01783,BR-TRLAJJ-02,expansion_joint,minor,2026-07-14,2026-08-25,42,false,false,,
DFT-2025-01784,RL-GISTM-01,rail_flaw,2,2025-05-17,2025-05-26,9,false,false,,
DFT-2025-01785,BL-AJJ-01,fouling,minor,2025-09-24,2025-10-07,13,false,false,,
DFT-2026-01786,MST-TRLAJJ-34,foundation_defect,major,2026-09-02,,5,true,false,,
DFT-2025-01787,SG-MASBBQ-03,aspect_defect,minor,2025-05-25,2025-07-11,47,false,true,punctuality_incident,2025-06-07
DFT-2025-01788,SL-TNPENR-05,cracked_sleeper,minor,2025-03-22,2025-04-08,17,false,false,,
DFT-2026-01789,BL-STMPV-02,drainage_choke,minor,2026-03-23,2026-05-03,41,false,false,,
DFT-2026-01790,OHE-BBQ-01,height_stagger,minor,2026-01-03,2026-01-18,15,true,false,,
DFT-2025-01791,SG-PONGPD-03,lamp_failure,minor,2025-07-08,2025-08-27,50,true,false,,
DFT-2025-01792,INS-TITRL-11,cracked_insulator,minor,2025-05-08,2025-06-19,42,false,false,,
DFT-2026-01793,TC-STMPV-08,shunt_failure,critical,2026-08-09,2026-08-13,4,true,false,,
DFT-2025-01794,TC-TITRL-02,bonding_defect,minor,2025-03-17,2025-05-22,66,false,false,,
DFT-2025-01795,INS-PVTBM-02,flashover_mark,major,2025-12-18,2025-12-31,13,false,false,,
DFT-2025-01796,SL-TITRL-04,cracked_sleeper,minor,2025-04-01,2025-04-28,27,false,false,,
DFT-2025-01797,SL-PONGPD-01,cracked_sleeper,critical,2025-06-12,2025-06-19,7,false,false,,
DFT-2025-01798,LC-TITRL-01,check_rail_wear,minor,2025-07-17,2025-08-25,39,false,false,,
DFT-2025-01799,RL-TRLAJJ-17,corrugation,2,2025-04-04,2025-04-19,15,true,false,,
DFT-2025-01800,AC-GISTM-03,reset_failure,minor,2025-11-23,2025-12-16,23,false,true,failure,2025-12-03
DFT-2026-01801,SG-CGLWJ-07,aspect_defect,major,2026-07-02,2026-07-17,15,false,false,,
DFT-2025-01802,SG-TNPENR-07,aspect_defect,minor,2025-04-04,2025-05-20,46,false,false,,
DFT-2026-01803,RL-MSMBM-07,weld_failure,2,2026-04-09,2026-05-04,25,false,true,failure,2026-04-12
DFT-2026-01804,INS-STMPV-01,flashover_mark,minor,2026-01-16,2026-02-16,31,false,false,,
DFT-2025-01805,SG-TRLAJJ-08,lamp_failure,major,2025-10-24,2025-11-06,13,false,false,,
DFT-2026-01806,PT-AVD-07,obstruction,major,2026-05-17,2026-06-01,15,false,false,,
DFT-2025-01807,RL-ENRMJR-10,weld_failure,2,2025-05-21,2025-06-08,18,false,false,,
DFT-2026-01808,SG-PERABU-10,lamp_failure,minor,2026-08-21,,17,false,false,,
DFT-2026-01809,BL-TITRL-03,fouling,minor,2026-01-08,2026-03-18,69,false,true,speed_restriction,2026-01-10
DFT-2026-01810,SL-TITRL-17,fastening_failure,minor,2026-08-05,,33,false,false,,
DFT-2025-01811,INS-AVDTI-08,cracked_insulator,minor,2025-08-18,2025-09-20,33,false,false,,
DFT-2025-01812,SG-PONGPD-07,aspect_defect,minor,2025-05-20,2025-07-07,48,false,true,failure,2025-06-13
DFT-2025-01813,TC-AVDTI-02,bonding_defect,critical,2025-04-08,2025-04-10,2,false,false,,
DFT-2025-01814,BL-MAS-07,ballast_deficiency,major,2025-10-03,2025-10-23,20,true,false,,
DFT-2025-01815,BL-MSB-06,drainage_choke,major,2025-06-16,2025-06-29,13,false,true,punctuality_incident,2025-06-29
DFT-2025-01816,TC-AVDTI-03,shunt_failure,minor,2025-08-22,2025-09-07,16,false,false,,
DFT-2025-01817,SL-BBQPER-03,fastening_failure,major,2025-04-09,2025-05-01,22,false,true,speed_restriction,2025-04-14
DFT-2026-01818,TO-GPD-03,crossing_wear,minor,2026-07-24,,45,false,false,,
DFT-2026-01819,INS-PONGPD-01,cracked_insulator,minor,2026-08-06,,32,false,false,,
DFT-2025-01820,RL-ABUAVD-04,rail_flaw,2,2025-10-04,2025-10-22,18,false,false,,
DFT-2026-01821,BL-MJRPON-02,ballast_deficiency,minor,2026-05-24,2026-07-04,41,false,true,failure,2026-06-13
DFT-2026-01822,PT-ENR-04,motor_fault,minor,2026-03-19,2026-04-03,15,false,false,,
DFT-2026-01823,OHE-ENRMJR-04,hard_spot,minor,2026-07-07,2026-07-17,10,false,false,,
DFT-2026-01824,SG-AVDTI-04,lamp_failure,minor,2026-05-08,2026-07-04,57,false,false,,
DFT-2025-01825,AC-WJCJ-03,reset_failure,major,2025-08-24,2025-08-29,5,false,false,,
DFT-2026-01826,BL-BBQ-02,ballast_deficiency,minor,2026-05-17,2026-05-30,13,true,false,,
DFT-2026-01827,SG-TITRL-09,aspect_defect,minor,2026-04-12,2026-06-01,50,false,false,,
DFT-2025-01828,BL-PER-03,drainage_choke,minor,2025-09-10,2025-11-03,54,false,false,,
DFT-2025-01829,SL-PERABU-02,fastening_failure,major,2025-03-28,2025-04-13,16,false,false,,
DFT-2025-01830,PT-PER-05,obstruction,minor,2025-11-03,2025-12-30,57,false,false,,
DFT-2025-01831,TC-TRLAJJ-25,shunt_failure,minor,2025-09-24,2025-11-14,51,false,false,,
DFT-2025-01832,CW-PERABU-02,burn_mark,critical,2025-07-23,2025-07-24,1,false,false,,
DFT-2026-01833,MST-TRLAJJ-25,corrosion,major,2026-06-04,2026-06-09,5,false,false,,
DFT-2025-01834,BR-TITRL-01,expansion_joint,minor,2025-04-17,2025-05-06,19,false,false,,
DFT-2026-01835,INS-MSBMS-04,cracked_insulator,major,2026-07-24,2026-08-14,21,true,false,,
DFT-2026-01836,SG-AVDTI-02,aspect_defect,minor,2026-01-03,2026-03-06,62,false,false,,
DFT-2025-01837,CW-MSBMS-01,wire_wear,major,2025-04-12,2025-04-21,9,false,false,,
DFT-2026-01838,RL-MBMGI-08,weld_failure,2,2026-04-01,2026-04-23,22,false,false,,
DFT-2025-01839,BR-TITRL-01,expansion_joint,major,2025-06-09,2025-06-27,18,false,false,,
DFT-2026-01840,SG-ABUAVD-02,lamp_failure,major,2026-04-30,2026-05-13,13,false,true,failure,2026-05-12
DFT-2025-01841,BL-TRLAJJ-21,drainage_choke,minor,2025-11-09,2025-11-27,18,false,false,,
DFT-2026-01842,PT-MSB-07,obstruction,minor,2026-06-05,2026-07-21,46,false,false,,
DFT-2025-01843,RL-TRLAJJ-56,wear,3,2025-03-24,2025-05-25,62,false,false,,
DFT-2025-01844,RL-TRLAJJ-43,wear,3,2025-12-13,2026-01-24,42,true,false,,
DFT-2026-01845,SS-MAS-01,transformer_alarm,minor,2026-05-08,2026-07-02,55,true,false,,
DFT-2025-01846,BL-ABUAVD-07,drainage_choke,major,2025-06-20,2025-07-02,12,false,false,,
DFT-2026-01847,SG-TRLAJJ-21,aspect_defect,major,2026-02-23,2026-03-13,18,false,true,punctuality_incident,2026-03-03
DFT-2026-01848,RL-TITRL-15,corrugation,3,2026-05-24,2026-08-02,70,false,false,,
DFT-2025-01849,SL-TRLAJJ-03,fastening_failure,major,2025-10-29,2025-11-03,5,false,false,,
DFT-2026-01850,TO-ENR-01,switch_wear,major,2026-07-25,2026-07-31,6,false,false,,
DFT-2025-01851,OHE-GPD-02,hard_spot,major,2025-12-31,2026-01-09,9,false,false,,
DFT-2025-01852,RL-TRLAJJ-07,wear,3,2025-07-29,2025-09-08,41,false,false,,
DFT-2026-01853,INS-MBMGI-01,flashover_mark,minor,2026-01-27,2026-03-21,53,false,false,,
DFT-2026-01854,OHE-MASBBQ-04,height_stagger,major,2026-07-31,2026-08-17,17,false,false,,
DFT-2026-01855,AC-MJRPON-02,reset_failure,minor,2026-06-10,2026-08-01,52,false,false,,
DFT-2025-01856,SL-TRLAJJ-24,fastening_failure,critical,2025-06-25,2025-07-01,6,true,false,,
DFT-2025-01857,SL-MASBBQ-02,cracked_sleeper,minor,2025-12-28,2026-01-29,32,false,true,speed_restriction,2026-01-23
DFT-2025-01858,MST-BBQTNP-01,foundation_defect,minor,2025-08-05,2025-09-03,29,false,false,,
DFT-2025-01859,BL-TITRL-14,ballast_deficiency,major,2025-10-31,2025-11-05,5,true,false,,
DFT-2025-01860,OHE-MSMBM-13,hard_spot,major,2025-11-08,2025-11-16,8,false,false,,
DFT-2025-01861,MST-PERABU-16,foundation_defect,minor,2025-09-05,2025-09-21,16,false,false,,
DFT-2025-01862,SG-AVDTI-08,lamp_failure,major,2025-10-14,2025-10-27,13,true,false,,
DFT-2026-01863,RL-STMPV-14,rail_flaw,3,2026-01-03,2026-01-25,22,true,true,failure,2026-01-08
DFT-2026-01864,SL-STMPV-05,cracked_sleeper,minor,2026-04-29,2026-07-06,68,false,true,speed_restriction,2026-05-21
DFT-2025-01865,RL-TRLAJJ-37,rail_flaw,3,2025-11-17,2026-01-04,48,true,false,,
DFT-2026-01866,INS-GISTM-04,flashover_mark,major,2026-08-13,2026-08-22,9,false,false,,
DFT-2025-01867,OHE-MAS-06,hard_spot,minor,2025-05-04,2025-06-25,52,false,false,,
DFT-2025-01868,OHE-MSMBM-06,hard_spot,major,2025-09-20,2025-10-08,18,false,false,,
DFT-2025-01869,OHE-MS-01,hard_spot,major,2025-11-07,2025-11-26,19,true,false,,
DFT-2026-01870,SL-AVDTI-08,cracked_sleeper,major,2026-06-23,2026-07-04,11,false,false,,
DFT-2026-01871,SL-PONGPD-07,cracked_sleeper,major,2026-03-23,2026-04-11,19,false,false,,
DFT-2025-01872,SL-AVDTI-01,cracked_sleeper,minor,2025-07-22,2025-09-13,53,false,false,,
DFT-2026-01873,SG-BBQPER-02,lamp_failure,major,2026-08-25,,13,true,false,,
DFT-2025-01874,SL-ENRMJR-07,cracked_sleeper,minor,2025-06-08,2025-07-29,51,false,true,speed_restriction,2025-06-21
DFT-2025-01875,SL-ABUAVD-01,cracked_sleeper,minor,2025-12-19,2026-01-28,40,false,true,speed_restriction,2025-12-20
DFT-2025-01876,AC-TRLAJJ-20,reset_failure,critical,2025-08-04,2025-08-07,3,false,false,,
DFT-2026-01877,TC-TRLAJJ-09,shunt_failure,minor,2026-05-26,2026-07-11,46,true,false,,
DFT-2025-01878,OHE-PERABU-20,hard_spot,major,2025-12-11,2025-12-31,20,false,false,,
DFT-2025-01879,BL-TBM-02,drainage_choke,major,2025-05-03,2025-05-18,15,false,false,,
DFT-2025-01880,BL-TNPENR-06,drainage_choke,minor,2025-07-01,2025-07-24,23,false,false,,
DFT-2025-01881,TO-TRL-06,switch_wear,major,2025-08-13,2025-08-20,7,false,true,speed_restriction,2025-08-17
DFT-2025-01882,RL-PONGPD-15,wear,2,2025-11-27,2025-12-02,5,true,false,,
DFT-2026-01883,RL-PONGPD-02,wear,1,2026-07-08,2026-07-15,7,true,true,speed_restriction,2026-07-11
DFT-2026-01884,SL-MSMBM-01,fastening_failure,major,2026-03-28,2026-04-17,20,true,false,,
DFT-2025-01885,RL-BBQPER-05,corrugation,3,2025-04-08,2025-05-12,34,false,true,failure,2025-05-10
DFT-2026-01886,RL-STMPV-15,corrugation,3,2026-07-26,,43,false,false,,
DFT-2026-01887,SG-TMLPTKO-02,aspect_defect,minor,2026-05-11,2026-07-06,56,true,false,,
DFT-2025-01888,PT-AVD-07,detection_failure,major,2025-08-28,2025-09-02,5,false,false,,
DFT-2026-01889,AC-TITRL-09,head_fault,minor,2026-07-06,2026-07-18,12,false,false,,
DFT-2025-01890,TC-STMPV-03,bonding_defect,major,2025-10-19,2025-10-28,9,false,true,punctuality_incident,2025-10-25
DFT-2025-01891,BL-PVTBM-07,ballast_deficiency,minor,2025-06-17,2025-07-04,17,false,false,,
DFT-2026-01892,OHE-AVD-01,hard_spot,minor,2026-04-19,2026-06-19,61,false,false,,
DFT-2026-01893,OHE-WJCJ-06,hard_spot,minor,2026-06-09,2026-06-20,11,false,false,,
DFT-2025-01894,RL-PONGPD-16,rail_flaw,3,2025-04-10,2025-06-09,60,false,true,failure,2025-05-05
DFT-2025-01895,OHE-TBM-03,hard_spot,minor,2025-08-29,2025-10-08,40,false,true,failure,2025-09-16
DFT-2026-01896,CW-TRLAJJ-28,burn_mark,minor,2026-06-02,2026-07-10,38,false,false,,
DFT-2026-01897,PT-AVD-08,motor_fault,minor,2026-05-30,2026-06-26,27,false,false,,
DFT-2025-01898,SL-MSMBM-01,fastening_failure,minor,2025-04-24,2025-06-08,45,false,false,,
DFT-2025-01899,OHE-PVTBM-07,hard_spot,minor,2025-05-19,2025-06-24,36,false,true,punctuality_incident,2025-06-15
DFT-2025-01900,TO-MS-09,switch_wear,minor,2025-06-27,2025-08-08,42,false,false,,
DFT-2026-01901,TO-ENR-06,switch_wear,minor,2026-08-08,,30,false,true,speed_restriction,2026-08-25
DFT-2026-01902,SL-CJTMLP-01,fastening_failure,minor,2026-03-13,2026-05-08,56,false,true,speed_restriction,2026-03-18
DFT-2026-01903,SG-TRLAJJ-35,aspect_defect,critical,2026-09-01,2026-09-06,5,true,false,,
DFT-2026-01904,TO-PER-01,gauge_defect,minor,2026-02-26,2026-04-16,49,true,false,,
DFT-2026-01905,MST-AVDTI-12,foundation_defect,minor,2026-02-18,2026-04-10,51,false,true,failure,2026-02-24
DFT-2026-01906,OHE-AVD-01,hard_spot,minor,2026-06-19,2026-07-05,16,false,false,,
DFT-2025-01907,AC-TRLAJJ-12,reset_failure,minor,2025-11-08,2026-01-08,61,false,false,,
DFT-2026-01908,BL-PERABU-02,ballast_deficiency,critical,2026-02-14,2026-02-15,1,true,false,,
DFT-2025-01909,SL-TITRL-03,fastening_failure,minor,2025-06-20,2025-08-23,64,false,false,,
DFT-2025-01910,BL-AVDTI-02,drainage_choke,major,2025-08-13,2025-08-20,7,true,false,,
DFT-2025-01911,OHE-GPD-01,height_stagger,major,2025-10-21,2025-11-02,12,false,false,,
DFT-2025-01912,SG-MASBBQ-02,aspect_defect,critical,2025-09-23,2025-09-24,1,true,false,,
DFT-2026-01913,SL-TITRL-07,fastening_failure,minor,2026-04-17,2026-06-16,60,false,false,,
DFT-2026-01914,OHE-GPD-02,hard_spot,minor,2026-01-09,2026-03-13,63,true,true,failure,2026-02-15
DFT-2026-01915,BL-MJRPON-06,fouling,critical,2026-04-25,2026-05-01,6,false,false,,
DFT-2025-01916,AC-MASBBQ-03,reset_failure,critical,2025-06-10,2025-06-13,3,false,false,,
DFT-2026-01917,TO-GPD-01,crossing_wear,minor,2026-04-03,2026-05-04,31,true,false,,
DFT-2025-01918,MST-TRLAJJ-11,corrosion,minor,2025-09-08,2025-10-04,26,false,false,,
DFT-2025-01919,TC-TITRL-15,shunt_failure,minor,2025-06-14,2025-06-29,15,false,false,,
DFT-2026-01920,AC-BBQPER-01,reset_failure,minor,2026-07-11,2026-08-15,35,false,false,,
DFT-2025-01921,RL-MJRPON-08,weld_failure,3,2025-11-28,2026-01-03,36,true,false,,
DFT-2026-01922,MST-MSMBM-12,corrosion,critical,2026-06-23,2026-06-26,3,false,false,,
DFT-2026-01923,OHE-AVDTI-07,hard_spot,major,2026-05-23,2026-06-03,11,true,false,,
DFT-2025-01924,RL-MSMBM-14,corrugation,1,2025-07-25,2025-07-30,5,false,false,,
DFT-2026-01925,TC-TRLAJJ-30,shunt_failure,minor,2026-06-25,2026-08-18,54,false,true,failure,2026-08-07
DFT-2026-01926,RL-STMPV-10,rail_flaw,1,2026-06-30,2026-07-06,6,false,false,,
DFT-2026-01927,SL-MSMBM-08,cracked_sleeper,minor,2026-03-25,2026-05-14,50,false,true,punctuality_incident,2026-05-06
DFT-2026-01928,TO-MS-11,switch_wear,minor,2026-01-22,2026-03-15,52,false,false,,
DFT-2026-01929,RL-AVDTI-09,rail_flaw,2,2026-04-30,2026-05-12,12,false,false,,
DFT-2025-01930,TO-MS-05,switch_wear,major,2025-11-14,2025-11-26,12,false,false,,
DFT-2026-01931,CW-TRLAJJ-07,burn_mark,minor,2026-02-02,2026-03-28,54,false,false,,
DFT-2025-01932,IL-BBQ-01,relay_fault,minor,2025-03-22,2025-04-23,32,false,false,,
DFT-2026-01933,SL-TRLAJJ-27,cracked_sleeper,minor,2026-04-26,2026-06-01,36,true,false,,
DFT-2025-01934,TO-MAS-07,crossing_wear,minor,2025-07-17,2025-08-22,36,false,false,,
DFT-2025-01935,SG-STMPV-04,aspect_defect,major,2025-05-01,2025-05-18,17,true,false,,
DFT-2026-01936,RL-MSBMS-05,corrugation,1,2026-01-29,2026-02-03,5,true,false,,
DFT-2025-01937,RL-MSBMS-09,wear,2,2025-06-09,2025-06-17,8,false,false,,
DFT-2026-01938,SG-TRLAJJ-19,aspect_defect,major,2026-06-06,2026-06-16,10,true,false,,
DFT-2025-01939,MST-MASBBQ-02,foundation_defect,minor,2025-08-06,2025-09-12,37,false,true,failure,2025-09-12
DFT-2026-01940,CW-TRLAJJ-25,burn_mark,minor,2026-05-21,2026-07-18,58,true,false,,
DFT-2026-01941,PT-CGL-01,detection_failure,critical,2026-04-22,2026-04-28,6,false,true,failure,2026-04-24
DFT-2026-01942,SG-PERABU-15,lamp_failure,major,2026-01-28,2026-02-09,12,true,false,,
DFT-2026-01943,PT-BBQ-04,motor_fault,major,2026-02-17,2026-02-25,8,false,false,,
DFT-2026-01944,OHE-MBMGI-07,hard_spot,major,2026-07-29,2026-08-10,12,false,false,,
DFT-2025-01945,MST-TRLAJJ-14,foundation_defect,major,2025-12-15,2025-12-20,5,true,false,,
DFT-2025-01946,RL-AVDTI-05,rail_flaw,2,2025-04-18,2025-05-06,18,false,true,speed_restriction,2025-04-21
DFT-2026-01947,TO-MAS-02,crossing_wear,minor,2026-03-16,2026-05-07,52,true,false,,
DFT-2026-01948,MST-PERABU-04,corrosion,critical,2026-03-29,2026-04-03,5,true,false,,
DFT-2026-01949,INS-MSMBM-04,cracked_insulator,major,2026-06-16,2026-07-01,15,false,false,,
DFT-2026-01950,PT-TRL-01,detection_failure,major,2026-02-02,2026-02-17,15,false,true,punctuality_incident,2026-02-09
DFT-2025-01951,SG-PVTBM-04,lamp_failure,major,2025-07-12,2025-07-23,11,false,false,,
DFT-2026-01952,PT-TNP-05,detection_failure,minor,2026-01-26,2026-02-07,12,false,false,,
DFT-2025-01953,RL-MSMBM-13,rail_flaw,3,2025-11-24,2025-12-10,16,false,false,,
DFT-2026-01954,RL-ENRMJR-06,weld_failure,2,2026-06-02,2026-06-10,8,false,false,,
DFT-2025-01955,RL-PERABU-04,corrugation,1,2025-07-27,2025-08-02,6,false,false,,
DFT-2025-01956,PT-CJ-01,detection_failure,critical,2025-11-05,2025-11-08,3,false,false,,
DFT-2026-01957,OHE-TRLAJJ-30,height_stagger,minor,2026-06-19,2026-08-08,50,false,false,,
DFT-2025-01958,SG-AVDTI-05,aspect_defect,critical,2025-11-22,2025-11-29,7,false,false,,
DFT-2025-01959,RL-WJCJ-03,corrugation,2,2025-07-16,2025-07-23,7,false,false,,
DFT-2026-01960,BR-CJTMLP-01,bearing_defect,minor,2026-04-25,2026-06-15,51,false,false,,
DFT-2026-01961,BL-PERABU-14,drainage_choke,major,2026-04-27,2026-05-14,17,true,false,,
DFT-2026-01962,SL-ENRMJR-04,cracked_sleeper,major,2026-02-09,2026-02-18,9,false,false,,
DFT-2026-01963,TO-AVD-05,crossing_wear,minor,2026-05-23,2026-07-22,60,true,false,,
DFT-2025-01964,RL-ABUAVD-05,weld_failure,1,2025-07-15,2025-07-17,2,false,false,,
DFT-2026-01965,SG-STMPV-02,lamp_failure,major,2026-08-09,2026-08-25,16,false,false,,
DFT-2025-01966,BL-ENRMJR-04,drainage_choke,major,2025-12-16,2026-01-06,21,false,false,,
DFT-2025-01967,INS-TRLAJJ-17,cracked_insulator,minor,2025-12-12,2025-12-27,15,true,false,,
DFT-2025-01968,RL-TNPENR-01,weld_failure,3,2025-07-17,2025-08-06,20,false,false,,
DFT-2025-01969,SL-CJTMLP-01,cracked_sleeper,minor,2025-12-06,2026-01-16,41,false,false,,
DFT-2026-01970,AC-MSMBM-01,reset_failure,minor,2026-07-29,2026-08-10,12,false,false,,
DFT-2026-01971,TO-GPD-01,switch_wear,major,2026-01-06,2026-01-11,5,false,false,,
DFT-2026-01972,RL-MSMBM-02,wear,1,2026-08-20,2026-08-24,4,true,false,,
DFT-2026-01973,TC-PONGPD-03,shunt_failure,major,2026-02-13,2026-03-03,18,false,false,,
DFT-2026-01974,OHE-TITRL-18,height_stagger,minor,2026-04-22,2026-06-05,44,true,false,,
DFT-2025-01975,PT-AVD-08,detection_failure,minor,2025-07-25,2025-08-23,29,true,false,,
DFT-2025-01976,CW-MBMGI-01,burn_mark,minor,2025-05-09,2025-06-26,48,false,false,,
DFT-2026-01977,INS-TITRL-12,flashover_mark,major,2026-08-05,2026-08-27,22,true,true,punctuality_incident,2026-08-19
DFT-2025-01978,BL-MSB-01,fouling,major,2025-03-29,2025-04-14,16,false,true,speed_restriction,2025-04-10
DFT-2025-01979,BL-TBM-02,drainage_choke,minor,2025-07-08,2025-08-25,48,false,false,,
DFT-2026-01980,OHE-MSBMS-03,hard_spot,minor,2026-07-16,2026-08-25,40,false,false,,
DFT-2025-01981,SL-AVDTI-09,fastening_failure,minor,2025-07-19,2025-08-18,30,false,false,,
DFT-2026-01982,BL-BBQ-01,ballast_deficiency,major,2026-03-19,2026-04-09,21,false,true,speed_restriction,2026-04-05
DFT-2025-01983,CW-GISTM-01,burn_mark,minor,2025-12-05,2026-02-11,68,false,true,failure,2025-12-14
DFT-2025-01984,CW-TITRL-06,wire_wear,minor,2025-05-26,2025-06-06,11,false,false,,
DFT-2025-01985,SG-GISTM-04,lamp_failure,minor,2025-12-24,2026-03-02,68,true,false,,
DFT-2025-01986,SG-CJTMLP-03,aspect_defect,minor,2025-12-30,2026-02-06,38,false,false,,
DFT-2026-01987,AC-AVDTI-06,head_fault,critical,2026-07-10,2026-07-14,4,true,false,,
DFT-2026-01988,OHE-ENRMJR-07,height_stagger,minor,2026-08-30,,8,false,false,,
DFT-2025-01989,SG-TITRL-07,aspect_defect,major,2025-08-08,2025-08-24,16,false,false,,
DFT-2025-01990,TC-TNPENR-03,shunt_failure,minor,2025-04-28,2025-05-26,28,false,true,punctuality_incident,2025-05-05
DFT-2026-01991,SL-BBQPER-04,fastening_failure,major,2026-03-06,2026-03-23,17,false,false,,
DFT-2025-01992,TC-TITRL-05,bonding_defect,minor,2025-04-09,2025-04-28,19,true,false,,
DFT-2025-01993,INS-CGLWJ-04,flashover_mark,critical,2025-08-04,2025-08-06,2,false,false,,
DFT-2026-01994,INS-TRLAJJ-05,cracked_insulator,minor,2026-06-09,2026-07-11,32,false,false,,
DFT-2025-01995,TO-MAS-14,gauge_defect,major,2025-09-28,2025-10-08,10,false,false,,
DFT-2026-01996,BL-CGL-05,drainage_choke,minor,2026-05-23,2026-07-08,46,true,false,,
DFT-2025-01997,RL-TRLAJJ-49,corrugation,2,2025-09-05,2025-09-22,17,true,false,,
DFT-2026-01998,CW-STMPV-05,burn_mark,major,2026-02-27,2026-03-11,12,false,false,,
DFT-2025-01999,OHE-TRLAJJ-50,hard_spot,major,2025-11-19,2025-11-30,11,false,false,,
DFT-2025-02000,OHE-ABUAVD-05,hard_spot,major,2025-07-05,2025-07-27,22,true,false,,
DFT-2025-02001,TC-TITRL-02,bonding_defect,critical,2025-04-04,2025-04-06,2,false,false,,
DFT-2025-02002,BL-PERABU-12,drainage_choke,major,2025-05-20,2025-06-01,12,false,false,,
DFT-2025-02003,RL-CJTMLP-06,wear,1,2025-06-21,2025-06-27,6,false,true,punctuality_incident,2025-06-25
DFT-2026-02004,SL-PVTBM-02,cracked_sleeper,major,2026-01-25,2026-02-11,17,false,false,,
DFT-2025-02005,SL-TRLAJJ-16,cracked_sleeper,minor,2025-11-25,2025-12-21,26,true,false,,
DFT-2025-02006,TC-TRLAJJ-29,shunt_failure,minor,2025-07-10,2025-09-07,59,false,true,punctuality_incident,2025-07-21
DFT-2025-02007,TC-PVTBM-07,shunt_failure,major,2025-08-26,2025-09-15,20,false,false,,
DFT-2026-02008,SG-AVDTI-05,lamp_failure,critical,2026-05-03,2026-05-07,4,true,false,,
DFT-2026-02009,TO-MS-02,switch_wear,minor,2026-01-26,2026-03-21,54,false,false,,
DFT-2025-02010,TO-TRL-04,switch_wear,minor,2025-04-27,2025-05-16,19,true,false,,
DFT-2025-02011,RL-AVDTI-02,rail_flaw,3,2025-09-16,2025-11-19,64,false,true,speed_restriction,2025-10-25
DFT-2025-02012,MST-PERABU-16,corrosion,minor,2025-08-18,2025-10-06,49,false,false,,
DFT-2026-02013,PT-MS-06,motor_fault,minor,2026-01-23,2026-03-25,61,false,true,failure,2026-02-12
DFT-2025-02014,INS-TRLAJJ-13,cracked_insulator,major,2025-10-12,2025-10-27,15,false,false,,
DFT-2026-02015,BL-ABUAVD-03,drainage_choke,major,2026-07-31,2026-08-09,9,false,false,,
DFT-2026-02016,BR-TITRL-01,corrosion,minor,2026-05-03,2026-05-19,16,false,false,,
DFT-2025-02017,TC-PONGPD-03,shunt_failure,minor,2025-03-22,2025-04-03,12,false,false,,
DFT-2026-02018,BL-MSB-02,ballast_deficiency,minor,2026-02-26,2026-03-29,31,true,false,,
DFT-2026-02019,TO-MAS-10,crossing_wear,minor,2026-04-27,2026-06-20,54,true,false,,
DFT-2025-02020,OHE-GISTM-02,height_stagger,minor,2025-08-28,2025-10-28,61,false,false,,
DFT-2026-02021,TC-STMPV-07,bonding_defect,critical,2026-03-01,2026-03-05,4,true,false,,
DFT-2026-02022,SS-AJJ-01,transformer_alarm,minor,2026-03-08,2026-03-18,10,false,false,,
DFT-2025-02023,TO-MAS-01,switch_wear,minor,2025-12-30,2026-03-04,64,false,false,,
DFT-2025-02024,SL-PONGPD-06,fastening_failure,minor,2025-11-03,2026-01-01,59,false,true,speed_restriction,2025-12-15
DFT-2025-02025,RL-TNPENR-06,corrugation,1,2025-10-02,2025-10-04,2,false,false,,
DFT-2025-02026,CW-STMPV-05,burn_mark,minor,2025-07-29,2025-09-18,51,false,false,,
DFT-2026-02027,MST-TRLAJJ-06,foundation_defect,major,2026-02-01,2026-02-16,15,true,false,,
DFT-2025-02028,RL-GISTM-04,weld_failure,3,2025-09-16,2025-11-22,67,false,false,,
DFT-2025-02029,TO-MAS-07,crossing_wear,minor,2025-09-30,2025-10-21,21,false,false,,
DFT-2025-02030,PT-MS-02,detection_failure,minor,2025-05-16,2025-06-05,20,false,true,failure,2025-05-17
DFT-2025-02031,RL-TRLAJJ-05,wear,2,2025-09-25,2025-10-19,24,false,true,punctuality_incident,2025-09-28
DFT-2026-02032,TC-TNPENR-01,bonding_defect,minor,2026-02-13,2026-03-16,31,false,false,,
DFT-2026-02033,AC-MSBMS-01,head_fault,minor,2026-05-23,2026-06-15,23,true,false,,
DFT-2025-02034,BL-MS-04,ballast_deficiency,major,2025-04-15,2025-04-23,8,false,false,,
DFT-2026-02035,INS-PONGPD-04,flashover_mark,minor,2026-08-17,2026-08-27,10,false,false,,
DFT-2025-02036,TO-TRL-02,switch_wear,minor,2025-04-25,2025-06-19,55,false,true,speed_restriction,2025-06-16
DFT-2025-02037,TC-TMLPTKO-01,bonding_defect,minor,2025-08-21,2025-10-11,51,false,false,,
DFT-2025-02038,MST-TRLAJJ-16,corrosion,minor,2025-10-21,2025-12-01,41,false,false,,
DFT-2026-02039,RL-TRLAJJ-22,weld_failure,3,2026-06-23,2026-07-17,24,false,false,,
DFT-2026-02040,BL-MSBMS-05,fouling,minor,2026-04-01,2026-04-21,20,true,false,,
DFT-2026-02041,INS-PERABU-04,cracked_insulator,minor,2026-08-08,,30,true,false,,
DFT-2025-02042,SG-ABUAVD-03,lamp_failure,minor,2025-12-13,2026-02-05,54,true,false,,
DFT-2025-02043,TC-TNPENR-04,bonding_defect,minor,2025-09-30,2025-10-28,28,false,false,,
DFT-2026-02044,TC-PERABU-03,shunt_failure,major,2026-01-14,2026-01-20,6,false,true,punctuality_incident,2026-01-16
DFT-2026-02045,RL-PERABU-13,wear,3,2026-03-23,2026-04-08,16,false,false,,
DFT-2025-02046,SL-TRLAJJ-26,cracked_sleeper,major,2025-12-09,2025-12-26,17,false,false,,
DFT-2026-02047,TO-AJJ-06,crossing_wear,major,2026-02-02,2026-02-24,22,false,false,,
DFT-2025-02048,TC-MBMGI-03,bonding_defect,critical,2025-07-30,2025-08-02,3,true,false,,
DFT-2025-02049,RL-ABUAVD-04,wear,3,2025-11-05,2025-12-16,41,true,true,speed_restriction,2025-11-09
DFT-2026-02050,BL-ENRMJR-06,drainage_choke,minor,2026-01-17,2026-03-27,69,true,false,,
DFT-2026-02051,RL-PERABU-21,corrugation,2,2026-05-19,2026-05-28,9,false,false,,
DFT-2026-02052,SL-TNPENR-05,fastening_failure,major,2026-04-20,2026-05-03,13,false,true,speed_restriction,2026-04-28
DFT-2025-02053,TO-GPD-01,switch_wear,minor,2025-03-22,2025-05-03,42,false,false,,
DFT-2025-02054,TO-MSB-08,crossing_wear,minor,2025-05-24,2025-07-09,46,false,false,,
DFT-2025-02055,INS-BBQPER-03,flashover_mark,critical,2025-04-22,2025-04-23,1,false,false,,
DFT-2026-02056,SL-PERABU-10,fastening_failure,minor,2026-03-07,2026-03-31,24,false,true,speed_restriction,2026-03-16
DFT-2025-02057,TO-AJJ-11,crossing_wear,minor,2025-07-30,2025-08-24,25,false,true,speed_restriction,2025-08-21
DFT-2025-02058,BL-AVDTI-04,ballast_deficiency,minor,2025-03-19,2025-04-18,30,false,false,,
DFT-2026-02059,RL-MSMBM-08,corrugation,1,2026-05-06,2026-05-09,3,false,true,failure,2026-05-07
DFT-2025-02060,OHE-TRLAJJ-0402,height_stagger,major,2025-06-22,2025-07-01,9,false,false,,
DFT-2025-02061,PT-MAS-14,motor_fault,major,2025-10-12,2025-10-23,11,false,false,,
DFT-2025-02062,OHE-BBQTNP-04,height_stagger,minor,2025-11-11,2026-01-16,66,false,false,,
DFT-2025-02063,AC-ABUAVD-01,reset_failure,minor,2025-09-03,2025-09-14,11,false,false,,
DFT-2026-02064,AC-GISTM-02,head_fault,minor,2026-04-29,2026-05-13,14,true,true,punctuality_incident,2026-05-06
DFT-2026-02065,MST-ENRMJR-05,foundation_defect,minor,2026-04-07,2026-04-23,16,false,false,,
DFT-2025-02066,AC-PERABU-07,reset_failure,minor,2025-03-23,2025-05-22,60,false,false,,
DFT-2025-02067,OHE-TBM-03,height_stagger,major,2025-04-04,2025-04-15,11,false,false,,
DFT-2025-02068,RL-GISTM-04,rail_flaw,2,2025-05-26,2025-06-15,20,false,false,,
DFT-2025-02069,PT-PER-06,obstruction,minor,2025-11-28,2026-01-12,45,false,true,failure,2026-01-06
DFT-2026-02070,AC-PERABU-08,reset_failure,minor,2026-01-25,2026-03-04,38,false,false,,
DFT-2026-02071,TC-PERABU-01,shunt_failure,major,2026-06-22,2026-07-01,9,false,true,punctuality_incident,2026-07-01
DFT-2025-02072,CW-CGLWJ-01,wire_wear,critical,2025-12-05,2025-12-08,3,true,false,,
DFT-2025-02073,PT-MAS-13,obstruction,major,2025-09-23,2025-10-04,11,false,false,,
DFT-2026-02074,BL-TITRL-13,ballast_deficiency,critical,2026-03-12,2026-03-15,3,false,false,,
DFT-2025-02075,AC-MSBMS-04,head_fault,minor,2025-10-03,2025-11-16,44,true,false,,
DFT-2025-02076,SL-MSMBM-05,cracked_sleeper,minor,2025-10-09,2025-10-21,12,false,false,,
DFT-2025-02077,SL-TRLAJJ-27,fastening_failure,minor,2025-09-03,2025-11-06,64,false,false,,
DFT-2025-02078,CW-MSBMS-02,wire_wear,major,2025-11-10,2025-11-16,6,true,false,,
DFT-2026-02079,SG-TITRL-10,aspect_defect,minor,2026-05-27,2026-07-23,57,false,false,,
DFT-2026-02080,TC-STMPV-08,bonding_defect,major,2026-05-03,2026-05-14,11,false,false,,
DFT-2025-02081,SG-GISTM-04,lamp_failure,minor,2025-09-06,2025-11-05,60,false,true,failure,2025-09-22
DFT-2026-02082,AC-MSMBM-03,reset_failure,major,2026-07-11,2026-07-31,20,false,false,,
DFT-2026-02083,TO-BBQ-08,gauge_defect,minor,2026-07-06,2026-08-22,47,false,false,,
DFT-2026-02084,LC-PONGPD-01,check_rail_wear,major,2026-02-18,2026-03-09,19,true,false,,
DFT-2025-02085,MST-PERABU-04,foundation_defect,minor,2025-09-21,2025-10-29,38,false,false,,
DFT-2025-02086,PT-PER-04,obstruction,minor,2025-04-11,2025-05-18,37,true,false,,
DFT-2025-02087,SG-TITRL-08,aspect_defect,minor,2025-12-30,2026-02-04,36,false,false,,
DFT-2025-02088,SL-MSBMS-07,fastening_failure,minor,2025-05-25,2025-06-13,19,true,false,,
DFT-2025-02089,RL-TRLAJJ-51,weld_failure,3,2025-05-30,2025-06-16,17,false,false,,
DFT-2026-02090,OHE-STMPV-03,height_stagger,minor,2026-01-21,2026-03-03,41,false,false,,
DFT-2025-02091,RL-PONGPD-08,corrugation,1,2025-10-19,2025-10-24,5,false,false,,
DFT-2026-02092,SL-PERABU-12,fastening_failure,minor,2026-08-22,,16,false,false,,
DFT-2025-02093,SG-MASBBQ-02,lamp_failure,minor,2025-08-19,2025-10-17,59,false,true,failure,2025-10-04
DFT-2026-02094,RL-BBQPER-05,wear,1,2026-08-12,2026-08-16,4,true,false,,
DFT-2025-02095,AC-AVDTI-02,reset_failure,major,2025-12-18,2025-12-31,13,true,false,,
DFT-2026-02096,OHE-TRLAJJ-11,height_stagger,minor,2026-03-30,2026-05-05,36,false,false,,
DFT-2026-02097,TC-TRLAJJ-32,bonding_defect,critical,2026-04-29,2026-05-02,3,false,false,,
DFT-2025-02098,RL-PONGPD-02,rail_flaw,2,2025-08-28,2025-09-16,19,false,true,speed_restriction,2025-09-11
DFT-2026-02099,PT-BBQ-03,obstruction,minor,2026-01-04,2026-02-23,50,true,false,,
DFT-2026-02100,SL-CGLWJ-04,cracked_sleeper,major,2026-08-18,2026-08-28,10,false,false,,
DFT-2025-02101,MST-ENRMJR-04,corrosion,minor,2025-09-26,2025-11-22,57,true,false,,
DFT-2026-02102,IL-PER-01,relay_fault,major,2026-03-04,2026-03-15,11,false,false,,
DFT-2026-02103,RL-TNPENR-02,weld_failure,3,2026-04-30,2026-05-20,20,false,false,,
DFT-2025-02104,INS-BBQPER-04,flashover_mark,minor,2025-04-10,2025-06-09,60,true,false,,
DFT-2025-02105,BL-AJJ-01,drainage_choke,major,2025-11-04,2025-11-18,14,false,false,,
DFT-2026-02106,RL-MSMBM-07,weld_failure,2,2026-09-01,,6,false,false,,
DFT-2025-02107,TO-MAS-06,crossing_wear,major,2025-09-14,2025-09-30,16,false,false,,
DFT-2025-02108,PT-PER-02,detection_failure,minor,2025-07-18,2025-09-07,51,false,false,,
DFT-2025-02109,INS-MSMBM-01,cracked_insulator,minor,2025-07-15,2025-08-03,19,false,false,,
DFT-2025-02110,BL-TRLAJJ-33,ballast_deficiency,minor,2025-11-01,2025-11-28,27,false,false,,
DFT-2025-02111,SG-ENRMJR-05,aspect_defect,major,2025-07-30,2025-08-16,17,false,false,,
DFT-2026-02112,TC-MSBMS-03,shunt_failure,major,2026-08-17,2026-09-04,18,false,false,,
DFT-2026-02113,BL-AJJ-02,drainage_choke,minor,2026-04-03,2026-05-03,30,true,false,,
DFT-2026-02114,IL-TNP-01,wire_count_discrepancy,major,2026-02-19,2026-03-11,20,true,true,failure,2026-02-21
DFT-2025-02115,PT-AJJ-10,obstruction,minor,2025-11-03,2026-01-07,65,true,false,,
DFT-2025-02116,CW-MSMBM-06,burn_mark,major,2025-12-25,2026-01-09,15,false,false,,
DFT-2025-02117,CW-TRLAJJ-28,burn_mark,major,2025-10-17,2025-10-29,12,false,false,,
DFT-2026-02118,OHE-MBMGI-02,height_stagger,minor,2026-05-05,2026-06-13,39,false,false,,
DFT-2026-02119,MST-AVDTI-02,corrosion,minor,2026-06-14,2026-07-28,44,false,true,failure,2026-07-24
DFT-2025-02120,TO-ENR-01,crossing_wear,major,2025-06-13,2025-06-29,16,true,false,,
DFT-2026-02121,RL-TMLPTKO-04,weld_failure,1,2026-05-11,2026-05-14,3,false,false,,
DFT-2025-02122,TO-AVD-09,crossing_wear,minor,2025-04-05,2025-05-12,37,false,false,,
DFT-2026-02123,RL-TITRL-32,wear,1,2026-08-02,2026-08-06,4,false,false,,
DFT-2025-02124,MST-BBQPER-02,corrosion,minor,2025-09-17,2025-11-26,70,false,false,,
DFT-2025-02125,RL-MSMBM-12,wear,1,2025-05-01,2025-05-03,2,true,false,,
DFT-2025-02126,CW-CGLWJ-05,burn_mark,minor,2025-06-03,2025-07-24,51,true,false,,
DFT-2025-02127,TC-TITRL-17,bonding_defect,major,2025-03-19,2025-04-03,15,false,false,,
DFT-2026-02128,INS-MSBMS-02,cracked_insulator,major,2026-06-04,2026-06-23,19,false,false,,
DFT-2025-02129,OHE-PVTBM-06,hard_spot,major,2025-10-18,2025-10-31,13,false,false,,
DFT-2025-02130,SL-TITRL-12,fastening_failure,major,2025-12-12,2026-01-03,22,false,false,,
DFT-2026-02131,BL-BBQTNP-02,fouling,major,2026-02-03,2026-02-24,21,true,false,,
DFT-2025-02132,INS-ENRMJR-01,cracked_insulator,critical,2025-08-17,2025-08-19,2,false,false,,
DFT-2025-02133,TO-ENR-06,crossing_wear,critical,2025-10-31,2025-11-03,3,false,false,,
DFT-2025-02134,RL-TITRL-08,rail_flaw,1,2025-06-03,2025-06-10,7,true,false,,
DFT-2025-02135,SG-STMPV-01,aspect_defect,minor,2025-04-23,2025-06-15,53,false,false,,
DFT-2026-02136,MST-PONGPD-02,foundation_defect,minor,2026-08-20,,18,false,false,,
DFT-2026-02137,SL-TRLAJJ-21,cracked_sleeper,major,2026-03-30,2026-04-16,17,false,true,speed_restriction,2026-04-13
DFT-2026-02138,INS-MSMBM-01,cracked_insulator,minor,2026-01-28,2026-04-05,67,false,false,,
DFT-2025-02139,MST-PERABU-09,corrosion,minor,2025-04-30,2025-06-23,54,false,false,,
DFT-2025-02140,TC-PERABU-07,shunt_failure,major,2025-05-28,2025-06-03,6,false,false,,
DFT-2025-02141,TC-TITRL-03,bonding_defect,minor,2025-08-26,2025-09-19,24,false,false,,
DFT-2026-02142,OHE-PERABU-06,hard_spot,minor,2026-04-26,2026-05-28,32,true,false,,
DFT-2025-02143,BL-TRLAJJ-21,fouling,major,2025-05-08,2025-05-13,5,false,false,,
DFT-2026-02144,MST-TRLAJJ-15,corrosion,critical,2026-05-14,2026-05-16,2,false,false,,
DFT-2026-02145,RL-TITRL-21,corrugation,3,2026-02-06,2026-03-16,38,false,false,,
DFT-2025-02146,SG-MSMBM-08,aspect_defect,minor,2025-05-31,2025-07-16,46,false,false,,
DFT-2025-02147,PT-MAS-18,detection_failure,major,2025-11-11,2025-11-29,18,true,false,,
DFT-2025-02148,MST-MSMBM-03,foundation_defect,minor,2025-12-09,2026-01-22,44,false,false,,
DFT-2025-02149,TO-MS-01,crossing_wear,major,2025-03-25,2025-04-16,22,true,false,,
DFT-2025-02150,CW-GISTM-01,wire_wear,major,2025-12-20,2026-01-06,17,false,false,,
DFT-2026-02151,TC-MSBMS-03,bonding_defect,minor,2026-04-27,2026-06-25,59,false,false,,
DFT-2025-02152,SL-AVDTI-09,fastening_failure,critical,2025-12-18,2025-12-20,2,true,false,,
DFT-2025-02153,MST-TRLAJJ-19,corrosion,minor,2025-03-30,2025-06-06,68,false,true,failure,2025-04-20
DFT-2025-02154,SL-TNPENR-02,fastening_failure,minor,2025-07-30,2025-08-16,17,false,false,,
DFT-2025-02155,CW-MSBMS-01,wire_wear,minor,2025-03-17,2025-05-10,54,false,true,punctuality_incident,2025-04-02
DFT-2025-02156,BL-MSMBM-08,drainage_choke,minor,2025-06-23,2025-07-22,29,false,false,,
DFT-2025-02157,RL-TITRL-12,corrugation,3,2025-11-23,2026-02-06,75,true,false,,
DFT-2025-02158,OHE-ENR-01,height_stagger,major,2025-04-24,2025-05-08,14,false,false,,
DFT-2025-02159,RL-PERABU-11,wear,1,2025-08-09,2025-08-13,4,true,false,,
DFT-2026-02160,RL-TRLAJJ-43,rail_flaw,3,2026-04-09,2026-04-27,18,false,false,,
DFT-2025-02161,CW-PVTBM-03,burn_mark,major,2025-10-19,2025-11-02,14,false,false,,
DFT-2026-02162,SG-TITRL-18,aspect_defect,major,2026-04-24,2026-05-06,12,true,false,,
DFT-2025-02163,SG-MSBMS-03,aspect_defect,minor,2025-10-08,2025-11-07,30,false,false,,
DFT-2026-02164,MST-MSBMS-06,foundation_defect,major,2026-05-06,2026-05-27,21,false,false,,
DFT-2025-02165,SG-TRLAJJ-24,aspect_defect,major,2025-12-30,2026-01-04,5,false,false,,
DFT-2025-02166,TO-MS-12,switch_wear,minor,2025-07-15,2025-08-05,21,true,false,,
DFT-2026-02167,TC-MASBBQ-04,bonding_defect,critical,2026-03-17,2026-03-18,1,true,false,,
DFT-2025-02168,SL-TRLAJJ-17,cracked_sleeper,major,2025-07-22,2025-07-29,7,false,false,,
DFT-2026-02169,MST-TITRL-03,foundation_defect,minor,2026-01-29,2026-02-17,19,true,false,,
DFT-2026-02170,RL-MSMBM-15,corrugation,3,2026-05-18,2026-07-14,57,false,false,,
DFT-2025-02171,MST-TRLAJJ-02,foundation_defect,minor,2025-07-10,2025-07-22,12,true,false,,
DFT-2026-02172,SL-MSMBM-04,fastening_failure,minor,2026-04-06,2026-05-10,34,false,false,,
DFT-2026-02173,RL-STMPV-01,weld_failure,3,2026-04-29,2026-07-06,68,true,false,,
DFT-2026-02174,TO-MS-09,switch_wear,minor,2026-07-12,2026-09-05,55,false,true,speed_restriction,2026-08-05
DFT-2026-02175,BL-TRLAJJ-24,ballast_deficiency,major,2026-06-24,2026-06-29,5,true,false,,
DFT-2025-02176,RL-AVDTI-20,rail_flaw,3,2025-04-18,2025-05-11,23,true,false,,
DFT-2026-02177,CW-CGLWJ-05,burn_mark,minor,2026-09-02,,5,false,true,punctuality_incident,2026-09-05
DFT-2025-02178,SG-PVTBM-04,aspect_defect,major,2025-08-16,2025-09-07,22,false,true,failure,2025-08-23
DFT-2026-02179,INS-TRLAJJ-19,cracked_insulator,major,2026-01-11,2026-01-31,20,false,true,speed_restriction,2026-01-15
DFT-2025-02180,PT-MAS-18,obstruction,major,2025-06-25,2025-07-15,20,true,false,,
DFT-2026-02181,SL-MASBBQ-02,cracked_sleeper,minor,2026-08-11,,27,false,false,,
DFT-2025-02182,SL-PERABU-02,cracked_sleeper,major,2025-05-26,2025-06-11,16,true,false,,
DFT-2026-02183,INS-AVDTI-06,flashover_mark,major,2026-06-10,2026-07-01,21,true,false,,
DFT-2025-02184,SL-PERABU-11,fastening_failure,minor,2025-11-14,2025-11-24,10,true,false,,
DFT-2025-02185,SL-ABUAVD-03,cracked_sleeper,minor,2025-10-15,2025-12-16,62,false,false,,
DFT-2026-02186,SL-PERABU-14,fastening_failure,minor,2026-01-09,2026-02-07,29,false,false,,
DFT-2025-02187,TC-CGLWJ-03,shunt_failure,minor,2025-08-14,2025-09-22,39,false,false,,
DFT-2025-02188,BL-MBMGI-02,ballast_deficiency,minor,2025-12-03,2026-02-07,66,false,true,failure,2026-02-06
DFT-2026-02189,RL-PERABU-05,wear,3,2026-04-06,2026-05-27,51,false,false,,
DFT-2025-02190,RL-TRLAJJ-46,wear,3,2025-11-30,2026-01-05,36,false,false,,
DFT-2026-02191,BL-MS-06,fouling,minor,2026-03-14,2026-05-10,57,false,false,,
DFT-2026-02192,SG-ENRMJR-08,lamp_failure,minor,2026-04-23,2026-06-22,60,false,false,,
DFT-2026-02193,TO-MS-12,gauge_defect,minor,2026-08-04,2026-09-03,30,false,false,,
DFT-2026-02194,MST-ABUAVD-06,corrosion,major,2026-05-17,2026-06-05,19,false,false,,
DFT-2025-02195,TC-BBQPER-01,shunt_failure,major,2025-06-04,2025-06-12,8,false,false,,
DFT-2026-02196,BL-ENRMJR-02,fouling,minor,2026-01-18,2026-01-31,13,false,false,,
DFT-2026-02197,TO-CJ-02,crossing_wear,major,2026-02-02,2026-02-11,9,false,false,,
DFT-2025-02198,SG-BBQPER-04,aspect_defect,minor,2025-04-10,2025-06-11,62,true,false,,
DFT-2025-02199,BL-TRL-01,fouling,major,2025-04-12,2025-04-30,18,true,false,,
DFT-2025-02200,TC-PERABU-16,shunt_failure,major,2025-05-29,2025-06-16,18,false,false,,
DFT-2026-02201,LC-TITRL-01,check_rail_wear,critical,2026-05-27,2026-06-03,7,false,true,speed_restriction,2026-05-28
DFT-2025-02202,BL-AVD-02,ballast_deficiency,major,2025-07-24,2025-08-02,9,false,false,,
DFT-2026-02203,SL-STMPV-02,cracked_sleeper,minor,2026-06-01,2026-06-23,22,false,false,,
DFT-2026-02204,AC-ABUAVD-03,head_fault,minor,2026-06-26,2026-08-16,51,true,false,,
DFT-2025-02205,TC-PERABU-08,shunt_failure,major,2025-12-07,2025-12-26,19,false,false,,
DFT-2025-02206,SG-MJRPON-01,lamp_failure,major,2025-11-26,2025-12-04,8,false,false,,
DFT-2025-02207,BL-STMPV-01,drainage_choke,minor,2025-10-05,2025-11-11,37,true,true,failure,2025-11-02
DFT-2025-02208,SL-MSMBM-05,fastening_failure,critical,2025-09-19,2025-09-24,5,false,true,speed_restriction,2025-09-21
DFT-2025-02209,SL-MSBMS-02,cracked_sleeper,minor,2025-06-14,2025-08-06,53,false,false,,
DFT-2025-02210,RL-PERABU-09,wear,1,2025-10-13,2025-10-19,6,false,false,,
DFT-2026-02211,MST-TITRL-11,foundation_defect,major,2026-02-11,2026-02-20,9,false,false,,
DFT-2026-02212,TC-TRLAJJ-06,shunt_failure,minor,2026-06-20,2026-07-06,16,true,false,,
DFT-2026-02213,RL-STMPV-03,corrugation,3,2026-08-02,2026-08-25,23,false,true,speed_restriction,2026-08-24
DFT-2025-02214,RL-ABUAVD-05,wear,2,2025-04-28,2025-05-16,18,false,false,,
DFT-2025-02215,CW-AVDTI-07,burn_mark,minor,2025-07-14,2025-08-10,27,true,false,,
DFT-2025-02216,RL-TITRL-14,weld_failure,3,2025-08-09,2025-09-26,48,false,false,,
DFT-2025-02217,AC-MSMBM-04,reset_failure,minor,2025-10-22,2025-11-09,18,true,false,,
DFT-2025-02218,SG-TRLAJJ-33,lamp_failure,major,2025-09-22,2025-10-08,16,false,false,,
DFT-2026-02219,RL-BBQPER-03,rail_flaw,3,2026-07-15,2026-08-05,21,true,false,,
DFT-2025-02220,TC-TNPENR-02,shunt_failure,major,2025-07-11,2025-08-02,22,false,false,,
DFT-2026-02221,SL-MBMGI-02,cracked_sleeper,minor,2026-09-03,,4,false,false,,
DFT-2026-02222,LC-AVDTI-01,check_rail_wear,major,2026-03-12,2026-03-18,6,true,false,,
DFT-2025-02223,BL-PVTBM-04,ballast_deficiency,minor,2025-09-19,2025-11-25,67,true,false,,
DFT-2026-02224,TC-PVTBM-06,shunt_failure,minor,2026-02-04,2026-04-01,56,false,false,,
DFT-2025-02225,MST-TRLAJJ-14,foundation_defect,major,2025-12-28,2026-01-02,5,false,false,,
DFT-2025-02226,CW-AVDTI-07,burn_mark,minor,2025-11-08,2026-01-01,54,false,false,,
DFT-2025-02227,RL-MSMBM-07,wear,3,2025-07-10,2025-09-21,73,false,true,speed_restriction,2025-08-23
DFT-2026-02228,TC-MSMBM-06,shunt_failure,minor,2026-03-21,2026-05-09,49,true,true,punctuality_incident,2026-04-15
DFT-2026-02229,SL-TRLAJJ-34,cracked_sleeper,minor,2026-01-13,2026-02-18,36,false,false,,
DFT-2025-02230,BL-ABUAVD-02,fouling,major,2025-03-23,2025-03-28,5,true,false,,
DFT-2026-02231,OHE-AVDTI-10,height_stagger,minor,2026-01-11,2026-03-20,68,false,false,,
DFT-2025-02232,RL-WJCJ-08,rail_flaw,1,2025-12-28,2026-01-04,7,false,false,,
DFT-2026-02233,TO-GPD-06,crossing_wear,minor,2026-09-03,,4,false,false,,
DFT-2025-02234,SL-PONGPD-08,cracked_sleeper,critical,2025-08-06,2025-08-10,4,true,false,,
DFT-2025-02235,OHE-BBQ-01,hard_spot,major,2025-06-24,2025-07-07,13,false,false,,
DFT-2025-02236,RL-ABUAVD-16,wear,3,2025-05-13,2025-07-14,62,false,false,,
DFT-2025-02237,AC-CGLWJ-03,head_fault,minor,2025-10-14,2025-11-18,35,true,false,,
DFT-2025-02238,SL-PERABU-04,cracked_sleeper,minor,2025-12-25,2026-02-01,38,false,true,speed_restriction,2025-12-27
DFT-2025-02239,SG-TITRL-06,aspect_defect,minor,2025-12-17,2025-12-30,13,false,false,,
DFT-2025-02240,SL-TRLAJJ-24,fastening_failure,minor,2025-09-22,2025-10-13,21,false,false,,
DFT-2026-02241,TC-ABUAVD-06,bonding_defect,major,2026-04-29,2026-05-20,21,false,true,failure,2026-05-02
DFT-2025-02242,BL-TRLAJJ-22,drainage_choke,major,2025-11-25,2025-12-13,18,true,true,speed_restriction,2025-12-04
DFT-2025-02243,PT-BBQ-01,detection_failure,minor,2025-10-08,2025-11-10,33,false,false,,
DFT-2025-02244,SG-STMPV-08,lamp_failure,minor,2025-12-20,2026-02-21,63,false,false,,
DFT-2026-02245,MST-MSMBM-11,foundation_defect,major,2026-06-01,2026-06-07,6,false,false,,
DFT-2026-02246,TC-AVDTI-02,shunt_failure,minor,2026-08-15,2026-09-02,18,false,false,,
DFT-2026-02247,LC-TKOAJJ-01,check_rail_wear,minor,2026-05-11,2026-06-29,49,true,false,,
DFT-2026-02248,RL-GISTM-02,rail_flaw,3,2026-01-09,2026-01-31,22,false,false,,
DFT-2025-02249,SL-TRLAJJ-25,cracked_sleeper,major,2025-07-30,2025-08-17,18,true,false,,
DFT-2026-02250,TC-ENRMJR-05,shunt_failure,major,2026-02-06,2026-02-27,21,true,false,,
DFT-2025-02251,TO-TRL-02,crossing_wear,minor,2025-10-28,2025-12-26,59,false,true,speed_restriction,2025-11-06
DFT-2025-02252,RL-STMPV-14,corrugation,3,2025-10-12,2025-11-21,40,false,false,,
DFT-2026-02253,CW-TRLAJJ-09,wire_wear,critical,2026-03-24,2026-03-31,7,false,false,,
DFT-2025-02254,AC-TITRL-07,head_fault,minor,2025-09-19,2025-10-07,18,true,false,,
DFT-2025-02255,PT-MS-08,detection_failure,minor,2025-10-16,2025-10-29,13,false,false,,
DFT-2025-02256,OHE-AVDTI-02,height_stagger,minor,2025-09-06,2025-10-13,37,false,false,,
DFT-2025-02257,SL-CJTMLP-02,fastening_failure,minor,2025-09-19,2025-10-05,16,false,false,,
DFT-2026-02258,TO-TBM-06,gauge_defect,minor,2026-03-24,2026-04-12,19,false,false,,
DFT-2026-02259,SL-MSMBM-04,fastening_failure,minor,2026-08-14,,24,false,true,failure,2026-08-19
DFT-2026-02260,RL-MSMBM-04,wear,IMDT,2026-04-25,2026-04-27,2,true,false,,
DFT-2025-02261,BL-BBQPER-04,ballast_deficiency,major,2025-08-27,2025-09-17,21,false,false,,
DFT-2026-02262,AC-BBQPER-03,reset_failure,minor,2026-08-13,,25,true,false,,
DFT-2025-02263,MST-PONGPD-06,foundation_defect,major,2025-07-04,2025-07-18,14,true,false,,
DFT-2026-02264,RL-TRLAJJ-42,weld_failure,2,2026-02-25,2026-03-09,12,false,false,,
DFT-2026-02265,LC-CGLWJ-02,surface_defect,minor,2026-07-04,2026-09-06,64,false,false,,
DFT-2026-02266,RL-PERABU-03,rail_flaw,3,2026-05-05,2026-06-30,56,false,false,,
DFT-2025-02267,AC-TRLAJJ-03,reset_failure,minor,2025-06-01,2025-07-24,53,false,false,,
DFT-2025-02268,TC-TRLAJJ-33,bonding_defect,major,2025-12-28,2026-01-19,22,false,false,,
DFT-2025-02269,TO-BBQ-10,gauge_defect,minor,2025-07-20,2025-08-03,14,false,true,failure,2025-07-23
DFT-2026-02270,SL-TRLAJJ-34,fastening_failure,minor,2026-04-11,2026-05-10,29,true,true,speed_restriction,2026-04-16
DFT-2026-02271,SL-PERABU-09,fastening_failure,minor,2026-01-31,2026-02-12,12,false,false,,
DFT-2026-02272,SL-TITRL-03,cracked_sleeper,minor,2026-04-07,2026-06-03,57,false,true,speed_restriction,2026-04-23
DFT-2025-02273,SG-CGLWJ-05,aspect_defect,major,2025-04-07,2025-04-20,13,false,false,,
DFT-2026-02274,SG-MSBMS-02,lamp_failure,major,2026-06-15,2026-07-06,21,false,false,,
DFT-2026-02275,OHE-WJCJ-04,height_stagger,minor,2026-08-22,,16,false,false,,
DFT-2026-02276,MST-STMPV-05,foundation_defect,minor,2026-05-28,2026-07-06,39,false,false,,
DFT-2026-02277,MST-TNPENR-07,foundation_defect,minor,2026-05-25,2026-06-26,32,true,false,,
DFT-2026-02278,TC-MSBMS-06,shunt_failure,major,2026-04-24,2026-05-04,10,false,false,,
DFT-2025-02279,RL-PERABU-24,wear,3,2025-06-10,2025-07-24,44,true,true,failure,2025-07-07
DFT-2026-02280,OHE-PER-02,height_stagger,major,2026-08-29,2026-09-04,6,false,false,,
DFT-2026-02281,SL-PERABU-13,fastening_failure,major,2026-07-04,2026-07-10,6,false,true,speed_restriction,2026-07-05
DFT-2026-02282,LC-TRLAJJ-02,surface_defect,minor,2026-05-17,2026-07-19,63,false,false,,
DFT-2025-02283,CW-PVTBM-05,wire_wear,minor,2025-05-11,2025-07-09,59,false,true,failure,2025-05-21
DFT-2026-02284,MST-PONGPD-02,foundation_defect,major,2026-05-05,2026-05-18,13,false,false,,
DFT-2025-02285,SL-MBMGI-03,fastening_failure,minor,2025-04-06,2025-06-04,59,false,false,,
DFT-2026-02286,INS-AVDTI-03,cracked_insulator,minor,2026-04-30,2026-07-06,67,true,false,,
DFT-2026-02287,MST-MJRPON-01,corrosion,minor,2026-05-09,2026-05-23,14,false,false,,
DFT-2026-02288,RL-PONGPD-08,corrugation,2,2026-06-15,2026-06-25,10,true,false,,
DFT-2025-02289,MST-TRLAJJ-01,foundation_defect,minor,2025-12-01,2025-12-11,10,true,false,,
DFT-2025-02290,OHE-TRLAJJ-07,hard_spot,minor,2025-05-11,2025-06-14,34,false,false,,
DFT-2026-02291,RL-TRLAJJ-22,weld_failure,1,2026-01-11,2026-01-17,6,true,false,,
DFT-2026-02292,TC-MBMGI-03,shunt_failure,minor,2026-01-24,2026-02-26,33,true,false,,
DFT-2026-02293,INS-GISTM-02,flashover_mark,major,2026-06-25,2026-06-30,5,false,true,speed_restriction,2026-06-30
DFT-2025-02294,CW-PERABU-10,burn_mark,minor,2025-11-14,2026-01-05,52,false,false,,
DFT-2026-02295,RL-MSBMS-05,weld_failure,3,2026-05-10,2026-07-06,57,false,true,speed_restriction,2026-05-22
DFT-2026-02296,PT-AJJ-01,obstruction,major,2026-03-21,2026-04-01,11,false,false,,
DFT-2025-02297,CW-MBMGI-03,burn_mark,critical,2025-10-29,2025-10-30,1,false,false,,
DFT-2026-02298,PT-PER-01,detection_failure,major,2026-07-26,2026-08-13,18,false,true,failure,2026-08-02
DFT-2025-02299,OHE-TITRL-10,height_stagger,minor,2025-07-27,2025-08-30,34,false,false,,
DFT-2026-02300,RL-TRLAJJ-33,wear,2,2026-04-12,2026-04-20,8,true,false,,
DFT-2025-02301,TC-PVTBM-04,shunt_failure,minor,2025-03-31,2025-04-15,15,false,false,,
DFT-2026-02302,SL-MSBMS-07,fastening_failure,major,2026-03-02,2026-03-12,10,true,false,,
DFT-2026-02303,RL-PERABU-14,weld_failure,3,2026-02-07,2026-04-08,60,false,false,,
DFT-2026-02304,PT-MSB-06,obstruction,critical,2026-05-22,2026-05-23,1,false,false,,
DFT-2026-02305,OHE-PVTBM-12,height_stagger,minor,2026-04-07,2026-05-07,30,true,false,,
DFT-2025-02306,PT-MAS-02,motor_fault,major,2025-08-23,2025-09-10,18,false,true,failure,2025-09-10
DFT-2025-02307,PT-MAS-04,motor_fault,major,2025-04-28,2025-05-12,14,false,false,,
DFT-2025-02308,SL-PERABU-08,fastening_failure,critical,2025-10-18,2025-10-23,5,false,true,speed_restriction,2025-10-19
DFT-2025-02309,BR-TRLAJJ-02,corrosion,major,2025-12-29,2026-01-04,6,false,false,,
DFT-2026-02310,TO-MAS-18,switch_wear,minor,2026-05-06,2026-06-09,34,false,false,,
DFT-2025-02311,RL-PVTBM-09,weld_failure,2,2025-06-11,2025-06-23,12,false,false,,
DFT-2026-02312,SL-STMPV-05,fastening_failure,major,2026-04-16,2026-05-04,18,false,true,punctuality_incident,2026-05-04
DFT-2026-02313,TC-MSBMS-05,shunt_failure,minor,2026-06-19,2026-07-01,12,false,false,,
DFT-2026-02314,CW-TRLAJJ-23,wire_wear,critical,2026-01-10,2026-01-16,6,false,false,,
DFT-2026-02315,RL-TRLAJJ-56,weld_failure,3,2026-03-24,2026-05-26,63,true,false,,
DFT-2025-02316,MST-WJCJ-05,foundation_defect,minor,2025-05-02,2025-06-12,41,true,false,,
DFT-2025-02317,AC-MSBMS-02,head_fault,minor,2025-11-23,2025-12-05,12,true,false,,
DFT-2025-02318,BL-MASBBQ-01,drainage_choke,minor,2025-11-10,2025-12-26,46,true,false,,
DFT-2025-02319,SL-PERABU-09,cracked_sleeper,critical,2025-09-25,2025-09-27,2,false,false,,
DFT-2025-02320,TO-BBQ-11,crossing_wear,critical,2025-05-23,2025-05-26,3,false,false,,
DFT-2025-02321,RL-TITRL-05,wear,2,2025-09-02,2025-09-19,17,false,false,,
DFT-2026-02322,CW-MSBMS-02,wire_wear,minor,2026-09-01,,6,false,false,,
DFT-2026-02323,TC-STMPV-06,shunt_failure,major,2026-02-04,2026-02-25,21,true,false,,
DFT-2025-02324,SG-TRLAJJ-04,aspect_defect,major,2025-03-30,2025-04-04,5,false,false,,
DFT-2025-02325,MST-MBMGI-04,foundation_defect,major,2025-09-29,2025-10-04,5,true,false,,
DFT-2026-02326,SL-MASBBQ-02,cracked_sleeper,minor,2026-07-05,2026-09-05,62,false,false,,
DFT-2026-02327,BL-AJJ-02,ballast_deficiency,major,2026-06-16,2026-07-06,20,true,false,,
DFT-2026-02328,SL-TITRL-19,cracked_sleeper,minor,2026-02-28,2026-03-26,26,false,true,speed_restriction,2026-03-22
DFT-2025-02329,BL-BBQ-01,drainage_choke,minor,2025-05-09,2025-07-08,60,false,false,,
DFT-2025-02330,CW-AVDTI-07,wire_wear,critical,2025-06-11,2025-06-12,1,false,false,,
DFT-2025-02331,TC-STMPV-04,shunt_failure,minor,2025-05-15,2025-05-25,10,false,false,,
DFT-2026-02332,CW-MSMBM-05,wire_wear,minor,2026-07-11,2026-09-02,53,false,false,,
DFT-2025-02333,OHE-AJJ-01,hard_spot,critical,2025-10-03,2025-10-10,7,false,false,,
DFT-2025-02334,SL-PERABU-09,cracked_sleeper,minor,2025-03-20,2025-05-08,49,false,false,,
DFT-2026-02335,PT-TRL-01,obstruction,minor,2026-02-16,2026-04-03,46,true,false,,
DFT-2026-02336,SL-PONGPD-06,cracked_sleeper,minor,2026-02-26,2026-03-25,27,true,false,,
DFT-2025-02337,MST-CGLWJ-03,foundation_defect,major,2025-07-12,2025-08-03,22,false,false,,
DFT-2025-02338,TC-PERABU-15,shunt_failure,minor,2025-04-30,2025-05-12,12,true,false,,
DFT-2025-02339,RL-ENRMJR-05,corrugation,1,2025-06-12,2025-06-16,4,false,false,,
DFT-2026-02340,MST-BBQPER-01,foundation_defect,critical,2026-06-03,2026-06-06,3,false,false,,
DFT-2026-02341,TO-BBQ-04,crossing_wear,minor,2026-08-17,,21,true,true,punctuality_incident,2026-08-27
DFT-2025-02342,RL-PERABU-23,wear,3,2025-07-08,2025-07-23,15,false,false,,
DFT-2026-02343,RL-TRLAJJ-04,weld_failure,2,2026-04-09,2026-04-26,17,false,true,speed_restriction,2026-04-21
DFT-2026-02344,SG-PONGPD-02,aspect_defect,minor,2026-05-18,2026-07-05,48,false,false,,
DFT-2025-02345,PT-TNP-06,motor_fault,minor,2025-12-07,2026-02-01,56,false,false,,
DFT-2026-02346,SG-TRLAJJ-11,lamp_failure,minor,2026-03-07,2026-03-27,20,true,false,,
DFT-2025-02347,RL-TRLAJJ-07,wear,2,2025-10-08,2025-10-18,10,false,false,,
DFT-2025-02348,TC-MSBMS-02,bonding_defect,critical,2025-08-07,2025-08-09,2,false,false,,
DFT-2025-02349,MST-MASBBQ-03,corrosion,major,2025-10-20,2025-11-02,13,true,false,,
DFT-2026-02350,BL-TRLAJJ-12,fouling,minor,2026-08-03,2026-08-20,17,false,false,,
DFT-2026-02351,SL-TITRL-14,cracked_sleeper,minor,2026-07-27,,42,false,false,,
DFT-2025-02352,BL-TRLAJJ-14,ballast_deficiency,minor,2025-06-28,2025-08-05,38,false,true,failure,2025-07-20
DFT-2025-02353,INS-MSBMS-04,cracked_insulator,minor,2025-07-23,2025-09-29,68,false,false,,
DFT-2026-02354,SG-MSMBM-07,lamp_failure,minor,2026-03-03,2026-05-08,66,false,false,,
DFT-2025-02355,RL-TRLAJJ-09,corrugation,2,2025-06-06,2025-06-22,16,false,false,,
DFT-2025-02356,RL-PERABU-16,corrugation,1,2025-10-03,2025-10-10,7,false,false,,
DFT-2026-02357,BL-TITRL-01,ballast_deficiency,minor,2026-04-11,2026-06-12,62,false,false,,
DFT-2026-02358,CW-MSMBM-01,wire_wear,major,2026-03-02,2026-03-11,9,false,false,,
DFT-2026-02359,OHE-ABUAVD-03,hard_spot,minor,2026-08-28,,10,false,false,,
DFT-2025-02360,OHE-PVTBM-11,height_stagger,minor,2025-07-13,2025-08-26,44,false,false,,
DFT-2026-02361,AC-MSMBM-03,reset_failure,minor,2026-08-18,,20,false,false,,
DFT-2025-02362,PT-TNP-05,obstruction,critical,2025-11-13,2025-11-18,5,false,false,,
DFT-2026-02363,RL-PONGPD-11,rail_flaw,3,2026-05-25,2026-07-26,62,false,false,,
DFT-2025-02364,SG-MSBMS-05,aspect_defect,major,2025-03-20,2025-04-04,15,false,false,,
DFT-2026-02365,AC-TRLAJJ-15,head_fault,minor,2026-08-25,,13,false,false,,
DFT-2025-02366,SL-ENRMJR-05,cracked_sleeper,minor,2025-04-05,2025-06-03,59,false,false,,
DFT-2025-02367,RL-PONGPD-02,rail_flaw,2,2025-06-02,2025-06-21,19,false,false,,
DFT-2026-02368,RL-STMPV-03,corrugation,3,2026-03-30,2026-06-06,68,false,false,,
DFT-2026-02369,INS-MSMBM-03,flashover_mark,minor,2026-08-12,,26,true,false,,
DFT-2026-02370,SG-ABUAVD-05,aspect_defect,minor,2026-01-30,2026-02-16,17,true,false,,
DFT-2025-02371,RL-BBQPER-07,weld_failure,2,2025-07-10,2025-08-04,25,false,false,,
DFT-2025-02372,SL-PONGPD-04,cracked_sleeper,minor,2025-06-25,2025-08-27,63,false,true,failure,2025-06-28
DFT-2025-02373,AC-MJRPON-03,head_fault,critical,2025-05-21,2025-05-26,5,false,false,,
DFT-2025-02374,SL-TRLAJJ-22,cracked_sleeper,major,2025-08-13,2025-08-25,12,true,false,,
DFT-2025-02375,AC-MSBMS-04,head_fault,critical,2025-05-03,2025-05-09,6,true,false,,
DFT-2025-02376,CW-TITRL-04,burn_mark,minor,2025-06-14,2025-06-29,15,false,false,,
DFT-2025-02377,TO-TBM-09,gauge_defect,major,2025-06-21,2025-06-28,7,true,false,,
DFT-2025-02378,CW-PERABU-07,wire_wear,critical,2025-04-28,2025-05-05,7,false,false,,
DFT-2026-02379,TC-TRLAJJ-38,shunt_failure,minor,2026-01-27,2026-02-28,32,true,false,,
DFT-2026-02380,TO-MS-09,switch_wear,minor,2026-05-11,2026-07-10,60,false,true,speed_restriction,2026-06-12
DFT-2026-02381,TC-PERABU-04,shunt_failure,minor,2026-05-01,2026-05-14,13,true,false,,
DFT-2026-02382,RL-ABUAVD-11,weld_failure,3,2026-02-17,2026-03-06,17,false,true,speed_restriction,2026-02-26
DFT-2026-02383,BL-TBM-01,fouling,minor,2026-06-15,2026-08-16,62,false,false,,
DFT-2026-02384,RL-TITRL-10,wear,1,2026-03-15,2026-03-20,5,true,false,,
DFT-2025-02385,INS-PERABU-04,flashover_mark,major,2025-10-09,2025-10-17,8,false,false,,
DFT-2025-02386,BL-MSBMS-07,fouling,minor,2025-10-29,2025-11-10,12,false,false,,
DFT-2026-02387,TC-PONGPD-03,shunt_failure,major,2026-07-15,2026-07-23,8,true,false,,
DFT-2025-02388,TO-MAS-02,gauge_defect,minor,2025-03-23,2025-05-01,39,false,false,,
DFT-2025-02389,BL-MBMGI-03,drainage_choke,minor,2025-06-21,2025-08-02,42,false,true,speed_restriction,2025-07-08
DFT-2025-02390,TC-ABUAVD-05,bonding_defect,major,2025-03-20,2025-04-04,15,false,true,speed_restriction,2025-03-23
DFT-2026-02391,RL-TNPENR-10,corrugation,3,2026-07-08,,61,true,false,,
DFT-2025-02392,SL-MJRPON-02,cracked_sleeper,critical,2025-12-19,2025-12-23,4,false,false,,
DFT-2026-02393,OHE-TRLAJJ-24,hard_spot,minor,2026-05-10,2026-06-29,50,false,false,,
DFT-2026-02394,SL-MSMBM-04,cracked_sleeper,minor,2026-04-11,2026-05-04,23,false,false,,
DFT-2025-02395,TO-AJJ-06,crossing_wear,major,2025-09-25,2025-10-15,20,false,false,,
DFT-2025-02396,RL-GISTM-02,weld_failure,2,2025-11-07,2025-11-18,11,false,false,,
DFT-2025-02397,TC-TITRL-13,shunt_failure,critical,2025-07-23,2025-07-27,4,false,false,,
DFT-2026-02398,RL-TNPENR-03,corrugation,3,2026-05-24,2026-07-04,41,false,false,,
DFT-2026-02399,TC-TITRL-01,shunt_failure,minor,2026-01-08,2026-03-02,53,false,false,,
DFT-2025-02400,OHE-MSB-03,hard_spot,minor,2025-12-09,2026-01-31,53,false,false,,
DFT-2026-02401,BL-MS-01,fouling,minor,2026-02-12,2026-02-28,16,false,false,,
DFT-2026-02402,AC-ABUAVD-04,head_fault,minor,2026-01-28,2026-03-09,40,false,true,failure,2026-03-01
DFT-2025-02403,TO-MAS-05,switch_wear,minor,2025-07-09,2025-07-23,14,true,false,,
DFT-2026-02404,MST-TRLAJJ-24,foundation_defect,minor,2026-05-31,2026-07-02,32,false,false,,
DFT-2026-02405,CW-TRLAJJ-19,burn_mark,major,2026-06-02,2026-06-07,5,false,false,,
DFT-2026-02406,BL-PONGPD-01,ballast_deficiency,minor,2026-02-02,2026-03-13,39,false,false,,
DFT-2025-02407,RL-MSBMS-11,rail_flaw,1,2025-06-19,2025-06-21,2,true,false,,
DFT-2026-02408,TC-AVDTI-01,shunt_failure,major,2026-07-30,2026-08-16,17,true,false,,
DFT-2026-02409,TC-TKOAJJ-02,bonding_defect,minor,2026-02-24,2026-03-11,15,false,false,,
DFT-2026-02410,CW-BBQTNP-02,wire_wear,minor,2026-04-05,2026-04-18,13,false,false,,
DFT-2026-02411,SL-BBQTNP-02,cracked_sleeper,major,2026-03-30,2026-04-13,14,false,false,,
DFT-2026-02412,SG-TRLAJJ-21,lamp_failure,minor,2026-04-25,2026-05-05,10,false,false,,
DFT-2025-02413,INS-MASBBQ-02,cracked_insulator,major,2025-12-05,2025-12-15,10,false,false,,
DFT-2025-02414,RL-PVTBM-08,wear,2,2025-11-09,2025-11-22,13,false,true,speed_restriction,2025-11-18
DFT-2025-02415,PT-PER-01,obstruction,minor,2025-11-26,2026-01-30,65,false,false,,
DFT-2025-02416,SL-MJRPON-03,fastening_failure,critical,2025-07-24,2025-07-31,7,true,false,,
DFT-2025-02417,SG-TRLAJJ-08,aspect_defect,minor,2025-05-20,2025-07-04,45,false,false,,
DFT-2025-02418,OHE-TRLAJJ-05,hard_spot,critical,2025-04-22,2025-04-23,1,false,false,,
DFT-2025-02419,TO-GPD-03,gauge_defect,minor,2025-05-05,2025-05-26,21,false,false,,
DFT-2025-02420,RL-GISTM-02,corrugation,3,2025-11-16,2025-12-08,22,false,false,,
DFT-2025-02421,AC-ABUAVD-01,head_fault,minor,2025-10-30,2025-11-12,13,false,false,,
DFT-2026-02422,TO-MAS-16,switch_wear,major,2026-09-06,,1,true,false,,
DFT-2025-02423,RL-PONGPD-07,rail_flaw,3,2025-12-29,2026-02-19,52,false,true,speed_restriction,2026-01-10
DFT-2025-02424,SL-TNPENR-01,cracked_sleeper,major,2025-09-30,2025-10-18,18,false,false,,
DFT-2025-02425,SL-STMPV-03,cracked_sleeper,major,2025-11-29,2025-12-12,13,true,false,,
DFT-2026-02426,TC-TRLAJJ-22,shunt_failure,major,2026-01-08,2026-01-15,7,true,false,,
DFT-2025-02427,RL-TITRL-22,wear,2,2025-04-25,2025-05-13,18,false,false,,
DFT-2025-02428,TO-BBQ-02,switch_wear,minor,2025-06-18,2025-07-29,41,false,false,,
DFT-2026-02429,PT-BBQ-07,detection_failure,minor,2026-07-27,,42,false,true,punctuality_incident,2026-08-26
DFT-2026-02430,RL-BBQPER-05,corrugation,2,2026-03-14,2026-03-19,5,false,false,,
DFT-2026-02431,TO-AJJ-10,switch_wear,major,2026-05-22,2026-06-10,19,false,false,,
DFT-2025-02432,RL-TITRL-22,weld_failure,2,2025-04-05,2025-04-10,5,true,false,,
DFT-2026-02433,MST-PONGPD-06,foundation_defect,major,2026-07-24,2026-08-10,17,false,false,,
DFT-2025-02434,SL-MASBBQ-03,cracked_sleeper,minor,2025-06-23,2025-07-07,14,false,false,,
DFT-2025-02435,RL-TRLAJJ-14,corrugation,2,2025-06-01,2025-06-11,10,false,false,,
DFT-2025-02436,TC-PVTBM-08,bonding_defect,minor,2025-10-09,2025-11-02,24,true,true,failure,2025-10-13
DFT-2025-02437,SL-STMPV-05,fastening_failure,major,2025-04-03,2025-04-19,16,false,true,failure,2025-04-12
DFT-2025-02438,OHE-MSMBM-10,height_stagger,minor,2025-09-19,2025-10-18,29,false,false,,
DFT-2025-02439,RL-TRLAJJ-13,weld_failure,3,2025-05-10,2025-06-01,22,false,false,,
DFT-2025-02440,SS-AVD-01,equipment_fault,minor,2025-10-22,2025-11-29,38,false,false,,
DFT-2026-02441,BL-TRLAJJ-05,ballast_deficiency,minor,2026-03-15,2026-05-14,60,false,false,,
DFT-2026-02442,RL-PVTBM-05,corrugation,1,2026-09-01,2026-09-06,5,false,false,,
DFT-2025-02443,TC-MSBMS-04,shunt_failure,minor,2025-11-21,2026-01-12,52,true,false,,
DFT-2025-02444,CW-TNPENR-03,burn_mark,minor,2025-11-04,2025-12-24,50,false,false,,
DFT-2026-02445,SL-TRLAJJ-11,cracked_sleeper,minor,2026-07-25,2026-09-05,42,true,false,,
DFT-2026-02446,RL-TNPENR-08,weld_failure,3,2026-02-16,2026-03-30,42,false,true,failure,2026-02-24
DFT-2026-02447,AC-BBQPER-01,head_fault,minor,2026-04-16,2026-06-10,55,false,false,,
DFT-2026-02448,SG-TRLAJJ-27,lamp_failure,major,2026-07-15,2026-07-23,8,false,false,,
DFT-2025-02449,RL-ABUAVD-04,wear,3,2025-11-22,2026-02-05,75,false,true,speed_restriction,2025-12-22
DFT-2025-02450,OHE-STMPV-12,hard_spot,major,2025-07-02,2025-07-11,9,false,false,,
DFT-2025-02451,TC-MSMBM-10,bonding_defect,minor,2025-10-29,2025-12-14,46,true,false,,
DFT-2026-02452,TO-CGL-01,switch_wear,minor,2026-08-11,,27,false,false,,
DFT-2025-02453,RL-TITRL-07,rail_flaw,2,2025-08-21,2025-08-30,9,false,false,,
DFT-2025-02454,TO-PER-06,crossing_wear,major,2025-07-09,2025-07-21,12,true,false,,
DFT-2026-02455,SG-MSMBM-07,lamp_failure,major,2026-02-18,2026-02-26,8,false,false,,
DFT-2025-02456,SL-PVTBM-02,cracked_sleeper,minor,2025-11-05,2025-11-21,16,false,false,,
DFT-2025-02457,BR-CGLWJ-01,expansion_joint,minor,2025-04-13,2025-06-04,52,true,false,,
DFT-2026-02458,SL-STMPV-01,cracked_sleeper,minor,2026-07-22,2026-09-06,46,true,false,,
DFT-2025-02459,RL-PONGPD-08,wear,2,2025-11-20,2025-12-14,24,false,false,,
DFT-2025-02460,OHE-BBQPER-03,hard_spot,minor,2025-08-12,2025-10-10,59,true,false,,
DFT-2026-02461,LC-CGLWJ-02,check_rail_wear,critical,2026-07-25,2026-07-30,5,false,true,speed_restriction,2026-07-27
DFT-2025-02462,AC-GISTM-01,reset_failure,minor,2025-07-21,2025-09-21,62,false,false,,
DFT-2025-02463,INS-PVTBM-04,cracked_insulator,major,2025-07-30,2025-08-06,7,true,false,,
DFT-2025-02464,OHE-ENRMJR-04,height_stagger,minor,2025-06-25,2025-07-14,19,false,false,,
DFT-2025-02465,MST-TRLAJJ-07,foundation_defect,major,2025-04-20,2025-04-30,10,true,false,,
DFT-2025-02466,BL-TBM-05,drainage_choke,minor,2025-12-30,2026-01-19,20,false,false,,
DFT-2025-02467,CW-MSMBM-06,burn_mark,minor,2025-06-24,2025-07-13,19,false,true,speed_restriction,2025-07-05
DFT-2026-02468,RL-CJTMLP-01,corrugation,3,2026-05-25,2026-08-07,74,true,false,,
DFT-2026-02469,TC-MSBMS-08,bonding_defect,major,2026-03-13,2026-03-31,18,false,false,,
DFT-2026-02470,INS-WJCJ-02,flashover_mark,minor,2026-02-19,2026-04-16,56,false,true,speed_restriction,2026-03-17
DFT-2025-02471,RL-TITRL-32,corrugation,2,2025-05-06,2025-05-17,11,false,false,,
DFT-2026-02472,RL-WJCJ-09,weld_failure,3,2026-02-21,2026-04-24,62,false,false,,
DFT-2025-02473,TC-AVDTI-11,shunt_failure,major,2025-05-16,2025-06-02,17,false,false,,
DFT-2026-02474,OHE-PERABU-18,height_stagger,major,2026-04-29,2026-05-15,16,false,false,,
DFT-2025-02475,AC-PERABU-04,head_fault,minor,2025-05-12,2025-06-02,21,false,false,,
DFT-2025-02476,RL-PERABU-10,wear,1,2025-11-24,2025-11-29,5,false,false,,
DFT-2025-02477,TC-MSBMS-06,bonding_defect,minor,2025-11-24,2025-12-10,16,false,false,,
DFT-2026-02478,SG-MSBMS-07,aspect_defect,minor,2026-07-19,,50,false,false,,
DFT-2026-02479,TO-TRL-03,switch_wear,minor,2026-01-16,2026-02-19,34,false,false,,
DFT-2026-02480,BL-MAS-08,ballast_deficiency,minor,2026-02-07,2026-02-25,18,false,false,,
DFT-2025-02481,CW-PVTBM-06,burn_mark,minor,2025-08-13,2025-09-06,24,false,false,,
DFT-2026-02482,SL-CJTMLP-01,fastening_failure,major,2026-04-15,2026-04-21,6,false,false,,
DFT-2026-02483,SL-TMLPTKO-01,cracked_sleeper,minor,2026-01-04,2026-03-08,63,false,false,,
DFT-2025-02484,RL-TRLAJJ-05,wear,1,2025-10-15,2025-10-16,1,false,false,,
DFT-2025-02485,SL-BBQTNP-01,cracked_sleeper,major,2025-04-23,2025-04-29,6,false,false,,
DFT-2026-02486,SG-PONGPD-02,aspect_defect,major,2026-08-25,2026-09-03,9,false,false,,
DFT-2026-02487,TO-MAS-14,switch_wear,minor,2026-07-14,2026-09-02,50,true,false,,
DFT-2025-02488,TC-PONGPD-03,bonding_defect,critical,2025-12-25,2025-12-28,3,true,false,,
DFT-2026-02489,RL-TRLAJJ-65,wear,2,2026-02-09,2026-02-27,18,false,false,,
DFT-2025-02490,CW-MBMGI-04,burn_mark,minor,2025-08-05,2025-09-19,45,false,false,,
DFT-2025-02491,BL-CGLWJ-02,ballast_deficiency,minor,2025-10-08,2025-10-30,22,false,false,,
DFT-2025-02492,SG-TITRL-15,aspect_defect,minor,2025-03-16,2025-05-04,49,false,false,,
DFT-2025-02493,OHE-TRLAJJ-41,hard_spot,minor,2025-06-03,2025-06-21,18,false,false,,
DFT-2025-02494,AC-BBQPER-03,reset_failure,major,2025-08-20,2025-08-30,10,false,false,,
DFT-2026-02495,SL-TRLAJJ-21,cracked_sleeper,minor,2026-04-02,2026-05-20,48,false,false,,
DFT-2026-02496,OHE-MBMGI-01,hard_spot,major,2026-06-26,2026-07-03,7,false,false,,
DFT-2025-02497,TC-TRLAJJ-39,shunt_failure,minor,2025-07-06,2025-09-04,60,false,true,failure,2025-07-29
DFT-2026-02498,TO-AJJ-02,switch_wear,minor,2026-06-15,2026-08-22,68,false,false,,
DFT-2026-02499,MST-AVDTI-08,foundation_defect,minor,2026-08-10,,28,false,false,,
DFT-2025-02500,RL-MBMGI-03,rail_flaw,2,2025-07-06,2025-07-11,5,false,false,,
DFT-2026-02501,RL-CGLWJ-02,weld_failure,3,2026-03-30,2026-04-21,22,true,false,,
DFT-2026-02502,TO-GPD-06,crossing_wear,major,2026-07-28,2026-08-16,19,false,false,,
DFT-2025-02503,SG-TRLAJJ-27,lamp_failure,minor,2025-07-01,2025-08-13,43,true,false,,
DFT-2026-02504,TO-PER-05,switch_wear,minor,2026-08-17,,21,false,false,,
DFT-2026-02505,BL-TRLAJJ-07,fouling,minor,2026-04-28,2026-05-28,30,false,false,,
DFT-2025-02506,TO-MSB-08,switch_wear,critical,2025-11-27,2025-12-03,6,true,false,,
DFT-2025-02507,OHE-MJRPON-03,height_stagger,minor,2025-11-21,2026-01-14,54,true,false,,
DFT-2025-02508,SS-AJJ-01,transformer_alarm,major,2025-11-14,2025-11-25,11,true,false,,
DFT-2026-02509,SL-MSBMS-08,cracked_sleeper,minor,2026-03-03,2026-04-04,32,true,false,,
DFT-2026-02510,BL-TRL-04,ballast_deficiency,minor,2026-08-17,,21,true,false,,
DFT-2025-02511,AC-TRLAJJ-14,head_fault,minor,2025-05-07,2025-05-27,20,false,false,,
DFT-2026-02512,SL-TITRL-02,fastening_failure,minor,2026-06-20,2026-07-09,19,false,false,,
DFT-2025-02513,SL-TITRL-02,fastening_failure,minor,2025-08-16,2025-09-06,21,false,false,,
DFT-2025-02514,TO-TBM-04,switch_wear,minor,2025-12-11,2026-01-07,27,true,false,,
DFT-2026-02515,AC-ABUAVD-04,head_fault,minor,2026-03-17,2026-04-08,22,false,false,,
DFT-2025-02516,MST-MJRPON-04,foundation_defect,major,2025-12-27,2026-01-08,12,false,false,,
DFT-2025-02517,TC-TRLAJJ-06,shunt_failure,major,2025-07-06,2025-07-24,18,false,false,,
DFT-2026-02518,SG-WJCJ-05,aspect_defect,critical,2026-01-03,2026-01-08,5,true,false,,
DFT-2025-02519,INS-MSMBM-01,cracked_insulator,major,2025-10-04,2025-10-16,12,true,false,,
DFT-2025-02520,RL-PERABU-02,wear,2,2025-09-13,2025-10-06,23,true,false,,
DFT-2025-02521,TO-PER-04,switch_wear,major,2025-05-06,2025-05-25,19,false,false,,
DFT-2026-02522,BL-STMPV-06,ballast_deficiency,minor,2026-08-27,,11,false,false,,
DFT-2026-02523,MST-MSMBM-11,corrosion,major,2026-03-19,2026-04-03,15,false,false,,
DFT-2025-02524,SL-PVTBM-04,fastening_failure,minor,2025-07-15,2025-07-30,15,false,false,,
DFT-2026-02525,OHE-ENRMJR-01,hard_spot,major,2026-08-20,2026-09-06,17,false,false,,
DFT-2025-02526,RL-PVTBM-10,weld_failure,3,2025-09-19,2025-10-15,26,false,false,,
DFT-2025-02527,SG-PERABU-16,aspect_defect,critical,2025-07-21,2025-07-22,1,false,false,,
DFT-2025-02528,RL-ENRMJR-05,weld_failure,2,2025-03-30,2025-04-21,22,false,true,speed_restriction,2025-04-10
DFT-2025-02529,RL-ENRMJR-09,wear,2,2025-10-03,2025-10-21,18,false,false,,
DFT-2025-02530,OHE-PERABU-10,hard_spot,minor,2025-07-17,2025-09-24,69,true,false,,
DFT-2025-02531,SG-TRLAJJ-22,aspect_defect,minor,2025-07-23,2025-08-26,34,false,false,,
DFT-2025-02532,RL-TRLAJJ-06,weld_failure,2,2025-11-11,2025-11-24,13,true,true,speed_restriction,2025-11-17
DFT-2025-02533,SG-ABUAVD-03,aspect_defect,critical,2025-09-13,2025-09-18,5,false,false,,
DFT-2026-02534,CW-ENRMJR-01,burn_mark,minor,2026-08-31,,7,false,false,,
DFT-2026-02535,RL-TNPENR-07,rail_flaw,2,2026-06-24,2026-07-15,21,false,true,speed_restriction,2026-06-29
DFT-2025-02536,TC-MASBBQ-04,bonding_defect,minor,2025-10-22,2025-11-11,20,false,false,,
DFT-2025-02537,TC-AVDTI-05,shunt_failure,major,2025-08-23,2025-09-05,13,false,false,,
DFT-2025-02538,RL-AVDTI-03,weld_failure,2,2025-12-01,2025-12-13,12,true,true,speed_restriction,2025-12-07
DFT-2025-02539,AC-TRLAJJ-09,head_fault,minor,2025-09-12,2025-11-16,65,false,true,speed_restriction,2025-09-13
DFT-2025-02540,RL-TRLAJJ-48,rail_flaw,3,2025-12-22,2026-01-23,32,false,false,,
DFT-2025-02541,SG-TNPENR-06,lamp_failure,major,2025-12-21,2025-12-29,8,false,false,,
DFT-2025-02542,TO-MAS-11,crossing_wear,major,2025-11-18,2025-12-10,22,true,false,,
DFT-2026-02543,OHE-AVDTI-11,hard_spot,major,2026-05-13,2026-06-02,20,false,false,,
DFT-2025-02544,TO-MS-10,switch_wear,minor,2025-11-23,2026-01-13,51,false,false,,
DFT-2025-02545,TC-MBMGI-03,shunt_failure,minor,2025-10-22,2025-11-02,11,false,false,,
DFT-2026-02546,TC-PONGPD-07,bonding_defect,minor,2026-08-31,,7,false,false,,
DFT-2025-02547,OHE-MSMBM-07,hard_spot,minor,2025-10-15,2025-12-16,62,false,true,speed_restriction,2025-10-26
DFT-2026-02548,IL-CJ-01,wire_count_discrepancy,major,2026-02-25,2026-03-15,18,false,false,,
DFT-2026-02549,BL-BBQTNP-02,fouling,critical,2026-03-22,2026-03-29,7,true,true,speed_restriction,2026-03-29
DFT-2025-02550,RL-ENRMJR-09,rail_flaw,2,2025-12-26,2026-01-18,23,false,false,,
DFT-2026-02551,MST-MASBBQ-02,foundation_defect,major,2026-01-08,2026-01-27,19,false,false,,
DFT-2026-02552,MST-MJRPON-07,foundation_defect,minor,2026-03-26,2026-04-14,19,false,false,,
DFT-2025-02553,PT-AVD-07,detection_failure,minor,2025-06-16,2025-08-01,46,false,false,,
DFT-2025-02554,RL-TRLAJJ-15,weld_failure,3,2025-12-02,2026-01-11,40,true,false,,
DFT-2025-02555,TC-ABUAVD-03,shunt_failure,major,2025-07-31,2025-08-09,9,true,false,,
DFT-2025-02556,SL-PONGPD-06,cracked_sleeper,major,2025-09-28,2025-10-08,10,false,false,,
DFT-2026-02557,CW-MJRPON-06,burn_mark,minor,2026-02-07,2026-04-01,53,false,true,failure,2026-02-17
DFT-2026-02558,AC-MJRPON-01,reset_failure,minor,2026-05-05,2026-06-24,50,false,true,failure,2026-05-13
DFT-2026-02559,RL-ABUAVD-10,wear,3,2026-08-04,2026-08-23,19,false,true,failure,2026-08-12
DFT-2025-02560,RL-AVDTI-11,rail_flaw,2,2025-04-03,2025-04-25,22,false,false,,
DFT-2025-02561,RL-TRLAJJ-48,weld_failure,3,2025-04-24,2025-06-09,46,false,false,,
DFT-2025-02562,OHE-AVDTI-15,height_stagger,minor,2025-05-10,2025-05-22,12,false,false,,
DFT-2025-02563,TC-TNPENR-03,shunt_failure,minor,2025-11-19,2025-12-12,23,false,false,,
DFT-2025-02564,SL-PONGPD-04,fastening_failure,major,2025-08-28,2025-09-08,11,false,false,,
DFT-2026-02565,RL-AVDTI-17,rail_flaw,2,2026-02-13,2026-03-08,23,true,false,,
DFT-2025-02566,SG-PVTBM-07,lamp_failure,critical,2025-03-21,2025-03-25,4,false,false,,
DFT-2026-02567,IL-MSB-01,relay_fault,minor,2026-03-24,2026-04-16,23,true,false,,
DFT-2026-02568,SL-TNPENR-05,fastening_failure,minor,2026-03-02,2026-04-15,44,true,false,,
DFT-2026-02569,RL-PONGPD-07,rail_flaw,3,2026-02-02,2026-03-03,29,false,false,,
DFT-2025-02570,SL-CGLWJ-06,cracked_sleeper,minor,2025-07-21,2025-08-24,34,false,false,,
DFT-2026-02571,BL-TBM-05,ballast_deficiency,minor,2026-03-12,2026-05-20,69,false,false,,
DFT-2025-02572,TC-AVDTI-07,shunt_failure,major,2025-06-30,2025-07-10,10,false,false,,
DFT-2026-02573,SL-TITRL-02,cracked_sleeper,major,2026-02-09,2026-02-25,16,false,false,,
DFT-2025-02574,RL-TRLAJJ-13,wear,2,2025-09-24,2025-10-10,16,false,true,punctuality_incident,2025-10-04
DFT-2026-02575,SL-MSBMS-03,cracked_sleeper,minor,2026-05-11,2026-07-08,58,false,false,,
DFT-2026-02576,PT-PER-06,detection_failure,major,2026-08-03,2026-08-14,11,true,false,,
DFT-2025-02577,RL-STMPV-15,rail_flaw,1,2025-09-12,2025-09-13,1,false,false,,
DFT-2026-02578,RL-TRLAJJ-55,wear,3,2026-07-25,,44,false,false,,
DFT-2026-02579,TC-TNPENR-05,shunt_failure,minor,2026-08-24,,14,false,false,,
DFT-2026-02580,BL-PERABU-14,drainage_choke,minor,2026-06-12,2026-08-06,55,false,false,,
DFT-2026-02581,SG-TITRL-09,lamp_failure,critical,2026-05-21,2026-05-27,6,false,false,,
DFT-2026-02582,PT-MAS-12,obstruction,critical,2026-03-07,2026-03-14,7,true,false,,
DFT-2026-02583,TO-MSB-03,crossing_wear,minor,2026-05-16,2026-05-28,12,false,false,,
DFT-2025-02584,OHE-AVDTI-14,height_stagger,minor,2025-11-03,2025-12-13,40,false,false,,
DFT-2025-02585,OHE-TITRL-10,hard_spot,major,2025-06-11,2025-06-29,18,true,false,,
DFT-2026-02586,TC-ENRMJR-01,shunt_failure,major,2026-07-11,2026-07-28,17,true,true,punctuality_incident,2026-07-20
DFT-2026-02587,BL-TRLAJJ-13,ballast_deficiency,major,2026-02-13,2026-02-22,9,false,false,,
DFT-2026-02588,PT-AJJ-11,obstruction,major,2026-07-15,2026-08-06,22,false,false,,
DFT-2026-02589,CW-MSMBM-07,burn_mark,minor,2026-09-05,,2,false,false,,
DFT-2025-02590,MST-PERABU-15,corrosion,minor,2025-08-18,2025-10-18,61,false,false,,
DFT-2025-02591,SL-TITRL-03,fastening_failure,critical,2025-09-30,2025-10-05,5,false,false,,
DFT-2025-02592,BL-TNPENR-04,drainage_choke,minor,2025-11-13,2025-12-05,22,true,false,,
DFT-2026-02593,RL-CJTMLP-06,rail_flaw,IMDT,2026-08-11,2026-08-13,2,false,false,,
DFT-2026-02594,CW-TRLAJJ-24,wire_wear,major,2026-08-10,2026-09-01,22,false,false,,
DFT-2025-02595,RL-PONGPD-07,weld_failure,2,2025-05-05,2025-05-30,25,false,false,,
DFT-2026-02596,OHE-ENRMJR-09,height_stagger,minor,2026-04-26,2026-05-22,26,false,false,,
DFT-2026-02597,IL-MSB-01,relay_fault,major,2026-09-01,,6,true,false,,
DFT-2025-02598,OHE-MSMBM-06,hard_spot,minor,2025-04-22,2025-06-19,58,true,false,,
DFT-2026-02599,SL-MASBBQ-03,fastening_failure,minor,2026-01-12,2026-01-31,19,false,false,,
DFT-2026-02600,TO-MS-05,crossing_wear,minor,2026-01-18,2026-03-07,48,false,true,speed_restriction,2026-01-21
DFT-2026-02601,INS-CGLWJ-03,cracked_insulator,major,2026-06-27,2026-07-12,15,false,true,punctuality_incident,2026-07-07
DFT-2026-02602,BL-MSB-06,fouling,major,2026-03-09,2026-03-26,17,false,false,,
DFT-2025-02603,RL-CGLWJ-03,rail_flaw,2,2025-10-16,2025-11-03,18,true,false,,
DFT-2025-02604,RL-PONGPD-13,rail_flaw,3,2025-06-26,2025-09-06,72,false,false,,
DFT-2026-02605,PT-TRL-04,obstruction,minor,2026-02-08,2026-04-19,70,false,false,,
DFT-2026-02606,SL-ENRMJR-05,cracked_sleeper,minor,2026-08-08,,30,false,false,,
DFT-2026-02607,RL-STMPV-05,rail_flaw,2,2026-03-25,2026-04-15,21,false,false,,
DFT-2025-02608,RL-TRLAJJ-01,wear,3,2025-08-01,2025-09-26,56,false,false,,
DFT-2025-02609,OHE-AVD-02,hard_spot,minor,2025-07-23,2025-08-04,12,false,true,speed_restriction,2025-07-30
DFT-2025-02610,TC-MJRPON-05,shunt_failure,minor,2025-11-11,2025-11-27,16,true,false,,
DFT-2026-02611,SL-GISTM-02,cracked_sleeper,minor,2026-04-22,2026-05-14,22,false,false,,
DFT-2026-02612,OHE-CJ-02,height_stagger,critical,2026-02-04,2026-02-11,7,false,false,,
DFT-2025-02613,SS-MS-01,equipment_fault,major,2025-12-08,2025-12-28,20,false,false,,
DFT-2026-02614,OHE-AVDTI-12,hard_spot,minor,2026-08-21,,17,false,false,,
DFT-2025-02615,TO-AVD-07,switch_wear,minor,2025-06-03,2025-07-06,33,false,false,,
DFT-2026-02616,RL-STMPV-02,rail_flaw,2,2026-06-09,2026-06-18,9,false,false,,
DFT-2025-02617,RL-AVDTI-16,wear,3,2025-09-14,2025-10-23,39,false,false,,
DFT-2025-02618,SG-CJTMLP-03,aspect_defect,minor,2025-05-22,2025-07-28,67,false,false,,
DFT-2026-02619,AC-WJCJ-01,reset_failure,minor,2026-06-19,2026-07-22,33,false,false,,
DFT-2025-02620,TC-PONGPD-10,shunt_failure,minor,2025-12-11,2026-01-30,50,false,false,,
DFT-2026-02621,MST-ABUAVD-01,foundation_defect,major,2026-05-15,2026-06-06,22,false,false,,
DFT-2025-02622,BL-MAS-06,ballast_deficiency,major,2025-08-21,2025-09-09,19,false,false,,
DFT-2025-02623,OHE-STMPV-02,height_stagger,minor,2025-10-16,2025-11-22,37,true,false,,
DFT-2025-02624,SS-AVD-01,equipment_fault,major,2025-09-08,2025-09-20,12,true,false,,
DFT-2026-02625,MST-ABUAVD-03,foundation_defect,major,2026-07-08,2026-07-23,15,false,false,,
DFT-2026-02626,RL-PVTBM-10,rail_flaw,1,2026-01-25,2026-01-27,2,false,false,,
DFT-2025-02627,RL-MSBMS-05,wear,1,2025-12-29,2025-12-30,1,true,false,,
DFT-2025-02628,TO-TNP-04,gauge_defect,minor,2025-07-08,2025-07-23,15,false,false,,
DFT-2025-02629,RL-PVTBM-05,wear,2,2025-05-29,2025-06-22,24,false,false,,
DFT-2025-02630,RL-ENRMJR-08,corrugation,3,2025-11-02,2026-01-07,66,false,false,,
DFT-2025-02631,RL-MSMBM-07,rail_flaw,3,2025-06-26,2025-07-22,26,false,true,speed_restriction,2025-07-19
DFT-2026-02632,OHE-MJRPON-08,height_stagger,minor,2026-04-29,2026-05-23,24,false,true,punctuality_incident,2026-05-15
DFT-2025-02633,MST-MSMBM-11,corrosion,minor,2025-05-28,2025-07-27,60,true,false,,
DFT-2026-02634,OHE-PER-02,height_stagger,major,2026-09-01,,6,false,false,,
DFT-2025-02635,OHE-BBQPER-08,height_stagger,minor,2025-11-15,2026-01-09,55,false,false,,
DFT-2025-02636,PT-ENR-06,motor_fault,major,2025-06-04,2025-06-23,19,false,false,,
DFT-2025-02637,BL-MAS-02,fouling,critical,2025-05-24,2025-05-25,1,false,false,,
DFT-2025-02638,TC-TRLAJJ-28,bonding_defect,major,2025-05-03,2025-05-15,12,false,false,,
DFT-2025-02639,SL-TRLAJJ-04,cracked_sleeper,major,2025-06-20,2025-07-05,15,false,false,,
DFT-2026-02640,OHE-TRLAJJ-48,height_stagger,minor,2026-05-31,2026-07-02,32,false,false,,
DFT-2025-02641,OHE-MJRPON-07,hard_spot,major,2025-09-04,2025-09-11,7,true,false,,
DFT-2025-02642,TC-TRLAJJ-36,bonding_defect,minor,2025-10-18,2025-11-11,24,true,false,,
DFT-2025-02643,OHE-MAS-05,height_stagger,critical,2025-09-14,2025-09-20,6,false,false,,
DFT-2025-02644,SL-ABUAVD-06,cracked_sleeper,minor,2025-06-06,2025-07-28,52,false,true,speed_restriction,2025-07-04
DFT-2026-02645,TC-TRLAJJ-02,shunt_failure,major,2026-02-11,2026-03-02,19,false,true,punctuality_incident,2026-02-23
DFT-2026-02646,LC-TNPENR-01,surface_defect,major,2026-03-26,2026-03-31,5,true,false,,
DFT-2025-02647,PT-MSB-11,detection_failure,minor,2025-07-13,2025-08-04,22,false,true,speed_restriction,2025-08-01
DFT-2025-02648,CW-PVTBM-03,burn_mark,critical,2025-12-20,2025-12-25,5,false,false,,
DFT-2025-02649,RL-TRLAJJ-39,wear,3,2025-06-18,2025-08-24,67,true,false,,
DFT-2025-02650,MST-PONGPD-03,foundation_defect,minor,2025-11-13,2026-01-06,54,true,false,,
DFT-2025-02651,AC-TITRL-03,head_fault,minor,2025-10-07,2025-10-23,16,true,false,,
DFT-2025-02652,BL-GISTM-02,drainage_choke,major,2025-09-17,2025-09-30,13,true,false,,
DFT-2026-02653,TO-TBM-07,gauge_defect,minor,2026-01-17,2026-02-10,24,false,false,,
DFT-2025-02654,OHE-PVTBM-05,hard_spot,minor,2025-05-30,2025-07-11,42,false,false,,
DFT-2025-02655,RL-TITRL-22,weld_failure,2,2025-12-12,2025-12-20,8,false,true,speed_restriction,2025-12-13
DFT-2025-02656,BL-MSBMS-02,fouling,minor,2025-04-26,2025-06-19,54,false,false,,
DFT-2025-02657,PT-TBM-09,detection_failure,minor,2025-04-09,2025-06-14,66,false,false,,
DFT-2026-02658,RL-TRLAJJ-66,weld_failure,3,2026-07-10,,59,false,false,,
DFT-2025-02659,RL-TITRL-05,weld_failure,3,2025-06-30,2025-08-17,48,false,true,speed_restriction,2025-07-16
DFT-2026-02660,RL-CJTMLP-07,weld_failure,2,2026-01-19,2026-02-02,14,false,true,failure,2026-01-25
DFT-2026-02661,SG-CJTMLP-04,aspect_defect,minor,2026-05-29,2026-07-26,58,false,false,,
DFT-2025-02662,TO-CJ-03,crossing_wear,minor,2025-06-16,2025-07-17,31,false,false,,
DFT-2025-02663,RL-MJRPON-03,rail_flaw,2,2025-09-11,2025-10-05,24,false,false,,
DFT-2026-02664,TC-GISTM-04,bonding_defect,minor,2026-01-22,2026-02-28,37,false,false,,
DFT-2026-02665,BL-MAS-03,ballast_deficiency,major,2026-01-01,2026-01-13,12,true,false,,
DFT-2026-02666,TO-AJJ-09,switch_wear,minor,2026-05-01,2026-06-14,44,false,false,,
DFT-2026-02667,SG-TITRL-08,lamp_failure,minor,2026-05-24,2026-07-29,66,false,true,failure,2026-07-28
DFT-2025-02668,BL-PONGPD-02,fouling,major,2025-05-11,2025-05-16,5,false,false,,
DFT-2025-02669,RL-ABUAVD-11,corrugation,3,2025-08-16,2025-10-22,67,false,false,,
DFT-2026-02670,BL-MSB-02,drainage_choke,major,2026-02-19,2026-03-09,18,false,false,,
DFT-2025-02671,RL-TITRL-07,rail_flaw,2,2025-09-07,2025-09-30,23,true,false,,
DFT-2025-02672,INS-TITRL-06,cracked_insulator,minor,2025-09-25,2025-11-01,37,true,false,,
DFT-2025-02673,RL-TRLAJJ-15,wear,3,2025-07-04,2025-08-21,48,false,true,speed_restriction,2025-07-16
DFT-2025-02674,OHE-TNPENR-09,hard_spot,minor,2025-10-31,2025-11-14,14,false,false,,
DFT-2025-02675,INS-TITRL-04,cracked_insulator,minor,2025-09-24,2025-10-30,36,true,false,,
DFT-2025-02676,BL-STMPV-08,fouling,minor,2025-09-22,2025-10-16,24,false,true,speed_restriction,2025-09-25
DFT-2025-02677,AC-TRLAJJ-18,reset_failure,minor,2025-07-30,2025-08-11,12,false,false,,
DFT-2025-02678,RL-PONGPD-01,weld_failure,2,2025-04-23,2025-05-06,13,true,false,,
DFT-2025-02679,TC-TRLAJJ-06,shunt_failure,major,2025-07-17,2025-07-27,10,false,false,,
DFT-2026-02680,SG-ABUAVD-08,lamp_failure,minor,2026-05-08,2026-05-25,17,true,false,,
DFT-2026-02681,BL-GPD-01,fouling,minor,2026-04-15,2026-05-19,34,false,false,,
DFT-2026-02682,RL-TRLAJJ-16,wear,1,2026-04-07,2026-04-13,6,true,false,,
DFT-2025-02683,TO-MAS-08,switch_wear,major,2025-04-05,2025-04-15,10,false,false,,
DFT-2026-02684,INS-MASBBQ-04,flashover_mark,critical,2026-02-28,2026-03-01,1,true,false,,
DFT-2026-02685,RL-BBQPER-05,wear,3,2026-02-26,2026-03-16,18,false,false,,
DFT-2026-02686,AC-CJTMLP-01,head_fault,minor,2026-09-01,,6,false,false,,
DFT-2026-02687,SL-MSBMS-02,fastening_failure,major,2026-09-03,,4,false,false,,
DFT-2026-02688,MST-PVTBM-03,corrosion,minor,2026-07-25,,44,false,false,,
DFT-2026-02689,SG-CGLWJ-01,aspect_defect,critical,2026-07-20,2026-07-23,3,false,false,,
DFT-2025-02690,SG-STMPV-04,aspect_defect,minor,2025-08-13,2025-08-24,11,false,false,,
DFT-2025-02691,SL-PVTBM-01,cracked_sleeper,minor,2025-11-24,2026-01-13,50,false,true,speed_restriction,2025-12-17
DFT-2025-02692,TC-TRLAJJ-16,shunt_failure,major,2025-05-18,2025-05-28,10,false,false,,
DFT-2025-02693,BL-TITRL-15,drainage_choke,major,2025-05-06,2025-05-15,9,true,false,,
DFT-2025-02694,OHE-AVDTI-02,hard_spot,major,2025-11-19,2025-11-26,7,false,false,,
DFT-2026-02695,RL-PVTBM-14,corrugation,3,2026-02-05,2026-03-16,39,false,true,speed_restriction,2026-02-15
DFT-2025-02696,SG-TRLAJJ-12,lamp_failure,minor,2025-12-31,2026-01-20,20,true,false,,
DFT-2026-02697,OHE-AVDTI-04,height_stagger,minor,2026-07-19,,50,true,false,,
DFT-2026-02698,MST-PERABU-09,corrosion,minor,2026-08-26,,12,false,false,,
DFT-2026-02699,SL-AVDTI-12,fastening_failure,major,2026-08-18,,20,false,false,,
DFT-2026-02700,OHE-MJRPON-03,hard_spot,minor,2026-07-05,,64,false,false,,
DFT-2025-02701,TO-TNP-06,switch_wear,minor,2025-05-13,2025-06-21,39,false,true,speed_restriction,2025-05-28
DFT-2025-02702,TC-BBQTNP-01,shunt_failure,major,2025-07-28,2025-08-14,17,true,false,,
DFT-2025-02703,OHE-AVDTI-02,hard_spot,major,2025-04-11,2025-04-27,16,false,false,,
DFT-2026-02704,RL-ABUAVD-04,rail_flaw,2,2026-07-19,2026-08-06,18,false,true,speed_restriction,2026-07-30
DFT-2025-02705,TO-MAS-04,switch_wear,major,2025-09-23,2025-10-03,10,true,false,,
DFT-2026-02706,AC-STMPV-01,head_fault,minor,2026-04-23,2026-05-05,12,true,false,,
DFT-2025-02707,TC-PONGPD-04,shunt_failure,minor,2025-10-11,2025-12-20,70,false,false,,
DFT-2025-02708,TC-TRLAJJ-06,bonding_defect,major,2025-07-23,2025-08-14,22,false,false,,
DFT-2025-02709,PT-PER-04,detection_failure,minor,2025-11-26,2026-01-08,43,true,false,,
DFT-2025-02710,TO-MS-07,crossing_wear,minor,2025-10-25,2025-12-03,39,false,true,speed_restriction,2025-10-26
DFT-2025-02711,RL-PERABU-04,wear,3,2025-10-04,2025-12-14,71,false,true,speed_restriction,2025-11-25
DFT-2026-02712,RL-TRLAJJ-10,wear,IMDT,2026-01-20,2026-01-20,0,false,false,,
DFT-2025-02713,TC-TRLAJJ-11,bonding_defect,minor,2025-06-23,2025-08-03,41,false,false,,
DFT-2026-02714,TC-ENRMJR-01,shunt_failure,minor,2026-04-14,2026-05-23,39,false,false,,
DFT-2025-02715,OHE-TITRL-01,hard_spot,minor,2025-11-27,2026-01-30,64,true,true,failure,2025-12-02
DFT-2026-02716,BL-AVD-05,ballast_deficiency,major,2026-02-23,2026-03-13,18,false,false,,
DFT-2026-02717,BL-GPD-01,drainage_choke,minor,2026-01-19,2026-03-15,55,false,true,speed_restriction,2026-01-23
DFT-2025-02718,TO-TRL-08,switch_wear,minor,2025-07-30,2025-09-20,52,false,false,,
DFT-2026-02719,RL-TRLAJJ-05,corrugation,2,2026-08-12,2026-08-22,10,true,true,speed_restriction,2026-08-20
DFT-2026-02720,RL-AVDTI-17,corrugation,2,2026-03-22,2026-04-12,21,false,false,,
DFT-2025-02721,RL-TNPENR-05,corrugation,3,2025-08-19,2025-10-25,67,false,true,punctuality_incident,2025-09-03
DFT-2026-02722,AC-MJRPON-01,head_fault,minor,2026-07-07,2026-07-23,16,false,false,,
DFT-2026-02723,AC-MSMBM-02,reset_failure,minor,2026-07-27,2026-08-31,35,false,false,,
DFT-2026-02724,SL-MSMBM-08,fastening_failure,minor,2026-01-31,2026-02-19,19,false,true,speed_restriction,2026-02-18
DFT-2026-02725,INS-MSBMS-04,flashover_mark,major,2026-06-05,2026-06-19,14,false,true,failure,2026-06-15
DFT-2025-02726,RL-CJTMLP-06,wear,3,2025-12-06,2025-12-21,15,false,false,,
DFT-2025-02727,SL-TRLAJJ-14,cracked_sleeper,major,2025-08-30,2025-09-07,8,true,false,,
DFT-2025-02728,OHE-BBQ-01,height_stagger,minor,2025-06-02,2025-06-18,16,false,true,failure,2025-06-06
DFT-2025-02729,SL-GISTM-04,cracked_sleeper,major,2025-07-09,2025-07-20,11,false,true,speed_restriction,2025-07-20
DFT-2025-02730,RL-TRLAJJ-16,wear,3,2025-11-09,2025-12-05,26,false,true,speed_restriction,2025-12-02
DFT-2026-02731,SL-TRLAJJ-25,cracked_sleeper,major,2026-02-14,2026-03-07,21,false,false,,
DFT-2026-02732,PT-MS-12,detection_failure,critical,2026-02-11,2026-02-18,7,true,false,,
DFT-2026-02733,RL-TRLAJJ-67,weld_failure,3,2026-08-18,,20,false,false,,
DFT-2025-02734,TC-ENRMJR-01,shunt_failure,major,2025-11-08,2025-11-20,12,false,false,,
DFT-2025-02735,OHE-TITRL-24,height_stagger,minor,2025-09-11,2025-11-11,61,true,false,,
DFT-2025-02736,MST-MBMGI-04,corrosion,major,2025-11-03,2025-11-13,10,true,false,,
DFT-2025-02737,RL-CJTMLP-07,corrugation,3,2025-06-04,2025-07-04,30,false,false,,
DFT-2025-02738,MST-PERABU-06,corrosion,minor,2025-10-23,2025-12-19,57,false,false,,
DFT-2026-02739,PT-AVD-07,motor_fault,major,2026-04-16,2026-04-30,14,false,false,,
DFT-2025-02740,BR-TRLAJJ-01,corrosion,major,2025-12-07,2025-12-20,13,false,true,speed_restriction,2025-12-10
DFT-2025-02741,BR-TRLAJJ-02,bearing_defect,major,2025-08-06,2025-08-23,17,false,false,,
DFT-2026-02742,TC-MBMGI-01,shunt_failure,critical,2026-07-14,2026-07-20,6,false,false,,
DFT-2025-02743,RL-ABUAVD-03,rail_flaw,3,2025-07-06,2025-07-30,24,false,false,,
DFT-2026-02744,INS-TRLAJJ-15,flashover_mark,minor,2026-08-15,,23,false,false,,
DFT-2026-02745,RL-STMPV-05,wear,2,2026-04-04,2026-04-29,25,false,false,,
DFT-2026-02746,TC-PERABU-13,bonding_defect,critical,2026-04-27,2026-05-04,7,false,true,punctuality_incident,2026-05-04
DFT-2025-02747,SG-TITRL-13,aspect_defect,major,2025-10-17,2025-10-23,6,true,false,,
DFT-2025-02748,TO-PER-02,switch_wear,minor,2025-05-01,2025-05-29,28,false,false,,
DFT-2025-02749,AC-TITRL-07,head_fault,major,2025-08-22,2025-09-01,10,true,false,,
DFT-2025-02750,TO-BBQ-03,crossing_wear,minor,2025-08-29,2025-10-25,57,false,false,,
DFT-2026-02751,BL-ENRMJR-07,drainage_choke,minor,2026-06-02,2026-07-07,35,true,true,speed_restriction,2026-06-19
DFT-2026-02752,TO-MAS-08,switch_wear,major,2026-09-06,,1,false,false,,
DFT-2026-02753,TC-PONGPD-09,bonding_defect,major,2026-06-26,2026-07-01,5,false,false,,
DFT-2026-02754,BL-MSMBM-03,fouling,major,2026-07-02,2026-07-16,14,true,false,,
DFT-2026-02755,AC-MASBBQ-04,reset_failure,minor,2026-02-20,2026-04-28,67,false,false,,
DFT-2025-02756,MST-TITRL-13,foundation_defect,critical,2025-05-24,2025-05-25,1,false,false,,
DFT-2025-02757,BR-CGLWJ-01,expansion_joint,critical,2025-10-31,2025-11-01,1,false,false,,
DFT-2026-02758,TC-AVDTI-01,shunt_failure,major,2026-02-07,2026-02-26,19,false,false,,
DFT-2025-02759,CW-PVTBM-03,burn_mark,major,2025-04-23,2025-05-14,21,false,false,,
DFT-2026-02760,OHE-STMPV-09,height_stagger,minor,2026-08-28,,10,false,false,,
DFT-2025-02761,OHE-TRL-01,hard_spot,major,2025-08-14,2025-08-25,11,false,false,,
DFT-2026-02762,TC-PVTBM-06,bonding_defect,minor,2026-01-26,2026-02-18,23,false,true,punctuality_incident,2026-01-30
DFT-2026-02763,RL-MSMBM-17,corrugation,3,2026-07-22,,47,false,true,failure,2026-08-26
DFT-2025-02764,OHE-PERABU-13,height_stagger,minor,2025-08-01,2025-09-22,52,false,false,,
DFT-2025-02765,TC-AVDTI-02,bonding_defect,minor,2025-10-17,2025-10-27,10,false,false,,
DFT-2025-02766,TO-AVD-01,crossing_wear,minor,2025-07-26,2025-09-27,63,true,true,speed_restriction,2025-07-31
DFT-2026-02767,BL-PERABU-14,fouling,minor,2026-07-03,2026-08-13,41,false,true,speed_restriction,2026-07-30
DFT-2026-02768,RL-TRLAJJ-37,corrugation,3,2026-07-21,2026-08-19,29,true,false,,
DFT-2025-02769,OHE-MS-01,height_stagger,critical,2025-08-04,2025-08-10,6,true,false,,
DFT-2025-02770,TC-TRLAJJ-19,shunt_failure,major,2025-06-24,2025-07-15,21,true,false,,
DFT-2025-02771,RL-PVTBM-07,corrugation,3,2025-04-19,2025-06-08,50,false,false,,
DFT-2025-02772,MST-AVDTI-02,foundation_defect,major,2025-10-16,2025-11-07,22,false,false,,
DFT-2026-02773,RL-AVDTI-04,wear,3,2026-04-26,2026-05-12,16,false,true,speed_restriction,2026-04-27
DFT-2026-02774,TC-MSBMS-03,shunt_failure,major,2026-08-12,2026-09-01,20,false,true,failure,2026-08-17
DFT-2026-02775,RL-TRLAJJ-07,corrugation,1,2026-01-15,2026-01-21,6,false,false,,
DFT-2026-02776,TO-MAS-17,crossing_wear,major,2026-05-14,2026-06-02,19,false,false,,
DFT-2025-02777,BL-STMPV-05,fouling,minor,2025-07-07,2025-08-23,47,false,false,,
DFT-2026-02778,RL-ABUAVD-03,weld_failure,2,2026-02-24,2026-03-01,5,false,false,,
DFT-2026-02779,BL-TRLAJJ-16,fouling,major,2026-06-15,2026-07-05,20,false,false,,
DFT-2026-02780,RL-STMPV-12,wear,3,2026-08-28,,10,false,false,,
DFT-2026-02781,TO-TRL-02,crossing_wear,minor,2026-03-04,2026-04-25,52,false,false,,
DFT-2025-02782,SL-TNPENR-04,cracked_sleeper,major,2025-03-16,2025-03-21,5,false,false,,
DFT-2026-02783,SL-PERABU-12,cracked_sleeper,major,2026-06-28,2026-07-16,18,false,false,,
DFT-2026-02784,AC-TKOAJJ-03,reset_failure,minor,2026-03-15,2026-05-13,59,false,false,,
DFT-2026-02785,RL-TRLAJJ-64,wear,2,2026-01-27,2026-02-06,10,true,false,,
DFT-2026-02786,TC-PERABU-10,shunt_failure,major,2026-03-31,2026-04-11,11,false,false,,
DFT-2025-02787,SG-TRLAJJ-04,lamp_failure,minor,2025-08-17,2025-10-13,57,false,false,,
DFT-2026-02788,MST-TNPENR-05,foundation_defect,major,2026-06-17,2026-06-25,8,false,false,,
DFT-2026-02789,RL-PVTBM-13,corrugation,3,2026-02-23,2026-04-23,59,false,false,,
DFT-2026-02790,SG-MSMBM-03,aspect_defect,minor,2026-05-31,2026-07-28,58,false,false,,
DFT-2026-02791,RL-TITRL-13,weld_failure,2,2026-09-04,,3,false,false,,
DFT-2025-02792,SL-WJCJ-03,fastening_failure,minor,2025-10-27,2025-11-19,23,false,false,,
DFT-2025-02793,OHE-PVTBM-12,height_stagger,minor,2025-09-01,2025-10-05,34,true,false,,
DFT-2025-02794,SL-BBQPER-03,fastening_failure,minor,2025-10-06,2025-11-10,35,false,true,speed_restriction,2025-10-30
DFT-2026-02795,BR-TRLAJJ-02,expansion_joint,major,2026-03-30,2026-04-14,15,false,false,,
DFT-2025-02796,BR-CGLWJ-01,corrosion,minor,2025-04-29,2025-07-05,67,false,false,,
DFT-2025-02797,TC-ENRMJR-01,shunt_failure,major,2025-04-05,2025-04-12,7,false,false,,
DFT-2025-02798,BL-MJRPON-06,ballast_deficiency,major,2025-07-24,2025-08-13,20,false,false,,
DFT-2025-02799,PT-MS-08,detection_failure,critical,2025-06-23,2025-06-26,3,false,false,,
DFT-2025-02800,TO-BBQ-05,crossing_wear,minor,2025-12-05,2026-01-19,45,false,true,speed_restriction,2025-12-07
DFT-2025-02801,BL-TRLAJJ-10,ballast_deficiency,minor,2025-07-15,2025-08-04,20,false,false,,
DFT-2026-02802,RL-PVTBM-03,rail_flaw,1,2026-02-07,2026-02-08,1,false,false,,
DFT-2026-02803,SG-ENRMJR-07,lamp_failure,minor,2026-07-04,2026-08-15,42,true,false,,
DFT-2026-02804,SG-TITRL-04,aspect_defect,minor,2026-07-09,,60,false,false,,
DFT-2026-02805,INS-ABUAVD-03,flashover_mark,minor,2026-04-15,2026-06-23,69,false,false,,
DFT-2025-02806,MST-TRLAJJ-08,corrosion,major,2025-06-30,2025-07-14,14,false,false,,
DFT-2026-02807,OHE-MJRPON-08,hard_spot,minor,2026-06-29,2026-08-17,49,false,true,failure,2026-08-16
DFT-2026-02808,TO-AVD-09,crossing_wear,minor,2026-02-27,2026-04-04,36,false,false,,
DFT-2026-02809,MST-TNPENR-07,foundation_defect,major,2026-03-07,2026-03-25,18,true,false,,
DFT-2025-02810,TC-TNPENR-08,bonding_defect,minor,2025-11-01,2025-11-29,28,true,false,,
DFT-2026-02811,BL-MSBMS-02,ballast_deficiency,minor,2026-08-30,,8,false,false,,
DFT-2025-02812,RL-PERABU-09,rail_flaw,2,2025-09-02,2025-09-22,20,false,false,,
DFT-2026-02813,SL-GISTM-02,fastening_failure,major,2026-06-24,2026-07-10,16,false,false,,
DFT-2026-02814,RL-TKOAJJ-08,weld_failure,3,2026-09-01,,6,false,false,,
DFT-2025-02815,SL-ENRMJR-01,fastening_failure,major,2025-12-31,2026-01-06,6,false,false,,
DFT-2025-02816,OHE-PVTBM-04,hard_spot,major,2025-09-18,2025-10-09,21,false,false,,
DFT-2026-02817,PT-TBM-09,motor_fault,minor,2026-05-16,2026-07-21,66,false,false,,
DFT-2026-02818,TO-MAS-12,gauge_defect,minor,2026-06-19,2026-08-24,66,true,false,,
DFT-2026-02819,TC-PERABU-03,shunt_failure,major,2026-03-08,2026-03-25,17,false,false,,
DFT-2026-02820,BR-TNPENR-01,corrosion,minor,2026-08-21,,17,false,false,,
DFT-2025-02821,BL-ENRMJR-06,ballast_deficiency,major,2025-09-23,2025-10-10,17,true,false,,
DFT-2026-02822,AC-GISTM-03,reset_failure,major,2026-02-02,2026-02-10,8,false,false,,
DFT-2026-02823,RL-PERABU-02,rail_flaw,2,2026-04-28,2026-05-11,13,false,false,,
DFT-2026-02824,SL-MBMGI-02,cracked_sleeper,minor,2026-08-23,2026-09-06,14,false,false,,
DFT-2025-02825,CW-PERABU-09,burn_mark,critical,2025-04-18,2025-04-20,2,false,false,,
DFT-2026-02826,OHE-TRLAJJ-32,hard_spot,major,2026-05-02,2026-05-16,14,false,false,,
DFT-2025-02827,SL-TRLAJJ-21,fastening_failure,major,2025-03-29,2025-04-16,18,false,false,,
DFT-2025-02828,PT-MS-01,obstruction,minor,2025-05-10,2025-06-01,22,true,false,,
DFT-2026-02829,OHE-PER-01,height_stagger,minor,2026-07-24,2026-08-04,11,false,false,,
DFT-2025-02830,OHE-PERABU-18,height_stagger,minor,2025-05-08,2025-06-29,52,false,true,failure,2025-06-13
DFT-2025-02831,SL-ABUAVD-05,cracked_sleeper,minor,2025-09-28,2025-11-12,45,false,false,,
DFT-2026-02832,SL-AVDTI-01,cracked_sleeper,minor,2026-01-21,2026-03-24,62,false,true,speed_restriction,2026-02-21
DFT-2025-02833,IL-TBM-01,relay_fault,minor,2025-09-18,2025-10-30,42,false,false,,
DFT-2025-02834,PT-CGL-04,obstruction,minor,2025-11-25,2025-12-07,12,false,false,,
DFT-2025-02835,RL-TRLAJJ-51,rail_flaw,2,2025-11-10,2025-11-15,5,false,false,,
DFT-2025-02836,CW-BBQPER-02,wire_wear,minor,2025-11-03,2025-12-31,58,true,false,,
DFT-2026-02837,MST-PONGPD-05,corrosion,major,2026-01-09,2026-01-31,22,false,true,punctuality_incident,2026-01-30
DFT-2026-02838,BL-CGL-03,drainage_choke,minor,2026-02-27,2026-04-05,37,false,false,,
DFT-2026-02839,BL-PER-01,fouling,critical,2026-06-28,2026-07-02,4,false,false,,
DFT-2026-02840,TO-TRL-04,gauge_defect,critical,2026-01-18,2026-01-20,2,true,false,,
DFT-2026-02841,TO-MSB-05,gauge_defect,critical,2026-07-07,2026-07-09,2,true,false,,
DFT-2026-02842,RL-TRLAJJ-36,wear,3,2026-07-20,,49,false,true,speed_restriction,2026-08-14
DFT-2026-02843,RL-PERABU-20,corrugation,3,2026-07-10,,59,false,true,speed_restriction,2026-08-10
DFT-2025-02844,TO-MS-05,crossing_wear,minor,2025-08-21,2025-09-05,15,true,false,,
DFT-2025-02845,MST-TRLAJJ-19,foundation_defect,minor,2025-07-11,2025-08-14,34,true,false,,
DFT-2026-02846,SL-MASBBQ-02,cracked_sleeper,critical,2026-05-25,2026-05-30,5,false,false,,
DFT-2026-02847,SL-MJRPON-06,fastening_failure,minor,2026-05-05,2026-06-19,45,false,false,,
DFT-2026-02848,TC-TITRL-08,shunt_failure,minor,2026-04-19,2026-06-19,61,false,true,punctuality_incident,2026-05-04
DFT-2025-02849,MST-MSMBM-04,corrosion,minor,2025-05-10,2025-06-30,51,true,false,,
DFT-2026-02850,INS-PVTBM-02,flashover_mark,major,2026-06-08,2026-06-26,18,false,false,,
DFT-2025-02851,OHE-TRLAJJ-16,hard_spot,minor,2025-10-08,2025-11-09,32,false,false,,
DFT-2026-02852,SL-ABUAVD-05,fastening_failure,major,2026-02-18,2026-03-09,19,false,true,speed_restriction,2026-02-27
DFT-2025-02853,SL-MSBMS-06,fastening_failure,minor,2025-05-01,2025-06-05,35,false,false,,
DFT-2026-02854,TO-TRL-01,gauge_defect,minor,2026-03-04,2026-03-29,25,false,false,,
DFT-2026-02855,OHE-TITRL-14,hard_spot,minor,2026-07-07,2026-08-29,53,false,true,punctuality_incident,2026-08-08
DFT-2026-02856,RL-PONGPD-10,wear,1,2026-01-04,2026-01-06,2,false,false,,
DFT-2026-02857,BL-BBQ-05,drainage_choke,minor,2026-08-23,,15,false,false,,
DFT-2025-02858,CW-MASBBQ-01,burn_mark,minor,2025-10-02,2025-12-09,68,true,false,,
DFT-2025-02859,MST-ENRMJR-02,corrosion,critical,2025-09-27,2025-10-03,6,true,false,,
DFT-2025-02860,OHE-AVDTI-07,hard_spot,minor,2025-12-20,2026-02-24,66,false,false,,
DFT-2025-02861,PT-MS-12,motor_fault,minor,2025-07-17,2025-09-24,69,false,false,,
DFT-2026-02862,BL-PERABU-10,drainage_choke,major,2026-01-28,2026-02-18,21,true,false,,
DFT-2025-02863,TO-MSB-08,switch_wear,critical,2025-11-14,2025-11-19,5,false,false,,
DFT-2025-02864,SL-STMPV-02,fastening_failure,minor,2025-05-06,2025-07-02,57,false,false,,
DFT-2025-02865,CW-MSBMS-03,wire_wear,major,2025-07-03,2025-07-15,12,false,true,failure,2025-07-04
DFT-2026-02866,CW-STMPV-06,burn_mark,critical,2026-09-03,2026-09-04,1,false,false,,
DFT-2026-02867,RL-PERABU-15,rail_flaw,3,2026-06-09,2026-08-13,65,true,false,,
DFT-2026-02868,BL-TRLAJJ-01,fouling,major,2026-06-03,2026-06-14,11,false,false,,
DFT-2025-02869,CW-AVDTI-08,burn_mark,major,2025-04-24,2025-05-03,9,true,false,,
DFT-2025-02870,OHE-MSMBM-11,height_stagger,major,2025-07-07,2025-07-12,5,false,false,,
DFT-2025-02871,MST-TRLAJJ-06,foundation_defect,critical,2025-12-11,2025-12-14,3,false,false,,
DFT-2025-02872,RL-GISTM-04,wear,1,2025-09-21,2025-09-26,5,false,false,,
DFT-2025-02873,TO-MSB-08,switch_wear,major,2025-03-19,2025-04-04,16,false,false,,
DFT-2025-02874,BL-PERABU-12,fouling,major,2025-07-24,2025-07-29,5,false,false,,
DFT-2026-02875,PT-MAS-08,motor_fault,minor,2026-02-21,2026-04-20,58,false,false,,
DFT-2025-02876,RL-TRLAJJ-50,corrugation,3,2025-12-25,2026-02-08,45,false,false,,
DFT-2026-02877,BL-TRLAJJ-08,fouling,major,2026-05-12,2026-05-31,19,false,false,,
DFT-2026-02878,TC-GISTM-04,bonding_defect,minor,2026-03-24,2026-05-24,61,true,true,speed_restriction,2026-05-20
DFT-2025-02879,RL-PERABU-02,wear,2,2025-05-21,2025-06-02,12,true,false,,
DFT-2025-02880,SL-ABUAVD-01,cracked_sleeper,minor,2025-12-02,2025-12-21,19,true,false,,
DFT-2026-02881,BL-PERABU-06,drainage_choke,major,2026-09-01,,6,false,false,,
DFT-2026-02882,SG-STMPV-07,lamp_failure,minor,2026-04-06,2026-05-21,45,false,false,,
DFT-2025-02883,SL-ABUAVD-06,fastening_failure,minor,2025-09-17,2025-10-26,39,false,false,,
DFT-2026-02884,RL-ENRMJR-06,weld_failure,1,2026-03-03,2026-03-10,7,true,true,speed_restriction,2026-03-07
DFT-2025-02885,OHE-TRLAJJ-05,hard_spot,major,2025-03-18,2025-04-06,19,true,false,,
DFT-2026-02886,RL-TNPENR-04,wear,1,2026-07-18,2026-07-25,7,false,false,,
DFT-2025-02887,TC-MSBMS-01,shunt_failure,minor,2025-11-05,2026-01-14,70,false,true,punctuality_incident,2025-11-22
DFT-2026-02888,BL-MSBMS-02,ballast_deficiency,major,2026-03-18,2026-04-09,22,false,true,speed_restriction,2026-04-06
DFT-2025-02889,SG-TITRL-18,aspect_defect,minor,2025-12-22,2026-01-04,13,false,false,,
DFT-2025-02890,SL-TITRL-11,fastening_failure,major,2025-10-15,2025-10-24,9,true,false,,
DFT-2026-02891,AC-TITRL-06,head_fault,minor,2026-08-20,,18,false,true,punctuality_incident,2026-08-30
DFT-2025-02892,SL-PONGPD-03,cracked_sleeper,minor,2025-10-08,2025-12-16,69,false,true,speed_restriction,2025-12-10
DFT-2026-02893,BR-CJTMLP-01,bearing_defect,major,2026-03-07,2026-03-15,8,false,false,,
DFT-2025-02894,TO-MSB-02,crossing_wear,minor,2025-10-16,2025-11-02,17,false,false,,
DFT-2025-02895,PT-PER-01,obstruction,major,2025-04-13,2025-04-23,10,false,false,,
DFT-2025-02896,RL-TRLAJJ-68,rail_flaw,3,2025-10-13,2025-12-02,50,false,true,speed_restriction,2025-11-18
DFT-2025-02897,TC-PERABU-12,shunt_failure,major,2025-04-08,2025-04-17,9,false,false,,
DFT-2026-02898,SG-TNPENR-07,lamp_failure,major,2026-03-08,2026-03-21,13,true,false,,
DFT-2025-02899,SL-STMPV-08,cracked_sleeper,minor,2025-12-05,2026-01-14,40,false,false,,
DFT-2025-02900,SG-TRLAJJ-28,aspect_defect,critical,2025-06-30,2025-07-06,6,false,false,,
DFT-2026-02901,TO-ENR-02,switch_wear,major,2026-05-05,2026-05-13,8,false,false,,
DFT-2026-02902,RL-ENRMJR-02,rail_flaw,1,2026-09-05,,2,true,false,,
DFT-2026-02903,TO-TBM-09,gauge_defect,major,2026-04-02,2026-04-08,6,false,false,,
DFT-2026-02904,SL-TRLAJJ-36,cracked_sleeper,major,2026-06-27,2026-07-10,13,false,false,,
DFT-2026-02905,BR-PONGPD-01,expansion_joint,minor,2026-07-17,2026-08-27,41,false,true,punctuality_incident,2026-08-09
DFT-2025-02906,BL-PONGPD-06,fouling,minor,2025-03-18,2025-05-16,59,true,false,,
DFT-2026-02907,MST-PONGPD-01,foundation_defect,minor,2026-01-15,2026-03-13,57,false,false,,
DFT-2025-02908,TO-TBM-03,switch_wear,major,2025-04-05,2025-04-27,22,false,true,speed_restriction,2025-04-07
DFT-2026-02909,SL-PVTBM-08,fastening_failure,major,2026-05-16,2026-05-27,11,false,false,,
DFT-2025-02910,OHE-PERABU-19,hard_spot,minor,2025-12-01,2025-12-24,23,false,false,,
DFT-2026-02911,TO-TRL-03,gauge_defect,minor,2026-06-17,2026-07-31,44,false,false,,
DFT-2026-02912,TC-MJRPON-05,shunt_failure,critical,2026-02-10,2026-02-12,2,true,false,,
DFT-2026-02913,PT-MAS-10,obstruction,major,2026-08-23,2026-08-28,5,false,false,,
DFT-2026-02914,BL-AJJ-01,ballast_deficiency,minor,2026-06-09,2026-07-05,26,true,false,,
DFT-2026-02915,SG-CGLWJ-03,aspect_defect,major,2026-08-21,,17,true,false,,
DFT-2025-02916,INS-PONGPD-04,flashover_mark,minor,2025-11-07,2025-12-05,28,false,false,,
DFT-2025-02917,RL-TKOAJJ-08,wear,2,2025-11-21,2025-12-09,18,false,false,,
DFT-2025-02918,TC-TRLAJJ-15,bonding_defect,minor,2025-06-19,2025-07-16,27,true,false,,
DFT-2026-02919,CW-BBQPER-01,wire_wear,critical,2026-04-28,2026-04-30,2,true,false,,
DFT-2026-02920,SG-AVDTI-03,aspect_defect,critical,2026-03-09,2026-03-13,4,true,false,,
DFT-2026-02921,MST-CGLWJ-03,corrosion,major,2026-05-05,2026-05-11,6,false,true,failure,2026-05-09
DFT-2025-02922,RL-MSMBM-03,rail_flaw,2,2025-05-01,2025-05-07,6,true,false,,
DFT-2026-02923,RL-MJRPON-06,rail_flaw,3,2026-07-19,,50,false,false,,
DFT-2025-02924,SL-ABUAVD-08,cracked_sleeper,minor,2025-04-20,2025-05-06,16,false,false,,
DFT-2026-02925,INS-TITRL-08,cracked_insulator,minor,2026-08-01,2026-08-28,27,true,false,,
DFT-2025-02926,SG-MSBMS-04,aspect_defect,major,2025-10-21,2025-11-05,15,false,false,,
DFT-2025-02927,SG-PERABU-05,aspect_defect,major,2025-07-21,2025-07-30,9,false,false,,
DFT-2026-02928,TO-TBM-07,crossing_wear,minor,2026-07-07,2026-08-27,51,true,true,punctuality_incident,2026-07-14
DFT-2025-02929,CW-BBQTNP-02,burn_mark,major,2025-06-19,2025-07-08,19,false,false,,
DFT-2026-02930,SL-AVDTI-12,cracked_sleeper,major,2026-02-10,2026-02-21,11,true,false,,
DFT-2026-02931,RL-TNPENR-05,corrugation,3,2026-05-19,2026-07-20,62,false,true,speed_restriction,2026-06-16
DFT-2025-02932,RL-PVTBM-01,corrugation,1,2025-08-24,2025-08-28,4,true,false,,
DFT-2025-02933,SG-MSMBM-04,aspect_defect,major,2025-12-21,2026-01-10,20,true,false,,
DFT-2026-02934,RL-ABUAVD-09,rail_flaw,1,2026-03-14,2026-03-16,2,true,false,,
DFT-2025-02935,TC-AVDTI-02,bonding_defect,minor,2025-11-26,2026-01-04,39,false,true,failure,2025-12-14
DFT-2026-02936,RL-MSBMS-04,wear,1,2026-08-15,2026-08-20,5,false,false,,
DFT-2025-02937,TO-MAS-01,gauge_defect,minor,2025-09-01,2025-09-18,17,false,true,speed_restriction,2025-09-17
DFT-2026-02938,TC-TRLAJJ-32,shunt_failure,critical,2026-03-09,2026-03-11,2,true,false,,
DFT-2026-02939,MST-MJRPON-03,foundation_defect,minor,2026-06-22,2026-07-04,12,false,false,,
DFT-2025-02940,SL-STMPV-07,fastening_failure,major,2025-04-24,2025-05-12,18,false,false,,
DFT-2025-02941,TO-MS-01,crossing_wear,minor,2025-09-02,2025-10-16,44,false,true,failure,2025-09-24
DFT-2025-02942,MST-TRLAJJ-33,corrosion,major,2025-08-08,2025-08-18,10,false,false,,
DFT-2026-02943,RL-AVDTI-14,wear,2,2026-07-04,2026-07-11,7,false,false,,
DFT-2026-02944,PT-PER-09,motor_fault,minor,2026-03-01,2026-04-09,39,false,false,,
DFT-2025-02945,PT-TBM-01,motor_fault,minor,2025-07-04,2025-07-27,23,false,false,,
DFT-2025-02946,RL-TRLAJJ-41,wear,2,2025-10-07,2025-10-15,8,false,false,,
DFT-2025-02947,PT-BBQ-03,motor_fault,major,2025-04-17,2025-04-23,6,true,false,,
DFT-2025-02948,OHE-PVTBM-12,height_stagger,minor,2025-09-26,2025-11-08,43,true,false,,
DFT-2026-02949,TO-BBQ-09,gauge_defect,minor,2026-05-26,2026-06-28,33,true,false,,
DFT-2026-02950,SL-STMPV-05,cracked_sleeper,major,2026-04-27,2026-05-07,10,false,true,speed_restriction,2026-04-30
DFT-2026-02951,INS-PVTBM-03,flashover_mark,minor,2026-03-04,2026-04-02,29,true,false,,
DFT-2025-02952,PT-MAS-01,obstruction,major,2025-04-20,2025-04-27,7,false,false,,
DFT-2026-02953,BL-AVDTI-12,drainage_choke,minor,2026-06-12,2026-07-24,42,false,false,,
DFT-2025-02954,TC-PVTBM-08,shunt_failure,major,2025-05-14,2025-06-02,19,false,false,,
DFT-2025-02955,SL-PERABU-09,cracked_sleeper,minor,2025-08-29,2025-10-23,55,false,false,,
DFT-2025-02956,SG-TRLAJJ-01,lamp_failure,minor,2025-04-24,2025-06-08,45,false,true,failure,2025-06-01
DFT-2025-02957,SL-WJCJ-04,cracked_sleeper,major,2025-08-24,2025-09-11,18,true,false,,
DFT-2025-02958,TC-PONGPD-08,shunt_failure,minor,2025-03-25,2025-05-26,62,false,false,,
DFT-2026-02959,SL-PERABU-02,cracked_sleeper,critical,2026-02-06,2026-02-12,6,true,false,,
DFT-2025-02960,OHE-PERABU-20,height_stagger,minor,2025-04-11,2025-05-02,21,false,false,,
DFT-2026-02961,TO-CGL-03,switch_wear,minor,2026-01-06,2026-01-26,20,true,false,,
DFT-2025-02962,RL-TRLAJJ-16,rail_flaw,2,2025-11-22,2025-12-03,11,false,false,,
DFT-2025-02963,BL-MSB-04,fouling,minor,2025-04-27,2025-06-06,40,false,false,,
DFT-2026-02964,SL-MBMGI-04,fastening_failure,minor,2026-02-21,2026-03-14,21,false,true,speed_restriction,2026-03-08
DFT-2025-02965,CW-TRLAJJ-17,wire_wear,critical,2025-11-16,2025-11-20,4,false,false,,
DFT-2025-02966,SL-TITRL-13,fastening_failure,minor,2025-07-05,2025-08-30,56,false,false,,
DFT-2025-02967,SL-AVDTI-09,cracked_sleeper,minor,2025-12-04,2025-12-17,13,false,false,,
DFT-2025-02968,CW-PERABU-04,burn_mark,major,2025-11-01,2025-11-17,16,true,false,,
DFT-2025-02969,RL-ABUAVD-08,rail_flaw,2,2025-10-18,2025-10-25,7,true,false,,
DFT-2026-02970,AC-BBQTNP-01,reset_failure,minor,2026-07-06,2026-07-29,23,true,true,failure,2026-07-18
DFT-2026-02971,OHE-AVDTI-02,hard_spot,major,2026-04-27,2026-05-05,8,false,false,,
DFT-2026-02972,RL-PERABU-12,rail_flaw,2,2026-06-10,2026-07-05,25,true,false,,
DFT-2026-02973,SL-BBQPER-04,fastening_failure,major,2026-02-05,2026-02-18,13,true,false,,
DFT-2026-02974,MST-TITRL-09,foundation_defect,minor,2026-08-31,,7,false,false,,
DFT-2025-02975,RL-MSBMS-11,wear,2,2025-05-22,2025-05-28,6,false,false,,
DFT-2025-02976,OHE-ABUAVD-05,hard_spot,minor,2025-10-15,2025-10-28,13,false,false,,
DFT-2026-02977,TC-TKOAJJ-05,bonding_defect,minor,2026-04-27,2026-06-02,36,false,false,,
DFT-2025-02978,SL-TRLAJJ-27,fastening_failure,minor,2025-11-01,2025-12-14,43,false,true,speed_restriction,2025-12-04
DFT-2025-02979,OHE-TRLAJJ-0402,height_stagger,critical,2025-04-13,2025-04-16,3,false,false,,
DFT-2026-02980,SL-TRLAJJ-06,fastening_failure,minor,2026-03-25,2026-05-09,45,false,false,,
DFT-2026-02981,MST-AVDTI-08,corrosion,minor,2026-07-03,2026-07-23,20,true,false,,
DFT-2025-02982,BL-TBM-04,fouling,minor,2025-10-11,2025-11-27,47,false,false,,
DFT-2025-02983,SG-PVTBM-01,aspect_defect,minor,2025-03-26,2025-05-02,37,false,false,,
DFT-2026-02984,SG-STMPV-02,lamp_failure,minor,2026-06-27,2026-09-02,67,false,false,,
DFT-2025-02985,INS-TRLAJJ-18,cracked_insulator,minor,2025-04-17,2025-05-04,17,true,false,,
DFT-2025-02986,RL-MSMBM-14,weld_failure,2,2025-10-20,2025-10-29,9,false,false,,
DFT-2025-02987,RL-TRLAJJ-68,wear,3,2025-05-29,2025-08-02,65,false,false,,
DFT-2025-02988,BL-TRLAJJ-10,fouling,minor,2025-06-10,2025-07-27,47,true,false,,
DFT-2026-02989,SG-TRLAJJ-13,lamp_failure,minor,2026-06-23,2026-08-25,63,true,false,,
DFT-2025-02990,AC-TRLAJJ-02,reset_failure,major,2025-07-28,2025-08-19,22,false,false,,
DFT-2025-02991,SL-TNPENR-01,cracked_sleeper,minor,2025-04-18,2025-05-09,21,false,true,speed_restriction,2025-04-29
DFT-2025-02992,OHE-TITRL-11,height_stagger,minor,2025-08-06,2025-10-10,65,false,false,,
DFT-2025-02993,MST-AVDTI-05,foundation_defect,major,2025-12-10,2025-12-18,8,false,false,,
DFT-2025-02994,BL-BBQ-01,ballast_deficiency,minor,2025-12-09,2025-12-27,18,false,true,speed_restriction,2025-12-13
DFT-2025-02995,MST-TNPENR-01,foundation_defect,major,2025-04-22,2025-05-09,17,false,false,,
DFT-2025-02996,TO-TBM-05,switch_wear,major,2025-09-06,2025-09-15,9,false,false,,
DFT-2025-02997,BL-MS-03,ballast_deficiency,critical,2025-12-24,2025-12-31,7,false,false,,
DFT-2025-02998,BL-ENRMJR-07,drainage_choke,minor,2025-09-13,2025-11-14,62,false,false,,
DFT-2025-02999,BL-PERABU-06,fouling,minor,2025-12-27,2026-02-16,51,false,false,,
DFT-2025-03000,SL-PERABU-12,fastening_failure,minor,2025-12-29,2026-01-15,17,true,true,speed_restriction,2026-01-10
DFT-2026-03001,RL-TRLAJJ-43,corrugation,2,2026-02-17,2026-03-09,20,false,true,speed_restriction,2026-03-08
DFT-2025-03002,OHE-PVTBM-10,hard_spot,minor,2025-07-09,2025-08-03,25,false,false,,
DFT-2026-03003,TO-MS-10,crossing_wear,major,2026-01-09,2026-01-15,6,true,false,,
DFT-2025-03004,OHE-TITRL-14,hard_spot,major,2025-07-18,2025-07-30,12,true,false,,
DFT-2025-03005,BL-MAS-01,ballast_deficiency,minor,2025-09-08,2025-11-01,54,false,false,,
DFT-2026-03006,AC-MSMBM-03,reset_failure,minor,2026-01-26,2026-03-03,36,false,false,,
DFT-2026-03007,OHE-PERABU-18,hard_spot,major,2026-04-12,2026-04-29,17,false,false,,
DFT-2025-03008,PT-MSB-10,obstruction,major,2025-05-19,2025-05-30,11,true,false,,
DFT-2026-03009,CW-WJCJ-04,burn_mark,major,2026-01-14,2026-01-24,10,false,false,,
DFT-2026-03010,RL-TRLAJJ-51,corrugation,3,2026-04-21,2026-05-07,16,false,false,,
DFT-2026-03011,RL-TKOAJJ-07,corrugation,1,2026-02-17,2026-02-24,7,false,true,punctuality_incident,2026-02-20
DFT-2025-03012,CW-PVTBM-01,wire_wear,minor,2025-05-27,2025-07-25,59,false,false,,
DFT-2025-03013,MST-TRLAJJ-41,corrosion,minor,2025-03-28,2025-06-04,68,true,false,,
DFT-2025-03014,TO-CGL-04,crossing_wear,minor,2025-06-03,2025-06-14,11,false,false,,
DFT-2025-03015,SL-MJRPON-03,cracked_sleeper,minor,2025-05-19,2025-07-22,64,false,true,punctuality_incident,2025-06-15
DFT-2025-03016,RL-TRLAJJ-05,wear,2,2025-03-31,2025-04-14,14,false,false,,
DFT-2025-03017,MST-PERABU-04,corrosion,minor,2025-05-17,2025-05-30,13,false,true,failure,2025-05-26
DFT-2026-03018,SL-TRLAJJ-21,fastening_failure,minor,2026-02-23,2026-03-08,13,true,false,,
DFT-2026-03019,MST-MSMBM-06,corrosion,major,2026-07-22,2026-08-12,21,false,false,,
DFT-2025-03020,PT-AJJ-04,detection_failure,minor,2025-05-17,2025-06-13,27,false,false,,
DFT-2025-03021,SL-PERABU-04,fastening_failure,major,2025-06-06,2025-06-26,20,true,false,,
DFT-2025-03022,PT-PER-01,detection_failure,major,2025-04-28,2025-05-07,9,false,false,,
DFT-2026-03023,SG-PERABU-02,lamp_failure,minor,2026-05-01,2026-07-07,67,true,false,,
DFT-2026-03024,BL-MAS-05,fouling,minor,2026-05-24,2026-07-16,53,true,false,,
DFT-2025-03025,MST-MJRPON-02,corrosion,minor,2025-11-03,2025-11-22,19,true,false,,
DFT-2025-03026,OHE-PERABU-11,height_stagger,minor,2025-08-03,2025-09-09,37,false,false,,
DFT-2025-03027,BL-MSMBM-03,fouling,minor,2025-12-21,2026-01-13,23,false,false,,
DFT-2026-03028,SL-PONGPD-02,fastening_failure,minor,2026-04-27,2026-06-01,35,true,false,,
DFT-2025-03029,RL-STMPV-16,rail_flaw,2,2025-07-15,2025-08-02,18,false,false,,
DFT-2025-03030,OHE-WJCJ-02,hard_spot,major,2025-09-26,2025-10-01,5,false,false,,
DFT-2025-03031,SL-PONGPD-04,cracked_sleeper,major,2025-11-07,2025-11-22,15,false,false,,
DFT-2026-03032,TO-MAS-06,crossing_wear,major,2026-01-09,2026-01-22,13,false,true,speed_restriction,2026-01-11
DFT-2025-03033,PT-PER-05,obstruction,minor,2025-08-18,2025-10-08,51,false,false,,
DFT-2026-03034,RL-PONGPD-11,weld_failure,2,2026-03-28,2026-04-19,22,true,false,,
DFT-2026-03035,CW-TRLAJJ-28,burn_mark,minor,2026-03-02,2026-05-10,69,false,false,,
DFT-2025-03036,RL-ABUAVD-04,weld_failure,3,2025-05-21,2025-06-13,23,false,true,failure,2025-06-03
DFT-2025-03037,INS-MSMBM-07,cracked_insulator,minor,2025-07-13,2025-08-03,21,false,false,,
DFT-2025-03038,RL-AVDTI-07,corrugation,2,2025-07-18,2025-08-12,25,false,false,,
DFT-2025-03039,RL-TITRL-23,corrugation,1,2025-10-15,2025-10-18,3,false,false,,
DFT-2026-03040,SL-TRLAJJ-28,cracked_sleeper,minor,2026-04-08,2026-05-03,25,false,false,,
DFT-2025-03041,SG-ABUAVD-02,lamp_failure,minor,2025-11-16,2026-01-08,53,true,true,punctuality_incident,2025-12-23
DFT-2025-03042,SG-MSMBM-08,lamp_failure,major,2025-10-11,2025-10-16,5,false,false,,
DFT-2025-03043,SL-TRLAJJ-28,cracked_sleeper,minor,2025-06-20,2025-07-05,15,false,false,,
DFT-2026-03044,INS-TITRL-04,cracked_insulator,minor,2026-06-12,2026-07-20,38,false,false,,
DFT-2025-03045,SS-AJJ-01,transformer_alarm,minor,2025-06-10,2025-07-26,46,false,false,,
DFT-2026-03046,RL-MJRPON-08,wear,1,2026-03-14,2026-03-18,4,false,false,,
DFT-2026-03047,OHE-STMPV-11,hard_spot,minor,2026-08-11,,27,false,false,,
DFT-2026-03048,TO-MAS-08,gauge_defect,minor,2026-05-30,2026-07-06,37,false,true,speed_restriction,2026-06-06
DFT-2026-03049,BR-PONGPD-01,expansion_joint,major,2026-06-17,2026-07-01,14,true,false,,
DFT-2025-03050,CW-TITRL-08,wire_wear,critical,2025-09-30,2025-10-01,1,false,false,,
DFT-2025-03051,BL-AVDTI-02,fouling,major,2025-09-13,2025-09-28,15,false,false,,
DFT-2026-03052,BL-BBQPER-01,ballast_deficiency,minor,2026-06-10,2026-07-29,49,false,false,,
DFT-2025-03053,TO-TRL-08,gauge_defect,minor,2025-07-01,2025-09-05,66,false,true,punctuality_incident,2025-07-09
DFT-2025-03054,OHE-MJRPON-01,hard_spot,minor,2025-09-06,2025-10-09,33,false,false,,
DFT-2025-03055,SG-ABUAVD-08,aspect_defect,major,2025-07-05,2025-07-22,17,false,true,punctuality_incident,2025-07-21
DFT-2025-03056,TC-PVTBM-02,shunt_failure,critical,2025-05-28,2025-05-30,2,false,false,,
DFT-2026-03057,SG-TNPENR-06,lamp_failure,major,2026-06-20,2026-07-11,21,false,false,,
DFT-2025-03058,OHE-STMPV-01,hard_spot,minor,2025-11-09,2025-12-10,31,false,false,,
DFT-2026-03059,RL-PERABU-02,wear,3,2026-09-04,,3,false,false,,
DFT-2026-03060,TO-AJJ-09,gauge_defect,minor,2026-01-28,2026-03-10,41,false,true,speed_restriction,2026-03-09
DFT-2025-03061,SL-MJRPON-04,cracked_sleeper,minor,2025-06-25,2025-07-12,17,false,false,,
DFT-2025-03062,RL-TRLAJJ-24,wear,3,2025-03-28,2025-05-27,60,false,false,,
DFT-2026-03063,MST-MSBMS-04,foundation_defect,major,2026-01-21,2026-02-11,21,true,false,,
DFT-2025-03064,RL-PONGPD-01,corrugation,1,2025-07-15,2025-07-18,3,false,false,,
DFT-2026-03065,MST-MJRPON-06,foundation_defect,major,2026-02-22,2026-03-12,18,false,false,,
DFT-2026-03066,RL-CGLWJ-07,corrugation,2,2026-03-22,2026-04-15,24,false,true,speed_restriction,2026-04-04
DFT-2025-03067,CW-PVTBM-06,burn_mark,minor,2025-08-08,2025-09-27,50,false,false,,
DFT-2025-03068,AC-TITRL-09,reset_failure,minor,2025-10-29,2025-11-18,20,false,false,,
DFT-2026-03069,RL-MBMGI-01,rail_flaw,2,2026-03-14,2026-03-23,9,false,false,,
DFT-2026-03070,BL-TRLAJJ-36,fouling,major,2026-07-19,2026-08-09,21,false,false,,
DFT-2026-03071,TC-TITRL-02,shunt_failure,major,2026-03-24,2026-04-07,14,true,false,,
DFT-2025-03072,OHE-PONGPD-12,height_stagger,critical,2025-05-07,2025-05-11,4,false,true,failure,2025-05-11
DFT-2026-03073,AC-ABUAVD-03,head_fault,major,2026-09-04,,3,true,false,,
DFT-2025-03074,RL-MSBMS-04,corrugation,3,2025-10-19,2025-12-29,71,false,false,,
DFT-2025-03075,OHE-MBMGI-01,hard_spot,minor,2025-04-17,2025-06-18,62,false,false,,
DFT-2025-03076,PT-MS-08,detection_failure,minor,2025-12-26,2026-02-15,51,true,false,,
DFT-2026-03077,BL-BBQ-01,drainage_choke,major,2026-06-25,2026-07-08,13,true,false,,
DFT-2026-03078,BL-TITRL-04,drainage_choke,minor,2026-09-05,,2,false,false,,
DFT-2025-03079,BL-AJJ-06,drainage_choke,major,2025-04-05,2025-04-26,21,false,false,,
DFT-2026-03080,TO-TRL-07,crossing_wear,minor,2026-03-30,2026-06-08,70,false,false,,
DFT-2025-03081,OHE-MBMGI-08,hard_spot,minor,2025-12-18,2026-01-02,15,true,false,,
DFT-2025-03082,CW-TITRL-04,burn_mark,minor,2025-06-03,2025-06-16,13,false,false,,
DFT-2026-03083,MST-PONGPD-07,corrosion,minor,2026-08-28,,10,false,false,,
DFT-2026-03084,OHE-PER-02,hard_spot,minor,2026-04-22,2026-05-05,13,false,false,,
DFT-2025-03085,OHE-MAS-05,height_stagger,minor,2025-10-16,2025-10-28,12,true,false,,
DFT-2026-03086,SG-TITRL-08,aspect_defect,critical,2026-04-29,2026-05-03,4,false,false,,
DFT-2026-03087,RL-MBMGI-05,rail_flaw,3,2026-04-12,2026-06-15,64,false,false,,
DFT-2026-03088,AC-BBQPER-02,head_fault,major,2026-08-05,2026-08-23,18,false,true,punctuality_incident,2026-08-16
DFT-2026-03089,CW-PONGPD-03,wire_wear,minor,2026-03-17,2026-04-02,16,true,false,,
DFT-2025-03090,SL-PONGPD-06,cracked_sleeper,minor,2025-08-29,2025-11-04,67,false,true,speed_restriction,2025-09-20
DFT-2026-03091,MST-GISTM-02,foundation_defect,major,2026-07-11,2026-07-19,8,false,false,,
DFT-2026-03092,BL-CGLWJ-07,ballast_deficiency,major,2026-05-12,2026-05-27,15,false,false,,
DFT-2026-03093,RL-AVDTI-02,corrugation,3,2026-07-15,2026-08-04,20,false,true,speed_restriction,2026-07-25
DFT-2025-03094,SL-TRLAJJ-34,fastening_failure,minor,2025-07-19,2025-09-15,58,false,false,,
DFT-2025-03095,MST-TITRL-02,corrosion,minor,2025-05-16,2025-07-22,67,true,false,,
DFT-2025-03096,BR-PERABU-01,corrosion,major,2025-11-17,2025-11-22,5,false,false,,
DFT-2026-03097,SG-TRLAJJ-20,lamp_failure,minor,2026-05-20,2026-07-26,67,false,true,punctuality_incident,2026-07-19
DFT-2025-03098,OHE-TRLAJJ-39,hard_spot,minor,2025-07-25,2025-09-13,50,false,false,,
DFT-2026-03099,TO-AVD-01,switch_wear,minor,2026-07-10,,59,false,false,,
DFT-2025-03100,SG-BBQPER-04,aspect_defect,minor,2025-12-31,2026-03-01,60,true,false,,
DFT-2025-03101,MST-STMPV-08,foundation_defect,minor,2025-08-03,2025-09-24,52,false,true,failure,2025-08-04
DFT-2026-03102,BL-PVTBM-07,ballast_deficiency,critical,2026-06-28,2026-07-05,7,false,true,failure,2026-07-05
DFT-2025-03103,BR-MJRPON-01,bearing_defect,minor,2025-03-18,2025-05-20,63,false,true,speed_restriction,2025-04-06
DFT-2025-03104,SG-TRLAJJ-29,lamp_failure,minor,2025-08-29,2025-10-07,39,false,false,,
DFT-2025-03105,PT-PER-05,detection_failure,major,2025-09-20,2025-10-02,12,false,false,,
DFT-2026-03106,BL-PONGPD-05,fouling,minor,2026-06-16,2026-08-23,68,false,false,,
DFT-2025-03107,LC-CGLWJ-01,check_rail_wear,minor,2025-12-05,2026-01-26,52,false,true,speed_restriction,2025-12-21
DFT-2026-03108,TO-CJ-01,gauge_defect,minor,2026-02-09,2026-04-16,66,true,false,,
DFT-2025-03109,SL-PERABU-11,cracked_sleeper,minor,2025-06-13,2025-07-23,40,false,false,,
DFT-2026-03110,TC-PERABU-12,shunt_failure,major,2026-03-27,2026-04-01,5,false,false,,
DFT-2025-03111,SL-BBQTNP-02,cracked_sleeper,minor,2025-09-11,2025-10-26,45,false,true,speed_restriction,2025-10-26
DFT-2025-03112,BL-TITRL-12,ballast_deficiency,minor,2025-12-15,2026-02-22,69,false,true,speed_restriction,2026-02-11
DFT-2025-03113,RL-TRLAJJ-22,wear,2,2025-12-16,2026-01-09,24,true,true,speed_restriction,2025-12-20
DFT-2026-03114,OHE-PONGPD-02,hard_spot,major,2026-01-27,2026-02-06,10,false,true,speed_restriction,2026-02-03
DFT-2026-03115,RL-MASBBQ-03,wear,IMDT,2026-01-21,2026-01-21,0,false,true,speed_restriction,2026-01-22
DFT-2025-03116,LC-TNPENR-01,surface_defect,minor,2025-07-16,2025-09-09,55,false,true,punctuality_incident,2025-08-25
DFT-2025-03117,CW-MBMGI-04,burn_mark,minor,2025-05-01,2025-05-13,12,true,false,,
DFT-2025-03118,SL-MASBBQ-04,fastening_failure,major,2025-04-05,2025-04-19,14,false,false,,
DFT-2025-03119,TC-MJRPON-04,bonding_defect,major,2025-07-30,2025-08-14,15,false,false,,
DFT-2026-03120,TC-MSBMS-06,shunt_failure,minor,2026-08-19,,19,false,false,,
DFT-2025-03121,RL-TRLAJJ-62,corrugation,2,2025-06-10,2025-06-30,20,false,false,,
DFT-2025-03122,RL-TRLAJJ-56,rail_flaw,2,2025-05-16,2025-05-22,6,false,false,,
DFT-2026-03123,RL-TITRL-23,corrugation,3,2026-04-30,2026-05-14,14,false,false,,
DFT-2025-03124,SL-ABUAVD-05,fastening_failure,minor,2025-11-18,2025-12-17,29,true,false,,
DFT-2026-03125,INS-PONGPD-01,cracked_insulator,minor,2026-06-20,2026-08-12,53,false,true,failure,2026-06-29
DFT-2025-03126,OHE-PERABU-13,hard_spot,major,2025-04-06,2025-04-13,7,false,false,,
DFT-2025-03127,SL-TRLAJJ-08,cracked_sleeper,minor,2025-04-05,2025-04-16,11,false,false,,
DFT-2025-03128,SL-ABUAVD-05,cracked_sleeper,minor,2025-03-21,2025-04-29,39,true,false,,
DFT-2025-03129,OHE-MSB-03,hard_spot,minor,2025-07-16,2025-08-23,38,true,false,,
DFT-2026-03130,SL-MSBMS-03,fastening_failure,minor,2026-02-04,2026-04-12,67,true,false,,
DFT-2026-03131,TC-TRLAJJ-33,shunt_failure,minor,2026-04-02,2026-04-26,24,false,true,failure,2026-04-03
DFT-2025-03132,PT-MAS-01,detection_failure,major,2025-12-29,2026-01-11,13,false,false,,
DFT-2026-03133,OHE-TRL-01,hard_spot,minor,2026-07-28,,41,false,true,speed_restriction,2026-08-24
DFT-2026-03134,MST-ENRMJR-04,corrosion,critical,2026-07-01,2026-07-07,6,false,false,,
DFT-2025-03135,MST-TITRL-02,foundation_defect,critical,2025-06-26,2025-06-27,1,false,false,,
DFT-2025-03136,RL-TRLAJJ-16,rail_flaw,3,2025-07-27,2025-08-21,25,false,false,,
DFT-2025-03137,RL-PERABU-18,weld_failure,3,2025-09-21,2025-10-11,20,true,false,,
DFT-2025-03138,CW-AVDTI-08,wire_wear,critical,2025-06-21,2025-06-22,1,false,false,,
DFT-2026-03139,RL-PONGPD-01,wear,3,2026-08-16,,22,false,false,,
DFT-2025-03140,INS-MSMBM-03,flashover_mark,minor,2025-06-29,2025-09-04,67,true,false,,
DFT-2025-03141,BL-TRLAJJ-19,drainage_choke,minor,2025-09-20,2025-10-23,33,false,false,,
DFT-2025-03142,SL-TRLAJJ-27,cracked_sleeper,minor,2025-11-05,2025-11-22,17,false,false,,
DFT-2025-03143,RL-AVDTI-05,rail_flaw,2,2025-04-30,2025-05-07,7,false,false,,
DFT-2025-03144,CW-STMPV-03,wire_wear,minor,2025-12-13,2026-01-24,42,true,false,,
DFT-2025-03145,RL-ENRMJR-03,rail_flaw,3,2025-05-06,2025-07-09,64,false,true,speed_restriction,2025-07-09
DFT-2025-03146,RL-TRLAJJ-68,wear,3,2025-12-03,2026-01-09,37,false,false,,
DFT-2025-03147,TO-PER-07,switch_wear,minor,2025-09-12,2025-09-26,14,false,false,,
DFT-2025-03148,TO-TBM-09,crossing_wear,minor,2025-03-27,2025-05-15,49,false,false,,
DFT-2026-03149,TC-MSMBM-03,bonding_defect,minor,2026-05-23,2026-07-17,55,false,false,,
DFT-2026-03150,TO-MS-02,crossing_wear,major,2026-01-09,2026-01-27,18,false,false,,
DFT-2026-03151,SG-PONGPD-03,aspect_defect,minor,2026-07-12,2026-08-07,26,false,false,,
DFT-2025-03152,RL-TRLAJJ-39,weld_failure,1,2025-11-10,2025-11-14,4,false,false,,
DFT-2025-03153,OHE-MAS-02,height_stagger,major,2025-07-27,2025-08-05,9,true,false,,
DFT-2025-03154,TC-GISTM-04,bonding_defect,major,2025-05-13,2025-05-30,17,false,true,failure,2025-05-24
DFT-2025-03155,BL-CGL-04,ballast_deficiency,critical,2025-04-08,2025-04-09,1,false,false,,
DFT-2025-03156,TO-PER-09,crossing_wear,minor,2025-11-02,2025-12-05,33,false,false,,
DFT-2025-03157,SL-PVTBM-06,fastening_failure,minor,2025-12-04,2025-12-29,25,false,false,,
DFT-2025-03158,RL-MSBMS-12,rail_flaw,1,2025-11-27,2025-11-29,2,false,false,,
DFT-2025-03159,TC-ABUAVD-06,bonding_defect,minor,2025-04-01,2025-05-05,34,false,false,,
DFT-2025-03160,TC-AVDTI-12,shunt_failure,minor,2025-05-24,2025-07-02,39,false,false,,
DFT-2025-03161,RL-STMPV-15,corrugation,3,2025-07-21,2025-09-01,42,true,true,speed_restriction,2025-08-20
DFT-2026-03162,OHE-PERABU-20,hard_spot,major,2026-02-09,2026-02-28,19,false,false,,
DFT-2025-03163,RL-BBQPER-02,corrugation,2,2025-05-02,2025-05-15,13,true,false,,
DFT-2026-03164,BL-MSB-04,fouling,minor,2026-01-08,2026-01-22,14,true,false,,
DFT-2026-03165,BL-ABUAVD-02,ballast_deficiency,major,2026-08-03,2026-08-20,17,false,true,speed_restriction,2026-08-11
DFT-2025-03166,MST-AVDTI-08,foundation_defect,minor,2025-12-24,2026-02-22,60,true,false,,
DFT-2026-03167,SG-GISTM-04,aspect_defect,minor,2026-03-27,2026-05-20,54,false,false,,
DFT-2025-03168,SL-PONGPD-04,fastening_failure,minor,2025-04-12,2025-04-27,15,false,false,,
DFT-2025-03169,MST-MSBMS-04,foundation_defect,major,2025-04-28,2025-05-16,18,false,true,speed_restriction,2025-05-12
DFT-2025-03170,SL-MSBMS-05,fastening_failure,major,2025-09-15,2025-09-25,10,false,false,,
DFT-2025-03171,SL-TITRL-14,fastening_failure,critical,2025-10-10,2025-10-15,5,false,false,,
DFT-2026-03172,SL-PERABU-05,cracked_sleeper,major,2026-07-09,2026-07-23,14,false,false,,
DFT-2025-03173,RL-STMPV-15,wear,3,2025-07-08,2025-08-15,38,false,false,,
DFT-2026-03174,SL-TRLAJJ-24,cracked_sleeper,minor,2026-01-19,2026-03-30,70,false,true,failure,2026-01-29
DFT-2026-03175,BL-TRL-03,ballast_deficiency,major,2026-03-17,2026-03-22,5,false,false,,
DFT-2026-03176,INS-AVDTI-07,cracked_insulator,minor,2026-06-19,2026-07-13,24,false,false,,
DFT-2026-03177,MST-TNPENR-05,foundation_defect,minor,2026-03-20,2026-05-01,42,false,false,,
DFT-2025-03178,SG-TITRL-11,aspect_defect,minor,2025-09-05,2025-10-11,36,true,false,,
DFT-2026-03179,TC-TITRL-04,bonding_defect,minor,2026-08-31,,7,false,false,,
DFT-2026-03180,CW-TITRL-02,burn_mark,minor,2026-02-20,2026-04-11,50,false,false,,
DFT-2026-03181,PT-PER-05,obstruction,minor,2026-01-30,2026-03-11,40,false,true,failure,2026-02-03
DFT-2025-03182,SL-ABUAVD-08,fastening_failure,minor,2025-09-10,2025-09-23,13,false,false,,
DFT-2025-03183,BL-TNPENR-02,fouling,minor,2025-10-10,2025-11-05,26,false,false,,
DFT-2026-03184,RL-TRLAJJ-05,rail_flaw,2,2026-08-11,2026-08-21,10,true,false,,
DFT-2025-03185,RL-ABUAVD-14,wear,IMDT,2025-12-21,2025-12-22,1,false,false,,
DFT-2025-03186,SL-PVTBM-02,fastening_failure,critical,2025-07-01,2025-07-08,7,false,false,,
DFT-2026-03187,RL-AVDTI-14,wear,3,2026-04-25,2026-06-19,55,false,false,,
DFT-2026-03188,BL-PER-05,ballast_deficiency,major,2026-02-13,2026-02-27,14,false,false,,
DFT-2026-03189,INS-ABUAVD-02,flashover_mark,major,2026-06-16,2026-06-25,9,false,false,,
DFT-2025-03190,SL-PVTBM-01,fastening_failure,minor,2025-05-08,2025-07-06,59,true,false,,
DFT-2025-03191,INS-STMPV-03,flashover_mark,minor,2025-04-03,2025-04-30,27,false,false,,
DFT-2025-03192,MST-TRLAJJ-37,foundation_defect,minor,2025-09-11,2025-10-05,24,false,false,,
DFT-2025-03193,PT-BBQ-03,obstruction,minor,2025-08-24,2025-10-16,53,true,false,,
DFT-2026-03194,RL-TNPENR-03,wear,2,2026-04-18,2026-05-06,18,false,true,speed_restriction,2026-04-19
DFT-2025-03195,OHE-TITRL-05,height_stagger,minor,2025-09-04,2025-10-12,38,true,false,,
DFT-2025-03196,BL-PER-04,drainage_choke,major,2025-09-23,2025-10-13,20,true,false,,
DFT-2026-03197,SG-ABUAVD-03,aspect_defect,minor,2026-07-23,2026-08-15,23,true,false,,
DFT-2025-03198,BR-TRLAJJ-02,bearing_defect,major,2025-09-06,2025-09-21,15,true,false,,
DFT-2025-03199,SG-CJTMLP-03,lamp_failure,minor,2025-10-07,2025-12-02,56,true,true,speed_restriction,2025-11-08
DFT-2026-03200,TO-MS-06,switch_wear,minor,2026-03-13,2026-04-21,39,false,true,failure,2026-03-17
DFT-2025-03201,AC-TRLAJJ-06,reset_failure,minor,2025-09-10,2025-09-20,10,false,false,,
DFT-2026-03202,RL-TITRL-04,corrugation,3,2026-05-09,2026-06-12,34,false,false,,
DFT-2026-03203,RL-ABUAVD-14,wear,3,2026-03-29,2026-04-17,19,false,false,,
DFT-2025-03204,SG-ENRMJR-08,lamp_failure,major,2025-10-19,2025-10-27,8,false,false,,
DFT-2026-03205,BR-TITRL-01,bearing_defect,major,2026-03-13,2026-03-27,14,false,true,punctuality_incident,2026-03-20
DFT-2026-03206,TC-TITRL-11,shunt_failure,critical,2026-08-05,2026-08-07,2,false,false,,
DFT-2025-03207,SG-ABUAVD-01,lamp_failure,major,2025-06-19,2025-06-27,8,false,false,,
DFT-2026-03208,SG-MSMBM-03,aspect_defect,major,2026-08-30,,8,false,false,,
DFT-2026-03209,TO-AJJ-11,gauge_defect,minor,2026-03-18,2026-05-23,66,false,true,speed_restriction,2026-04-09
DFT-2025-03210,BR-TRLAJJ-01,corrosion,minor,2025-04-14,2025-06-23,70,true,false,,
DFT-2025-03211,RL-TITRL-07,corrugation,2,2025-10-26,2025-11-16,21,false,true,speed_restriction,2025-11-09
DFT-2026-03212,AC-PERABU-03,head_fault,minor,2026-02-11,2026-03-07,24,true,true,punctuality_incident,2026-02-22
DFT-2025-03213,SL-CJTMLP-02,cracked_sleeper,minor,2025-08-12,2025-09-26,45,false,true,speed_restriction,2025-08-14
DFT-2025-03214,MST-MSMBM-03,corrosion,minor,2025-05-26,2025-06-19,24,true,false,,
DFT-2026-03215,RL-MSMBM-10,corrugation,3,2026-07-16,2026-08-26,41,false,true,speed_restriction,2026-07-20
DFT-2025-03216,SG-PVTBM-04,aspect_defect,minor,2025-09-20,2025-10-19,29,false,false,,
DFT-2026-03217,SG-TNPENR-03,aspect_defect,major,2026-02-11,2026-02-28,17,false,false,,
DFT-2026-03218,AC-PERABU-05,reset_failure,minor,2026-04-03,2026-04-29,26,false,false,,
DFT-2025-03219,SL-ABUAVD-05,cracked_sleeper,minor,2025-11-21,2025-12-13,22,false,false,,
DFT-2026-03220,TC-AVDTI-07,bonding_defect,minor,2026-01-31,2026-03-21,49,false,false,,
DFT-2025-03221,RL-TRLAJJ-52,rail_flaw,2,2025-07-25,2025-08-19,25,false,false,,
DFT-2025-03222,RL-PONGPD-03,rail_flaw,2,2025-08-14,2025-08-27,13,false,false,,
DFT-2025-03223,SL-TNPENR-07,cracked_sleeper,minor,2025-08-25,2025-10-06,42,true,false,,
DFT-2025-03224,TC-PERABU-04,bonding_defect,minor,2025-09-14,2025-10-23,39,false,false,,
DFT-2026-03225,MST-TRLAJJ-31,foundation_defect,minor,2026-03-09,2026-04-05,27,true,false,,
DFT-2025-03226,OHE-AVDTI-08,height_stagger,minor,2025-12-22,2026-02-15,55,false,false,,
DFT-2026-03227,SL-TRLAJJ-32,fastening_failure,minor,2026-06-20,2026-08-25,66,false,true,failure,2026-08-23
DFT-2025-03228,MST-PERABU-14,corrosion,minor,2025-07-22,2025-08-01,10,false,false,,
DFT-2025-03229,TO-MAS-01,crossing_wear,minor,2025-04-13,2025-06-03,51,false,true,speed_restriction,2025-05-11
DFT-2026-03230,SG-STMPV-03,lamp_failure,minor,2026-03-10,2026-04-24,45,false,true,punctuality_incident,2026-03-30
DFT-2026-03231,BL-TRLAJJ-17,fouling,minor,2026-05-16,2026-06-02,17,false,false,,
DFT-2025-03232,TO-MSB-05,crossing_wear,major,2025-04-09,2025-04-17,8,false,false,,
DFT-2026-03233,RL-STMPV-03,weld_failure,3,2026-03-24,2026-06-04,72,true,true,failure,2026-04-05
DFT-2025-03234,SL-AVDTI-02,fastening_failure,minor,2025-06-05,2025-07-07,32,true,false,,
DFT-2025-03235,SL-PONGPD-07,cracked_sleeper,minor,2025-11-21,2025-12-28,37,false,false,,
DFT-2025-03236,RL-WJCJ-06,rail_flaw,2,2025-12-22,2026-01-10,19,false,false,,
DFT-2025-03237,BL-TRLAJJ-33,drainage_choke,critical,2025-04-01,2025-04-02,1,false,false,,
DFT-2026-03238,BL-MJRPON-06,fouling,minor,2026-06-07,2026-08-06,60,false,true,speed_restriction,2026-06-20
DFT-2025-03239,OHE-CGLWJ-06,height_stagger,minor,2025-04-23,2025-06-23,61,false,false,,
DFT-2025-03240,TO-BBQ-07,gauge_defect,major,2025-05-26,2025-06-08,13,false,true,speed_restriction,2025-06-04
DFT-2026-03241,SL-ENRMJR-08,fastening_failure,minor,2026-01-19,2026-02-19,31,true,false,,
DFT-2025-03242,AC-TRLAJJ-08,head_fault,major,2025-05-22,2025-06-10,19,true,false,,
DFT-2025-03243,RL-MSBMS-03,weld_failure,2,2025-04-29,2025-05-04,5,false,false,,
DFT-2026-03244,PT-AVD-08,motor_fault,minor,2026-05-17,2026-06-14,28,false,false,,
DFT-2026-03245,SL-TRLAJJ-22,cracked_sleeper,minor,2026-07-15,2026-08-29,45,false,false,,
DFT-2025-03246,SL-CGLWJ-03,fastening_failure,minor,2025-06-14,2025-08-13,60,false,false,,
DFT-2026-03247,OHE-TITRL-06,height_stagger,critical,2026-04-23,2026-04-26,3,false,false,,
DFT-2025-03248,SL-MASBBQ-03,fastening_failure,major,2025-07-09,2025-07-18,9,false,false,,
DFT-2025-03249,MST-PERABU-13,foundation_defect,critical,2025-08-11,2025-08-18,7,true,false,,
DFT-2025-03250,RL-TRLAJJ-49,weld_failure,3,2025-07-01,2025-08-17,47,false,false,,
DFT-2026-03251,MST-BBQPER-04,foundation_defect,minor,2026-03-22,2026-05-24,63,true,false,,
DFT-2025-03252,TC-ABUAVD-05,shunt_failure,major,2025-06-15,2025-07-06,21,false,true,speed_restriction,2025-06-20
DFT-2025-03253,RL-TITRL-12,rail_flaw,3,2025-05-01,2025-05-31,30,false,false,,
DFT-2026-03254,BL-TBM-05,drainage_choke,critical,2026-07-15,2026-07-16,1,false,false,,
DFT-2025-03255,TC-TNPENR-03,shunt_failure,minor,2025-07-05,2025-08-25,51,false,false,,
DFT-2025-03256,SL-MASBBQ-01,cracked_sleeper,critical,2025-11-05,2025-11-08,3,false,false,,
DFT-2026-03257,TO-ENR-02,crossing_wear,minor,2026-05-08,2026-07-06,59,false,false,,
DFT-2026-03258,TO-AVD-06,switch_wear,minor,2026-04-06,2026-04-28,22,false,true,speed_restriction,2026-04-28
DFT-2025-03259,SL-PONGPD-05,fastening_failure,critical,2025-03-29,2025-04-01,3,false,true,speed_restriction,2025-03-31
DFT-2025-03260,OHE-MBMGI-01,hard_spot,minor,2025-06-03,2025-07-24,51,false,true,speed_restriction,2025-07-05
DFT-2026-03261,RL-TITRL-02,rail_flaw,2,2026-05-31,2026-06-15,15,false,false,,
DFT-2025-03262,TO-BBQ-11,gauge_defect,major,2025-12-31,2026-01-05,5,true,false,,
DFT-2026-03263,SS-MAS-01,transformer_alarm,major,2026-08-14,2026-08-23,9,false,false,,
DFT-2025-03264,CW-PVTBM-04,burn_mark,minor,2025-12-06,2026-01-08,33,false,false,,
DFT-2026-03265,MST-BBQPER-04,foundation_defect,minor,2026-08-21,2026-09-04,14,false,false,,
DFT-2025-03266,OHE-MBMGI-06,hard_spot,major,2025-10-17,2025-11-05,19,false,false,,
DFT-2025-03267,PT-TNP-02,obstruction,major,2025-07-19,2025-08-07,19,false,false,,
DFT-2026-03268,SL-MSMBM-05,cracked_sleeper,minor,2026-01-12,2026-01-27,15,true,false,,
DFT-2025-03269,RL-TRLAJJ-46,weld_failure,2,2025-09-27,2025-10-20,23,false,true,speed_restriction,2025-10-17
DFT-2026-03270,TC-PVTBM-07,bonding_defect,major,2026-05-12,2026-05-20,8,false,false,,
DFT-2025-03271,RL-PONGPD-10,rail_flaw,3,2025-08-22,2025-10-07,46,true,true,speed_restriction,2025-09-09
DFT-2026-03272,SL-MSBMS-06,fastening_failure,minor,2026-08-08,2026-08-27,19,false,false,,
DFT-2025-03273,SL-TRLAJJ-05,cracked_sleeper,minor,2025-04-29,2025-07-05,67,false,true,speed_restriction,2025-05-03
DFT-2025-03274,RL-TNPENR-11,corrugation,3,2025-04-18,2025-06-22,65,false,false,,
DFT-2026-03275,SG-STMPV-08,lamp_failure,minor,2026-07-20,2026-08-02,13,true,false,,
DFT-2026-03276,TO-AVD-09,gauge_defect,minor,2026-04-14,2026-04-30,16,true,false,,
DFT-2026-03277,BL-PERABU-16,fouling,minor,2026-06-26,2026-08-12,47,false,true,punctuality_incident,2026-07-31
DFT-2025-03278,SG-ABUAVD-08,lamp_failure,minor,2025-09-09,2025-10-24,45,false,false,,
DFT-2025-03279,MST-MSMBM-08,foundation_defect,minor,2025-06-05,2025-07-20,45,false,false,,
DFT-2025-03280,SL-PVTBM-08,cracked_sleeper,minor,2025-06-30,2025-08-03,34,false,false,,
DFT-2026-03281,TC-MSMBM-12,shunt_failure,major,2026-05-17,2026-06-03,17,false,true,punctuality_incident,2026-05-30
DFT-2026-03282,PT-MSB-05,motor_fault,major,2026-02-18,2026-02-27,9,false,false,,
DFT-2026-03283,TO-GPD-02,gauge_defect,minor,2026-07-09,2026-08-09,31,false,true,speed_restriction,2026-08-01
DFT-2025-03284,SG-GISTM-04,aspect_defect,major,2025-06-17,2025-07-08,21,false,true,punctuality_incident,2025-06-25
DFT-2025-03285,AC-ABUAVD-02,head_fault,minor,2025-09-25,2025-10-13,18,false,false,,
DFT-2025-03286,SL-MSMBM-05,cracked_sleeper,major,2025-06-01,2025-06-14,13,false,false,,
DFT-2025-03287,MST-PERABU-05,foundation_defect,major,2025-12-17,2025-12-24,7,true,false,,
DFT-2026-03288,BL-TNPENR-03,drainage_choke,minor,2026-02-26,2026-04-17,50,false,false,,
DFT-2026-03289,BL-AVDTI-09,fouling,minor,2026-08-04,,34,true,false,,
DFT-2025-03290,BL-MBMGI-02,drainage_choke,major,2025-12-26,2026-01-13,18,false,true,speed_restriction,2025-12-30
DFT-2026-03291,RL-PERABU-24,wear,1,2026-02-26,2026-03-02,4,true,false,,
DFT-2026-03292,TC-MJRPON-02,bonding_defect,minor,2026-02-13,2026-03-08,23,false,false,,
DFT-2025-03293,OHE-MSMBM-07,hard_spot,minor,2025-08-23,2025-09-26,34,false,false,,
DFT-2026-03294,RL-PERABU-24,wear,1,2026-04-24,2026-04-30,6,false,true,punctuality_incident,2026-04-26
DFT-2026-03295,SG-MSMBM-06,lamp_failure,critical,2026-05-03,2026-05-05,2,false,false,,
DFT-2025-03296,MST-TRLAJJ-08,foundation_defect,critical,2025-12-23,2025-12-28,5,false,false,,
DFT-2025-03297,SG-PONGPD-05,lamp_failure,minor,2025-08-28,2025-10-27,60,false,true,punctuality_incident,2025-09-11
DFT-2025-03298,BL-TRLAJJ-08,drainage_choke,critical,2025-08-18,2025-08-22,4,false,false,,
DFT-2025-03299,SG-TRLAJJ-04,aspect_defect,critical,2025-11-30,2025-12-01,1,false,false,,
DFT-2026-03300,INS-PERABU-04,cracked_insulator,minor,2026-01-23,2026-02-23,31,false,false,,
DFT-2026-03301,RL-PVTBM-03,rail_flaw,3,2026-04-28,2026-07-06,69,false,false,,
DFT-2025-03302,PT-ENR-01,motor_fault,major,2025-11-05,2025-11-25,20,false,true,punctuality_incident,2025-11-18
DFT-2026-03303,CW-ENRMJR-01,wire_wear,critical,2026-05-05,2026-05-09,4,false,false,,
DFT-2026-03304,SL-CJTMLP-01,cracked_sleeper,major,2026-02-23,2026-03-03,8,true,false,,
DFT-2025-03305,SG-TRLAJJ-30,lamp_failure,minor,2025-08-03,2025-08-14,11,false,false,,
DFT-2025-03306,PT-AJJ-09,motor_fault,major,2025-09-30,2025-10-10,10,false,false,,
DFT-2025-03307,SG-PERABU-10,lamp_failure,minor,2025-05-06,2025-06-02,27,true,false,,
DFT-2026-03308,PT-PER-04,motor_fault,major,2026-02-11,2026-03-03,20,false,false,,
DFT-2025-03309,OHE-ENRMJR-08,hard_spot,minor,2025-08-21,2025-09-09,19,true,false,,
DFT-2025-03310,RL-TKOAJJ-07,wear,3,2025-07-08,2025-08-23,46,true,false,,
DFT-2026-03311,RL-AVDTI-04,weld_failure,2,2026-02-22,2026-03-11,17,false,false,,
DFT-2026-03312,PT-ENR-05,motor_fault,minor,2026-09-06,,1,false,false,,
DFT-2025-03313,OHE-TRLAJJ-41,height_stagger,minor,2025-07-05,2025-07-17,12,false,false,,
DFT-2026-03314,MST-MSMBM-04,foundation_defect,major,2026-06-04,2026-06-25,21,true,false,,
DFT-2026-03315,RL-MASBBQ-01,weld_failure,3,2026-01-06,2026-03-07,60,false,false,,
DFT-2025-03316,RL-MSMBM-01,corrugation,3,2025-06-01,2025-07-21,50,true,false,,
DFT-2025-03317,SL-AVDTI-02,cracked_sleeper,major,2025-06-06,2025-06-11,5,false,false,,
DFT-2026-03318,SG-ENRMJR-06,aspect_defect,minor,2026-07-31,,38,true,false,,
DFT-2025-03319,TO-AJJ-11,switch_wear,critical,2025-04-26,2025-04-30,4,false,false,,
DFT-2026-03320,SG-MBMGI-03,aspect_defect,minor,2026-03-26,2026-05-28,63,false,false,,
DFT-2025-03321,CW-TRLAJJ-09,burn_mark,minor,2025-03-21,2025-05-30,70,false,false,,
DFT-2025-03322,INS-PVTBM-04,cracked_insulator,major,2025-03-31,2025-04-14,14,false,false,,
DFT-2026-03323,OHE-MSMBM-10,height_stagger,minor,2026-09-06,,1,false,false,,
DFT-2026-03324,BR-TITRL-01,bearing_defect,minor,2026-08-08,,30,false,true,speed_restriction,2026-08-19
DFT-2025-03325,RL-TMLPTKO-01,weld_failure,1,2025-11-29,2025-12-03,4,false,false,,
DFT-2025-03326,OHE-MSMBM-06,hard_spot,minor,2025-08-30,2025-10-22,53,true,false,,
DFT-2025-03327,OHE-GPD-02,hard_spot,critical,2025-09-04,2025-09-11,7,false,true,failure,2025-09-05
DFT-2025-03328,RL-TRLAJJ-43,corrugation,3,2025-06-04,2025-07-12,38,false,false,,
DFT-2026-03329,RL-PERABU-20,weld_failure,3,2026-07-06,2026-08-01,26,false,false,,
DFT-2026-03330,RL-TRLAJJ-49,rail_flaw,2,2026-08-12,2026-09-04,23,true,false,,
DFT-2025-03331,OHE-AVD-03,height_stagger,critical,2025-11-21,2025-11-22,1,false,false,,
DFT-2025-03332,BL-CJ-01,drainage_choke,major,2025-09-27,2025-10-14,17,false,false,,
DFT-2026-03333,OHE-TITRL-01,height_stagger,minor,2026-01-05,2026-03-01,55,false,true,failure,2026-02-24
DFT-2026-03334,CW-BBQPER-02,wire_wear,major,2026-04-08,2026-04-14,6,false,false,,
DFT-2026-03335,SL-MSMBM-05,fastening_failure,minor,2026-08-30,,8,true,false,,
DFT-2026-03336,BL-AVDTI-04,ballast_deficiency,minor,2026-04-05,2026-06-10,66,false,true,speed_restriction,2026-05-05
DFT-2026-03337,PT-MAS-09,obstruction,critical,2026-06-04,2026-06-11,7,false,true,punctuality_incident,2026-06-06
DFT-2025-03338,RL-ABUAVD-12,wear,2,2025-12-17,2025-12-31,14,false,false,,
DFT-2025-03339,RL-PONGPD-05,weld_failure,1,2025-07-18,2025-07-25,7,false,true,speed_restriction,2025-07-23
DFT-2025-03340,OHE-TRLAJJ-02,height_stagger,minor,2025-10-11,2025-12-12,62,false,false,,
DFT-2026-03341,MST-TRLAJJ-27,foundation_defect,major,2026-08-08,2026-08-27,19,false,true,punctuality_incident,2026-08-22
DFT-2026-03342,OHE-TNP-01,height_stagger,major,2026-04-09,2026-04-28,19,true,false,,
DFT-2025-03343,CW-MSMBM-04,wire_wear,major,2025-10-23,2025-11-11,19,false,true,failure,2025-11-01
DFT-2025-03344,IL-TNP-01,relay_fault,major,2025-05-17,2025-05-31,14,false,false,,
DFT-2026-03345,CW-TRLAJJ-13,wire_wear,major,2026-05-22,2026-06-04,13,false,false,,
DFT-2026-03346,SG-BBQTNP-01,aspect_defect,critical,2026-04-29,2026-05-04,5,false,false,,
DFT-2025-03347,TC-TRLAJJ-10,shunt_failure,minor,2025-04-06,2025-05-12,36,false,false,,
DFT-2026-03348,BL-TRL-01,ballast_deficiency,major,2026-05-30,2026-06-11,12,false,false,,
DFT-2025-03349,INS-PVTBM-01,cracked_insulator,major,2025-07-19,2025-08-05,17,false,false,,
DFT-2026-03350,SL-MJRPON-02,fastening_failure,minor,2026-02-19,2026-03-22,31,false,false,,
DFT-2025-03351,OHE-TNP-01,height_stagger,major,2025-04-21,2025-05-12,21,false,true,failure,2025-05-10
DFT-2025-03352,SL-MJRPON-05,fastening_failure,minor,2025-12-11,2025-12-30,19,false,false,,
DFT-2026-03353,SL-TRLAJJ-27,fastening_failure,major,2026-05-24,2026-06-13,20,false,false,,
DFT-2026-03354,OHE-TRLAJJ-45,height_stagger,minor,2026-09-05,,2,true,false,,
DFT-2025-03355,PT-TBM-06,obstruction,minor,2025-07-29,2025-09-12,45,true,false,,
DFT-2025-03356,BL-MSBMS-04,fouling,major,2025-04-24,2025-04-29,5,false,false,,
DFT-2026-03357,MST-PONGPD-05,corrosion,minor,2026-08-28,,10,true,false,,
DFT-2025-03358,CW-PERABU-05,burn_mark,minor,2025-06-25,2025-07-14,19,false,false,,
DFT-2025-03359,MST-CGLWJ-05,foundation_defect,major,2025-11-06,2025-11-22,16,false,false,,
DFT-2026-03360,BL-MSB-01,drainage_choke,minor,2026-04-04,2026-05-18,44,false,false,,
DFT-2026-03361,RL-TITRL-07,rail_flaw,3,2026-07-29,,40,false,false,,
DFT-2026-03362,BL-AJJ-01,ballast_deficiency,minor,2026-04-17,2026-05-24,37,true,false,,
DFT-2026-03363,AC-MSMBM-01,reset_failure,minor,2026-08-22,,16,false,false,,
DFT-2026-03364,RL-TITRL-07,weld_failure,3,2026-01-19,2026-04-03,74,false,true,speed_restriction,2026-01-27
DFT-2026-03365,OHE-PVTBM-05,height_stagger,minor,2026-03-16,2026-05-19,64,false,true,speed_restriction,2026-04-16
DFT-2026-03366,AC-TRLAJJ-12,reset_failure,minor,2026-07-15,2026-08-16,32,true,false,,
DFT-2025-03367,TO-MSB-03,switch_wear,major,2025-09-06,2025-09-12,6,false,false,,
DFT-2026-03368,OHE-AVD-03,hard_spot,critical,2026-03-13,2026-03-17,4,false,false,,
DFT-2025-03369,TC-TITRL-05,bonding_defect,minor,2025-12-10,2026-02-12,64,true,false,,
DFT-2025-03370,BL-BBQPER-02,ballast_deficiency,minor,2025-12-31,2026-02-25,56,false,false,,
DFT-2025-03371,SL-WJCJ-05,cracked_sleeper,major,2025-12-29,2026-01-06,8,true,false,,
DFT-2026-03372,OHE-PERABU-02,hard_spot,major,2026-02-17,2026-03-04,15,false,false,,
DFT-2025-03373,AC-PONGPD-02,reset_failure,minor,2025-06-25,2025-08-02,38,false,false,,
DFT-2026-03374,BL-TRLAJJ-01,ballast_deficiency,minor,2026-04-04,2026-06-07,64,false,false,,
DFT-2025-03375,OHE-ENRMJR-07,height_stagger,minor,2025-07-27,2025-08-28,32,true,false,,
DFT-2026-03376,RL-AVDTI-02,rail_flaw,IMDT,2026-04-15,2026-04-16,1,false,false,,
DFT-2026-03377,MST-GISTM-02,corrosion,major,2026-05-17,2026-06-08,22,false,false,,
DFT-2025-03378,SL-MSBMS-01,cracked_sleeper,minor,2025-10-11,2025-11-27,47,false,false,,
DFT-2025-03379,SL-AVDTI-11,fastening_failure,minor,2025-07-28,2025-08-31,34,false,false,,
DFT-2025-03380,BL-TRL-01,ballast_deficiency,major,2025-08-13,2025-09-02,20,true,false,,
DFT-2026-03381,BL-MASBBQ-01,drainage_choke,minor,2026-01-17,2026-03-09,51,false,false,,
DFT-2026-03382,SG-TITRL-11,lamp_failure,minor,2026-08-13,,25,false,false,,
DFT-2026-03383,BL-MS-03,drainage_choke,minor,2026-02-01,2026-02-25,24,false,false,,
DFT-2026-03384,TC-MASBBQ-01,shunt_failure,major,2026-06-28,2026-07-07,9,false,true,failure,2026-07-05
DFT-2026-03385,SL-ABUAVD-01,cracked_sleeper,major,2026-07-26,2026-08-15,20,false,true,failure,2026-08-09
DFT-2025-03386,MST-PONGPD-07,foundation_defect,minor,2025-07-01,2025-09-05,66,false,false,,
DFT-2026-03387,INS-CGLWJ-04,flashover_mark,minor,2026-01-29,2026-03-24,54,false,true,punctuality_incident,2026-02-13
DFT-2025-03388,RL-BBQPER-05,corrugation,3,2025-11-01,2025-12-23,52,false,false,,
DFT-2026-03389,SL-PERABU-11,cracked_sleeper,minor,2026-01-12,2026-03-23,70,true,true,failure,2026-01-16
DFT-2025-03390,TC-PERABU-01,bonding_defect,major,2025-11-30,2025-12-17,17,true,false,,
DFT-2026-03391,BL-STMPV-08,ballast_deficiency,major,2026-02-09,2026-02-25,16,false,false,,
DFT-2025-03392,CW-ENRMJR-04,burn_mark,major,2025-10-02,2025-10-08,6,false,false,,
DFT-2026-03393,SG-TRLAJJ-08,lamp_failure,major,2026-06-29,2026-07-20,21,false,false,,
DFT-2025-03394,SL-TMLPTKO-01,fastening_failure,major,2025-04-24,2025-04-29,5,true,false,,
DFT-2026-03395,BL-TBM-05,drainage_choke,minor,2026-03-12,2026-05-07,56,false,false,,
DFT-2026-03396,SL-TRLAJJ-29,cracked_sleeper,major,2026-08-26,,12,false,false,,
DFT-2026-03397,BR-TNPENR-01,expansion_joint,critical,2026-06-06,2026-06-11,5,false,true,speed_restriction,2026-06-08
DFT-2025-03398,MST-TITRL-09,foundation_defect,minor,2025-03-26,2025-05-27,62,false,true,speed_restriction,2025-05-03
DFT-2026-03399,SL-BBQPER-03,cracked_sleeper,critical,2026-07-31,2026-08-03,3,true,false,,
DFT-2025-03400,OHE-MJRPON-03,hard_spot,minor,2025-08-16,2025-10-10,55,true,false,,
DFT-2025-03401,RL-TNPENR-09,rail_flaw,2,2025-12-07,2025-12-28,21,true,true,speed_restriction,2025-12-25
DFT-2025-03402,TO-BBQ-07,gauge_defect,minor,2025-10-09,2025-11-17,39,false,true,punctuality_incident,2025-10-31
DFT-2026-03403,TC-GISTM-03,shunt_failure,major,2026-07-22,2026-07-27,5,false,false,,
DFT-2026-03404,TC-MSMBM-06,shunt_failure,major,2026-07-27,2026-08-10,14,false,false,,
DFT-2025-03405,INS-TRLAJJ-03,flashover_mark,minor,2025-08-27,2025-10-05,39,false,false,,
DFT-2025-03406,BR-PONGPD-01,bearing_defect,minor,2025-08-24,2025-09-22,29,true,false,,
DFT-2025-03407,OHE-MSMBM-06,hard_spot,minor,2025-10-06,2025-11-16,41,false,false,,
DFT-2026-03408,TO-MS-11,switch_wear,minor,2026-05-05,2026-06-19,45,false,false,,
DFT-2025-03409,MST-MSBMS-07,corrosion,minor,2025-10-04,2025-10-24,20,false,false,,
DFT-2026-03410,RL-TNPENR-02,wear,3,2026-09-05,,2,false,false,,
DFT-2025-03411,RL-BBQPER-08,wear,3,2025-05-29,2025-06-10,12,true,false,,
DFT-2026-03412,RL-TKOAJJ-08,rail_flaw,2,2026-06-18,2026-07-04,16,false,false,,
DFT-2025-03413,OHE-MSMBM-14,height_stagger,minor,2025-05-03,2025-05-28,25,false,false,,
DFT-2026-03414,TC-MJRPON-05,bonding_defect,minor,2026-08-06,,32,false,false,,
DFT-2025-03415,BL-TBM-01,ballast_deficiency,major,2025-07-13,2025-08-04,22,false,false,,
DFT-2026-03416,INS-AVDTI-01,flashover_mark,minor,2026-06-29,2026-08-22,54,false,false,,
DFT-2026-03417,SL-TITRL-07,fastening_failure,minor,2026-01-26,2026-02-22,27,false,true,speed_restriction,2026-02-21
DFT-2026-03418,CW-BBQPER-02,wire_wear,major,2026-08-12,2026-08-26,14,false,false,,
DFT-2025-03419,BL-ABUAVD-07,ballast_deficiency,major,2025-04-01,2025-04-18,17,false,false,,
DFT-2025-03420,RL-MSMBM-01,weld_failure,3,2025-07-18,2025-09-10,54,false,false,,
DFT-2026-03421,RL-MJRPON-12,corrugation,3,2026-05-10,2026-07-04,55,false,false,,
DFT-2025-03422,SL-TITRL-17,fastening_failure,major,2025-11-29,2025-12-20,21,false,false,,
DFT-2026-03423,BL-STMPV-08,fouling,major,2026-03-16,2026-03-23,7,false,false,,
DFT-2026-03424,TC-WJCJ-06,shunt_failure,minor,2026-02-13,2026-04-23,69,false,true,failure,2026-04-05
DFT-2026-03425,OHE-AVDTI-07,hard_spot,minor,2026-02-15,2026-03-24,37,false,false,,
DFT-2026-03426,MST-AVDTI-06,corrosion,minor,2026-01-21,2026-03-24,62,false,false,,
DFT-2026-03427,AC-PONGPD-01,head_fault,major,2026-06-07,2026-06-27,20,true,false,,
DFT-2026-03428,PT-GPD-01,motor_fault,minor,2026-08-16,,22,true,false,,
DFT-2026-03429,IL-TBM-01,relay_fault,critical,2026-06-10,2026-06-14,4,true,false,,
DFT-2025-03430,RL-ENRMJR-09,weld_failure,2,2025-11-09,2025-11-27,18,true,false,,
DFT-2025-03431,OHE-BBQ-02,height_stagger,minor,2025-08-20,2025-09-24,35,false,false,,
DFT-2026-03432,PT-MAS-18,detection_failure,minor,2026-03-24,2026-04-25,32,true,false,,
DFT-2025-03433,OHE-CGLWJ-10,height_stagger,minor,2025-10-19,2025-11-06,18,false,false,,
DFT-2026-03434,SL-MSMBM-05,fastening_failure,minor,2026-05-02,2026-07-02,61,false,false,,
DFT-2025-03435,SG-BBQPER-04,lamp_failure,major,2025-04-05,2025-04-22,17,false,false,,
DFT-2026-03436,RL-ABUAVD-06,corrugation,3,2026-08-25,,13,false,false,,
DFT-2026-03437,OHE-TITRL-02,hard_spot,minor,2026-06-23,2026-07-24,31,false,false,,
DFT-2025-03438,BL-TITRL-12,ballast_deficiency,minor,2025-07-15,2025-07-29,14,true,false,,
DFT-2026-03439,OHE-CGLWJ-01,height_stagger,critical,2026-06-14,2026-06-18,4,false,false,,
DFT-2025-03440,SL-MASBBQ-01,cracked_sleeper,minor,2025-09-18,2025-11-14,57,true,false,,
DFT-2025-03441,BL-PONGPD-06,drainage_choke,minor,2025-10-23,2025-11-14,22,false,false,,
DFT-2025-03442,CW-TITRL-06,burn_mark,minor,2025-06-23,2025-08-05,43,false,false,,
DFT-2026-03443,RL-BBQPER-07,rail_flaw,IMDT,2026-05-06,2026-05-07,1,false,false,,
DFT-2025-03444,TO-BBQ-02,crossing_wear,minor,2025-04-14,2025-06-10,57,false,false,,
DFT-2025-03445,CW-PERABU-11,burn_mark,major,2025-10-17,2025-10-27,10,false,false,,
DFT-2025-03446,BL-PONGPD-02,drainage_choke,critical,2025-11-29,2025-11-30,1,false,false,,
DFT-2025-03447,OHE-TITRL-16,hard_spot,minor,2025-09-20,2025-11-28,69,true,false,,
DFT-2026-03448,RL-AVDTI-02,corrugation,3,2026-04-10,2026-04-29,19,false,true,speed_restriction,2026-04-13
DFT-2026-03449,TC-ABUAVD-07,shunt_failure,minor,2026-06-18,2026-07-20,32,false,false,,
DFT-2025-03450,PT-TBM-04,motor_fault,minor,2025-05-27,2025-08-05,70,false,false,,
DFT-2026-03451,CW-PERABU-05,burn_mark,major,2026-02-14,2026-03-06,20,false,false,,
DFT-2025-03452,INS-MASBBQ-03,cracked_insulator,minor,2025-08-03,2025-10-02,60,false,false,,
DFT-2025-03453,AC-ENRMJR-04,head_fault,minor,2025-11-29,2025-12-31,32,false,false,,
DFT-2025-03454,TO-MAS-17,crossing_wear,major,2025-04-27,2025-05-18,21,false,false,,
DFT-2026-03455,PT-MAS-14,obstruction,minor,2026-01-14,2026-02-15,32,true,false,,
DFT-2026-03456,RL-TRLAJJ-66,rail_flaw,3,2026-04-05,2026-06-19,75,true,false,,
DFT-2026-03457,SG-PVTBM-06,aspect_defect,critical,2026-01-14,2026-01-21,7,true,false,,
DFT-2025-03458,SG-PVTBM-01,aspect_defect,minor,2025-10-14,2025-11-26,43,false,false,,
DFT-2026-03459,CW-ABUAVD-02,wire_wear,major,2026-01-27,2026-02-08,12,false,false,,
DFT-2026-03460,BL-ENRMJR-07,drainage_choke,minor,2026-05-07,2026-05-22,15,true,false,,
DFT-2026-03461,TO-TBM-07,switch_wear,major,2026-02-28,2026-03-16,16,false,false,,
DFT-2026-03462,CW-ENRMJR-01,wire_wear,major,2026-09-05,,2,true,false,,
DFT-2026-03463,AC-MBMGI-01,head_fault,minor,2026-06-28,2026-08-09,42,true,false,,
DFT-2026-03464,TC-MSBMS-07,bonding_defect,minor,2026-06-19,2026-07-25,36,false,true,failure,2026-06-25
DFT-2025-03465,INS-TITRL-02,flashover_mark,minor,2025-06-20,2025-08-15,56,true,false,,
DFT-2025-03466,TC-PVTBM-08,shunt_failure,major,2025-05-31,2025-06-09,9,false,true,failure,2025-06-09
DFT-2026-03467,RL-TRLAJJ-51,corrugation,3,2026-03-26,2026-04-21,26,false,true,speed_restriction,2026-04-03
DFT-2026-03468,SG-PERABU-16,aspect_defect,minor,2026-01-23,2026-02-21,29,true,false,,
DFT-2025-03469,RL-ENRMJR-09,corrugation,3,2025-10-27,2025-11-26,30,false,true,punctuality_incident,2025-11-13
DFT-2025-03470,RL-TRLAJJ-03,wear,3,2025-08-13,2025-10-11,59,false,false,,
DFT-2025-03471,MST-AVDTI-10,foundation_defect,major,2025-11-30,2025-12-14,14,true,false,,
DFT-2026-03472,RL-STMPV-14,corrugation,1,2026-08-06,2026-08-12,6,false,false,,
DFT-2026-03473,PT-BBQ-07,obstruction,major,2026-07-18,2026-07-30,12,true,false,,
DFT-2026-03474,RL-TRLAJJ-64,corrugation,2,2026-06-26,2026-07-19,23,false,true,failure,2026-07-18
DFT-2025-03475,RL-GISTM-04,rail_flaw,1,2025-12-25,2026-01-01,7,false,false,,
DFT-2026-03476,RL-PERABU-09,weld_failure,2,2026-08-28,2026-09-05,8,false,false,,
DFT-2026-03477,OHE-ABUAVD-06,hard_spot,major,2026-04-16,2026-05-07,21,false,true,punctuality_incident,2026-04-28
DFT-2025-03478,OHE-STMPV-03,height_stagger,minor,2025-06-21,2025-07-17,26,false,false,,
DFT-2026-03479,RL-TRLAJJ-51,corrugation,2,2026-07-28,2026-08-09,12,true,false,,
DFT-2026-03480,MST-ENRMJR-06,foundation_defect,minor,2026-06-27,2026-07-17,20,false,false,,
DFT-2025-03481,INS-TRLAJJ-16,flashover_mark,minor,2025-08-10,2025-10-02,53,true,false,,
DFT-2025-03482,RL-GISTM-04,rail_flaw,2,2025-10-03,2025-10-26,23,true,false,,
DFT-2026-03483,RL-MSBMS-05,wear,3,2026-07-03,2026-08-09,37,true,false,,
DFT-2026-03484,TO-TNP-04,gauge_defect,major,2026-03-25,2026-04-15,21,false,true,punctuality_incident,2026-03-27
DFT-2025-03485,RL-PERABU-17,wear,1,2025-08-13,2025-08-17,4,false,false,,
DFT-2026-03486,CW-MSBMS-02,wire_wear,major,2026-02-27,2026-03-05,6,false,false,,
DFT-2025-03487,AC-AVDTI-02,head_fault,major,2025-09-14,2025-10-06,22,false,false,,
DFT-2026-03488,SG-TITRL-13,lamp_failure,major,2026-03-02,2026-03-09,7,false,false,,
DFT-2025-03489,RL-ABUAVD-14,weld_failure,2,2025-05-06,2025-05-23,17,true,false,,
DFT-2025-03490,RL-PVTBM-03,wear,3,2025-03-18,2025-04-05,18,false,false,,
DFT-2025-03491,PT-MAS-07,motor_fault,minor,2025-05-27,2025-07-16,50,false,true,failure,2025-06-10
DFT-2025-03492,MST-PVTBM-02,corrosion,minor,2025-03-23,2025-06-01,70,false,false,,
DFT-2025-03493,BL-TNPENR-04,fouling,minor,2025-10-19,2025-12-16,58,false,true,speed_restriction,2025-12-01
DFT-2025-03494,MST-TITRL-14,corrosion,major,2025-09-02,2025-09-21,19,false,false,,
DFT-2026-03495,RL-TRLAJJ-66,rail_flaw,2,2026-08-05,2026-08-15,10,false,false,,
DFT-2025-03496,RL-TITRL-22,weld_failure,3,2025-10-28,2025-12-30,63,false,false,,
DFT-2026-03497,BL-WJCJ-04,ballast_deficiency,minor,2026-03-06,2026-04-29,54,false,false,,
DFT-2025-03498,TO-AJJ-08,crossing_wear,major,2025-05-06,2025-05-18,12,false,true,failure,2025-05-12
DFT-2025-03499,RL-MJRPON-01,rail_flaw,3,2025-07-28,2025-09-16,50,false,false,,
DFT-2026-03500,SS-AVD-01,transformer_alarm,minor,2026-03-10,2026-04-22,43,false,false,,
