path_id,train_no,train_type,block_section_id,entry_time,exit_time,days_of_week,priority_class,divertible
P-12007-MASBBQ-DN,12007,superfast,MAS-BBQ-DN,06:00,06:02,1110111,1,true
P-12007-BBQPER-DN,12007,superfast,BBQ-PER-DN,06:02,06:04,1110111,1,true
P-12007-PERABU-DN,12007,superfast,PER-ABU-DN,06:04,06:13,1110111,1,true
P-12007-ABUAVD-DN,12007,superfast,ABU-AVD-DN,06:13,06:19,1110111,1,true
P-12007-AVDTI-DN,12007,superfast,AVD-TI-DN,06:19,06:26,1110111,1,true
P-12007-TITRL-DN,12007,superfast,TI-TRL-DN,06:26,06:37,1110111,1,true
P-12007-TRLAJJ-DN,12007,superfast,TRL-AJJ-DN,06:37,07:00,1110111,1,true
P-16057-MASBBQ-DN,16057,express,MAS-BBQ-DN,06:25,06:27,1111111,3,true
P-16057-BBQPER-DN,16057,express,BBQ-PER-DN,06:27,06:30,1111111,3,true
P-16057-PERABU-DN,16057,express,PER-ABU-DN,06:30,06:41,1111111,3,true
P-16057-ABUAVD-DN,16057,express,ABU-AVD-DN,06:41,06:48,1111111,3,true
P-16057-AVDTI-DN,16057,express,AVD-TI-DN,06:48,06:57,1111111,3,true
P-16057-TITRL-DN,16057,express,TI-TRL-DN,06:57,07:11,1111111,3,true
P-16057-TRLAJJ-DN,16057,express,TRL-AJJ-DN,07:11,07:40,1111111,3,true
P-22625-MASBBQ-DN,22625,superfast,MAS-BBQ-DN,07:25,07:27,1111111,2,true
P-22625-BBQPER-DN,22625,superfast,BBQ-PER-DN,07:27,07:29,1111111,2,true
P-22625-PERABU-DN,22625,superfast,PER-ABU-DN,07:29,07:38,1111111,2,true
P-22625-ABUAVD-DN,22625,superfast,ABU-AVD-DN,07:38,07:44,1111111,2,true
P-22625-AVDTI-DN,22625,superfast,AVD-TI-DN,07:44,07:51,1111111,2,true
P-22625-TITRL-DN,22625,superfast,TI-TRL-DN,07:51,08:02,1111111,2,true
P-22625-TRLAJJ-DN,22625,superfast,TRL-AJJ-DN,08:02,08:25,1111111,2,true
P-12639-MASBBQ-DN,12639,superfast,MAS-BBQ-DN,07:40,07:42,1111111,2,true
P-12639-BBQPER-DN,12639,superfast,BBQ-PER-DN,07:42,07:44,1111111,2,true
P-12639-PERABU-DN,12639,superfast,PER-ABU-DN,07:44,07:53,1111111,2,true
P-12639-ABUAVD-DN,12639,superfast,ABU-AVD-DN,07:53,07:59,1111111,2,true
P-12639-AVDTI-DN,12639,superfast,AVD-TI-DN,07:59,08:06,1111111,2,true
P-12639-TITRL-DN,12639,superfast,TI-TRL-DN,08:06,08:17,1111111,2,true
P-12639-TRLAJJ-DN,12639,superfast,TRL-AJJ-DN,08:17,08:40,1111111,2,true
P-12609-MASBBQ-DN,12609,superfast,MAS-BBQ-DN,13:35,13:37,1111111,2,true
P-12609-BBQPER-DN,12609,superfast,BBQ-PER-DN,13:37,13:39,1111111,2,true
P-12609-PERABU-DN,12609,superfast,PER-ABU-DN,13:39,13:48,1111111,2,true
P-12609-ABUAVD-DN,12609,superfast,ABU-AVD-DN,13:48,13:54,1111111,2,true
P-12609-AVDTI-DN,12609,superfast,AVD-TI-DN,13:54,14:01,1111111,2,true
P-12609-TITRL-DN,12609,superfast,TI-TRL-DN,14:01,14:12,1111111,2,true
P-12609-TRLAJJ-DN,12609,superfast,TRL-AJJ-DN,14:12,14:35,1111111,2,true
P-12027-MASBBQ-DN,12027,superfast,MAS-BBQ-DN,17:30,17:32,1101111,1,true
P-12027-BBQPER-DN,12027,superfast,BBQ-PER-DN,17:32,17:34,1101111,1,true
P-12027-PERABU-DN,12027,superfast,PER-ABU-DN,17:34,17:43,1101111,1,true
P-12027-ABUAVD-DN,12027,superfast,ABU-AVD-DN,17:43,17:49,1101111,1,true
P-12027-AVDTI-DN,12027,superfast,AVD-TI-DN,17:49,17:56,1101111,1,true
P-12027-TITRL-DN,12027,superfast,TI-TRL-DN,17:56,18:07,1101111,1,true
P-12027-TRLAJJ-DN,12027,superfast,TRL-AJJ-DN,18:07,18:30,1101111,1,true
P-16021-MASBBQ-DN,16021,express,MAS-BBQ-DN,21:15,21:17,1111111,3,true
P-16021-BBQPER-DN,16021,express,BBQ-PER-DN,21:17,21:20,1111111,3,true
P-16021-PERABU-DN,16021,express,PER-ABU-DN,21:20,21:31,1111111,3,true
P-16021-ABUAVD-DN,16021,express,ABU-AVD-DN,21:31,21:38,1111111,3,true
P-16021-AVDTI-DN,16021,express,AVD-TI-DN,21:38,21:47,1111111,3,true
P-16021-TITRL-DN,16021,express,TI-TRL-DN,21:47,22:01,1111111,3,true
P-16021-TRLAJJ-DN,16021,express,TRL-AJJ-DN,22:01,22:30,1111111,3,true
P-12658-MASBBQ-DN,12658,superfast,MAS-BBQ-DN,22:40,22:42,1111111,2,true
P-12658-BBQPER-DN,12658,superfast,BBQ-PER-DN,22:42,22:44,1111111,2,true
P-12658-PERABU-DN,12658,superfast,PER-ABU-DN,22:44,22:53,1111111,2,true
P-12658-ABUAVD-DN,12658,superfast,ABU-AVD-DN,22:53,22:59,1111111,2,true
P-12658-AVDTI-DN,12658,superfast,AVD-TI-DN,22:59,23:06,1111111,2,true
P-12658-TITRL-DN,12658,superfast,TI-TRL-DN,23:06,23:17,1111111,2,true
P-12658-TRLAJJ-DN,12658,superfast,TRL-AJJ-DN,23:17,23:40,1111111,2,true
P-12657-TRLAJJ-UP,12657,superfast,TRL-AJJ-UP,05:00,05:23,1111111,2,true
P-12657-TITRL-UP,12657,superfast,TI-TRL-UP,05:23,05:35,1111111,2,true
P-12657-AVDTI-UP,12657,superfast,AVD-TI-UP,05:35,05:42,1111111,2,true
P-12657-ABUAVD-UP,12657,superfast,ABU-AVD-UP,05:42,05:47,1111111,2,true
P-12657-PERABU-UP,12657,superfast,PER-ABU-UP,05:47,05:56,1111111,2,true
P-12657-BBQPER-UP,12657,superfast,BBQ-PER-UP,05:56,05:59,1111111,2,true
P-12657-MASBBQ-UP,12657,superfast,MAS-BBQ-UP,05:59,06:00,1111111,2,true
P-12640-TRLAJJ-UP,12640,superfast,TRL-AJJ-UP,12:40,13:03,1111111,2,true
P-12640-TITRL-UP,12640,superfast,TI-TRL-UP,13:03,13:15,1111111,2,true
P-12640-AVDTI-UP,12640,superfast,AVD-TI-UP,13:15,13:22,1111111,2,true
P-12640-ABUAVD-UP,12640,superfast,ABU-AVD-UP,13:22,13:27,1111111,2,true
P-12640-PERABU-UP,12640,superfast,PER-ABU-UP,13:27,13:36,1111111,2,true
P-12640-BBQPER-UP,12640,superfast,BBQ-PER-UP,13:36,13:39,1111111,2,true
P-12640-MASBBQ-UP,12640,superfast,MAS-BBQ-UP,13:39,13:40,1111111,2,true
P-16058-TRLAJJ-UP,16058,express,TRL-AJJ-UP,20:30,20:59,1111111,3,true
P-16058-TITRL-UP,16058,express,TI-TRL-UP,20:59,21:13,1111111,3,true
P-16058-AVDTI-UP,16058,express,AVD-TI-UP,21:13,21:22,1111111,3,true
P-16058-ABUAVD-UP,16058,express,ABU-AVD-UP,21:22,21:28,1111111,3,true
P-16058-PERABU-UP,16058,express,PER-ABU-UP,21:28,21:39,1111111,3,true
P-16058-BBQPER-UP,16058,express,BBQ-PER-UP,21:39,21:43,1111111,3,true
P-16058-MASBBQ-UP,16058,express,MAS-BBQ-UP,21:43,21:45,1111111,3,true
P-12008-TRLAJJ-UP,12008,superfast,TRL-AJJ-UP,21:05,21:28,1110111,1,true
P-12008-TITRL-UP,12008,superfast,TI-TRL-UP,21:28,21:40,1110111,1,true
P-12008-AVDTI-UP,12008,superfast,AVD-TI-UP,21:40,21:47,1110111,1,true
P-12008-ABUAVD-UP,12008,superfast,ABU-AVD-UP,21:47,21:52,1110111,1,true
P-12008-PERABU-UP,12008,superfast,PER-ABU-UP,21:52,22:01,1110111,1,true
P-12008-BBQPER-UP,12008,superfast,BBQ-PER-UP,22:01,22:04,1110111,1,true
P-12008-MASBBQ-UP,12008,superfast,MAS-BBQ-UP,22:04,22:05,1110111,1,true
P-12841-MASBBQ-DN,12841,superfast,MAS-BBQ-DN,08:45,08:47,1111111,1,true
P-12841-BBQTNP-DN,12841,superfast,BBQ-TNP-DN,08:47,08:50,1111111,1,true
P-12841-TNPENR-DN,12841,superfast,TNP-ENR-DN,08:50,08:59,1111111,1,true
P-12841-ENRMJR-DN,12841,superfast,ENR-MJR-DN,08:59,09:08,1111111,1,true
P-12841-MJRPON-DN,12841,superfast,MJR-PON-DN,09:08,09:16,1111111,1,true
P-12841-PONGPD-DN,12841,superfast,PON-GPD-DN,09:16,09:27,1111111,1,true
P-12759-MASBBQ-DN,12759,superfast,MAS-BBQ-DN,18:10,18:12,1111111,2,true
P-12759-BBQTNP-DN,12759,superfast,BBQ-TNP-DN,18:12,18:15,1111111,2,true
P-12759-TNPENR-DN,12759,superfast,TNP-ENR-DN,18:15,18:24,1111111,2,true
P-12759-ENRMJR-DN,12759,superfast,ENR-MJR-DN,18:24,18:33,1111111,2,true
P-12759-MJRPON-DN,12759,superfast,MJR-PON-DN,18:33,18:41,1111111,2,true
P-12759-PONGPD-DN,12759,superfast,PON-GPD-DN,18:41,18:52,1111111,2,true
P-12616-MASBBQ-DN,12616,superfast,MAS-BBQ-DN,19:15,19:17,1111111,2,true
P-12616-BBQTNP-DN,12616,superfast,BBQ-TNP-DN,19:17,19:20,1111111,2,true
P-12616-TNPENR-DN,12616,superfast,TNP-ENR-DN,19:20,19:29,1111111,2,true
P-12616-ENRMJR-DN,12616,superfast,ENR-MJR-DN,19:29,19:38,1111111,2,true
P-12616-MJRPON-DN,12616,superfast,MJR-PON-DN,19:38,19:46,1111111,2,true
P-12616-PONGPD-DN,12616,superfast,PON-GPD-DN,19:46,19:57,1111111,2,true
P-12622-MASBBQ-DN,12622,superfast,MAS-BBQ-DN,22:00,22:02,1111111,2,true
P-12622-BBQTNP-DN,12622,superfast,BBQ-TNP-DN,22:02,22:05,1111111,2,true
P-12622-TNPENR-DN,12622,superfast,TNP-ENR-DN,22:05,22:14,1111111,2,true
P-12622-ENRMJR-DN,12622,superfast,ENR-MJR-DN,22:14,22:23,1111111,2,true
P-12622-MJRPON-DN,12622,superfast,MJR-PON-DN,22:23,22:31,1111111,2,true
P-12622-PONGPD-DN,12622,superfast,PON-GPD-DN,22:31,22:42,1111111,2,true
P-12840-MASBBQ-DN,12840,superfast,MAS-BBQ-DN,23:45,23:47,1111111,2,true
P-12840-BBQTNP-DN,12840,superfast,BBQ-TNP-DN,23:47,23:50,1111111,2,true
P-12840-TNPENR-DN,12840,superfast,TNP-ENR-DN,23:50,23:59,1111111,2,true
P-12840-ENRMJR-DN,12840,superfast,ENR-MJR-DN,23:59,00:08,1111111,2,true
P-12840-MJRPON-DN,12840,superfast,MJR-PON-DN,00:08,00:16,1111111,2,true
P-12840-PONGPD-DN,12840,superfast,PON-GPD-DN,00:16,00:27,1111111,2,true
P-12842-PONGPD-UP,12842,superfast,PON-GPD-UP,05:40,05:51,1111111,1,true
P-12842-MJRPON-UP,12842,superfast,MJR-PON-UP,05:51,05:59,1111111,1,true
P-12842-ENRMJR-UP,12842,superfast,ENR-MJR-UP,05:59,06:07,1111111,1,true
P-12842-TNPENR-UP,12842,superfast,TNP-ENR-UP,06:07,06:17,1111111,1,true
P-12842-BBQTNP-UP,12842,superfast,BBQ-TNP-UP,06:17,06:20,1111111,1,true
P-12842-MASBBQ-UP,12842,superfast,MAS-BBQ-UP,06:20,06:22,1111111,1,true
P-12621-PONGPD-UP,12621,superfast,PON-GPD-UP,04:30,04:41,1111111,2,true
P-12621-MJRPON-UP,12621,superfast,MJR-PON-UP,04:41,04:49,1111111,2,true
P-12621-ENRMJR-UP,12621,superfast,ENR-MJR-UP,04:49,04:57,1111111,2,true
P-12621-TNPENR-UP,12621,superfast,TNP-ENR-UP,04:57,05:07,1111111,2,true
P-12621-BBQTNP-UP,12621,superfast,BBQ-TNP-UP,05:07,05:10,1111111,2,true
P-12621-MASBBQ-UP,12621,superfast,MAS-BBQ-UP,05:10,05:12,1111111,2,true
P-12839-PONGPD-UP,12839,superfast,PON-GPD-UP,02:30,02:41,1111111,2,true
P-12839-MJRPON-UP,12839,superfast,MJR-PON-UP,02:41,02:49,1111111,2,true
P-12839-ENRMJR-UP,12839,superfast,ENR-MJR-UP,02:49,02:57,1111111,2,true
P-12839-TNPENR-UP,12839,superfast,TNP-ENR-UP,02:57,03:07,1111111,2,true
P-12839-BBQTNP-UP,12839,superfast,BBQ-TNP-UP,03:07,03:10,1111111,2,true
P-12839-MASBBQ-UP,12839,superfast,MAS-BBQ-UP,03:10,03:12,1111111,2,true
P-20627-MSMBM-DN,20627,rajdhani_class,MS-MBM-DN,05:00,05:06,1101111,1,false
P-20627-MBMGI-DN,20627,rajdhani_class,MBM-GI-DN,05:06,05:09,1101111,1,false
P-20627-GISTM-DN,20627,rajdhani_class,GI-STM-DN,05:09,05:10,1101111,1,false
P-20627-STMPV-DN,20627,rajdhani_class,STM-PV-DN,05:10,05:15,1101111,1,false
P-20627-PVTBM-DN,20627,rajdhani_class,PV-TBM-DN,05:15,05:20,1101111,1,false
P-16128-MSMBM-DN,16128,express,MS-MBM-DN,07:45,07:53,1111111,3,true
P-16128-MBMGI-DN,16128,express,MBM-GI-DN,07:53,07:57,1111111,3,true
P-16128-GISTM-DN,16128,express,GI-STM-DN,07:57,07:59,1111111,3,true
P-16128-STMPV-DN,16128,express,STM-PV-DN,07:59,08:06,1111111,3,true
P-16128-PVTBM-DN,16128,express,PV-TBM-DN,08:06,08:12,1111111,3,true
P-12635-MSMBM-DN,12635,superfast,MS-MBM-DN,13:40,13:46,1111111,2,true
P-12635-MBMGI-DN,12635,superfast,MBM-GI-DN,13:46,13:49,1111111,2,true
P-12635-GISTM-DN,12635,superfast,GI-STM-DN,13:49,13:51,1111111,2,true
P-12635-STMPV-DN,12635,superfast,STM-PV-DN,13:51,13:57,1111111,2,true
P-12635-PVTBM-DN,12635,superfast,PV-TBM-DN,13:57,14:02,1111111,2,true
P-22153-MSMBM-DN,22153,superfast,MS-MBM-DN,23:55,00:01,1111111,2,true
P-22153-MBMGI-DN,22153,superfast,MBM-GI-DN,00:01,00:04,1111111,2,true
P-22153-GISTM-DN,22153,superfast,GI-STM-DN,00:04,00:06,1111111,2,true
P-22153-STMPV-DN,22153,superfast,STM-PV-DN,00:06,00:12,1111111,2,true
P-22153-PVTBM-DN,22153,superfast,PV-TBM-DN,00:12,00:17,1111111,2,true
P-22154-PVTBM-UP,22154,superfast,PV-TBM-UP,05:20,05:25,1111111,2,true
P-22154-STMPV-UP,22154,superfast,STM-PV-UP,05:25,05:31,1111111,2,true
P-22154-GISTM-UP,22154,superfast,GI-STM-UP,05:31,05:32,1111111,2,true
P-22154-MBMGI-UP,22154,superfast,MBM-GI-UP,05:32,05:36,1111111,2,true
P-22154-MSMBM-UP,22154,superfast,MS-MBM-UP,05:36,05:42,1111111,2,true
P-12636-PVTBM-UP,12636,superfast,PV-TBM-UP,21:30,21:35,1111111,2,true
P-12636-STMPV-UP,12636,superfast,STM-PV-UP,21:35,21:41,1111111,2,true
P-12636-GISTM-UP,12636,superfast,GI-STM-UP,21:41,21:42,1111111,2,true
P-12636-MBMGI-UP,12636,superfast,MBM-GI-UP,21:42,21:46,1111111,2,true
P-12636-MSMBM-UP,12636,superfast,MS-MBM-UP,21:46,21:52,1111111,2,true
P-43000-MSBMS-DN_SUB,43000,EMU,MSB-MS-DN_SUB,04:00,04:06,1111111,5,false
P-43000-MSMBM-DN_SUB,43000,EMU,MS-MBM-DN_SUB,04:07,04:18,1111111,5,false
P-43000-MBMGI-DN_SUB,43000,EMU,MBM-GI-DN_SUB,04:18,04:24,1111111,5,false
P-43000-GISTM-DN_SUB,43000,EMU,GI-STM-DN_SUB,04:24,04:27,1111111,5,false
P-43000-STMPV-DN_SUB,43000,EMU,STM-PV-DN_SUB,04:28,04:37,1111111,5,false
P-43000-PVTBM-DN_SUB,43000,EMU,PV-TBM-DN_SUB,04:38,04:47,1111111,5,false
P-43001-MSBMS-DN_SUB,43001,EMU,MSB-MS-DN_SUB,04:06,04:12,1111111,5,false
P-43001-MSMBM-DN_SUB,43001,EMU,MS-MBM-DN_SUB,04:13,04:24,1111111,5,false
P-43001-MBMGI-DN_SUB,43001,EMU,MBM-GI-DN_SUB,04:24,04:30,1111111,5,false
P-43001-GISTM-DN_SUB,43001,EMU,GI-STM-DN_SUB,04:30,04:33,1111111,5,false
P-43001-STMPV-DN_SUB,43001,EMU,STM-PV-DN_SUB,04:34,04:43,1111111,5,false
P-43001-PVTBM-DN_SUB,43001,EMU,PV-TBM-DN_SUB,04:44,04:53,1111111,5,false
P-43002-MSBMS-DN_SUB,43002,EMU,MSB-MS-DN_SUB,04:12,04:18,1111111,5,false
P-43002-MSMBM-DN_SUB,43002,EMU,MS-MBM-DN_SUB,04:19,04:30,1111111,5,false
P-43002-MBMGI-DN_SUB,43002,EMU,MBM-GI-DN_SUB,04:30,04:36,1111111,5,false
P-43002-GISTM-DN_SUB,43002,EMU,GI-STM-DN_SUB,04:36,04:39,1111111,5,false
P-43002-STMPV-DN_SUB,43002,EMU,STM-PV-DN_SUB,04:40,04:49,1111111,5,false
P-43002-PVTBM-DN_SUB,43002,EMU,PV-TBM-DN_SUB,04:50,04:59,1111111,5,false
P-43003-MSBMS-DN_SUB,43003,EMU,MSB-MS-DN_SUB,04:18,04:24,1111111,5,false
P-43003-MSMBM-DN_SUB,43003,EMU,MS-MBM-DN_SUB,04:25,04:36,1111111,5,false
P-43003-MBMGI-DN_SUB,43003,EMU,MBM-GI-DN_SUB,04:36,04:42,1111111,5,false
P-43003-GISTM-DN_SUB,43003,EMU,GI-STM-DN_SUB,04:42,04:45,1111111,5,false
P-43003-STMPV-DN_SUB,43003,EMU,STM-PV-DN_SUB,04:46,04:55,1111111,5,false
P-43003-PVTBM-DN_SUB,43003,EMU,PV-TBM-DN_SUB,04:56,05:05,1111111,5,false
P-43004-MSBMS-DN_SUB,43004,EMU,MSB-MS-DN_SUB,04:24,04:30,1111111,5,false
P-43004-MSMBM-DN_SUB,43004,EMU,MS-MBM-DN_SUB,04:31,04:42,1111111,5,false
P-43004-MBMGI-DN_SUB,43004,EMU,MBM-GI-DN_SUB,04:42,04:48,1111111,5,false
P-43004-GISTM-DN_SUB,43004,EMU,GI-STM-DN_SUB,04:48,04:51,1111111,5,false
P-43004-STMPV-DN_SUB,43004,EMU,STM-PV-DN_SUB,04:52,05:01,1111111,5,false
P-43004-PVTBM-DN_SUB,43004,EMU,PV-TBM-DN_SUB,05:02,05:11,1111111,5,false
P-43005-MSBMS-DN_SUB,43005,EMU,MSB-MS-DN_SUB,04:30,04:36,1111111,5,false
P-43005-MSMBM-DN_SUB,43005,EMU,MS-MBM-DN_SUB,04:37,04:48,1111111,5,false
P-43005-MBMGI-DN_SUB,43005,EMU,MBM-GI-DN_SUB,04:48,04:54,1111111,5,false
P-43005-GISTM-DN_SUB,43005,EMU,GI-STM-DN_SUB,04:54,04:57,1111111,5,false
P-43005-STMPV-DN_SUB,43005,EMU,STM-PV-DN_SUB,04:58,05:07,1111111,5,false
P-43005-PVTBM-DN_SUB,43005,EMU,PV-TBM-DN_SUB,05:08,05:17,1111111,5,false
P-43006-MSBMS-DN_SUB,43006,EMU,MSB-MS-DN_SUB,04:36,04:42,1111111,5,false
P-43006-MSMBM-DN_SUB,43006,EMU,MS-MBM-DN_SUB,04:43,04:54,1111111,5,false
P-43006-MBMGI-DN_SUB,43006,EMU,MBM-GI-DN_SUB,04:54,05:00,1111111,5,false
P-43006-GISTM-DN_SUB,43006,EMU,GI-STM-DN_SUB,05:00,05:03,1111111,5,false
P-43006-STMPV-DN_SUB,43006,EMU,STM-PV-DN_SUB,05:04,05:13,1111111,5,false
P-43006-PVTBM-DN_SUB,43006,EMU,PV-TBM-DN_SUB,05:14,05:23,1111111,5,false
P-43007-MSBMS-DN_SUB,43007,EMU,MSB-MS-DN_SUB,04:42,04:48,1111111,5,false
P-43007-MSMBM-DN_SUB,43007,EMU,MS-MBM-DN_SUB,04:49,05:00,1111111,5,false
P-43007-MBMGI-DN_SUB,43007,EMU,MBM-GI-DN_SUB,05:00,05:06,1111111,5,false
P-43007-GISTM-DN_SUB,43007,EMU,GI-STM-DN_SUB,05:06,05:09,1111111,5,false
P-43007-STMPV-DN_SUB,43007,EMU,STM-PV-DN_SUB,05:10,05:19,1111111,5,false
P-43007-PVTBM-DN_SUB,43007,EMU,PV-TBM-DN_SUB,05:20,05:29,1111111,5,false
P-43008-MSBMS-DN_SUB,43008,EMU,MSB-MS-DN_SUB,04:48,04:54,1111111,5,false
P-43008-MSMBM-DN_SUB,43008,EMU,MS-MBM-DN_SUB,04:55,05:06,1111111,5,false
P-43008-MBMGI-DN_SUB,43008,EMU,MBM-GI-DN_SUB,05:06,05:12,1111111,5,false
P-43008-GISTM-DN_SUB,43008,EMU,GI-STM-DN_SUB,05:12,05:15,1111111,5,false
P-43008-STMPV-DN_SUB,43008,EMU,STM-PV-DN_SUB,05:16,05:25,1111111,5,false
P-43008-PVTBM-DN_SUB,43008,EMU,PV-TBM-DN_SUB,05:26,05:35,1111111,5,false
P-43009-MSBMS-DN_SUB,43009,EMU,MSB-MS-DN_SUB,04:54,05:00,1111111,5,false
P-43009-MSMBM-DN_SUB,43009,EMU,MS-MBM-DN_SUB,05:01,05:12,1111111,5,false
P-43009-MBMGI-DN_SUB,43009,EMU,MBM-GI-DN_SUB,05:12,05:18,1111111,5,false
P-43009-GISTM-DN_SUB,43009,EMU,GI-STM-DN_SUB,05:18,05:21,1111111,5,false
P-43009-STMPV-DN_SUB,43009,EMU,STM-PV-DN_SUB,05:22,05:31,1111111,5,false
P-43009-PVTBM-DN_SUB,43009,EMU,PV-TBM-DN_SUB,05:32,05:41,1111111,5,false
P-43010-MSBMS-DN_SUB,43010,EMU,MSB-MS-DN_SUB,05:00,05:06,1111111,5,false
P-43010-MSMBM-DN_SUB,43010,EMU,MS-MBM-DN_SUB,05:07,05:18,1111111,5,false
P-43010-MBMGI-DN_SUB,43010,EMU,MBM-GI-DN_SUB,05:18,05:24,1111111,5,false
P-43010-GISTM-DN_SUB,43010,EMU,GI-STM-DN_SUB,05:24,05:27,1111111,5,false
P-43010-STMPV-DN_SUB,43010,EMU,STM-PV-DN_SUB,05:28,05:37,1111111,5,false
P-43010-PVTBM-DN_SUB,43010,EMU,PV-TBM-DN_SUB,05:38,05:47,1111111,5,false
P-43011-MSBMS-DN_SUB,43011,EMU,MSB-MS-DN_SUB,05:06,05:12,1111111,5,false
P-43011-MSMBM-DN_SUB,43011,EMU,MS-MBM-DN_SUB,05:13,05:24,1111111,5,false
P-43011-MBMGI-DN_SUB,43011,EMU,MBM-GI-DN_SUB,05:24,05:30,1111111,5,false
P-43011-GISTM-DN_SUB,43011,EMU,GI-STM-DN_SUB,05:30,05:33,1111111,5,false
P-43011-STMPV-DN_SUB,43011,EMU,STM-PV-DN_SUB,05:34,05:43,1111111,5,false
P-43011-PVTBM-DN_SUB,43011,EMU,PV-TBM-DN_SUB,05:44,05:53,1111111,5,false
P-43012-MSBMS-DN_SUB,43012,EMU,MSB-MS-DN_SUB,05:12,05:18,1111111,5,false
P-43012-MSMBM-DN_SUB,43012,EMU,MS-MBM-DN_SUB,05:19,05:30,1111111,5,false
P-43012-MBMGI-DN_SUB,43012,EMU,MBM-GI-DN_SUB,05:30,05:36,1111111,5,false
P-43012-GISTM-DN_SUB,43012,EMU,GI-STM-DN_SUB,05:36,05:39,1111111,5,false
P-43012-STMPV-DN_SUB,43012,EMU,STM-PV-DN_SUB,05:40,05:49,1111111,5,false
P-43012-PVTBM-DN_SUB,43012,EMU,PV-TBM-DN_SUB,05:50,05:59,1111111,5,false
P-43013-MSBMS-DN_SUB,43013,EMU,MSB-MS-DN_SUB,05:18,05:24,1111111,5,false
P-43013-MSMBM-DN_SUB,43013,EMU,MS-MBM-DN_SUB,05:25,05:36,1111111,5,false
P-43013-MBMGI-DN_SUB,43013,EMU,MBM-GI-DN_SUB,05:36,05:42,1111111,5,false
P-43013-GISTM-DN_SUB,43013,EMU,GI-STM-DN_SUB,05:42,05:45,1111111,5,false
P-43013-STMPV-DN_SUB,43013,EMU,STM-PV-DN_SUB,05:46,05:55,1111111,5,false
P-43013-PVTBM-DN_SUB,43013,EMU,PV-TBM-DN_SUB,05:56,06:05,1111111,5,false
P-43014-MSBMS-DN_SUB,43014,EMU,MSB-MS-DN_SUB,05:24,05:30,1111111,5,false
P-43014-MSMBM-DN_SUB,43014,EMU,MS-MBM-DN_SUB,05:31,05:42,1111111,5,false
P-43014-MBMGI-DN_SUB,43014,EMU,MBM-GI-DN_SUB,05:42,05:48,1111111,5,false
P-43014-GISTM-DN_SUB,43014,EMU,GI-STM-DN_SUB,05:48,05:51,1111111,5,false
P-43014-STMPV-DN_SUB,43014,EMU,STM-PV-DN_SUB,05:52,06:01,1111111,5,false
P-43014-PVTBM-DN_SUB,43014,EMU,PV-TBM-DN_SUB,06:02,06:11,1111111,5,false
P-43015-MSBMS-DN_SUB,43015,EMU,MSB-MS-DN_SUB,05:30,05:36,1111111,5,false
P-43015-MSMBM-DN_SUB,43015,EMU,MS-MBM-DN_SUB,05:37,05:48,1111111,5,false
P-43015-MBMGI-DN_SUB,43015,EMU,MBM-GI-DN_SUB,05:48,05:54,1111111,5,false
P-43015-GISTM-DN_SUB,43015,EMU,GI-STM-DN_SUB,05:54,05:57,1111111,5,false
P-43015-STMPV-DN_SUB,43015,EMU,STM-PV-DN_SUB,05:58,06:07,1111111,5,false
P-43015-PVTBM-DN_SUB,43015,EMU,PV-TBM-DN_SUB,06:08,06:17,1111111,5,false
P-43016-MSBMS-DN_SUB,43016,EMU,MSB-MS-DN_SUB,05:36,05:42,1111111,5,false
P-43016-MSMBM-DN_SUB,43016,EMU,MS-MBM-DN_SUB,05:43,05:54,1111111,5,false
P-43016-MBMGI-DN_SUB,43016,EMU,MBM-GI-DN_SUB,05:54,06:00,1111111,5,false
P-43016-GISTM-DN_SUB,43016,EMU,GI-STM-DN_SUB,06:00,06:03,1111111,5,false
P-43016-STMPV-DN_SUB,43016,EMU,STM-PV-DN_SUB,06:04,06:13,1111111,5,false
P-43016-PVTBM-DN_SUB,43016,EMU,PV-TBM-DN_SUB,06:14,06:23,1111111,5,false
P-43017-MSBMS-DN_SUB,43017,EMU,MSB-MS-DN_SUB,05:42,05:48,1111111,5,false
P-43017-MSMBM-DN_SUB,43017,EMU,MS-MBM-DN_SUB,05:49,06:00,1111111,5,false
P-43017-MBMGI-DN_SUB,43017,EMU,MBM-GI-DN_SUB,06:00,06:06,1111111,5,false
P-43017-GISTM-DN_SUB,43017,EMU,GI-STM-DN_SUB,06:06,06:09,1111111,5,false
P-43017-STMPV-DN_SUB,43017,EMU,STM-PV-DN_SUB,06:10,06:19,1111111,5,false
P-43017-PVTBM-DN_SUB,43017,EMU,PV-TBM-DN_SUB,06:20,06:29,1111111,5,false
P-43018-MSBMS-DN_SUB,43018,EMU,MSB-MS-DN_SUB,05:48,05:54,1111111,5,false
P-43018-MSMBM-DN_SUB,43018,EMU,MS-MBM-DN_SUB,05:55,06:06,1111111,5,false
P-43018-MBMGI-DN_SUB,43018,EMU,MBM-GI-DN_SUB,06:06,06:12,1111111,5,false
P-43018-GISTM-DN_SUB,43018,EMU,GI-STM-DN_SUB,06:12,06:15,1111111,5,false
P-43018-STMPV-DN_SUB,43018,EMU,STM-PV-DN_SUB,06:16,06:25,1111111,5,false
P-43018-PVTBM-DN_SUB,43018,EMU,PV-TBM-DN_SUB,06:26,06:35,1111111,5,false
P-43019-MSBMS-DN_SUB,43019,EMU,MSB-MS-DN_SUB,05:54,06:00,1111111,5,false
P-43019-MSMBM-DN_SUB,43019,EMU,MS-MBM-DN_SUB,06:01,06:12,1111111,5,false
P-43019-MBMGI-DN_SUB,43019,EMU,MBM-GI-DN_SUB,06:12,06:18,1111111,5,false
P-43019-GISTM-DN_SUB,43019,EMU,GI-STM-DN_SUB,06:18,06:21,1111111,5,false
P-43019-STMPV-DN_SUB,43019,EMU,STM-PV-DN_SUB,06:22,06:31,1111111,5,false
P-43019-PVTBM-DN_SUB,43019,EMU,PV-TBM-DN_SUB,06:32,06:41,1111111,5,false
P-43020-MSBMS-DN_SUB,43020,EMU,MSB-MS-DN_SUB,06:00,06:06,1111111,5,false
P-43020-MSMBM-DN_SUB,43020,EMU,MS-MBM-DN_SUB,06:07,06:18,1111111,5,false
P-43020-MBMGI-DN_SUB,43020,EMU,MBM-GI-DN_SUB,06:18,06:24,1111111,5,false
P-43020-GISTM-DN_SUB,43020,EMU,GI-STM-DN_SUB,06:24,06:27,1111111,5,false
P-43020-STMPV-DN_SUB,43020,EMU,STM-PV-DN_SUB,06:28,06:37,1111111,5,false
P-43020-PVTBM-DN_SUB,43020,EMU,PV-TBM-DN_SUB,06:38,06:47,1111111,5,false
P-43021-MSBMS-DN_SUB,43021,EMU,MSB-MS-DN_SUB,06:06,06:12,1111111,5,false
P-43021-MSMBM-DN_SUB,43021,EMU,MS-MBM-DN_SUB,06:13,06:24,1111111,5,false
P-43021-MBMGI-DN_SUB,43021,EMU,MBM-GI-DN_SUB,06:24,06:30,1111111,5,false
P-43021-GISTM-DN_SUB,43021,EMU,GI-STM-DN_SUB,06:30,06:33,1111111,5,false
P-43021-STMPV-DN_SUB,43021,EMU,STM-PV-DN_SUB,06:34,06:43,1111111,5,false
P-43021-PVTBM-DN_SUB,43021,EMU,PV-TBM-DN_SUB,06:44,06:53,1111111,5,false
P-43022-MSBMS-DN_SUB,43022,EMU,MSB-MS-DN_SUB,06:12,06:18,1111111,5,false
P-43022-MSMBM-DN_SUB,43022,EMU,MS-MBM-DN_SUB,06:19,06:30,1111111,5,false
P-43022-MBMGI-DN_SUB,43022,EMU,MBM-GI-DN_SUB,06:30,06:36,1111111,5,false
P-43022-GISTM-DN_SUB,43022,EMU,GI-STM-DN_SUB,06:36,06:39,1111111,5,false
P-43022-STMPV-DN_SUB,43022,EMU,STM-PV-DN_SUB,06:40,06:49,1111111,5,false
P-43022-PVTBM-DN_SUB,43022,EMU,PV-TBM-DN_SUB,06:50,06:59,1111111,5,false
P-43023-MSBMS-DN_SUB,43023,EMU,MSB-MS-DN_SUB,06:18,06:24,1111111,5,false
P-43023-MSMBM-DN_SUB,43023,EMU,MS-MBM-DN_SUB,06:25,06:36,1111111,5,false
P-43023-MBMGI-DN_SUB,43023,EMU,MBM-GI-DN_SUB,06:36,06:42,1111111,5,false
P-43023-GISTM-DN_SUB,43023,EMU,GI-STM-DN_SUB,06:42,06:45,1111111,5,false
P-43023-STMPV-DN_SUB,43023,EMU,STM-PV-DN_SUB,06:46,06:55,1111111,5,false
P-43023-PVTBM-DN_SUB,43023,EMU,PV-TBM-DN_SUB,06:56,07:05,1111111,5,false
P-43024-MSBMS-DN_SUB,43024,EMU,MSB-MS-DN_SUB,06:24,06:30,1111111,5,false
P-43024-MSMBM-DN_SUB,43024,EMU,MS-MBM-DN_SUB,06:31,06:42,1111111,5,false
P-43024-MBMGI-DN_SUB,43024,EMU,MBM-GI-DN_SUB,06:42,06:48,1111111,5,false
P-43024-GISTM-DN_SUB,43024,EMU,GI-STM-DN_SUB,06:48,06:51,1111111,5,false
P-43024-STMPV-DN_SUB,43024,EMU,STM-PV-DN_SUB,06:52,07:01,1111111,5,false
P-43024-PVTBM-DN_SUB,43024,EMU,PV-TBM-DN_SUB,07:02,07:11,1111111,5,false
P-43025-MSBMS-DN_SUB,43025,EMU,MSB-MS-DN_SUB,06:30,06:36,1111111,5,false
P-43025-MSMBM-DN_SUB,43025,EMU,MS-MBM-DN_SUB,06:37,06:48,1111111,5,false
P-43025-MBMGI-DN_SUB,43025,EMU,MBM-GI-DN_SUB,06:48,06:54,1111111,5,false
P-43025-GISTM-DN_SUB,43025,EMU,GI-STM-DN_SUB,06:54,06:57,1111111,5,false
P-43025-STMPV-DN_SUB,43025,EMU,STM-PV-DN_SUB,06:58,07:07,1111111,5,false
P-43025-PVTBM-DN_SUB,43025,EMU,PV-TBM-DN_SUB,07:08,07:17,1111111,5,false
P-43026-MSBMS-DN_SUB,43026,EMU,MSB-MS-DN_SUB,06:36,06:42,1111111,5,false
P-43026-MSMBM-DN_SUB,43026,EMU,MS-MBM-DN_SUB,06:43,06:54,1111111,5,false
P-43026-MBMGI-DN_SUB,43026,EMU,MBM-GI-DN_SUB,06:54,07:00,1111111,5,false
P-43026-GISTM-DN_SUB,43026,EMU,GI-STM-DN_SUB,07:00,07:03,1111111,5,false
P-43026-STMPV-DN_SUB,43026,EMU,STM-PV-DN_SUB,07:04,07:13,1111111,5,false
P-43026-PVTBM-DN_SUB,43026,EMU,PV-TBM-DN_SUB,07:14,07:23,1111111,5,false
P-43027-MSBMS-DN_SUB,43027,EMU,MSB-MS-DN_SUB,06:42,06:48,1111111,5,false
P-43027-MSMBM-DN_SUB,43027,EMU,MS-MBM-DN_SUB,06:49,07:00,1111111,5,false
P-43027-MBMGI-DN_SUB,43027,EMU,MBM-GI-DN_SUB,07:00,07:06,1111111,5,false
P-43027-GISTM-DN_SUB,43027,EMU,GI-STM-DN_SUB,07:06,07:09,1111111,5,false
P-43027-STMPV-DN_SUB,43027,EMU,STM-PV-DN_SUB,07:10,07:19,1111111,5,false
P-43027-PVTBM-DN_SUB,43027,EMU,PV-TBM-DN_SUB,07:20,07:29,1111111,5,false
P-43028-MSBMS-DN_SUB,43028,EMU,MSB-MS-DN_SUB,06:48,06:54,1111111,5,false
P-43028-MSMBM-DN_SUB,43028,EMU,MS-MBM-DN_SUB,06:55,07:06,1111111,5,false
P-43028-MBMGI-DN_SUB,43028,EMU,MBM-GI-DN_SUB,07:06,07:12,1111111,5,false
P-43028-GISTM-DN_SUB,43028,EMU,GI-STM-DN_SUB,07:12,07:15,1111111,5,false
P-43028-STMPV-DN_SUB,43028,EMU,STM-PV-DN_SUB,07:16,07:25,1111111,5,false
P-43028-PVTBM-DN_SUB,43028,EMU,PV-TBM-DN_SUB,07:26,07:35,1111111,5,false
P-43029-MSBMS-DN_SUB,43029,EMU,MSB-MS-DN_SUB,06:54,07:00,1111111,5,false
P-43029-MSMBM-DN_SUB,43029,EMU,MS-MBM-DN_SUB,07:01,07:12,1111111,5,false
P-43029-MBMGI-DN_SUB,43029,EMU,MBM-GI-DN_SUB,07:12,07:18,1111111,5,false
P-43029-GISTM-DN_SUB,43029,EMU,GI-STM-DN_SUB,07:18,07:21,1111111,5,false
P-43029-STMPV-DN_SUB,43029,EMU,STM-PV-DN_SUB,07:22,07:31,1111111,5,false
P-43029-PVTBM-DN_SUB,43029,EMU,PV-TBM-DN_SUB,07:32,07:41,1111111,5,false
P-43030-MSBMS-DN_SUB,43030,EMU,MSB-MS-DN_SUB,07:00,07:06,1111111,5,false
P-43030-MSMBM-DN_SUB,43030,EMU,MS-MBM-DN_SUB,07:07,07:18,1111111,5,false
P-43030-MBMGI-DN_SUB,43030,EMU,MBM-GI-DN_SUB,07:18,07:24,1111111,5,false
P-43030-GISTM-DN_SUB,43030,EMU,GI-STM-DN_SUB,07:24,07:27,1111111,5,false
P-43030-STMPV-DN_SUB,43030,EMU,STM-PV-DN_SUB,07:28,07:37,1111111,5,false
P-43030-PVTBM-DN_SUB,43030,EMU,PV-TBM-DN_SUB,07:38,07:47,1111111,5,false
P-43031-MSBMS-DN_SUB,43031,EMU,MSB-MS-DN_SUB,07:06,07:12,1111111,5,false
P-43031-MSMBM-DN_SUB,43031,EMU,MS-MBM-DN_SUB,07:13,07:24,1111111,5,false
P-43031-MBMGI-DN_SUB,43031,EMU,MBM-GI-DN_SUB,07:24,07:30,1111111,5,false
P-43031-GISTM-DN_SUB,43031,EMU,GI-STM-DN_SUB,07:30,07:33,1111111,5,false
P-43031-STMPV-DN_SUB,43031,EMU,STM-PV-DN_SUB,07:34,07:43,1111111,5,false
P-43031-PVTBM-DN_SUB,43031,EMU,PV-TBM-DN_SUB,07:44,07:53,1111111,5,false
P-43032-MSBMS-DN_SUB,43032,EMU,MSB-MS-DN_SUB,07:12,07:18,1111111,5,false
P-43032-MSMBM-DN_SUB,43032,EMU,MS-MBM-DN_SUB,07:19,07:30,1111111,5,false
P-43032-MBMGI-DN_SUB,43032,EMU,MBM-GI-DN_SUB,07:30,07:36,1111111,5,false
P-43032-GISTM-DN_SUB,43032,EMU,GI-STM-DN_SUB,07:36,07:39,1111111,5,false
P-43032-STMPV-DN_SUB,43032,EMU,STM-PV-DN_SUB,07:40,07:49,1111111,5,false
P-43032-PVTBM-DN_SUB,43032,EMU,PV-TBM-DN_SUB,07:50,07:59,1111111,5,false
P-43033-MSBMS-DN_SUB,43033,EMU,MSB-MS-DN_SUB,07:18,07:24,1111111,5,false
P-43033-MSMBM-DN_SUB,43033,EMU,MS-MBM-DN_SUB,07:25,07:36,1111111,5,false
P-43033-MBMGI-DN_SUB,43033,EMU,MBM-GI-DN_SUB,07:36,07:42,1111111,5,false
P-43033-GISTM-DN_SUB,43033,EMU,GI-STM-DN_SUB,07:42,07:45,1111111,5,false
P-43033-STMPV-DN_SUB,43033,EMU,STM-PV-DN_SUB,07:46,07:55,1111111,5,false
P-43033-PVTBM-DN_SUB,43033,EMU,PV-TBM-DN_SUB,07:56,08:05,1111111,5,false
P-43034-MSBMS-DN_SUB,43034,EMU,MSB-MS-DN_SUB,07:24,07:30,1111111,5,false
P-43034-MSMBM-DN_SUB,43034,EMU,MS-MBM-DN_SUB,07:31,07:42,1111111,5,false
P-43034-MBMGI-DN_SUB,43034,EMU,MBM-GI-DN_SUB,07:42,07:48,1111111,5,false
P-43034-GISTM-DN_SUB,43034,EMU,GI-STM-DN_SUB,07:48,07:51,1111111,5,false
P-43034-STMPV-DN_SUB,43034,EMU,STM-PV-DN_SUB,07:52,08:01,1111111,5,false
P-43034-PVTBM-DN_SUB,43034,EMU,PV-TBM-DN_SUB,08:02,08:11,1111111,5,false
P-43035-MSBMS-DN_SUB,43035,EMU,MSB-MS-DN_SUB,07:30,07:36,1111111,5,false
P-43035-MSMBM-DN_SUB,43035,EMU,MS-MBM-DN_SUB,07:37,07:48,1111111,5,false
P-43035-MBMGI-DN_SUB,43035,EMU,MBM-GI-DN_SUB,07:48,07:54,1111111,5,false
P-43035-GISTM-DN_SUB,43035,EMU,GI-STM-DN_SUB,07:54,07:57,1111111,5,false
P-43035-STMPV-DN_SUB,43035,EMU,STM-PV-DN_SUB,07:58,08:07,1111111,5,false
P-43035-PVTBM-DN_SUB,43035,EMU,PV-TBM-DN_SUB,08:08,08:17,1111111,5,false
P-43036-MSBMS-DN_SUB,43036,EMU,MSB-MS-DN_SUB,07:36,07:42,1111111,5,false
P-43036-MSMBM-DN_SUB,43036,EMU,MS-MBM-DN_SUB,07:43,07:54,1111111,5,false
P-43036-MBMGI-DN_SUB,43036,EMU,MBM-GI-DN_SUB,07:54,08:00,1111111,5,false
P-43036-GISTM-DN_SUB,43036,EMU,GI-STM-DN_SUB,08:00,08:03,1111111,5,false
P-43036-STMPV-DN_SUB,43036,EMU,STM-PV-DN_SUB,08:04,08:13,1111111,5,false
P-43036-PVTBM-DN_SUB,43036,EMU,PV-TBM-DN_SUB,08:14,08:23,1111111,5,false
P-43037-MSBMS-DN_SUB,43037,EMU,MSB-MS-DN_SUB,07:42,07:48,1111111,5,false
P-43037-MSMBM-DN_SUB,43037,EMU,MS-MBM-DN_SUB,07:49,08:00,1111111,5,false
P-43037-MBMGI-DN_SUB,43037,EMU,MBM-GI-DN_SUB,08:00,08:06,1111111,5,false
P-43037-GISTM-DN_SUB,43037,EMU,GI-STM-DN_SUB,08:06,08:09,1111111,5,false
P-43037-STMPV-DN_SUB,43037,EMU,STM-PV-DN_SUB,08:10,08:19,1111111,5,false
P-43037-PVTBM-DN_SUB,43037,EMU,PV-TBM-DN_SUB,08:20,08:29,1111111,5,false
P-43038-MSBMS-DN_SUB,43038,EMU,MSB-MS-DN_SUB,07:48,07:54,1111111,5,false
P-43038-MSMBM-DN_SUB,43038,EMU,MS-MBM-DN_SUB,07:55,08:06,1111111,5,false
P-43038-MBMGI-DN_SUB,43038,EMU,MBM-GI-DN_SUB,08:06,08:12,1111111,5,false
P-43038-GISTM-DN_SUB,43038,EMU,GI-STM-DN_SUB,08:12,08:15,1111111,5,false
P-43038-STMPV-DN_SUB,43038,EMU,STM-PV-DN_SUB,08:16,08:25,1111111,5,false
P-43038-PVTBM-DN_SUB,43038,EMU,PV-TBM-DN_SUB,08:26,08:35,1111111,5,false
P-43039-MSBMS-DN_SUB,43039,EMU,MSB-MS-DN_SUB,07:54,08:00,1111111,5,false
P-43039-MSMBM-DN_SUB,43039,EMU,MS-MBM-DN_SUB,08:01,08:12,1111111,5,false
P-43039-MBMGI-DN_SUB,43039,EMU,MBM-GI-DN_SUB,08:12,08:18,1111111,5,false
P-43039-GISTM-DN_SUB,43039,EMU,GI-STM-DN_SUB,08:18,08:21,1111111,5,false
P-43039-STMPV-DN_SUB,43039,EMU,STM-PV-DN_SUB,08:22,08:31,1111111,5,false
P-43039-PVTBM-DN_SUB,43039,EMU,PV-TBM-DN_SUB,08:32,08:41,1111111,5,false
P-43040-MSBMS-DN_SUB,43040,EMU,MSB-MS-DN_SUB,08:00,08:06,1111111,5,false
P-43040-MSMBM-DN_SUB,43040,EMU,MS-MBM-DN_SUB,08:07,08:18,1111111,5,false
P-43040-MBMGI-DN_SUB,43040,EMU,MBM-GI-DN_SUB,08:18,08:24,1111111,5,false
P-43040-GISTM-DN_SUB,43040,EMU,GI-STM-DN_SUB,08:24,08:27,1111111,5,false
P-43040-STMPV-DN_SUB,43040,EMU,STM-PV-DN_SUB,08:28,08:37,1111111,5,false
P-43040-PVTBM-DN_SUB,43040,EMU,PV-TBM-DN_SUB,08:38,08:47,1111111,5,false
P-43041-MSBMS-DN_SUB,43041,EMU,MSB-MS-DN_SUB,08:06,08:12,1111111,5,false
P-43041-MSMBM-DN_SUB,43041,EMU,MS-MBM-DN_SUB,08:13,08:24,1111111,5,false
P-43041-MBMGI-DN_SUB,43041,EMU,MBM-GI-DN_SUB,08:24,08:30,1111111,5,false
P-43041-GISTM-DN_SUB,43041,EMU,GI-STM-DN_SUB,08:30,08:33,1111111,5,false
P-43041-STMPV-DN_SUB,43041,EMU,STM-PV-DN_SUB,08:34,08:43,1111111,5,false
P-43041-PVTBM-DN_SUB,43041,EMU,PV-TBM-DN_SUB,08:44,08:53,1111111,5,false
P-43042-MSBMS-DN_SUB,43042,EMU,MSB-MS-DN_SUB,08:12,08:18,1111111,5,false
P-43042-MSMBM-DN_SUB,43042,EMU,MS-MBM-DN_SUB,08:19,08:30,1111111,5,false
P-43042-MBMGI-DN_SUB,43042,EMU,MBM-GI-DN_SUB,08:30,08:36,1111111,5,false
P-43042-GISTM-DN_SUB,43042,EMU,GI-STM-DN_SUB,08:36,08:39,1111111,5,false
P-43042-STMPV-DN_SUB,43042,EMU,STM-PV-DN_SUB,08:40,08:49,1111111,5,false
P-43042-PVTBM-DN_SUB,43042,EMU,PV-TBM-DN_SUB,08:50,08:59,1111111,5,false
P-43043-MSBMS-DN_SUB,43043,EMU,MSB-MS-DN_SUB,08:18,08:24,1111111,5,false
P-43043-MSMBM-DN_SUB,43043,EMU,MS-MBM-DN_SUB,08:25,08:36,1111111,5,false
P-43043-MBMGI-DN_SUB,43043,EMU,MBM-GI-DN_SUB,08:36,08:42,1111111,5,false
P-43043-GISTM-DN_SUB,43043,EMU,GI-STM-DN_SUB,08:42,08:45,1111111,5,false
P-43043-STMPV-DN_SUB,43043,EMU,STM-PV-DN_SUB,08:46,08:55,1111111,5,false
P-43043-PVTBM-DN_SUB,43043,EMU,PV-TBM-DN_SUB,08:56,09:05,1111111,5,false
P-43044-MSBMS-DN_SUB,43044,EMU,MSB-MS-DN_SUB,08:24,08:30,1111111,5,false
P-43044-MSMBM-DN_SUB,43044,EMU,MS-MBM-DN_SUB,08:31,08:42,1111111,5,false
P-43044-MBMGI-DN_SUB,43044,EMU,MBM-GI-DN_SUB,08:42,08:48,1111111,5,false
P-43044-GISTM-DN_SUB,43044,EMU,GI-STM-DN_SUB,08:48,08:51,1111111,5,false
P-43044-STMPV-DN_SUB,43044,EMU,STM-PV-DN_SUB,08:52,09:01,1111111,5,false
P-43044-PVTBM-DN_SUB,43044,EMU,PV-TBM-DN_SUB,09:02,09:11,1111111,5,false
P-43045-MSBMS-DN_SUB,43045,EMU,MSB-MS-DN_SUB,08:30,08:36,1111111,5,false
P-43045-MSMBM-DN_SUB,43045,EMU,MS-MBM-DN_SUB,08:37,08:48,1111111,5,false
P-43045-MBMGI-DN_SUB,43045,EMU,MBM-GI-DN_SUB,08:48,08:54,1111111,5,false
P-43045-GISTM-DN_SUB,43045,EMU,GI-STM-DN_SUB,08:54,08:57,1111111,5,false
P-43045-STMPV-DN_SUB,43045,EMU,STM-PV-DN_SUB,08:58,09:07,1111111,5,false
P-43045-PVTBM-DN_SUB,43045,EMU,PV-TBM-DN_SUB,09:08,09:17,1111111,5,false
P-43046-MSBMS-DN_SUB,43046,EMU,MSB-MS-DN_SUB,08:36,08:42,1111111,5,false
P-43046-MSMBM-DN_SUB,43046,EMU,MS-MBM-DN_SUB,08:43,08:54,1111111,5,false
P-43046-MBMGI-DN_SUB,43046,EMU,MBM-GI-DN_SUB,08:54,09:00,1111111,5,false
P-43046-GISTM-DN_SUB,43046,EMU,GI-STM-DN_SUB,09:00,09:03,1111111,5,false
P-43046-STMPV-DN_SUB,43046,EMU,STM-PV-DN_SUB,09:04,09:13,1111111,5,false
P-43046-PVTBM-DN_SUB,43046,EMU,PV-TBM-DN_SUB,09:14,09:23,1111111,5,false
P-43047-MSBMS-DN_SUB,43047,EMU,MSB-MS-DN_SUB,08:42,08:48,1111111,5,false
P-43047-MSMBM-DN_SUB,43047,EMU,MS-MBM-DN_SUB,08:49,09:00,1111111,5,false
P-43047-MBMGI-DN_SUB,43047,EMU,MBM-GI-DN_SUB,09:00,09:06,1111111,5,false
P-43047-GISTM-DN_SUB,43047,EMU,GI-STM-DN_SUB,09:06,09:09,1111111,5,false
P-43047-STMPV-DN_SUB,43047,EMU,STM-PV-DN_SUB,09:10,09:19,1111111,5,false
P-43047-PVTBM-DN_SUB,43047,EMU,PV-TBM-DN_SUB,09:20,09:29,1111111,5,false
P-43048-MSBMS-DN_SUB,43048,EMU,MSB-MS-DN_SUB,08:48,08:54,1111111,5,false
P-43048-MSMBM-DN_SUB,43048,EMU,MS-MBM-DN_SUB,08:55,09:06,1111111,5,false
P-43048-MBMGI-DN_SUB,43048,EMU,MBM-GI-DN_SUB,09:06,09:12,1111111,5,false
P-43048-GISTM-DN_SUB,43048,EMU,GI-STM-DN_SUB,09:12,09:15,1111111,5,false
P-43048-STMPV-DN_SUB,43048,EMU,STM-PV-DN_SUB,09:16,09:25,1111111,5,false
P-43048-PVTBM-DN_SUB,43048,EMU,PV-TBM-DN_SUB,09:26,09:35,1111111,5,false
P-43049-MSBMS-DN_SUB,43049,EMU,MSB-MS-DN_SUB,08:54,09:00,1111111,5,false
P-43049-MSMBM-DN_SUB,43049,EMU,MS-MBM-DN_SUB,09:01,09:12,1111111,5,false
P-43049-MBMGI-DN_SUB,43049,EMU,MBM-GI-DN_SUB,09:12,09:18,1111111,5,false
P-43049-GISTM-DN_SUB,43049,EMU,GI-STM-DN_SUB,09:18,09:21,1111111,5,false
P-43049-STMPV-DN_SUB,43049,EMU,STM-PV-DN_SUB,09:22,09:31,1111111,5,false
P-43049-PVTBM-DN_SUB,43049,EMU,PV-TBM-DN_SUB,09:32,09:41,1111111,5,false
P-43050-MSBMS-DN_SUB,43050,EMU,MSB-MS-DN_SUB,09:00,09:06,1111111,5,false
P-43050-MSMBM-DN_SUB,43050,EMU,MS-MBM-DN_SUB,09:07,09:18,1111111,5,false
P-43050-MBMGI-DN_SUB,43050,EMU,MBM-GI-DN_SUB,09:18,09:24,1111111,5,false
P-43050-GISTM-DN_SUB,43050,EMU,GI-STM-DN_SUB,09:24,09:27,1111111,5,false
P-43050-STMPV-DN_SUB,43050,EMU,STM-PV-DN_SUB,09:28,09:37,1111111,5,false
P-43050-PVTBM-DN_SUB,43050,EMU,PV-TBM-DN_SUB,09:38,09:47,1111111,5,false
P-43051-MSBMS-DN_SUB,43051,EMU,MSB-MS-DN_SUB,09:06,09:12,1111111,5,false
P-43051-MSMBM-DN_SUB,43051,EMU,MS-MBM-DN_SUB,09:13,09:24,1111111,5,false
P-43051-MBMGI-DN_SUB,43051,EMU,MBM-GI-DN_SUB,09:24,09:30,1111111,5,false
P-43051-GISTM-DN_SUB,43051,EMU,GI-STM-DN_SUB,09:30,09:33,1111111,5,false
P-43051-STMPV-DN_SUB,43051,EMU,STM-PV-DN_SUB,09:34,09:43,1111111,5,false
P-43051-PVTBM-DN_SUB,43051,EMU,PV-TBM-DN_SUB,09:44,09:53,1111111,5,false
P-43052-MSBMS-DN_SUB,43052,EMU,MSB-MS-DN_SUB,09:12,09:18,1111111,5,false
P-43052-MSMBM-DN_SUB,43052,EMU,MS-MBM-DN_SUB,09:19,09:30,1111111,5,false
P-43052-MBMGI-DN_SUB,43052,EMU,MBM-GI-DN_SUB,09:30,09:36,1111111,5,false
P-43052-GISTM-DN_SUB,43052,EMU,GI-STM-DN_SUB,09:36,09:39,1111111,5,false
P-43052-STMPV-DN_SUB,43052,EMU,STM-PV-DN_SUB,09:40,09:49,1111111,5,false
P-43052-PVTBM-DN_SUB,43052,EMU,PV-TBM-DN_SUB,09:50,09:59,1111111,5,false
P-43053-MSBMS-DN_SUB,43053,EMU,MSB-MS-DN_SUB,09:18,09:24,1111111,5,false
P-43053-MSMBM-DN_SUB,43053,EMU,MS-MBM-DN_SUB,09:25,09:36,1111111,5,false
P-43053-MBMGI-DN_SUB,43053,EMU,MBM-GI-DN_SUB,09:36,09:42,1111111,5,false
P-43053-GISTM-DN_SUB,43053,EMU,GI-STM-DN_SUB,09:42,09:45,1111111,5,false
P-43053-STMPV-DN_SUB,43053,EMU,STM-PV-DN_SUB,09:46,09:55,1111111,5,false
P-43053-PVTBM-DN_SUB,43053,EMU,PV-TBM-DN_SUB,09:56,10:05,1111111,5,false
P-43054-MSBMS-DN_SUB,43054,EMU,MSB-MS-DN_SUB,09:24,09:30,1111111,5,false
P-43054-MSMBM-DN_SUB,43054,EMU,MS-MBM-DN_SUB,09:31,09:42,1111111,5,false
P-43054-MBMGI-DN_SUB,43054,EMU,MBM-GI-DN_SUB,09:42,09:48,1111111,5,false
P-43054-GISTM-DN_SUB,43054,EMU,GI-STM-DN_SUB,09:48,09:51,1111111,5,false
P-43054-STMPV-DN_SUB,43054,EMU,STM-PV-DN_SUB,09:52,10:01,1111111,5,false
P-43054-PVTBM-DN_SUB,43054,EMU,PV-TBM-DN_SUB,10:02,10:11,1111111,5,false
P-43055-MSBMS-DN_SUB,43055,EMU,MSB-MS-DN_SUB,09:30,09:36,1111111,5,false
P-43055-MSMBM-DN_SUB,43055,EMU,MS-MBM-DN_SUB,09:37,09:48,1111111,5,false
P-43055-MBMGI-DN_SUB,43055,EMU,MBM-GI-DN_SUB,09:48,09:54,1111111,5,false
P-43055-GISTM-DN_SUB,43055,EMU,GI-STM-DN_SUB,09:54,09:57,1111111,5,false
P-43055-STMPV-DN_SUB,43055,EMU,STM-PV-DN_SUB,09:58,10:07,1111111,5,false
P-43055-PVTBM-DN_SUB,43055,EMU,PV-TBM-DN_SUB,10:08,10:17,1111111,5,false
P-43056-MSBMS-DN_SUB,43056,EMU,MSB-MS-DN_SUB,09:36,09:42,1111111,5,false
P-43056-MSMBM-DN_SUB,43056,EMU,MS-MBM-DN_SUB,09:43,09:54,1111111,5,false
P-43056-MBMGI-DN_SUB,43056,EMU,MBM-GI-DN_SUB,09:54,10:00,1111111,5,false
P-43056-GISTM-DN_SUB,43056,EMU,GI-STM-DN_SUB,10:00,10:03,1111111,5,false
P-43056-STMPV-DN_SUB,43056,EMU,STM-PV-DN_SUB,10:04,10:13,1111111,5,false
P-43056-PVTBM-DN_SUB,43056,EMU,PV-TBM-DN_SUB,10:14,10:23,1111111,5,false
P-43057-MSBMS-DN_SUB,43057,EMU,MSB-MS-DN_SUB,09:42,09:48,1111111,5,false
P-43057-MSMBM-DN_SUB,43057,EMU,MS-MBM-DN_SUB,09:49,10:00,1111111,5,false
P-43057-MBMGI-DN_SUB,43057,EMU,MBM-GI-DN_SUB,10:00,10:06,1111111,5,false
P-43057-GISTM-DN_SUB,43057,EMU,GI-STM-DN_SUB,10:06,10:09,1111111,5,false
P-43057-STMPV-DN_SUB,43057,EMU,STM-PV-DN_SUB,10:10,10:19,1111111,5,false
P-43057-PVTBM-DN_SUB,43057,EMU,PV-TBM-DN_SUB,10:20,10:29,1111111,5,false
P-43058-MSBMS-DN_SUB,43058,EMU,MSB-MS-DN_SUB,09:48,09:54,1111111,5,false
P-43058-MSMBM-DN_SUB,43058,EMU,MS-MBM-DN_SUB,09:55,10:06,1111111,5,false
P-43058-MBMGI-DN_SUB,43058,EMU,MBM-GI-DN_SUB,10:06,10:12,1111111,5,false
P-43058-GISTM-DN_SUB,43058,EMU,GI-STM-DN_SUB,10:12,10:15,1111111,5,false
P-43058-STMPV-DN_SUB,43058,EMU,STM-PV-DN_SUB,10:16,10:25,1111111,5,false
P-43058-PVTBM-DN_SUB,43058,EMU,PV-TBM-DN_SUB,10:26,10:35,1111111,5,false
P-43059-MSBMS-DN_SUB,43059,EMU,MSB-MS-DN_SUB,09:54,10:00,1111111,5,false
P-43059-MSMBM-DN_SUB,43059,EMU,MS-MBM-DN_SUB,10:01,10:12,1111111,5,false
P-43059-MBMGI-DN_SUB,43059,EMU,MBM-GI-DN_SUB,10:12,10:18,1111111,5,false
P-43059-GISTM-DN_SUB,43059,EMU,GI-STM-DN_SUB,10:18,10:21,1111111,5,false
P-43059-STMPV-DN_SUB,43059,EMU,STM-PV-DN_SUB,10:22,10:31,1111111,5,false
P-43059-PVTBM-DN_SUB,43059,EMU,PV-TBM-DN_SUB,10:32,10:41,1111111,5,false
P-43060-MSBMS-DN_SUB,43060,EMU,MSB-MS-DN_SUB,10:00,10:06,1111111,5,false
P-43060-MSMBM-DN_SUB,43060,EMU,MS-MBM-DN_SUB,10:07,10:18,1111111,5,false
P-43060-MBMGI-DN_SUB,43060,EMU,MBM-GI-DN_SUB,10:18,10:24,1111111,5,false
P-43060-GISTM-DN_SUB,43060,EMU,GI-STM-DN_SUB,10:24,10:27,1111111,5,false
P-43060-STMPV-DN_SUB,43060,EMU,STM-PV-DN_SUB,10:28,10:37,1111111,5,false
P-43060-PVTBM-DN_SUB,43060,EMU,PV-TBM-DN_SUB,10:38,10:47,1111111,5,false
P-43061-MSBMS-DN_SUB,43061,EMU,MSB-MS-DN_SUB,10:06,10:12,1111111,5,false
P-43061-MSMBM-DN_SUB,43061,EMU,MS-MBM-DN_SUB,10:13,10:24,1111111,5,false
P-43061-MBMGI-DN_SUB,43061,EMU,MBM-GI-DN_SUB,10:24,10:30,1111111,5,false
P-43061-GISTM-DN_SUB,43061,EMU,GI-STM-DN_SUB,10:30,10:33,1111111,5,false
P-43061-STMPV-DN_SUB,43061,EMU,STM-PV-DN_SUB,10:34,10:43,1111111,5,false
P-43061-PVTBM-DN_SUB,43061,EMU,PV-TBM-DN_SUB,10:44,10:53,1111111,5,false
P-43062-MSBMS-DN_SUB,43062,EMU,MSB-MS-DN_SUB,10:12,10:18,1111111,5,false
P-43062-MSMBM-DN_SUB,43062,EMU,MS-MBM-DN_SUB,10:19,10:30,1111111,5,false
P-43062-MBMGI-DN_SUB,43062,EMU,MBM-GI-DN_SUB,10:30,10:36,1111111,5,false
P-43062-GISTM-DN_SUB,43062,EMU,GI-STM-DN_SUB,10:36,10:39,1111111,5,false
P-43062-STMPV-DN_SUB,43062,EMU,STM-PV-DN_SUB,10:40,10:49,1111111,5,false
P-43062-PVTBM-DN_SUB,43062,EMU,PV-TBM-DN_SUB,10:50,10:59,1111111,5,false
P-43063-MSBMS-DN_SUB,43063,EMU,MSB-MS-DN_SUB,10:18,10:24,1111111,5,false
P-43063-MSMBM-DN_SUB,43063,EMU,MS-MBM-DN_SUB,10:25,10:36,1111111,5,false
P-43063-MBMGI-DN_SUB,43063,EMU,MBM-GI-DN_SUB,10:36,10:42,1111111,5,false
P-43063-GISTM-DN_SUB,43063,EMU,GI-STM-DN_SUB,10:42,10:45,1111111,5,false
P-43063-STMPV-DN_SUB,43063,EMU,STM-PV-DN_SUB,10:46,10:55,1111111,5,false
P-43063-PVTBM-DN_SUB,43063,EMU,PV-TBM-DN_SUB,10:56,11:05,1111111,5,false
P-43064-MSBMS-DN_SUB,43064,EMU,MSB-MS-DN_SUB,10:24,10:30,1111111,5,false
P-43064-MSMBM-DN_SUB,43064,EMU,MS-MBM-DN_SUB,10:31,10:42,1111111,5,false
P-43064-MBMGI-DN_SUB,43064,EMU,MBM-GI-DN_SUB,10:42,10:48,1111111,5,false
P-43064-GISTM-DN_SUB,43064,EMU,GI-STM-DN_SUB,10:48,10:51,1111111,5,false
P-43064-STMPV-DN_SUB,43064,EMU,STM-PV-DN_SUB,10:52,11:01,1111111,5,false
P-43064-PVTBM-DN_SUB,43064,EMU,PV-TBM-DN_SUB,11:02,11:11,1111111,5,false
P-43065-MSBMS-DN_SUB,43065,EMU,MSB-MS-DN_SUB,10:30,10:36,1111111,5,false
P-43065-MSMBM-DN_SUB,43065,EMU,MS-MBM-DN_SUB,10:37,10:48,1111111,5,false
P-43065-MBMGI-DN_SUB,43065,EMU,MBM-GI-DN_SUB,10:48,10:54,1111111,5,false
P-43065-GISTM-DN_SUB,43065,EMU,GI-STM-DN_SUB,10:54,10:57,1111111,5,false
P-43065-STMPV-DN_SUB,43065,EMU,STM-PV-DN_SUB,10:58,11:07,1111111,5,false
P-43065-PVTBM-DN_SUB,43065,EMU,PV-TBM-DN_SUB,11:08,11:17,1111111,5,false
P-43066-MSBMS-DN_SUB,43066,EMU,MSB-MS-DN_SUB,10:36,10:42,1111111,5,false
P-43066-MSMBM-DN_SUB,43066,EMU,MS-MBM-DN_SUB,10:43,10:54,1111111,5,false
P-43066-MBMGI-DN_SUB,43066,EMU,MBM-GI-DN_SUB,10:54,11:00,1111111,5,false
P-43066-GISTM-DN_SUB,43066,EMU,GI-STM-DN_SUB,11:00,11:03,1111111,5,false
P-43066-STMPV-DN_SUB,43066,EMU,STM-PV-DN_SUB,11:04,11:13,1111111,5,false
P-43066-PVTBM-DN_SUB,43066,EMU,PV-TBM-DN_SUB,11:14,11:23,1111111,5,false
P-43067-MSBMS-DN_SUB,43067,EMU,MSB-MS-DN_SUB,10:42,10:48,1111111,5,false
P-43067-MSMBM-DN_SUB,43067,EMU,MS-MBM-DN_SUB,10:49,11:00,1111111,5,false
P-43067-MBMGI-DN_SUB,43067,EMU,MBM-GI-DN_SUB,11:00,11:06,1111111,5,false
P-43067-GISTM-DN_SUB,43067,EMU,GI-STM-DN_SUB,11:06,11:09,1111111,5,false
P-43067-STMPV-DN_SUB,43067,EMU,STM-PV-DN_SUB,11:10,11:19,1111111,5,false
P-43067-PVTBM-DN_SUB,43067,EMU,PV-TBM-DN_SUB,11:20,11:29,1111111,5,false
P-43068-MSBMS-DN_SUB,43068,EMU,MSB-MS-DN_SUB,10:48,10:54,1111111,5,false
P-43068-MSMBM-DN_SUB,43068,EMU,MS-MBM-DN_SUB,10:55,11:06,1111111,5,false
P-43068-MBMGI-DN_SUB,43068,EMU,MBM-GI-DN_SUB,11:06,11:12,1111111,5,false
P-43068-GISTM-DN_SUB,43068,EMU,GI-STM-DN_SUB,11:12,11:15,1111111,5,false
P-43068-STMPV-DN_SUB,43068,EMU,STM-PV-DN_SUB,11:16,11:25,1111111,5,false
P-43068-PVTBM-DN_SUB,43068,EMU,PV-TBM-DN_SUB,11:26,11:35,1111111,5,false
P-43069-MSBMS-DN_SUB,43069,EMU,MSB-MS-DN_SUB,10:54,11:00,1111111,5,false
P-43069-MSMBM-DN_SUB,43069,EMU,MS-MBM-DN_SUB,11:01,11:12,1111111,5,false
P-43069-MBMGI-DN_SUB,43069,EMU,MBM-GI-DN_SUB,11:12,11:18,1111111,5,false
P-43069-GISTM-DN_SUB,43069,EMU,GI-STM-DN_SUB,11:18,11:21,1111111,5,false
P-43069-STMPV-DN_SUB,43069,EMU,STM-PV-DN_SUB,11:22,11:31,1111111,5,false
P-43069-PVTBM-DN_SUB,43069,EMU,PV-TBM-DN_SUB,11:32,11:41,1111111,5,false
P-43070-MSBMS-DN_SUB,43070,EMU,MSB-MS-DN_SUB,11:00,11:06,1111111,5,false
P-43070-MSMBM-DN_SUB,43070,EMU,MS-MBM-DN_SUB,11:07,11:18,1111111,5,false
P-43070-MBMGI-DN_SUB,43070,EMU,MBM-GI-DN_SUB,11:18,11:24,1111111,5,false
P-43070-GISTM-DN_SUB,43070,EMU,GI-STM-DN_SUB,11:24,11:27,1111111,5,false
P-43070-STMPV-DN_SUB,43070,EMU,STM-PV-DN_SUB,11:28,11:37,1111111,5,false
P-43070-PVTBM-DN_SUB,43070,EMU,PV-TBM-DN_SUB,11:38,11:47,1111111,5,false
P-43071-MSBMS-DN_SUB,43071,EMU,MSB-MS-DN_SUB,11:06,11:12,1111111,5,false
P-43071-MSMBM-DN_SUB,43071,EMU,MS-MBM-DN_SUB,11:13,11:24,1111111,5,false
P-43071-MBMGI-DN_SUB,43071,EMU,MBM-GI-DN_SUB,11:24,11:30,1111111,5,false
P-43071-GISTM-DN_SUB,43071,EMU,GI-STM-DN_SUB,11:30,11:33,1111111,5,false
P-43071-STMPV-DN_SUB,43071,EMU,STM-PV-DN_SUB,11:34,11:43,1111111,5,false
P-43071-PVTBM-DN_SUB,43071,EMU,PV-TBM-DN_SUB,11:44,11:53,1111111,5,false
P-43072-MSBMS-DN_SUB,43072,EMU,MSB-MS-DN_SUB,11:12,11:18,1111111,5,false
P-43072-MSMBM-DN_SUB,43072,EMU,MS-MBM-DN_SUB,11:19,11:30,1111111,5,false
P-43072-MBMGI-DN_SUB,43072,EMU,MBM-GI-DN_SUB,11:30,11:36,1111111,5,false
P-43072-GISTM-DN_SUB,43072,EMU,GI-STM-DN_SUB,11:36,11:39,1111111,5,false
P-43072-STMPV-DN_SUB,43072,EMU,STM-PV-DN_SUB,11:40,11:49,1111111,5,false
P-43072-PVTBM-DN_SUB,43072,EMU,PV-TBM-DN_SUB,11:50,11:59,1111111,5,false
P-43073-MSBMS-DN_SUB,43073,EMU,MSB-MS-DN_SUB,11:18,11:24,1111111,5,false
P-43073-MSMBM-DN_SUB,43073,EMU,MS-MBM-DN_SUB,11:25,11:36,1111111,5,false
P-43073-MBMGI-DN_SUB,43073,EMU,MBM-GI-DN_SUB,11:36,11:42,1111111,5,false
P-43073-GISTM-DN_SUB,43073,EMU,GI-STM-DN_SUB,11:42,11:45,1111111,5,false
P-43073-STMPV-DN_SUB,43073,EMU,STM-PV-DN_SUB,11:46,11:55,1111111,5,false
P-43073-PVTBM-DN_SUB,43073,EMU,PV-TBM-DN_SUB,11:56,12:05,1111111,5,false
P-43074-MSBMS-DN_SUB,43074,EMU,MSB-MS-DN_SUB,11:24,11:30,1111111,5,false
P-43074-MSMBM-DN_SUB,43074,EMU,MS-MBM-DN_SUB,11:31,11:42,1111111,5,false
P-43074-MBMGI-DN_SUB,43074,EMU,MBM-GI-DN_SUB,11:42,11:48,1111111,5,false
P-43074-GISTM-DN_SUB,43074,EMU,GI-STM-DN_SUB,11:48,11:51,1111111,5,false
P-43074-STMPV-DN_SUB,43074,EMU,STM-PV-DN_SUB,11:52,12:01,1111111,5,false
P-43074-PVTBM-DN_SUB,43074,EMU,PV-TBM-DN_SUB,12:02,12:11,1111111,5,false
P-43075-MSBMS-DN_SUB,43075,EMU,MSB-MS-DN_SUB,11:30,11:36,1111111,5,false
P-43075-MSMBM-DN_SUB,43075,EMU,MS-MBM-DN_SUB,11:37,11:48,1111111,5,false
P-43075-MBMGI-DN_SUB,43075,EMU,MBM-GI-DN_SUB,11:48,11:54,1111111,5,false
P-43075-GISTM-DN_SUB,43075,EMU,GI-STM-DN_SUB,11:54,11:57,1111111,5,false
P-43075-STMPV-DN_SUB,43075,EMU,STM-PV-DN_SUB,11:58,12:07,1111111,5,false
P-43075-PVTBM-DN_SUB,43075,EMU,PV-TBM-DN_SUB,12:08,12:17,1111111,5,false
P-43076-MSBMS-DN_SUB,43076,EMU,MSB-MS-DN_SUB,11:36,11:42,1111111,5,false
P-43076-MSMBM-DN_SUB,43076,EMU,MS-MBM-DN_SUB,11:43,11:54,1111111,5,false
P-43076-MBMGI-DN_SUB,43076,EMU,MBM-GI-DN_SUB,11:54,12:00,1111111,5,false
P-43076-GISTM-DN_SUB,43076,EMU,GI-STM-DN_SUB,12:00,12:03,1111111,5,false
P-43076-STMPV-DN_SUB,43076,EMU,STM-PV-DN_SUB,12:04,12:13,1111111,5,false
P-43076-PVTBM-DN_SUB,43076,EMU,PV-TBM-DN_SUB,12:14,12:23,1111111,5,false
P-43077-MSBMS-DN_SUB,43077,EMU,MSB-MS-DN_SUB,11:42,11:48,1111111,5,false
P-43077-MSMBM-DN_SUB,43077,EMU,MS-MBM-DN_SUB,11:49,12:00,1111111,5,false
P-43077-MBMGI-DN_SUB,43077,EMU,MBM-GI-DN_SUB,12:00,12:06,1111111,5,false
P-43077-GISTM-DN_SUB,43077,EMU,GI-STM-DN_SUB,12:06,12:09,1111111,5,false
P-43077-STMPV-DN_SUB,43077,EMU,STM-PV-DN_SUB,12:10,12:19,1111111,5,false
P-43077-PVTBM-DN_SUB,43077,EMU,PV-TBM-DN_SUB,12:20,12:29,1111111,5,false
P-43078-MSBMS-DN_SUB,43078,EMU,MSB-MS-DN_SUB,11:48,11:54,1111111,5,false
P-43078-MSMBM-DN_SUB,43078,EMU,MS-MBM-DN_SUB,11:55,12:06,1111111,5,false
P-43078-MBMGI-DN_SUB,43078,EMU,MBM-GI-DN_SUB,12:06,12:12,1111111,5,false
P-43078-GISTM-DN_SUB,43078,EMU,GI-STM-DN_SUB,12:12,12:15,1111111,5,false
P-43078-STMPV-DN_SUB,43078,EMU,STM-PV-DN_SUB,12:16,12:25,1111111,5,false
P-43078-PVTBM-DN_SUB,43078,EMU,PV-TBM-DN_SUB,12:26,12:35,1111111,5,false
P-43079-MSBMS-DN_SUB,43079,EMU,MSB-MS-DN_SUB,11:54,12:00,1111111,5,false
P-43079-MSMBM-DN_SUB,43079,EMU,MS-MBM-DN_SUB,12:01,12:12,1111111,5,false
P-43079-MBMGI-DN_SUB,43079,EMU,MBM-GI-DN_SUB,12:12,12:18,1111111,5,false
P-43079-GISTM-DN_SUB,43079,EMU,GI-STM-DN_SUB,12:18,12:21,1111111,5,false
P-43079-STMPV-DN_SUB,43079,EMU,STM-PV-DN_SUB,12:22,12:31,1111111,5,false
P-43079-PVTBM-DN_SUB,43079,EMU,PV-TBM-DN_SUB,12:32,12:41,1111111,5,false
P-43080-MSBMS-DN_SUB,43080,EMU,MSB-MS-DN_SUB,12:00,12:06,1111111,5,false
P-43080-MSMBM-DN_SUB,43080,EMU,MS-MBM-DN_SUB,12:07,12:18,1111111,5,false
P-43080-MBMGI-DN_SUB,43080,EMU,MBM-GI-DN_SUB,12:18,12:24,1111111,5,false
P-43080-GISTM-DN_SUB,43080,EMU,GI-STM-DN_SUB,12:24,12:27,1111111,5,false
P-43080-STMPV-DN_SUB,43080,EMU,STM-PV-DN_SUB,12:28,12:37,1111111,5,false
P-43080-PVTBM-DN_SUB,43080,EMU,PV-TBM-DN_SUB,12:38,12:47,1111111,5,false
P-43081-MSBMS-DN_SUB,43081,EMU,MSB-MS-DN_SUB,12:06,12:12,1111111,5,false
P-43081-MSMBM-DN_SUB,43081,EMU,MS-MBM-DN_SUB,12:13,12:24,1111111,5,false
P-43081-MBMGI-DN_SUB,43081,EMU,MBM-GI-DN_SUB,12:24,12:30,1111111,5,false
P-43081-GISTM-DN_SUB,43081,EMU,GI-STM-DN_SUB,12:30,12:33,1111111,5,false
P-43081-STMPV-DN_SUB,43081,EMU,STM-PV-DN_SUB,12:34,12:43,1111111,5,false
P-43081-PVTBM-DN_SUB,43081,EMU,PV-TBM-DN_SUB,12:44,12:53,1111111,5,false
P-43082-MSBMS-DN_SUB,43082,EMU,MSB-MS-DN_SUB,12:12,12:18,1111111,5,false
P-43082-MSMBM-DN_SUB,43082,EMU,MS-MBM-DN_SUB,12:19,12:30,1111111,5,false
P-43082-MBMGI-DN_SUB,43082,EMU,MBM-GI-DN_SUB,12:30,12:36,1111111,5,false
P-43082-GISTM-DN_SUB,43082,EMU,GI-STM-DN_SUB,12:36,12:39,1111111,5,false
P-43082-STMPV-DN_SUB,43082,EMU,STM-PV-DN_SUB,12:40,12:49,1111111,5,false
P-43082-PVTBM-DN_SUB,43082,EMU,PV-TBM-DN_SUB,12:50,12:59,1111111,5,false
P-43083-MSBMS-DN_SUB,43083,EMU,MSB-MS-DN_SUB,12:18,12:24,1111111,5,false
P-43083-MSMBM-DN_SUB,43083,EMU,MS-MBM-DN_SUB,12:25,12:36,1111111,5,false
P-43083-MBMGI-DN_SUB,43083,EMU,MBM-GI-DN_SUB,12:36,12:42,1111111,5,false
P-43083-GISTM-DN_SUB,43083,EMU,GI-STM-DN_SUB,12:42,12:45,1111111,5,false
P-43083-STMPV-DN_SUB,43083,EMU,STM-PV-DN_SUB,12:46,12:55,1111111,5,false
P-43083-PVTBM-DN_SUB,43083,EMU,PV-TBM-DN_SUB,12:56,13:05,1111111,5,false
P-43084-MSBMS-DN_SUB,43084,EMU,MSB-MS-DN_SUB,12:24,12:30,1111111,5,false
P-43084-MSMBM-DN_SUB,43084,EMU,MS-MBM-DN_SUB,12:31,12:42,1111111,5,false
P-43084-MBMGI-DN_SUB,43084,EMU,MBM-GI-DN_SUB,12:42,12:48,1111111,5,false
P-43084-GISTM-DN_SUB,43084,EMU,GI-STM-DN_SUB,12:48,12:51,1111111,5,false
P-43084-STMPV-DN_SUB,43084,EMU,STM-PV-DN_SUB,12:52,13:01,1111111,5,false
P-43084-PVTBM-DN_SUB,43084,EMU,PV-TBM-DN_SUB,13:02,13:11,1111111,5,false
P-43085-MSBMS-DN_SUB,43085,EMU,MSB-MS-DN_SUB,12:30,12:36,1111111,5,false
P-43085-MSMBM-DN_SUB,43085,EMU,MS-MBM-DN_SUB,12:37,12:48,1111111,5,false
P-43085-MBMGI-DN_SUB,43085,EMU,MBM-GI-DN_SUB,12:48,12:54,1111111,5,false
P-43085-GISTM-DN_SUB,43085,EMU,GI-STM-DN_SUB,12:54,12:57,1111111,5,false
P-43085-STMPV-DN_SUB,43085,EMU,STM-PV-DN_SUB,12:58,13:07,1111111,5,false
P-43085-PVTBM-DN_SUB,43085,EMU,PV-TBM-DN_SUB,13:08,13:17,1111111,5,false
P-43086-MSBMS-DN_SUB,43086,EMU,MSB-MS-DN_SUB,12:36,12:42,1111111,5,false
P-43086-MSMBM-DN_SUB,43086,EMU,MS-MBM-DN_SUB,12:43,12:54,1111111,5,false
P-43086-MBMGI-DN_SUB,43086,EMU,MBM-GI-DN_SUB,12:54,13:00,1111111,5,false
P-43086-GISTM-DN_SUB,43086,EMU,GI-STM-DN_SUB,13:00,13:03,1111111,5,false
P-43086-STMPV-DN_SUB,43086,EMU,STM-PV-DN_SUB,13:04,13:13,1111111,5,false
P-43086-PVTBM-DN_SUB,43086,EMU,PV-TBM-DN_SUB,13:14,13:23,1111111,5,false
P-43087-MSBMS-DN_SUB,43087,EMU,MSB-MS-DN_SUB,12:42,12:48,1111111,5,false
P-43087-MSMBM-DN_SUB,43087,EMU,MS-MBM-DN_SUB,12:49,13:00,1111111,5,false
P-43087-MBMGI-DN_SUB,43087,EMU,MBM-GI-DN_SUB,13:00,13:06,1111111,5,false
P-43087-GISTM-DN_SUB,43087,EMU,GI-STM-DN_SUB,13:06,13:09,1111111,5,false
P-43087-STMPV-DN_SUB,43087,EMU,STM-PV-DN_SUB,13:10,13:19,1111111,5,false
P-43087-PVTBM-DN_SUB,43087,EMU,PV-TBM-DN_SUB,13:20,13:29,1111111,5,false
P-43088-MSBMS-DN_SUB,43088,EMU,MSB-MS-DN_SUB,12:48,12:54,1111111,5,false
P-43088-MSMBM-DN_SUB,43088,EMU,MS-MBM-DN_SUB,12:55,13:06,1111111,5,false
P-43088-MBMGI-DN_SUB,43088,EMU,MBM-GI-DN_SUB,13:06,13:12,1111111,5,false
P-43088-GISTM-DN_SUB,43088,EMU,GI-STM-DN_SUB,13:12,13:15,1111111,5,false
P-43088-STMPV-DN_SUB,43088,EMU,STM-PV-DN_SUB,13:16,13:25,1111111,5,false
P-43088-PVTBM-DN_SUB,43088,EMU,PV-TBM-DN_SUB,13:26,13:35,1111111,5,false
P-43089-MSBMS-DN_SUB,43089,EMU,MSB-MS-DN_SUB,12:54,13:00,1111111,5,false
P-43089-MSMBM-DN_SUB,43089,EMU,MS-MBM-DN_SUB,13:01,13:12,1111111,5,false
P-43089-MBMGI-DN_SUB,43089,EMU,MBM-GI-DN_SUB,13:12,13:18,1111111,5,false
P-43089-GISTM-DN_SUB,43089,EMU,GI-STM-DN_SUB,13:18,13:21,1111111,5,false
P-43089-STMPV-DN_SUB,43089,EMU,STM-PV-DN_SUB,13:22,13:31,1111111,5,false
P-43089-PVTBM-DN_SUB,43089,EMU,PV-TBM-DN_SUB,13:32,13:41,1111111,5,false
P-43090-MSBMS-DN_SUB,43090,EMU,MSB-MS-DN_SUB,13:00,13:06,1111111,5,false
P-43090-MSMBM-DN_SUB,43090,EMU,MS-MBM-DN_SUB,13:07,13:18,1111111,5,false
P-43090-MBMGI-DN_SUB,43090,EMU,MBM-GI-DN_SUB,13:18,13:24,1111111,5,false
P-43090-GISTM-DN_SUB,43090,EMU,GI-STM-DN_SUB,13:24,13:27,1111111,5,false
P-43090-STMPV-DN_SUB,43090,EMU,STM-PV-DN_SUB,13:28,13:37,1111111,5,false
P-43090-PVTBM-DN_SUB,43090,EMU,PV-TBM-DN_SUB,13:38,13:47,1111111,5,false
P-43091-MSBMS-DN_SUB,43091,EMU,MSB-MS-DN_SUB,13:06,13:12,1111111,5,false
P-43091-MSMBM-DN_SUB,43091,EMU,MS-MBM-DN_SUB,13:13,13:24,1111111,5,false
P-43091-MBMGI-DN_SUB,43091,EMU,MBM-GI-DN_SUB,13:24,13:30,1111111,5,false
P-43091-GISTM-DN_SUB,43091,EMU,GI-STM-DN_SUB,13:30,13:33,1111111,5,false
P-43091-STMPV-DN_SUB,43091,EMU,STM-PV-DN_SUB,13:34,13:43,1111111,5,false
P-43091-PVTBM-DN_SUB,43091,EMU,PV-TBM-DN_SUB,13:44,13:53,1111111,5,false
P-43092-MSBMS-DN_SUB,43092,EMU,MSB-MS-DN_SUB,13:12,13:18,1111111,5,false
P-43092-MSMBM-DN_SUB,43092,EMU,MS-MBM-DN_SUB,13:19,13:30,1111111,5,false
P-43092-MBMGI-DN_SUB,43092,EMU,MBM-GI-DN_SUB,13:30,13:36,1111111,5,false
P-43092-GISTM-DN_SUB,43092,EMU,GI-STM-DN_SUB,13:36,13:39,1111111,5,false
P-43092-STMPV-DN_SUB,43092,EMU,STM-PV-DN_SUB,13:40,13:49,1111111,5,false
P-43092-PVTBM-DN_SUB,43092,EMU,PV-TBM-DN_SUB,13:50,13:59,1111111,5,false
P-43093-MSBMS-DN_SUB,43093,EMU,MSB-MS-DN_SUB,13:18,13:24,1111111,5,false
P-43093-MSMBM-DN_SUB,43093,EMU,MS-MBM-DN_SUB,13:25,13:36,1111111,5,false
P-43093-MBMGI-DN_SUB,43093,EMU,MBM-GI-DN_SUB,13:36,13:42,1111111,5,false
P-43093-GISTM-DN_SUB,43093,EMU,GI-STM-DN_SUB,13:42,13:45,1111111,5,false
P-43093-STMPV-DN_SUB,43093,EMU,STM-PV-DN_SUB,13:46,13:55,1111111,5,false
P-43093-PVTBM-DN_SUB,43093,EMU,PV-TBM-DN_SUB,13:56,14:05,1111111,5,false
P-43094-MSBMS-DN_SUB,43094,EMU,MSB-MS-DN_SUB,13:24,13:30,1111111,5,false
P-43094-MSMBM-DN_SUB,43094,EMU,MS-MBM-DN_SUB,13:31,13:42,1111111,5,false
P-43094-MBMGI-DN_SUB,43094,EMU,MBM-GI-DN_SUB,13:42,13:48,1111111,5,false
P-43094-GISTM-DN_SUB,43094,EMU,GI-STM-DN_SUB,13:48,13:51,1111111,5,false
P-43094-STMPV-DN_SUB,43094,EMU,STM-PV-DN_SUB,13:52,14:01,1111111,5,false
P-43094-PVTBM-DN_SUB,43094,EMU,PV-TBM-DN_SUB,14:02,14:11,1111111,5,false
P-43095-MSBMS-DN_SUB,43095,EMU,MSB-MS-DN_SUB,13:30,13:36,1111111,5,false
P-43095-MSMBM-DN_SUB,43095,EMU,MS-MBM-DN_SUB,13:37,13:48,1111111,5,false
P-43095-MBMGI-DN_SUB,43095,EMU,MBM-GI-DN_SUB,13:48,13:54,1111111,5,false
P-43095-GISTM-DN_SUB,43095,EMU,GI-STM-DN_SUB,13:54,13:57,1111111,5,false
P-43095-STMPV-DN_SUB,43095,EMU,STM-PV-DN_SUB,13:58,14:07,1111111,5,false
P-43095-PVTBM-DN_SUB,43095,EMU,PV-TBM-DN_SUB,14:08,14:17,1111111,5,false
P-43096-MSBMS-DN_SUB,43096,EMU,MSB-MS-DN_SUB,13:36,13:42,1111111,5,false
P-43096-MSMBM-DN_SUB,43096,EMU,MS-MBM-DN_SUB,13:43,13:54,1111111,5,false
P-43096-MBMGI-DN_SUB,43096,EMU,MBM-GI-DN_SUB,13:54,14:00,1111111,5,false
P-43096-GISTM-DN_SUB,43096,EMU,GI-STM-DN_SUB,14:00,14:03,1111111,5,false
P-43096-STMPV-DN_SUB,43096,EMU,STM-PV-DN_SUB,14:04,14:13,1111111,5,false
P-43096-PVTBM-DN_SUB,43096,EMU,PV-TBM-DN_SUB,14:14,14:23,1111111,5,false
P-43097-MSBMS-DN_SUB,43097,EMU,MSB-MS-DN_SUB,13:42,13:48,1111111,5,false
P-43097-MSMBM-DN_SUB,43097,EMU,MS-MBM-DN_SUB,13:49,14:00,1111111,5,false
P-43097-MBMGI-DN_SUB,43097,EMU,MBM-GI-DN_SUB,14:00,14:06,1111111,5,false
P-43097-GISTM-DN_SUB,43097,EMU,GI-STM-DN_SUB,14:06,14:09,1111111,5,false
P-43097-STMPV-DN_SUB,43097,EMU,STM-PV-DN_SUB,14:10,14:19,1111111,5,false
P-43097-PVTBM-DN_SUB,43097,EMU,PV-TBM-DN_SUB,14:20,14:29,1111111,5,false
P-43098-MSBMS-DN_SUB,43098,EMU,MSB-MS-DN_SUB,13:48,13:54,1111111,5,false
P-43098-MSMBM-DN_SUB,43098,EMU,MS-MBM-DN_SUB,13:55,14:06,1111111,5,false
P-43098-MBMGI-DN_SUB,43098,EMU,MBM-GI-DN_SUB,14:06,14:12,1111111,5,false
P-43098-GISTM-DN_SUB,43098,EMU,GI-STM-DN_SUB,14:12,14:15,1111111,5,false
P-43098-STMPV-DN_SUB,43098,EMU,STM-PV-DN_SUB,14:16,14:25,1111111,5,false
P-43098-PVTBM-DN_SUB,43098,EMU,PV-TBM-DN_SUB,14:26,14:35,1111111,5,false
P-43099-MSBMS-DN_SUB,43099,EMU,MSB-MS-DN_SUB,13:54,14:00,1111111,5,false
P-43099-MSMBM-DN_SUB,43099,EMU,MS-MBM-DN_SUB,14:01,14:12,1111111,5,false
P-43099-MBMGI-DN_SUB,43099,EMU,MBM-GI-DN_SUB,14:12,14:18,1111111,5,false
P-43099-GISTM-DN_SUB,43099,EMU,GI-STM-DN_SUB,14:18,14:21,1111111,5,false
P-43099-STMPV-DN_SUB,43099,EMU,STM-PV-DN_SUB,14:22,14:31,1111111,5,false
P-43099-PVTBM-DN_SUB,43099,EMU,PV-TBM-DN_SUB,14:32,14:41,1111111,5,false
P-43100-MSBMS-DN_SUB,43100,EMU,MSB-MS-DN_SUB,14:00,14:06,1111111,5,false
P-43100-MSMBM-DN_SUB,43100,EMU,MS-MBM-DN_SUB,14:07,14:18,1111111,5,false
P-43100-MBMGI-DN_SUB,43100,EMU,MBM-GI-DN_SUB,14:18,14:24,1111111,5,false
P-43100-GISTM-DN_SUB,43100,EMU,GI-STM-DN_SUB,14:24,14:27,1111111,5,false
P-43100-STMPV-DN_SUB,43100,EMU,STM-PV-DN_SUB,14:28,14:37,1111111,5,false
P-43100-PVTBM-DN_SUB,43100,EMU,PV-TBM-DN_SUB,14:38,14:47,1111111,5,false
P-43101-MSBMS-DN_SUB,43101,EMU,MSB-MS-DN_SUB,14:06,14:12,1111111,5,false
P-43101-MSMBM-DN_SUB,43101,EMU,MS-MBM-DN_SUB,14:13,14:24,1111111,5,false
P-43101-MBMGI-DN_SUB,43101,EMU,MBM-GI-DN_SUB,14:24,14:30,1111111,5,false
P-43101-GISTM-DN_SUB,43101,EMU,GI-STM-DN_SUB,14:30,14:33,1111111,5,false
P-43101-STMPV-DN_SUB,43101,EMU,STM-PV-DN_SUB,14:34,14:43,1111111,5,false
P-43101-PVTBM-DN_SUB,43101,EMU,PV-TBM-DN_SUB,14:44,14:53,1111111,5,false
P-43102-MSBMS-DN_SUB,43102,EMU,MSB-MS-DN_SUB,14:12,14:18,1111111,5,false
P-43102-MSMBM-DN_SUB,43102,EMU,MS-MBM-DN_SUB,14:19,14:30,1111111,5,false
P-43102-MBMGI-DN_SUB,43102,EMU,MBM-GI-DN_SUB,14:30,14:36,1111111,5,false
P-43102-GISTM-DN_SUB,43102,EMU,GI-STM-DN_SUB,14:36,14:39,1111111,5,false
P-43102-STMPV-DN_SUB,43102,EMU,STM-PV-DN_SUB,14:40,14:49,1111111,5,false
P-43102-PVTBM-DN_SUB,43102,EMU,PV-TBM-DN_SUB,14:50,14:59,1111111,5,false
P-43103-MSBMS-DN_SUB,43103,EMU,MSB-MS-DN_SUB,14:18,14:24,1111111,5,false
P-43103-MSMBM-DN_SUB,43103,EMU,MS-MBM-DN_SUB,14:25,14:36,1111111,5,false
P-43103-MBMGI-DN_SUB,43103,EMU,MBM-GI-DN_SUB,14:36,14:42,1111111,5,false
P-43103-GISTM-DN_SUB,43103,EMU,GI-STM-DN_SUB,14:42,14:45,1111111,5,false
P-43103-STMPV-DN_SUB,43103,EMU,STM-PV-DN_SUB,14:46,14:55,1111111,5,false
P-43103-PVTBM-DN_SUB,43103,EMU,PV-TBM-DN_SUB,14:56,15:05,1111111,5,false
P-43104-MSBMS-DN_SUB,43104,EMU,MSB-MS-DN_SUB,14:24,14:30,1111111,5,false
P-43104-MSMBM-DN_SUB,43104,EMU,MS-MBM-DN_SUB,14:31,14:42,1111111,5,false
P-43104-MBMGI-DN_SUB,43104,EMU,MBM-GI-DN_SUB,14:42,14:48,1111111,5,false
P-43104-GISTM-DN_SUB,43104,EMU,GI-STM-DN_SUB,14:48,14:51,1111111,5,false
P-43104-STMPV-DN_SUB,43104,EMU,STM-PV-DN_SUB,14:52,15:01,1111111,5,false
P-43104-PVTBM-DN_SUB,43104,EMU,PV-TBM-DN_SUB,15:02,15:11,1111111,5,false
P-43105-MSBMS-DN_SUB,43105,EMU,MSB-MS-DN_SUB,14:30,14:36,1111111,5,false
P-43105-MSMBM-DN_SUB,43105,EMU,MS-MBM-DN_SUB,14:37,14:48,1111111,5,false
P-43105-MBMGI-DN_SUB,43105,EMU,MBM-GI-DN_SUB,14:48,14:54,1111111,5,false
P-43105-GISTM-DN_SUB,43105,EMU,GI-STM-DN_SUB,14:54,14:57,1111111,5,false
P-43105-STMPV-DN_SUB,43105,EMU,STM-PV-DN_SUB,14:58,15:07,1111111,5,false
P-43105-PVTBM-DN_SUB,43105,EMU,PV-TBM-DN_SUB,15:08,15:17,1111111,5,false
P-43106-MSBMS-DN_SUB,43106,EMU,MSB-MS-DN_SUB,14:36,14:42,1111111,5,false
P-43106-MSMBM-DN_SUB,43106,EMU,MS-MBM-DN_SUB,14:43,14:54,1111111,5,false
P-43106-MBMGI-DN_SUB,43106,EMU,MBM-GI-DN_SUB,14:54,15:00,1111111,5,false
P-43106-GISTM-DN_SUB,43106,EMU,GI-STM-DN_SUB,15:00,15:03,1111111,5,false
P-43106-STMPV-DN_SUB,43106,EMU,STM-PV-DN_SUB,15:04,15:13,1111111,5,false
P-43106-PVTBM-DN_SUB,43106,EMU,PV-TBM-DN_SUB,15:14,15:23,1111111,5,false
P-43107-MSBMS-DN_SUB,43107,EMU,MSB-MS-DN_SUB,14:42,14:48,1111111,5,false
P-43107-MSMBM-DN_SUB,43107,EMU,MS-MBM-DN_SUB,14:49,15:00,1111111,5,false
P-43107-MBMGI-DN_SUB,43107,EMU,MBM-GI-DN_SUB,15:00,15:06,1111111,5,false
P-43107-GISTM-DN_SUB,43107,EMU,GI-STM-DN_SUB,15:06,15:09,1111111,5,false
P-43107-STMPV-DN_SUB,43107,EMU,STM-PV-DN_SUB,15:10,15:19,1111111,5,false
P-43107-PVTBM-DN_SUB,43107,EMU,PV-TBM-DN_SUB,15:20,15:29,1111111,5,false
P-43108-MSBMS-DN_SUB,43108,EMU,MSB-MS-DN_SUB,14:48,14:54,1111111,5,false
P-43108-MSMBM-DN_SUB,43108,EMU,MS-MBM-DN_SUB,14:55,15:06,1111111,5,false
P-43108-MBMGI-DN_SUB,43108,EMU,MBM-GI-DN_SUB,15:06,15:12,1111111,5,false
P-43108-GISTM-DN_SUB,43108,EMU,GI-STM-DN_SUB,15:12,15:15,1111111,5,false
P-43108-STMPV-DN_SUB,43108,EMU,STM-PV-DN_SUB,15:16,15:25,1111111,5,false
P-43108-PVTBM-DN_SUB,43108,EMU,PV-TBM-DN_SUB,15:26,15:35,1111111,5,false
P-43109-MSBMS-DN_SUB,43109,EMU,MSB-MS-DN_SUB,14:54,15:00,1111111,5,false
P-43109-MSMBM-DN_SUB,43109,EMU,MS-MBM-DN_SUB,15:01,15:12,1111111,5,false
P-43109-MBMGI-DN_SUB,43109,EMU,MBM-GI-DN_SUB,15:12,15:18,1111111,5,false
P-43109-GISTM-DN_SUB,43109,EMU,GI-STM-DN_SUB,15:18,15:21,1111111,5,false
P-43109-STMPV-DN_SUB,43109,EMU,STM-PV-DN_SUB,15:22,15:31,1111111,5,false
P-43109-PVTBM-DN_SUB,43109,EMU,PV-TBM-DN_SUB,15:32,15:41,1111111,5,false
P-43110-MSBMS-DN_SUB,43110,EMU,MSB-MS-DN_SUB,15:00,15:06,1111111,5,false
P-43110-MSMBM-DN_SUB,43110,EMU,MS-MBM-DN_SUB,15:07,15:18,1111111,5,false
P-43110-MBMGI-DN_SUB,43110,EMU,MBM-GI-DN_SUB,15:18,15:24,1111111,5,false
P-43110-GISTM-DN_SUB,43110,EMU,GI-STM-DN_SUB,15:24,15:27,1111111,5,false
P-43110-STMPV-DN_SUB,43110,EMU,STM-PV-DN_SUB,15:28,15:37,1111111,5,false
P-43110-PVTBM-DN_SUB,43110,EMU,PV-TBM-DN_SUB,15:38,15:47,1111111,5,false
P-43111-MSBMS-DN_SUB,43111,EMU,MSB-MS-DN_SUB,15:06,15:12,1111111,5,false
P-43111-MSMBM-DN_SUB,43111,EMU,MS-MBM-DN_SUB,15:13,15:24,1111111,5,false
P-43111-MBMGI-DN_SUB,43111,EMU,MBM-GI-DN_SUB,15:24,15:30,1111111,5,false
P-43111-GISTM-DN_SUB,43111,EMU,GI-STM-DN_SUB,15:30,15:33,1111111,5,false
P-43111-STMPV-DN_SUB,43111,EMU,STM-PV-DN_SUB,15:34,15:43,1111111,5,false
P-43111-PVTBM-DN_SUB,43111,EMU,PV-TBM-DN_SUB,15:44,15:53,1111111,5,false
P-43112-MSBMS-DN_SUB,43112,EMU,MSB-MS-DN_SUB,15:12,15:18,1111111,5,false
P-43112-MSMBM-DN_SUB,43112,EMU,MS-MBM-DN_SUB,15:19,15:30,1111111,5,false
P-43112-MBMGI-DN_SUB,43112,EMU,MBM-GI-DN_SUB,15:30,15:36,1111111,5,false
P-43112-GISTM-DN_SUB,43112,EMU,GI-STM-DN_SUB,15:36,15:39,1111111,5,false
P-43112-STMPV-DN_SUB,43112,EMU,STM-PV-DN_SUB,15:40,15:49,1111111,5,false
P-43112-PVTBM-DN_SUB,43112,EMU,PV-TBM-DN_SUB,15:50,15:59,1111111,5,false
P-43113-MSBMS-DN_SUB,43113,EMU,MSB-MS-DN_SUB,15:18,15:24,1111111,5,false
P-43113-MSMBM-DN_SUB,43113,EMU,MS-MBM-DN_SUB,15:25,15:36,1111111,5,false
P-43113-MBMGI-DN_SUB,43113,EMU,MBM-GI-DN_SUB,15:36,15:42,1111111,5,false
P-43113-GISTM-DN_SUB,43113,EMU,GI-STM-DN_SUB,15:42,15:45,1111111,5,false
P-43113-STMPV-DN_SUB,43113,EMU,STM-PV-DN_SUB,15:46,15:55,1111111,5,false
P-43113-PVTBM-DN_SUB,43113,EMU,PV-TBM-DN_SUB,15:56,16:05,1111111,5,false
P-43114-MSBMS-DN_SUB,43114,EMU,MSB-MS-DN_SUB,15:24,15:30,1111111,5,false
P-43114-MSMBM-DN_SUB,43114,EMU,MS-MBM-DN_SUB,15:31,15:42,1111111,5,false
P-43114-MBMGI-DN_SUB,43114,EMU,MBM-GI-DN_SUB,15:42,15:48,1111111,5,false
P-43114-GISTM-DN_SUB,43114,EMU,GI-STM-DN_SUB,15:48,15:51,1111111,5,false
P-43114-STMPV-DN_SUB,43114,EMU,STM-PV-DN_SUB,15:52,16:01,1111111,5,false
P-43114-PVTBM-DN_SUB,43114,EMU,PV-TBM-DN_SUB,16:02,16:11,1111111,5,false
P-43115-MSBMS-DN_SUB,43115,EMU,MSB-MS-DN_SUB,15:30,15:36,1111111,5,false
P-43115-MSMBM-DN_SUB,43115,EMU,MS-MBM-DN_SUB,15:37,15:48,1111111,5,false
P-43115-MBMGI-DN_SUB,43115,EMU,MBM-GI-DN_SUB,15:48,15:54,1111111,5,false
P-43115-GISTM-DN_SUB,43115,EMU,GI-STM-DN_SUB,15:54,15:57,1111111,5,false
P-43115-STMPV-DN_SUB,43115,EMU,STM-PV-DN_SUB,15:58,16:07,1111111,5,false
P-43115-PVTBM-DN_SUB,43115,EMU,PV-TBM-DN_SUB,16:08,16:17,1111111,5,false
P-43116-MSBMS-DN_SUB,43116,EMU,MSB-MS-DN_SUB,15:36,15:42,1111111,5,false
P-43116-MSMBM-DN_SUB,43116,EMU,MS-MBM-DN_SUB,15:43,15:54,1111111,5,false
P-43116-MBMGI-DN_SUB,43116,EMU,MBM-GI-DN_SUB,15:54,16:00,1111111,5,false
P-43116-GISTM-DN_SUB,43116,EMU,GI-STM-DN_SUB,16:00,16:03,1111111,5,false
P-43116-STMPV-DN_SUB,43116,EMU,STM-PV-DN_SUB,16:04,16:13,1111111,5,false
P-43116-PVTBM-DN_SUB,43116,EMU,PV-TBM-DN_SUB,16:14,16:23,1111111,5,false
P-43117-MSBMS-DN_SUB,43117,EMU,MSB-MS-DN_SUB,15:42,15:48,1111111,5,false
P-43117-MSMBM-DN_SUB,43117,EMU,MS-MBM-DN_SUB,15:49,16:00,1111111,5,false
P-43117-MBMGI-DN_SUB,43117,EMU,MBM-GI-DN_SUB,16:00,16:06,1111111,5,false
P-43117-GISTM-DN_SUB,43117,EMU,GI-STM-DN_SUB,16:06,16:09,1111111,5,false
P-43117-STMPV-DN_SUB,43117,EMU,STM-PV-DN_SUB,16:10,16:19,1111111,5,false
P-43117-PVTBM-DN_SUB,43117,EMU,PV-TBM-DN_SUB,16:20,16:29,1111111,5,false
P-43118-MSBMS-DN_SUB,43118,EMU,MSB-MS-DN_SUB,15:48,15:54,1111111,5,false
P-43118-MSMBM-DN_SUB,43118,EMU,MS-MBM-DN_SUB,15:55,16:06,1111111,5,false
P-43118-MBMGI-DN_SUB,43118,EMU,MBM-GI-DN_SUB,16:06,16:12,1111111,5,false
P-43118-GISTM-DN_SUB,43118,EMU,GI-STM-DN_SUB,16:12,16:15,1111111,5,false
P-43118-STMPV-DN_SUB,43118,EMU,STM-PV-DN_SUB,16:16,16:25,1111111,5,false
P-43118-PVTBM-DN_SUB,43118,EMU,PV-TBM-DN_SUB,16:26,16:35,1111111,5,false
P-43119-MSBMS-DN_SUB,43119,EMU,MSB-MS-DN_SUB,15:54,16:00,1111111,5,false
P-43119-MSMBM-DN_SUB,43119,EMU,MS-MBM-DN_SUB,16:01,16:12,1111111,5,false
P-43119-MBMGI-DN_SUB,43119,EMU,MBM-GI-DN_SUB,16:12,16:18,1111111,5,false
P-43119-GISTM-DN_SUB,43119,EMU,GI-STM-DN_SUB,16:18,16:21,1111111,5,false
P-43119-STMPV-DN_SUB,43119,EMU,STM-PV-DN_SUB,16:22,16:31,1111111,5,false
P-43119-PVTBM-DN_SUB,43119,EMU,PV-TBM-DN_SUB,16:32,16:41,1111111,5,false
P-43120-MSBMS-DN_SUB,43120,EMU,MSB-MS-DN_SUB,16:00,16:06,1111111,5,false
P-43120-MSMBM-DN_SUB,43120,EMU,MS-MBM-DN_SUB,16:07,16:18,1111111,5,false
P-43120-MBMGI-DN_SUB,43120,EMU,MBM-GI-DN_SUB,16:18,16:24,1111111,5,false
P-43120-GISTM-DN_SUB,43120,EMU,GI-STM-DN_SUB,16:24,16:27,1111111,5,false
P-43120-STMPV-DN_SUB,43120,EMU,STM-PV-DN_SUB,16:28,16:37,1111111,5,false
P-43120-PVTBM-DN_SUB,43120,EMU,PV-TBM-DN_SUB,16:38,16:47,1111111,5,false
P-43121-MSBMS-DN_SUB,43121,EMU,MSB-MS-DN_SUB,16:06,16:12,1111111,5,false
P-43121-MSMBM-DN_SUB,43121,EMU,MS-MBM-DN_SUB,16:13,16:24,1111111,5,false
P-43121-MBMGI-DN_SUB,43121,EMU,MBM-GI-DN_SUB,16:24,16:30,1111111,5,false
P-43121-GISTM-DN_SUB,43121,EMU,GI-STM-DN_SUB,16:30,16:33,1111111,5,false
P-43121-STMPV-DN_SUB,43121,EMU,STM-PV-DN_SUB,16:34,16:43,1111111,5,false
P-43121-PVTBM-DN_SUB,43121,EMU,PV-TBM-DN_SUB,16:44,16:53,1111111,5,false
P-43122-MSBMS-DN_SUB,43122,EMU,MSB-MS-DN_SUB,16:12,16:18,1111111,5,false
P-43122-MSMBM-DN_SUB,43122,EMU,MS-MBM-DN_SUB,16:19,16:30,1111111,5,false
P-43122-MBMGI-DN_SUB,43122,EMU,MBM-GI-DN_SUB,16:30,16:36,1111111,5,false
P-43122-GISTM-DN_SUB,43122,EMU,GI-STM-DN_SUB,16:36,16:39,1111111,5,false
P-43122-STMPV-DN_SUB,43122,EMU,STM-PV-DN_SUB,16:40,16:49,1111111,5,false
P-43122-PVTBM-DN_SUB,43122,EMU,PV-TBM-DN_SUB,16:50,16:59,1111111,5,false
P-43123-MSBMS-DN_SUB,43123,EMU,MSB-MS-DN_SUB,16:18,16:24,1111111,5,false
P-43123-MSMBM-DN_SUB,43123,EMU,MS-MBM-DN_SUB,16:25,16:36,1111111,5,false
P-43123-MBMGI-DN_SUB,43123,EMU,MBM-GI-DN_SUB,16:36,16:42,1111111,5,false
P-43123-GISTM-DN_SUB,43123,EMU,GI-STM-DN_SUB,16:42,16:45,1111111,5,false
P-43123-STMPV-DN_SUB,43123,EMU,STM-PV-DN_SUB,16:46,16:55,1111111,5,false
P-43123-PVTBM-DN_SUB,43123,EMU,PV-TBM-DN_SUB,16:56,17:05,1111111,5,false
P-43124-MSBMS-DN_SUB,43124,EMU,MSB-MS-DN_SUB,16:24,16:30,1111111,5,false
P-43124-MSMBM-DN_SUB,43124,EMU,MS-MBM-DN_SUB,16:31,16:42,1111111,5,false
P-43124-MBMGI-DN_SUB,43124,EMU,MBM-GI-DN_SUB,16:42,16:48,1111111,5,false
P-43124-GISTM-DN_SUB,43124,EMU,GI-STM-DN_SUB,16:48,16:51,1111111,5,false
P-43124-STMPV-DN_SUB,43124,EMU,STM-PV-DN_SUB,16:52,17:01,1111111,5,false
P-43124-PVTBM-DN_SUB,43124,EMU,PV-TBM-DN_SUB,17:02,17:11,1111111,5,false
P-43125-MSBMS-DN_SUB,43125,EMU,MSB-MS-DN_SUB,16:30,16:36,1111111,5,false
P-43125-MSMBM-DN_SUB,43125,EMU,MS-MBM-DN_SUB,16:37,16:48,1111111,5,false
P-43125-MBMGI-DN_SUB,43125,EMU,MBM-GI-DN_SUB,16:48,16:54,1111111,5,false
P-43125-GISTM-DN_SUB,43125,EMU,GI-STM-DN_SUB,16:54,16:57,1111111,5,false
P-43125-STMPV-DN_SUB,43125,EMU,STM-PV-DN_SUB,16:58,17:07,1111111,5,false
P-43125-PVTBM-DN_SUB,43125,EMU,PV-TBM-DN_SUB,17:08,17:17,1111111,5,false
P-43126-MSBMS-DN_SUB,43126,EMU,MSB-MS-DN_SUB,16:36,16:42,1111111,5,false
P-43126-MSMBM-DN_SUB,43126,EMU,MS-MBM-DN_SUB,16:43,16:54,1111111,5,false
P-43126-MBMGI-DN_SUB,43126,EMU,MBM-GI-DN_SUB,16:54,17:00,1111111,5,false
P-43126-GISTM-DN_SUB,43126,EMU,GI-STM-DN_SUB,17:00,17:03,1111111,5,false
P-43126-STMPV-DN_SUB,43126,EMU,STM-PV-DN_SUB,17:04,17:13,1111111,5,false
P-43126-PVTBM-DN_SUB,43126,EMU,PV-TBM-DN_SUB,17:14,17:23,1111111,5,false
P-43127-MSBMS-DN_SUB,43127,EMU,MSB-MS-DN_SUB,16:42,16:48,1111111,5,false
P-43127-MSMBM-DN_SUB,43127,EMU,MS-MBM-DN_SUB,16:49,17:00,1111111,5,false
P-43127-MBMGI-DN_SUB,43127,EMU,MBM-GI-DN_SUB,17:00,17:06,1111111,5,false
P-43127-GISTM-DN_SUB,43127,EMU,GI-STM-DN_SUB,17:06,17:09,1111111,5,false
P-43127-STMPV-DN_SUB,43127,EMU,STM-PV-DN_SUB,17:10,17:19,1111111,5,false
P-43127-PVTBM-DN_SUB,43127,EMU,PV-TBM-DN_SUB,17:20,17:29,1111111,5,false
P-43128-MSBMS-DN_SUB,43128,EMU,MSB-MS-DN_SUB,16:48,16:54,1111111,5,false
P-43128-MSMBM-DN_SUB,43128,EMU,MS-MBM-DN_SUB,16:55,17:06,1111111,5,false
P-43128-MBMGI-DN_SUB,43128,EMU,MBM-GI-DN_SUB,17:06,17:12,1111111,5,false
P-43128-GISTM-DN_SUB,43128,EMU,GI-STM-DN_SUB,17:12,17:15,1111111,5,false
P-43128-STMPV-DN_SUB,43128,EMU,STM-PV-DN_SUB,17:16,17:25,1111111,5,false
P-43128-PVTBM-DN_SUB,43128,EMU,PV-TBM-DN_SUB,17:26,17:35,1111111,5,false
P-43129-MSBMS-DN_SUB,43129,EMU,MSB-MS-DN_SUB,16:54,17:00,1111111,5,false
P-43129-MSMBM-DN_SUB,43129,EMU,MS-MBM-DN_SUB,17:01,17:12,1111111,5,false
P-43129-MBMGI-DN_SUB,43129,EMU,MBM-GI-DN_SUB,17:12,17:18,1111111,5,false
P-43129-GISTM-DN_SUB,43129,EMU,GI-STM-DN_SUB,17:18,17:21,1111111,5,false
P-43129-STMPV-DN_SUB,43129,EMU,STM-PV-DN_SUB,17:22,17:31,1111111,5,false
P-43129-PVTBM-DN_SUB,43129,EMU,PV-TBM-DN_SUB,17:32,17:41,1111111,5,false
P-43130-MSBMS-DN_SUB,43130,EMU,MSB-MS-DN_SUB,17:00,17:06,1111111,5,false
P-43130-MSMBM-DN_SUB,43130,EMU,MS-MBM-DN_SUB,17:07,17:18,1111111,5,false
P-43130-MBMGI-DN_SUB,43130,EMU,MBM-GI-DN_SUB,17:18,17:24,1111111,5,false
P-43130-GISTM-DN_SUB,43130,EMU,GI-STM-DN_SUB,17:24,17:27,1111111,5,false
P-43130-STMPV-DN_SUB,43130,EMU,STM-PV-DN_SUB,17:28,17:37,1111111,5,false
P-43130-PVTBM-DN_SUB,43130,EMU,PV-TBM-DN_SUB,17:38,17:47,1111111,5,false
P-43131-MSBMS-DN_SUB,43131,EMU,MSB-MS-DN_SUB,17:06,17:12,1111111,5,false
P-43131-MSMBM-DN_SUB,43131,EMU,MS-MBM-DN_SUB,17:13,17:24,1111111,5,false
P-43131-MBMGI-DN_SUB,43131,EMU,MBM-GI-DN_SUB,17:24,17:30,1111111,5,false
P-43131-GISTM-DN_SUB,43131,EMU,GI-STM-DN_SUB,17:30,17:33,1111111,5,false
P-43131-STMPV-DN_SUB,43131,EMU,STM-PV-DN_SUB,17:34,17:43,1111111,5,false
P-43131-PVTBM-DN_SUB,43131,EMU,PV-TBM-DN_SUB,17:44,17:53,1111111,5,false
P-43132-MSBMS-DN_SUB,43132,EMU,MSB-MS-DN_SUB,17:12,17:18,1111111,5,false
P-43132-MSMBM-DN_SUB,43132,EMU,MS-MBM-DN_SUB,17:19,17:30,1111111,5,false
P-43132-MBMGI-DN_SUB,43132,EMU,MBM-GI-DN_SUB,17:30,17:36,1111111,5,false
P-43132-GISTM-DN_SUB,43132,EMU,GI-STM-DN_SUB,17:36,17:39,1111111,5,false
P-43132-STMPV-DN_SUB,43132,EMU,STM-PV-DN_SUB,17:40,17:49,1111111,5,false
P-43132-PVTBM-DN_SUB,43132,EMU,PV-TBM-DN_SUB,17:50,17:59,1111111,5,false
P-43133-MSBMS-DN_SUB,43133,EMU,MSB-MS-DN_SUB,17:18,17:24,1111111,5,false
P-43133-MSMBM-DN_SUB,43133,EMU,MS-MBM-DN_SUB,17:25,17:36,1111111,5,false
P-43133-MBMGI-DN_SUB,43133,EMU,MBM-GI-DN_SUB,17:36,17:42,1111111,5,false
P-43133-GISTM-DN_SUB,43133,EMU,GI-STM-DN_SUB,17:42,17:45,1111111,5,false
P-43133-STMPV-DN_SUB,43133,EMU,STM-PV-DN_SUB,17:46,17:55,1111111,5,false
P-43133-PVTBM-DN_SUB,43133,EMU,PV-TBM-DN_SUB,17:56,18:05,1111111,5,false
P-43134-MSBMS-DN_SUB,43134,EMU,MSB-MS-DN_SUB,17:24,17:30,1111111,5,false
P-43134-MSMBM-DN_SUB,43134,EMU,MS-MBM-DN_SUB,17:31,17:42,1111111,5,false
P-43134-MBMGI-DN_SUB,43134,EMU,MBM-GI-DN_SUB,17:42,17:48,1111111,5,false
P-43134-GISTM-DN_SUB,43134,EMU,GI-STM-DN_SUB,17:48,17:51,1111111,5,false
P-43134-STMPV-DN_SUB,43134,EMU,STM-PV-DN_SUB,17:52,18:01,1111111,5,false
P-43134-PVTBM-DN_SUB,43134,EMU,PV-TBM-DN_SUB,18:02,18:11,1111111,5,false
P-43135-MSBMS-DN_SUB,43135,EMU,MSB-MS-DN_SUB,17:30,17:36,1111111,5,false
P-43135-MSMBM-DN_SUB,43135,EMU,MS-MBM-DN_SUB,17:37,17:48,1111111,5,false
P-43135-MBMGI-DN_SUB,43135,EMU,MBM-GI-DN_SUB,17:48,17:54,1111111,5,false
P-43135-GISTM-DN_SUB,43135,EMU,GI-STM-DN_SUB,17:54,17:57,1111111,5,false
P-43135-STMPV-DN_SUB,43135,EMU,STM-PV-DN_SUB,17:58,18:07,1111111,5,false
P-43135-PVTBM-DN_SUB,43135,EMU,PV-TBM-DN_SUB,18:08,18:17,1111111,5,false
P-43136-MSBMS-DN_SUB,43136,EMU,MSB-MS-DN_SUB,17:36,17:42,1111111,5,false
P-43136-MSMBM-DN_SUB,43136,EMU,MS-MBM-DN_SUB,17:43,17:54,1111111,5,false
P-43136-MBMGI-DN_SUB,43136,EMU,MBM-GI-DN_SUB,17:54,18:00,1111111,5,false
P-43136-GISTM-DN_SUB,43136,EMU,GI-STM-DN_SUB,18:00,18:03,1111111,5,false
P-43136-STMPV-DN_SUB,43136,EMU,STM-PV-DN_SUB,18:04,18:13,1111111,5,false
P-43136-PVTBM-DN_SUB,43136,EMU,PV-TBM-DN_SUB,18:14,18:23,1111111,5,false
P-43137-MSBMS-DN_SUB,43137,EMU,MSB-MS-DN_SUB,17:42,17:48,1111111,5,false
P-43137-MSMBM-DN_SUB,43137,EMU,MS-MBM-DN_SUB,17:49,18:00,1111111,5,false
P-43137-MBMGI-DN_SUB,43137,EMU,MBM-GI-DN_SUB,18:00,18:06,1111111,5,false
P-43137-GISTM-DN_SUB,43137,EMU,GI-STM-DN_SUB,18:06,18:09,1111111,5,false
P-43137-STMPV-DN_SUB,43137,EMU,STM-PV-DN_SUB,18:10,18:19,1111111,5,false
P-43137-PVTBM-DN_SUB,43137,EMU,PV-TBM-DN_SUB,18:20,18:29,1111111,5,false
P-43138-MSBMS-DN_SUB,43138,EMU,MSB-MS-DN_SUB,17:48,17:54,1111111,5,false
P-43138-MSMBM-DN_SUB,43138,EMU,MS-MBM-DN_SUB,17:55,18:06,1111111,5,false
P-43138-MBMGI-DN_SUB,43138,EMU,MBM-GI-DN_SUB,18:06,18:12,1111111,5,false
P-43138-GISTM-DN_SUB,43138,EMU,GI-STM-DN_SUB,18:12,18:15,1111111,5,false
P-43138-STMPV-DN_SUB,43138,EMU,STM-PV-DN_SUB,18:16,18:25,1111111,5,false
P-43138-PVTBM-DN_SUB,43138,EMU,PV-TBM-DN_SUB,18:26,18:35,1111111,5,false
P-43139-MSBMS-DN_SUB,43139,EMU,MSB-MS-DN_SUB,17:54,18:00,1111111,5,false
P-43139-MSMBM-DN_SUB,43139,EMU,MS-MBM-DN_SUB,18:01,18:12,1111111,5,false
P-43139-MBMGI-DN_SUB,43139,EMU,MBM-GI-DN_SUB,18:12,18:18,1111111,5,false
P-43139-GISTM-DN_SUB,43139,EMU,GI-STM-DN_SUB,18:18,18:21,1111111,5,false
P-43139-STMPV-DN_SUB,43139,EMU,STM-PV-DN_SUB,18:22,18:31,1111111,5,false
P-43139-PVTBM-DN_SUB,43139,EMU,PV-TBM-DN_SUB,18:32,18:41,1111111,5,false
P-43140-MSBMS-DN_SUB,43140,EMU,MSB-MS-DN_SUB,18:00,18:06,1111111,5,false
P-43140-MSMBM-DN_SUB,43140,EMU,MS-MBM-DN_SUB,18:07,18:18,1111111,5,false
P-43140-MBMGI-DN_SUB,43140,EMU,MBM-GI-DN_SUB,18:18,18:24,1111111,5,false
P-43140-GISTM-DN_SUB,43140,EMU,GI-STM-DN_SUB,18:24,18:27,1111111,5,false
P-43140-STMPV-DN_SUB,43140,EMU,STM-PV-DN_SUB,18:28,18:37,1111111,5,false
P-43140-PVTBM-DN_SUB,43140,EMU,PV-TBM-DN_SUB,18:38,18:47,1111111,5,false
P-43141-MSBMS-DN_SUB,43141,EMU,MSB-MS-DN_SUB,18:06,18:12,1111111,5,false
P-43141-MSMBM-DN_SUB,43141,EMU,MS-MBM-DN_SUB,18:13,18:24,1111111,5,false
P-43141-MBMGI-DN_SUB,43141,EMU,MBM-GI-DN_SUB,18:24,18:30,1111111,5,false
P-43141-GISTM-DN_SUB,43141,EMU,GI-STM-DN_SUB,18:30,18:33,1111111,5,false
P-43141-STMPV-DN_SUB,43141,EMU,STM-PV-DN_SUB,18:34,18:43,1111111,5,false
P-43141-PVTBM-DN_SUB,43141,EMU,PV-TBM-DN_SUB,18:44,18:53,1111111,5,false
P-43142-MSBMS-DN_SUB,43142,EMU,MSB-MS-DN_SUB,18:12,18:18,1111111,5,false
P-43142-MSMBM-DN_SUB,43142,EMU,MS-MBM-DN_SUB,18:19,18:30,1111111,5,false
P-43142-MBMGI-DN_SUB,43142,EMU,MBM-GI-DN_SUB,18:30,18:36,1111111,5,false
P-43142-GISTM-DN_SUB,43142,EMU,GI-STM-DN_SUB,18:36,18:39,1111111,5,false
P-43142-STMPV-DN_SUB,43142,EMU,STM-PV-DN_SUB,18:40,18:49,1111111,5,false
P-43142-PVTBM-DN_SUB,43142,EMU,PV-TBM-DN_SUB,18:50,18:59,1111111,5,false
P-43143-MSBMS-DN_SUB,43143,EMU,MSB-MS-DN_SUB,18:18,18:24,1111111,5,false
P-43143-MSMBM-DN_SUB,43143,EMU,MS-MBM-DN_SUB,18:25,18:36,1111111,5,false
P-43143-MBMGI-DN_SUB,43143,EMU,MBM-GI-DN_SUB,18:36,18:42,1111111,5,false
P-43143-GISTM-DN_SUB,43143,EMU,GI-STM-DN_SUB,18:42,18:45,1111111,5,false
P-43143-STMPV-DN_SUB,43143,EMU,STM-PV-DN_SUB,18:46,18:55,1111111,5,false
P-43143-PVTBM-DN_SUB,43143,EMU,PV-TBM-DN_SUB,18:56,19:05,1111111,5,false
P-43144-MSBMS-DN_SUB,43144,EMU,MSB-MS-DN_SUB,18:24,18:30,1111111,5,false
P-43144-MSMBM-DN_SUB,43144,EMU,MS-MBM-DN_SUB,18:31,18:42,1111111,5,false
P-43144-MBMGI-DN_SUB,43144,EMU,MBM-GI-DN_SUB,18:42,18:48,1111111,5,false
P-43144-GISTM-DN_SUB,43144,EMU,GI-STM-DN_SUB,18:48,18:51,1111111,5,false
P-43144-STMPV-DN_SUB,43144,EMU,STM-PV-DN_SUB,18:52,19:01,1111111,5,false
P-43144-PVTBM-DN_SUB,43144,EMU,PV-TBM-DN_SUB,19:02,19:11,1111111,5,false
P-43145-MSBMS-DN_SUB,43145,EMU,MSB-MS-DN_SUB,18:30,18:36,1111111,5,false
P-43145-MSMBM-DN_SUB,43145,EMU,MS-MBM-DN_SUB,18:37,18:48,1111111,5,false
P-43145-MBMGI-DN_SUB,43145,EMU,MBM-GI-DN_SUB,18:48,18:54,1111111,5,false
P-43145-GISTM-DN_SUB,43145,EMU,GI-STM-DN_SUB,18:54,18:57,1111111,5,false
P-43145-STMPV-DN_SUB,43145,EMU,STM-PV-DN_SUB,18:58,19:07,1111111,5,false
P-43145-PVTBM-DN_SUB,43145,EMU,PV-TBM-DN_SUB,19:08,19:17,1111111,5,false
P-43146-MSBMS-DN_SUB,43146,EMU,MSB-MS-DN_SUB,18:36,18:42,1111111,5,false
P-43146-MSMBM-DN_SUB,43146,EMU,MS-MBM-DN_SUB,18:43,18:54,1111111,5,false
P-43146-MBMGI-DN_SUB,43146,EMU,MBM-GI-DN_SUB,18:54,19:00,1111111,5,false
P-43146-GISTM-DN_SUB,43146,EMU,GI-STM-DN_SUB,19:00,19:03,1111111,5,false
P-43146-STMPV-DN_SUB,43146,EMU,STM-PV-DN_SUB,19:04,19:13,1111111,5,false
P-43146-PVTBM-DN_SUB,43146,EMU,PV-TBM-DN_SUB,19:14,19:23,1111111,5,false
P-43147-MSBMS-DN_SUB,43147,EMU,MSB-MS-DN_SUB,18:42,18:48,1111111,5,false
P-43147-MSMBM-DN_SUB,43147,EMU,MS-MBM-DN_SUB,18:49,19:00,1111111,5,false
P-43147-MBMGI-DN_SUB,43147,EMU,MBM-GI-DN_SUB,19:00,19:06,1111111,5,false
P-43147-GISTM-DN_SUB,43147,EMU,GI-STM-DN_SUB,19:06,19:09,1111111,5,false
P-43147-STMPV-DN_SUB,43147,EMU,STM-PV-DN_SUB,19:10,19:19,1111111,5,false
P-43147-PVTBM-DN_SUB,43147,EMU,PV-TBM-DN_SUB,19:20,19:29,1111111,5,false
P-43148-MSBMS-DN_SUB,43148,EMU,MSB-MS-DN_SUB,18:48,18:54,1111111,5,false
P-43148-MSMBM-DN_SUB,43148,EMU,MS-MBM-DN_SUB,18:55,19:06,1111111,5,false
P-43148-MBMGI-DN_SUB,43148,EMU,MBM-GI-DN_SUB,19:06,19:12,1111111,5,false
P-43148-GISTM-DN_SUB,43148,EMU,GI-STM-DN_SUB,19:12,19:15,1111111,5,false
P-43148-STMPV-DN_SUB,43148,EMU,STM-PV-DN_SUB,19:16,19:25,1111111,5,false
P-43148-PVTBM-DN_SUB,43148,EMU,PV-TBM-DN_SUB,19:26,19:35,1111111,5,false
P-43149-MSBMS-DN_SUB,43149,EMU,MSB-MS-DN_SUB,18:54,19:00,1111111,5,false
P-43149-MSMBM-DN_SUB,43149,EMU,MS-MBM-DN_SUB,19:01,19:12,1111111,5,false
P-43149-MBMGI-DN_SUB,43149,EMU,MBM-GI-DN_SUB,19:12,19:18,1111111,5,false
P-43149-GISTM-DN_SUB,43149,EMU,GI-STM-DN_SUB,19:18,19:21,1111111,5,false
P-43149-STMPV-DN_SUB,43149,EMU,STM-PV-DN_SUB,19:22,19:31,1111111,5,false
P-43149-PVTBM-DN_SUB,43149,EMU,PV-TBM-DN_SUB,19:32,19:41,1111111,5,false
P-43150-MSBMS-DN_SUB,43150,EMU,MSB-MS-DN_SUB,19:00,19:06,1111111,5,false
P-43150-MSMBM-DN_SUB,43150,EMU,MS-MBM-DN_SUB,19:07,19:18,1111111,5,false
P-43150-MBMGI-DN_SUB,43150,EMU,MBM-GI-DN_SUB,19:18,19:24,1111111,5,false
P-43150-GISTM-DN_SUB,43150,EMU,GI-STM-DN_SUB,19:24,19:27,1111111,5,false
P-43150-STMPV-DN_SUB,43150,EMU,STM-PV-DN_SUB,19:28,19:37,1111111,5,false
P-43150-PVTBM-DN_SUB,43150,EMU,PV-TBM-DN_SUB,19:38,19:47,1111111,5,false
P-43151-MSBMS-DN_SUB,43151,EMU,MSB-MS-DN_SUB,19:06,19:12,1111111,5,false
P-43151-MSMBM-DN_SUB,43151,EMU,MS-MBM-DN_SUB,19:13,19:24,1111111,5,false
P-43151-MBMGI-DN_SUB,43151,EMU,MBM-GI-DN_SUB,19:24,19:30,1111111,5,false
P-43151-GISTM-DN_SUB,43151,EMU,GI-STM-DN_SUB,19:30,19:33,1111111,5,false
P-43151-STMPV-DN_SUB,43151,EMU,STM-PV-DN_SUB,19:34,19:43,1111111,5,false
P-43151-PVTBM-DN_SUB,43151,EMU,PV-TBM-DN_SUB,19:44,19:53,1111111,5,false
P-43152-MSBMS-DN_SUB,43152,EMU,MSB-MS-DN_SUB,19:12,19:18,1111111,5,false
P-43152-MSMBM-DN_SUB,43152,EMU,MS-MBM-DN_SUB,19:19,19:30,1111111,5,false
P-43152-MBMGI-DN_SUB,43152,EMU,MBM-GI-DN_SUB,19:30,19:36,1111111,5,false
P-43152-GISTM-DN_SUB,43152,EMU,GI-STM-DN_SUB,19:36,19:39,1111111,5,false
P-43152-STMPV-DN_SUB,43152,EMU,STM-PV-DN_SUB,19:40,19:49,1111111,5,false
P-43152-PVTBM-DN_SUB,43152,EMU,PV-TBM-DN_SUB,19:50,19:59,1111111,5,false
P-43153-MSBMS-DN_SUB,43153,EMU,MSB-MS-DN_SUB,19:18,19:24,1111111,5,false
P-43153-MSMBM-DN_SUB,43153,EMU,MS-MBM-DN_SUB,19:25,19:36,1111111,5,false
P-43153-MBMGI-DN_SUB,43153,EMU,MBM-GI-DN_SUB,19:36,19:42,1111111,5,false
P-43153-GISTM-DN_SUB,43153,EMU,GI-STM-DN_SUB,19:42,19:45,1111111,5,false
P-43153-STMPV-DN_SUB,43153,EMU,STM-PV-DN_SUB,19:46,19:55,1111111,5,false
P-43153-PVTBM-DN_SUB,43153,EMU,PV-TBM-DN_SUB,19:56,20:05,1111111,5,false
P-43154-MSBMS-DN_SUB,43154,EMU,MSB-MS-DN_SUB,19:24,19:30,1111111,5,false
P-43154-MSMBM-DN_SUB,43154,EMU,MS-MBM-DN_SUB,19:31,19:42,1111111,5,false
P-43154-MBMGI-DN_SUB,43154,EMU,MBM-GI-DN_SUB,19:42,19:48,1111111,5,false
P-43154-GISTM-DN_SUB,43154,EMU,GI-STM-DN_SUB,19:48,19:51,1111111,5,false
P-43154-STMPV-DN_SUB,43154,EMU,STM-PV-DN_SUB,19:52,20:01,1111111,5,false
P-43154-PVTBM-DN_SUB,43154,EMU,PV-TBM-DN_SUB,20:02,20:11,1111111,5,false
P-43155-MSBMS-DN_SUB,43155,EMU,MSB-MS-DN_SUB,19:30,19:36,1111111,5,false
P-43155-MSMBM-DN_SUB,43155,EMU,MS-MBM-DN_SUB,19:37,19:48,1111111,5,false
P-43155-MBMGI-DN_SUB,43155,EMU,MBM-GI-DN_SUB,19:48,19:54,1111111,5,false
P-43155-GISTM-DN_SUB,43155,EMU,GI-STM-DN_SUB,19:54,19:57,1111111,5,false
P-43155-STMPV-DN_SUB,43155,EMU,STM-PV-DN_SUB,19:58,20:07,1111111,5,false
P-43155-PVTBM-DN_SUB,43155,EMU,PV-TBM-DN_SUB,20:08,20:17,1111111,5,false
P-43156-MSBMS-DN_SUB,43156,EMU,MSB-MS-DN_SUB,19:36,19:42,1111111,5,false
P-43156-MSMBM-DN_SUB,43156,EMU,MS-MBM-DN_SUB,19:43,19:54,1111111,5,false
P-43156-MBMGI-DN_SUB,43156,EMU,MBM-GI-DN_SUB,19:54,20:00,1111111,5,false
P-43156-GISTM-DN_SUB,43156,EMU,GI-STM-DN_SUB,20:00,20:03,1111111,5,false
P-43156-STMPV-DN_SUB,43156,EMU,STM-PV-DN_SUB,20:04,20:13,1111111,5,false
P-43156-PVTBM-DN_SUB,43156,EMU,PV-TBM-DN_SUB,20:14,20:23,1111111,5,false
P-43157-MSBMS-DN_SUB,43157,EMU,MSB-MS-DN_SUB,19:42,19:48,1111111,5,false
P-43157-MSMBM-DN_SUB,43157,EMU,MS-MBM-DN_SUB,19:49,20:00,1111111,5,false
P-43157-MBMGI-DN_SUB,43157,EMU,MBM-GI-DN_SUB,20:00,20:06,1111111,5,false
P-43157-GISTM-DN_SUB,43157,EMU,GI-STM-DN_SUB,20:06,20:09,1111111,5,false
P-43157-STMPV-DN_SUB,43157,EMU,STM-PV-DN_SUB,20:10,20:19,1111111,5,false
P-43157-PVTBM-DN_SUB,43157,EMU,PV-TBM-DN_SUB,20:20,20:29,1111111,5,false
P-43158-MSBMS-DN_SUB,43158,EMU,MSB-MS-DN_SUB,19:48,19:54,1111111,5,false
P-43158-MSMBM-DN_SUB,43158,EMU,MS-MBM-DN_SUB,19:55,20:06,1111111,5,false
P-43158-MBMGI-DN_SUB,43158,EMU,MBM-GI-DN_SUB,20:06,20:12,1111111,5,false
P-43158-GISTM-DN_SUB,43158,EMU,GI-STM-DN_SUB,20:12,20:15,1111111,5,false
P-43158-STMPV-DN_SUB,43158,EMU,STM-PV-DN_SUB,20:16,20:25,1111111,5,false
P-43158-PVTBM-DN_SUB,43158,EMU,PV-TBM-DN_SUB,20:26,20:35,1111111,5,false
P-43159-MSBMS-DN_SUB,43159,EMU,MSB-MS-DN_SUB,19:54,20:00,1111111,5,false
P-43159-MSMBM-DN_SUB,43159,EMU,MS-MBM-DN_SUB,20:01,20:12,1111111,5,false
P-43159-MBMGI-DN_SUB,43159,EMU,MBM-GI-DN_SUB,20:12,20:18,1111111,5,false
P-43159-GISTM-DN_SUB,43159,EMU,GI-STM-DN_SUB,20:18,20:21,1111111,5,false
P-43159-STMPV-DN_SUB,43159,EMU,STM-PV-DN_SUB,20:22,20:31,1111111,5,false
P-43159-PVTBM-DN_SUB,43159,EMU,PV-TBM-DN_SUB,20:32,20:41,1111111,5,false
P-43160-MSBMS-DN_SUB,43160,EMU,MSB-MS-DN_SUB,20:00,20:06,1111111,5,false
P-43160-MSMBM-DN_SUB,43160,EMU,MS-MBM-DN_SUB,20:07,20:18,1111111,5,false
P-43160-MBMGI-DN_SUB,43160,EMU,MBM-GI-DN_SUB,20:18,20:24,1111111,5,false
P-43160-GISTM-DN_SUB,43160,EMU,GI-STM-DN_SUB,20:24,20:27,1111111,5,false
P-43160-STMPV-DN_SUB,43160,EMU,STM-PV-DN_SUB,20:28,20:37,1111111,5,false
P-43160-PVTBM-DN_SUB,43160,EMU,PV-TBM-DN_SUB,20:38,20:47,1111111,5,false
P-43161-MSBMS-DN_SUB,43161,EMU,MSB-MS-DN_SUB,20:06,20:12,1111111,5,false
P-43161-MSMBM-DN_SUB,43161,EMU,MS-MBM-DN_SUB,20:13,20:24,1111111,5,false
P-43161-MBMGI-DN_SUB,43161,EMU,MBM-GI-DN_SUB,20:24,20:30,1111111,5,false
P-43161-GISTM-DN_SUB,43161,EMU,GI-STM-DN_SUB,20:30,20:33,1111111,5,false
P-43161-STMPV-DN_SUB,43161,EMU,STM-PV-DN_SUB,20:34,20:43,1111111,5,false
P-43161-PVTBM-DN_SUB,43161,EMU,PV-TBM-DN_SUB,20:44,20:53,1111111,5,false
P-43162-MSBMS-DN_SUB,43162,EMU,MSB-MS-DN_SUB,20:12,20:18,1111111,5,false
P-43162-MSMBM-DN_SUB,43162,EMU,MS-MBM-DN_SUB,20:19,20:30,1111111,5,false
P-43162-MBMGI-DN_SUB,43162,EMU,MBM-GI-DN_SUB,20:30,20:36,1111111,5,false
P-43162-GISTM-DN_SUB,43162,EMU,GI-STM-DN_SUB,20:36,20:39,1111111,5,false
P-43162-STMPV-DN_SUB,43162,EMU,STM-PV-DN_SUB,20:40,20:49,1111111,5,false
P-43162-PVTBM-DN_SUB,43162,EMU,PV-TBM-DN_SUB,20:50,20:59,1111111,5,false
P-43163-MSBMS-DN_SUB,43163,EMU,MSB-MS-DN_SUB,20:18,20:24,1111111,5,false
P-43163-MSMBM-DN_SUB,43163,EMU,MS-MBM-DN_SUB,20:25,20:36,1111111,5,false
P-43163-MBMGI-DN_SUB,43163,EMU,MBM-GI-DN_SUB,20:36,20:42,1111111,5,false
P-43163-GISTM-DN_SUB,43163,EMU,GI-STM-DN_SUB,20:42,20:45,1111111,5,false
P-43163-STMPV-DN_SUB,43163,EMU,STM-PV-DN_SUB,20:46,20:55,1111111,5,false
P-43163-PVTBM-DN_SUB,43163,EMU,PV-TBM-DN_SUB,20:56,21:05,1111111,5,false
P-43164-MSBMS-DN_SUB,43164,EMU,MSB-MS-DN_SUB,20:24,20:30,1111111,5,false
P-43164-MSMBM-DN_SUB,43164,EMU,MS-MBM-DN_SUB,20:31,20:42,1111111,5,false
P-43164-MBMGI-DN_SUB,43164,EMU,MBM-GI-DN_SUB,20:42,20:48,1111111,5,false
P-43164-GISTM-DN_SUB,43164,EMU,GI-STM-DN_SUB,20:48,20:51,1111111,5,false
P-43164-STMPV-DN_SUB,43164,EMU,STM-PV-DN_SUB,20:52,21:01,1111111,5,false
P-43164-PVTBM-DN_SUB,43164,EMU,PV-TBM-DN_SUB,21:02,21:11,1111111,5,false
P-43165-MSBMS-DN_SUB,43165,EMU,MSB-MS-DN_SUB,20:30,20:36,1111111,5,false
P-43165-MSMBM-DN_SUB,43165,EMU,MS-MBM-DN_SUB,20:37,20:48,1111111,5,false
P-43165-MBMGI-DN_SUB,43165,EMU,MBM-GI-DN_SUB,20:48,20:54,1111111,5,false
P-43165-GISTM-DN_SUB,43165,EMU,GI-STM-DN_SUB,20:54,20:57,1111111,5,false
P-43165-STMPV-DN_SUB,43165,EMU,STM-PV-DN_SUB,20:58,21:07,1111111,5,false
P-43165-PVTBM-DN_SUB,43165,EMU,PV-TBM-DN_SUB,21:08,21:17,1111111,5,false
P-43166-MSBMS-DN_SUB,43166,EMU,MSB-MS-DN_SUB,20:36,20:42,1111111,5,false
P-43166-MSMBM-DN_SUB,43166,EMU,MS-MBM-DN_SUB,20:43,20:54,1111111,5,false
P-43166-MBMGI-DN_SUB,43166,EMU,MBM-GI-DN_SUB,20:54,21:00,1111111,5,false
P-43166-GISTM-DN_SUB,43166,EMU,GI-STM-DN_SUB,21:00,21:03,1111111,5,false
P-43166-STMPV-DN_SUB,43166,EMU,STM-PV-DN_SUB,21:04,21:13,1111111,5,false
P-43166-PVTBM-DN_SUB,43166,EMU,PV-TBM-DN_SUB,21:14,21:23,1111111,5,false
P-43167-MSBMS-DN_SUB,43167,EMU,MSB-MS-DN_SUB,20:42,20:48,1111111,5,false
P-43167-MSMBM-DN_SUB,43167,EMU,MS-MBM-DN_SUB,20:49,21:00,1111111,5,false
P-43167-MBMGI-DN_SUB,43167,EMU,MBM-GI-DN_SUB,21:00,21:06,1111111,5,false
P-43167-GISTM-DN_SUB,43167,EMU,GI-STM-DN_SUB,21:06,21:09,1111111,5,false
P-43167-STMPV-DN_SUB,43167,EMU,STM-PV-DN_SUB,21:10,21:19,1111111,5,false
P-43167-PVTBM-DN_SUB,43167,EMU,PV-TBM-DN_SUB,21:20,21:29,1111111,5,false
P-43168-MSBMS-DN_SUB,43168,EMU,MSB-MS-DN_SUB,20:48,20:54,1111111,5,false
P-43168-MSMBM-DN_SUB,43168,EMU,MS-MBM-DN_SUB,20:55,21:06,1111111,5,false
P-43168-MBMGI-DN_SUB,43168,EMU,MBM-GI-DN_SUB,21:06,21:12,1111111,5,false
P-43168-GISTM-DN_SUB,43168,EMU,GI-STM-DN_SUB,21:12,21:15,1111111,5,false
P-43168-STMPV-DN_SUB,43168,EMU,STM-PV-DN_SUB,21:16,21:25,1111111,5,false
P-43168-PVTBM-DN_SUB,43168,EMU,PV-TBM-DN_SUB,21:26,21:35,1111111,5,false
P-43169-MSBMS-DN_SUB,43169,EMU,MSB-MS-DN_SUB,20:54,21:00,1111111,5,false
P-43169-MSMBM-DN_SUB,43169,EMU,MS-MBM-DN_SUB,21:01,21:12,1111111,5,false
P-43169-MBMGI-DN_SUB,43169,EMU,MBM-GI-DN_SUB,21:12,21:18,1111111,5,false
P-43169-GISTM-DN_SUB,43169,EMU,GI-STM-DN_SUB,21:18,21:21,1111111,5,false
P-43169-STMPV-DN_SUB,43169,EMU,STM-PV-DN_SUB,21:22,21:31,1111111,5,false
P-43169-PVTBM-DN_SUB,43169,EMU,PV-TBM-DN_SUB,21:32,21:41,1111111,5,false
P-43170-MSBMS-DN_SUB,43170,EMU,MSB-MS-DN_SUB,21:00,21:06,1111111,5,false
P-43170-MSMBM-DN_SUB,43170,EMU,MS-MBM-DN_SUB,21:07,21:18,1111111,5,false
P-43170-MBMGI-DN_SUB,43170,EMU,MBM-GI-DN_SUB,21:18,21:24,1111111,5,false
P-43170-GISTM-DN_SUB,43170,EMU,GI-STM-DN_SUB,21:24,21:27,1111111,5,false
P-43170-STMPV-DN_SUB,43170,EMU,STM-PV-DN_SUB,21:28,21:37,1111111,5,false
P-43170-PVTBM-DN_SUB,43170,EMU,PV-TBM-DN_SUB,21:38,21:47,1111111,5,false
P-43171-MSBMS-DN_SUB,43171,EMU,MSB-MS-DN_SUB,21:06,21:12,1111111,5,false
P-43171-MSMBM-DN_SUB,43171,EMU,MS-MBM-DN_SUB,21:13,21:24,1111111,5,false
P-43171-MBMGI-DN_SUB,43171,EMU,MBM-GI-DN_SUB,21:24,21:30,1111111,5,false
P-43171-GISTM-DN_SUB,43171,EMU,GI-STM-DN_SUB,21:30,21:33,1111111,5,false
P-43171-STMPV-DN_SUB,43171,EMU,STM-PV-DN_SUB,21:34,21:43,1111111,5,false
P-43171-PVTBM-DN_SUB,43171,EMU,PV-TBM-DN_SUB,21:44,21:53,1111111,5,false
P-43172-MSBMS-DN_SUB,43172,EMU,MSB-MS-DN_SUB,21:12,21:18,1111111,5,false
P-43172-MSMBM-DN_SUB,43172,EMU,MS-MBM-DN_SUB,21:19,21:30,1111111,5,false
P-43172-MBMGI-DN_SUB,43172,EMU,MBM-GI-DN_SUB,21:30,21:36,1111111,5,false
P-43172-GISTM-DN_SUB,43172,EMU,GI-STM-DN_SUB,21:36,21:39,1111111,5,false
P-43172-STMPV-DN_SUB,43172,EMU,STM-PV-DN_SUB,21:40,21:49,1111111,5,false
P-43172-PVTBM-DN_SUB,43172,EMU,PV-TBM-DN_SUB,21:50,21:59,1111111,5,false
P-43173-MSBMS-DN_SUB,43173,EMU,MSB-MS-DN_SUB,21:18,21:24,1111111,5,false
P-43173-MSMBM-DN_SUB,43173,EMU,MS-MBM-DN_SUB,21:25,21:36,1111111,5,false
P-43173-MBMGI-DN_SUB,43173,EMU,MBM-GI-DN_SUB,21:36,21:42,1111111,5,false
P-43173-GISTM-DN_SUB,43173,EMU,GI-STM-DN_SUB,21:42,21:45,1111111,5,false
P-43173-STMPV-DN_SUB,43173,EMU,STM-PV-DN_SUB,21:46,21:55,1111111,5,false
P-43173-PVTBM-DN_SUB,43173,EMU,PV-TBM-DN_SUB,21:56,22:05,1111111,5,false
P-43174-MSBMS-DN_SUB,43174,EMU,MSB-MS-DN_SUB,21:24,21:30,1111111,5,false
P-43174-MSMBM-DN_SUB,43174,EMU,MS-MBM-DN_SUB,21:31,21:42,1111111,5,false
P-43174-MBMGI-DN_SUB,43174,EMU,MBM-GI-DN_SUB,21:42,21:48,1111111,5,false
P-43174-GISTM-DN_SUB,43174,EMU,GI-STM-DN_SUB,21:48,21:51,1111111,5,false
P-43174-STMPV-DN_SUB,43174,EMU,STM-PV-DN_SUB,21:52,22:01,1111111,5,false
P-43174-PVTBM-DN_SUB,43174,EMU,PV-TBM-DN_SUB,22:02,22:11,1111111,5,false
P-43175-MSBMS-DN_SUB,43175,EMU,MSB-MS-DN_SUB,21:30,21:36,1111111,5,false
P-43175-MSMBM-DN_SUB,43175,EMU,MS-MBM-DN_SUB,21:37,21:48,1111111,5,false
P-43175-MBMGI-DN_SUB,43175,EMU,MBM-GI-DN_SUB,21:48,21:54,1111111,5,false
P-43175-GISTM-DN_SUB,43175,EMU,GI-STM-DN_SUB,21:54,21:57,1111111,5,false
P-43175-STMPV-DN_SUB,43175,EMU,STM-PV-DN_SUB,21:58,22:07,1111111,5,false
P-43175-PVTBM-DN_SUB,43175,EMU,PV-TBM-DN_SUB,22:08,22:17,1111111,5,false
P-43176-MSBMS-DN_SUB,43176,EMU,MSB-MS-DN_SUB,21:36,21:42,1111111,5,false
P-43176-MSMBM-DN_SUB,43176,EMU,MS-MBM-DN_SUB,21:43,21:54,1111111,5,false
P-43176-MBMGI-DN_SUB,43176,EMU,MBM-GI-DN_SUB,21:54,22:00,1111111,5,false
P-43176-GISTM-DN_SUB,43176,EMU,GI-STM-DN_SUB,22:00,22:03,1111111,5,false
P-43176-STMPV-DN_SUB,43176,EMU,STM-PV-DN_SUB,22:04,22:13,1111111,5,false
P-43176-PVTBM-DN_SUB,43176,EMU,PV-TBM-DN_SUB,22:14,22:23,1111111,5,false
P-43177-MSBMS-DN_SUB,43177,EMU,MSB-MS-DN_SUB,21:42,21:48,1111111,5,false
P-43177-MSMBM-DN_SUB,43177,EMU,MS-MBM-DN_SUB,21:49,22:00,1111111,5,false
P-43177-MBMGI-DN_SUB,43177,EMU,MBM-GI-DN_SUB,22:00,22:06,1111111,5,false
P-43177-GISTM-DN_SUB,43177,EMU,GI-STM-DN_SUB,22:06,22:09,1111111,5,false
P-43177-STMPV-DN_SUB,43177,EMU,STM-PV-DN_SUB,22:10,22:19,1111111,5,false
P-43177-PVTBM-DN_SUB,43177,EMU,PV-TBM-DN_SUB,22:20,22:29,1111111,5,false
P-43178-MSBMS-DN_SUB,43178,EMU,MSB-MS-DN_SUB,21:48,21:54,1111111,5,false
P-43178-MSMBM-DN_SUB,43178,EMU,MS-MBM-DN_SUB,21:55,22:06,1111111,5,false
P-43178-MBMGI-DN_SUB,43178,EMU,MBM-GI-DN_SUB,22:06,22:12,1111111,5,false
P-43178-GISTM-DN_SUB,43178,EMU,GI-STM-DN_SUB,22:12,22:15,1111111,5,false
P-43178-STMPV-DN_SUB,43178,EMU,STM-PV-DN_SUB,22:16,22:25,1111111,5,false
P-43178-PVTBM-DN_SUB,43178,EMU,PV-TBM-DN_SUB,22:26,22:35,1111111,5,false
P-43179-MSBMS-DN_SUB,43179,EMU,MSB-MS-DN_SUB,21:54,22:00,1111111,5,false
P-43179-MSMBM-DN_SUB,43179,EMU,MS-MBM-DN_SUB,22:01,22:12,1111111,5,false
P-43179-MBMGI-DN_SUB,43179,EMU,MBM-GI-DN_SUB,22:12,22:18,1111111,5,false
P-43179-GISTM-DN_SUB,43179,EMU,GI-STM-DN_SUB,22:18,22:21,1111111,5,false
P-43179-STMPV-DN_SUB,43179,EMU,STM-PV-DN_SUB,22:22,22:31,1111111,5,false
P-43179-PVTBM-DN_SUB,43179,EMU,PV-TBM-DN_SUB,22:32,22:41,1111111,5,false
P-43180-MSBMS-DN_SUB,43180,EMU,MSB-MS-DN_SUB,22:00,22:06,1111111,5,false
P-43180-MSMBM-DN_SUB,43180,EMU,MS-MBM-DN_SUB,22:07,22:18,1111111,5,false
P-43180-MBMGI-DN_SUB,43180,EMU,MBM-GI-DN_SUB,22:18,22:24,1111111,5,false
P-43180-GISTM-DN_SUB,43180,EMU,GI-STM-DN_SUB,22:24,22:27,1111111,5,false
P-43180-STMPV-DN_SUB,43180,EMU,STM-PV-DN_SUB,22:28,22:37,1111111,5,false
P-43180-PVTBM-DN_SUB,43180,EMU,PV-TBM-DN_SUB,22:38,22:47,1111111,5,false
P-43181-MSBMS-DN_SUB,43181,EMU,MSB-MS-DN_SUB,22:06,22:12,1111111,5,false
P-43181-MSMBM-DN_SUB,43181,EMU,MS-MBM-DN_SUB,22:13,22:24,1111111,5,false
P-43181-MBMGI-DN_SUB,43181,EMU,MBM-GI-DN_SUB,22:24,22:30,1111111,5,false
P-43181-GISTM-DN_SUB,43181,EMU,GI-STM-DN_SUB,22:30,22:33,1111111,5,false
P-43181-STMPV-DN_SUB,43181,EMU,STM-PV-DN_SUB,22:34,22:43,1111111,5,false
P-43181-PVTBM-DN_SUB,43181,EMU,PV-TBM-DN_SUB,22:44,22:53,1111111,5,false
P-43182-MSBMS-DN_SUB,43182,EMU,MSB-MS-DN_SUB,22:12,22:18,1111111,5,false
P-43182-MSMBM-DN_SUB,43182,EMU,MS-MBM-DN_SUB,22:19,22:30,1111111,5,false
P-43182-MBMGI-DN_SUB,43182,EMU,MBM-GI-DN_SUB,22:30,22:36,1111111,5,false
P-43182-GISTM-DN_SUB,43182,EMU,GI-STM-DN_SUB,22:36,22:39,1111111,5,false
P-43182-STMPV-DN_SUB,43182,EMU,STM-PV-DN_SUB,22:40,22:49,1111111,5,false
P-43182-PVTBM-DN_SUB,43182,EMU,PV-TBM-DN_SUB,22:50,22:59,1111111,5,false
P-43183-MSBMS-DN_SUB,43183,EMU,MSB-MS-DN_SUB,22:18,22:24,1111111,5,false
P-43183-MSMBM-DN_SUB,43183,EMU,MS-MBM-DN_SUB,22:25,22:36,1111111,5,false
P-43183-MBMGI-DN_SUB,43183,EMU,MBM-GI-DN_SUB,22:36,22:42,1111111,5,false
P-43183-GISTM-DN_SUB,43183,EMU,GI-STM-DN_SUB,22:42,22:45,1111111,5,false
P-43183-STMPV-DN_SUB,43183,EMU,STM-PV-DN_SUB,22:46,22:55,1111111,5,false
P-43183-PVTBM-DN_SUB,43183,EMU,PV-TBM-DN_SUB,22:56,23:05,1111111,5,false
P-43184-MSBMS-DN_SUB,43184,EMU,MSB-MS-DN_SUB,22:24,22:30,1111111,5,false
P-43184-MSMBM-DN_SUB,43184,EMU,MS-MBM-DN_SUB,22:31,22:42,1111111,5,false
P-43184-MBMGI-DN_SUB,43184,EMU,MBM-GI-DN_SUB,22:42,22:48,1111111,5,false
P-43184-GISTM-DN_SUB,43184,EMU,GI-STM-DN_SUB,22:48,22:51,1111111,5,false
P-43184-STMPV-DN_SUB,43184,EMU,STM-PV-DN_SUB,22:52,23:01,1111111,5,false
P-43184-PVTBM-DN_SUB,43184,EMU,PV-TBM-DN_SUB,23:02,23:11,1111111,5,false
P-43185-MSBMS-DN_SUB,43185,EMU,MSB-MS-DN_SUB,22:30,22:36,1111111,5,false
P-43185-MSMBM-DN_SUB,43185,EMU,MS-MBM-DN_SUB,22:37,22:48,1111111,5,false
P-43185-MBMGI-DN_SUB,43185,EMU,MBM-GI-DN_SUB,22:48,22:54,1111111,5,false
P-43185-GISTM-DN_SUB,43185,EMU,GI-STM-DN_SUB,22:54,22:57,1111111,5,false
P-43185-STMPV-DN_SUB,43185,EMU,STM-PV-DN_SUB,22:58,23:07,1111111,5,false
P-43185-PVTBM-DN_SUB,43185,EMU,PV-TBM-DN_SUB,23:08,23:17,1111111,5,false
P-43186-MSBMS-DN_SUB,43186,EMU,MSB-MS-DN_SUB,22:36,22:42,1111111,5,false
P-43186-MSMBM-DN_SUB,43186,EMU,MS-MBM-DN_SUB,22:43,22:54,1111111,5,false
P-43186-MBMGI-DN_SUB,43186,EMU,MBM-GI-DN_SUB,22:54,23:00,1111111,5,false
P-43186-GISTM-DN_SUB,43186,EMU,GI-STM-DN_SUB,23:00,23:03,1111111,5,false
P-43186-STMPV-DN_SUB,43186,EMU,STM-PV-DN_SUB,23:04,23:13,1111111,5,false
P-43186-PVTBM-DN_SUB,43186,EMU,PV-TBM-DN_SUB,23:14,23:23,1111111,5,false
P-43187-MSBMS-DN_SUB,43187,EMU,MSB-MS-DN_SUB,22:42,22:48,1111111,5,false
P-43187-MSMBM-DN_SUB,43187,EMU,MS-MBM-DN_SUB,22:49,23:00,1111111,5,false
P-43187-MBMGI-DN_SUB,43187,EMU,MBM-GI-DN_SUB,23:00,23:06,1111111,5,false
P-43187-GISTM-DN_SUB,43187,EMU,GI-STM-DN_SUB,23:06,23:09,1111111,5,false
P-43187-STMPV-DN_SUB,43187,EMU,STM-PV-DN_SUB,23:10,23:19,1111111,5,false
P-43187-PVTBM-DN_SUB,43187,EMU,PV-TBM-DN_SUB,23:20,23:29,1111111,5,false
P-43188-MSBMS-DN_SUB,43188,EMU,MSB-MS-DN_SUB,22:48,22:54,1111111,5,false
P-43188-MSMBM-DN_SUB,43188,EMU,MS-MBM-DN_SUB,22:55,23:06,1111111,5,false
P-43188-MBMGI-DN_SUB,43188,EMU,MBM-GI-DN_SUB,23:06,23:12,1111111,5,false
P-43188-GISTM-DN_SUB,43188,EMU,GI-STM-DN_SUB,23:12,23:15,1111111,5,false
P-43188-STMPV-DN_SUB,43188,EMU,STM-PV-DN_SUB,23:16,23:25,1111111,5,false
P-43188-PVTBM-DN_SUB,43188,EMU,PV-TBM-DN_SUB,23:26,23:35,1111111,5,false
P-43189-MSBMS-DN_SUB,43189,EMU,MSB-MS-DN_SUB,22:54,23:00,1111111,5,false
P-43189-MSMBM-DN_SUB,43189,EMU,MS-MBM-DN_SUB,23:01,23:12,1111111,5,false
P-43189-MBMGI-DN_SUB,43189,EMU,MBM-GI-DN_SUB,23:12,23:18,1111111,5,false
P-43189-GISTM-DN_SUB,43189,EMU,GI-STM-DN_SUB,23:18,23:21,1111111,5,false
P-43189-STMPV-DN_SUB,43189,EMU,STM-PV-DN_SUB,23:22,23:31,1111111,5,false
P-43189-PVTBM-DN_SUB,43189,EMU,PV-TBM-DN_SUB,23:32,23:41,1111111,5,false
P-43190-MSBMS-DN_SUB,43190,EMU,MSB-MS-DN_SUB,23:00,23:06,1111111,5,false
P-43190-MSMBM-DN_SUB,43190,EMU,MS-MBM-DN_SUB,23:07,23:18,1111111,5,false
P-43190-MBMGI-DN_SUB,43190,EMU,MBM-GI-DN_SUB,23:18,23:24,1111111,5,false
P-43190-GISTM-DN_SUB,43190,EMU,GI-STM-DN_SUB,23:24,23:27,1111111,5,false
P-43190-STMPV-DN_SUB,43190,EMU,STM-PV-DN_SUB,23:28,23:37,1111111,5,false
P-43190-PVTBM-DN_SUB,43190,EMU,PV-TBM-DN_SUB,23:38,23:47,1111111,5,false
P-43191-MSBMS-DN_SUB,43191,EMU,MSB-MS-DN_SUB,23:06,23:12,1111111,5,false
P-43191-MSMBM-DN_SUB,43191,EMU,MS-MBM-DN_SUB,23:13,23:24,1111111,5,false
P-43191-MBMGI-DN_SUB,43191,EMU,MBM-GI-DN_SUB,23:24,23:30,1111111,5,false
P-43191-GISTM-DN_SUB,43191,EMU,GI-STM-DN_SUB,23:30,23:33,1111111,5,false
P-43191-STMPV-DN_SUB,43191,EMU,STM-PV-DN_SUB,23:34,23:43,1111111,5,false
P-43191-PVTBM-DN_SUB,43191,EMU,PV-TBM-DN_SUB,23:44,23:53,1111111,5,false
P-43192-MSBMS-DN_SUB,43192,EMU,MSB-MS-DN_SUB,23:12,23:18,1111111,5,false
P-43192-MSMBM-DN_SUB,43192,EMU,MS-MBM-DN_SUB,23:19,23:30,1111111,5,false
P-43192-MBMGI-DN_SUB,43192,EMU,MBM-GI-DN_SUB,23:30,23:36,1111111,5,false
P-43192-GISTM-DN_SUB,43192,EMU,GI-STM-DN_SUB,23:36,23:39,1111111,5,false
P-43192-STMPV-DN_SUB,43192,EMU,STM-PV-DN_SUB,23:40,23:49,1111111,5,false
P-43192-PVTBM-DN_SUB,43192,EMU,PV-TBM-DN_SUB,23:50,23:59,1111111,5,false
P-43193-MSBMS-DN_SUB,43193,EMU,MSB-MS-DN_SUB,23:18,23:24,1111111,5,false
P-43193-MSMBM-DN_SUB,43193,EMU,MS-MBM-DN_SUB,23:25,23:36,1111111,5,false
P-43193-MBMGI-DN_SUB,43193,EMU,MBM-GI-DN_SUB,23:36,23:42,1111111,5,false
P-43193-GISTM-DN_SUB,43193,EMU,GI-STM-DN_SUB,23:42,23:45,1111111,5,false
P-43193-STMPV-DN_SUB,43193,EMU,STM-PV-DN_SUB,23:46,23:55,1111111,5,false
P-43193-PVTBM-DN_SUB,43193,EMU,PV-TBM-DN_SUB,23:56,00:05,1111111,5,false
P-43194-MSBMS-DN_SUB,43194,EMU,MSB-MS-DN_SUB,23:24,23:30,1111111,5,false
P-43194-MSMBM-DN_SUB,43194,EMU,MS-MBM-DN_SUB,23:31,23:42,1111111,5,false
P-43194-MBMGI-DN_SUB,43194,EMU,MBM-GI-DN_SUB,23:42,23:48,1111111,5,false
P-43194-GISTM-DN_SUB,43194,EMU,GI-STM-DN_SUB,23:48,23:51,1111111,5,false
P-43194-STMPV-DN_SUB,43194,EMU,STM-PV-DN_SUB,23:52,00:01,1111111,5,false
P-43194-PVTBM-DN_SUB,43194,EMU,PV-TBM-DN_SUB,00:02,00:11,1111111,5,false
P-43195-MSBMS-DN_SUB,43195,EMU,MSB-MS-DN_SUB,23:30,23:36,1111111,5,false
P-43195-MSMBM-DN_SUB,43195,EMU,MS-MBM-DN_SUB,23:37,23:48,1111111,5,false
P-43195-MBMGI-DN_SUB,43195,EMU,MBM-GI-DN_SUB,23:48,23:54,1111111,5,false
P-43195-GISTM-DN_SUB,43195,EMU,GI-STM-DN_SUB,23:54,23:57,1111111,5,false
P-43195-STMPV-DN_SUB,43195,EMU,STM-PV-DN_SUB,23:58,00:07,1111111,5,false
P-43195-PVTBM-DN_SUB,43195,EMU,PV-TBM-DN_SUB,00:08,00:17,1111111,5,false
P-43500-PVTBM-UP_SUB,43500,EMU,PV-TBM-UP_SUB,04:00,04:09,1111111,5,false
P-43500-STMPV-UP_SUB,43500,EMU,STM-PV-UP_SUB,04:10,04:19,1111111,5,false
P-43500-GISTM-UP_SUB,43500,EMU,GI-STM-UP_SUB,04:19,04:22,1111111,5,false
P-43500-MBMGI-UP_SUB,43500,EMU,MBM-GI-UP_SUB,04:23,04:29,1111111,5,false
P-43500-MSMBM-UP_SUB,43500,EMU,MS-MBM-UP_SUB,04:29,04:40,1111111,5,false
P-43500-MSBMS-UP_SUB,43500,EMU,MSB-MS-UP_SUB,04:40,04:47,1111111,5,false
P-43501-PVTBM-UP_SUB,43501,EMU,PV-TBM-UP_SUB,04:06,04:15,1111111,5,false
P-43501-STMPV-UP_SUB,43501,EMU,STM-PV-UP_SUB,04:16,04:25,1111111,5,false
P-43501-GISTM-UP_SUB,43501,EMU,GI-STM-UP_SUB,04:25,04:28,1111111,5,false
P-43501-MBMGI-UP_SUB,43501,EMU,MBM-GI-UP_SUB,04:29,04:35,1111111,5,false
P-43501-MSMBM-UP_SUB,43501,EMU,MS-MBM-UP_SUB,04:35,04:46,1111111,5,false
P-43501-MSBMS-UP_SUB,43501,EMU,MSB-MS-UP_SUB,04:46,04:53,1111111,5,false
P-43502-PVTBM-UP_SUB,43502,EMU,PV-TBM-UP_SUB,04:12,04:21,1111111,5,false
P-43502-STMPV-UP_SUB,43502,EMU,STM-PV-UP_SUB,04:22,04:31,1111111,5,false
P-43502-GISTM-UP_SUB,43502,EMU,GI-STM-UP_SUB,04:31,04:34,1111111,5,false
P-43502-MBMGI-UP_SUB,43502,EMU,MBM-GI-UP_SUB,04:35,04:41,1111111,5,false
P-43502-MSMBM-UP_SUB,43502,EMU,MS-MBM-UP_SUB,04:41,04:52,1111111,5,false
P-43502-MSBMS-UP_SUB,43502,EMU,MSB-MS-UP_SUB,04:52,04:59,1111111,5,false
P-43503-PVTBM-UP_SUB,43503,EMU,PV-TBM-UP_SUB,04:18,04:27,1111111,5,false
P-43503-STMPV-UP_SUB,43503,EMU,STM-PV-UP_SUB,04:28,04:37,1111111,5,false
P-43503-GISTM-UP_SUB,43503,EMU,GI-STM-UP_SUB,04:37,04:40,1111111,5,false
P-43503-MBMGI-UP_SUB,43503,EMU,MBM-GI-UP_SUB,04:41,04:47,1111111,5,false
P-43503-MSMBM-UP_SUB,43503,EMU,MS-MBM-UP_SUB,04:47,04:58,1111111,5,false
P-43503-MSBMS-UP_SUB,43503,EMU,MSB-MS-UP_SUB,04:58,05:05,1111111,5,false
P-43504-PVTBM-UP_SUB,43504,EMU,PV-TBM-UP_SUB,04:24,04:33,1111111,5,false
P-43504-STMPV-UP_SUB,43504,EMU,STM-PV-UP_SUB,04:34,04:43,1111111,5,false
P-43504-GISTM-UP_SUB,43504,EMU,GI-STM-UP_SUB,04:43,04:46,1111111,5,false
P-43504-MBMGI-UP_SUB,43504,EMU,MBM-GI-UP_SUB,04:47,04:53,1111111,5,false
P-43504-MSMBM-UP_SUB,43504,EMU,MS-MBM-UP_SUB,04:53,05:04,1111111,5,false
P-43504-MSBMS-UP_SUB,43504,EMU,MSB-MS-UP_SUB,05:04,05:11,1111111,5,false
P-43505-PVTBM-UP_SUB,43505,EMU,PV-TBM-UP_SUB,04:30,04:39,1111111,5,false
P-43505-STMPV-UP_SUB,43505,EMU,STM-PV-UP_SUB,04:40,04:49,1111111,5,false
P-43505-GISTM-UP_SUB,43505,EMU,GI-STM-UP_SUB,04:49,04:52,1111111,5,false
P-43505-MBMGI-UP_SUB,43505,EMU,MBM-GI-UP_SUB,04:53,04:59,1111111,5,false
P-43505-MSMBM-UP_SUB,43505,EMU,MS-MBM-UP_SUB,04:59,05:10,1111111,5,false
P-43505-MSBMS-UP_SUB,43505,EMU,MSB-MS-UP_SUB,05:10,05:17,1111111,5,false
P-43506-PVTBM-UP_SUB,43506,EMU,PV-TBM-UP_SUB,04:36,04:45,1111111,5,false
P-43506-STMPV-UP_SUB,43506,EMU,STM-PV-UP_SUB,04:46,04:55,1111111,5,false
P-43506-GISTM-UP_SUB,43506,EMU,GI-STM-UP_SUB,04:55,04:58,1111111,5,false
P-43506-MBMGI-UP_SUB,43506,EMU,MBM-GI-UP_SUB,04:59,05:05,1111111,5,false
P-43506-MSMBM-UP_SUB,43506,EMU,MS-MBM-UP_SUB,05:05,05:16,1111111,5,false
P-43506-MSBMS-UP_SUB,43506,EMU,MSB-MS-UP_SUB,05:16,05:23,1111111,5,false
P-43507-PVTBM-UP_SUB,43507,EMU,PV-TBM-UP_SUB,04:42,04:51,1111111,5,false
P-43507-STMPV-UP_SUB,43507,EMU,STM-PV-UP_SUB,04:52,05:01,1111111,5,false
P-43507-GISTM-UP_SUB,43507,EMU,GI-STM-UP_SUB,05:01,05:04,1111111,5,false
P-43507-MBMGI-UP_SUB,43507,EMU,MBM-GI-UP_SUB,05:05,05:11,1111111,5,false
P-43507-MSMBM-UP_SUB,43507,EMU,MS-MBM-UP_SUB,05:11,05:22,1111111,5,false
P-43507-MSBMS-UP_SUB,43507,EMU,MSB-MS-UP_SUB,05:22,05:29,1111111,5,false
P-43508-PVTBM-UP_SUB,43508,EMU,PV-TBM-UP_SUB,04:48,04:57,1111111,5,false
P-43508-STMPV-UP_SUB,43508,EMU,STM-PV-UP_SUB,04:58,05:07,1111111,5,false
P-43508-GISTM-UP_SUB,43508,EMU,GI-STM-UP_SUB,05:07,05:10,1111111,5,false
P-43508-MBMGI-UP_SUB,43508,EMU,MBM-GI-UP_SUB,05:11,05:17,1111111,5,false
P-43508-MSMBM-UP_SUB,43508,EMU,MS-MBM-UP_SUB,05:17,05:28,1111111,5,false
P-43508-MSBMS-UP_SUB,43508,EMU,MSB-MS-UP_SUB,05:28,05:35,1111111,5,false
P-43509-PVTBM-UP_SUB,43509,EMU,PV-TBM-UP_SUB,04:54,05:03,1111111,5,false
P-43509-STMPV-UP_SUB,43509,EMU,STM-PV-UP_SUB,05:04,05:13,1111111,5,false
P-43509-GISTM-UP_SUB,43509,EMU,GI-STM-UP_SUB,05:13,05:16,1111111,5,false
P-43509-MBMGI-UP_SUB,43509,EMU,MBM-GI-UP_SUB,05:17,05:23,1111111,5,false
P-43509-MSMBM-UP_SUB,43509,EMU,MS-MBM-UP_SUB,05:23,05:34,1111111,5,false
P-43509-MSBMS-UP_SUB,43509,EMU,MSB-MS-UP_SUB,05:34,05:41,1111111,5,false
P-43510-PVTBM-UP_SUB,43510,EMU,PV-TBM-UP_SUB,05:00,05:09,1111111,5,false
P-43510-STMPV-UP_SUB,43510,EMU,STM-PV-UP_SUB,05:10,05:19,1111111,5,false
P-43510-GISTM-UP_SUB,43510,EMU,GI-STM-UP_SUB,05:19,05:22,1111111,5,false
P-43510-MBMGI-UP_SUB,43510,EMU,MBM-GI-UP_SUB,05:23,05:29,1111111,5,false
P-43510-MSMBM-UP_SUB,43510,EMU,MS-MBM-UP_SUB,05:29,05:40,1111111,5,false
P-43510-MSBMS-UP_SUB,43510,EMU,MSB-MS-UP_SUB,05:40,05:47,1111111,5,false
P-43511-PVTBM-UP_SUB,43511,EMU,PV-TBM-UP_SUB,05:06,05:15,1111111,5,false
P-43511-STMPV-UP_SUB,43511,EMU,STM-PV-UP_SUB,05:16,05:25,1111111,5,false
P-43511-GISTM-UP_SUB,43511,EMU,GI-STM-UP_SUB,05:25,05:28,1111111,5,false
P-43511-MBMGI-UP_SUB,43511,EMU,MBM-GI-UP_SUB,05:29,05:35,1111111,5,false
P-43511-MSMBM-UP_SUB,43511,EMU,MS-MBM-UP_SUB,05:35,05:46,1111111,5,false
P-43511-MSBMS-UP_SUB,43511,EMU,MSB-MS-UP_SUB,05:46,05:53,1111111,5,false
P-43512-PVTBM-UP_SUB,43512,EMU,PV-TBM-UP_SUB,05:12,05:21,1111111,5,false
P-43512-STMPV-UP_SUB,43512,EMU,STM-PV-UP_SUB,05:22,05:31,1111111,5,false
P-43512-GISTM-UP_SUB,43512,EMU,GI-STM-UP_SUB,05:31,05:34,1111111,5,false
P-43512-MBMGI-UP_SUB,43512,EMU,MBM-GI-UP_SUB,05:35,05:41,1111111,5,false
P-43512-MSMBM-UP_SUB,43512,EMU,MS-MBM-UP_SUB,05:41,05:52,1111111,5,false
P-43512-MSBMS-UP_SUB,43512,EMU,MSB-MS-UP_SUB,05:52,05:59,1111111,5,false
P-43513-PVTBM-UP_SUB,43513,EMU,PV-TBM-UP_SUB,05:18,05:27,1111111,5,false
P-43513-STMPV-UP_SUB,43513,EMU,STM-PV-UP_SUB,05:28,05:37,1111111,5,false
P-43513-GISTM-UP_SUB,43513,EMU,GI-STM-UP_SUB,05:37,05:40,1111111,5,false
P-43513-MBMGI-UP_SUB,43513,EMU,MBM-GI-UP_SUB,05:41,05:47,1111111,5,false
P-43513-MSMBM-UP_SUB,43513,EMU,MS-MBM-UP_SUB,05:47,05:58,1111111,5,false
P-43513-MSBMS-UP_SUB,43513,EMU,MSB-MS-UP_SUB,05:58,06:05,1111111,5,false
P-43514-PVTBM-UP_SUB,43514,EMU,PV-TBM-UP_SUB,05:24,05:33,1111111,5,false
P-43514-STMPV-UP_SUB,43514,EMU,STM-PV-UP_SUB,05:34,05:43,1111111,5,false
P-43514-GISTM-UP_SUB,43514,EMU,GI-STM-UP_SUB,05:43,05:46,1111111,5,false
P-43514-MBMGI-UP_SUB,43514,EMU,MBM-GI-UP_SUB,05:47,05:53,1111111,5,false
P-43514-MSMBM-UP_SUB,43514,EMU,MS-MBM-UP_SUB,05:53,06:04,1111111,5,false
P-43514-MSBMS-UP_SUB,43514,EMU,MSB-MS-UP_SUB,06:04,06:11,1111111,5,false
P-43515-PVTBM-UP_SUB,43515,EMU,PV-TBM-UP_SUB,05:30,05:39,1111111,5,false
P-43515-STMPV-UP_SUB,43515,EMU,STM-PV-UP_SUB,05:40,05:49,1111111,5,false
P-43515-GISTM-UP_SUB,43515,EMU,GI-STM-UP_SUB,05:49,05:52,1111111,5,false
P-43515-MBMGI-UP_SUB,43515,EMU,MBM-GI-UP_SUB,05:53,05:59,1111111,5,false
P-43515-MSMBM-UP_SUB,43515,EMU,MS-MBM-UP_SUB,05:59,06:10,1111111,5,false
P-43515-MSBMS-UP_SUB,43515,EMU,MSB-MS-UP_SUB,06:10,06:17,1111111,5,false
P-43516-PVTBM-UP_SUB,43516,EMU,PV-TBM-UP_SUB,05:36,05:45,1111111,5,false
P-43516-STMPV-UP_SUB,43516,EMU,STM-PV-UP_SUB,05:46,05:55,1111111,5,false
P-43516-GISTM-UP_SUB,43516,EMU,GI-STM-UP_SUB,05:55,05:58,1111111,5,false
P-43516-MBMGI-UP_SUB,43516,EMU,MBM-GI-UP_SUB,05:59,06:05,1111111,5,false
P-43516-MSMBM-UP_SUB,43516,EMU,MS-MBM-UP_SUB,06:05,06:16,1111111,5,false
P-43516-MSBMS-UP_SUB,43516,EMU,MSB-MS-UP_SUB,06:16,06:23,1111111,5,false
P-43517-PVTBM-UP_SUB,43517,EMU,PV-TBM-UP_SUB,05:42,05:51,1111111,5,false
P-43517-STMPV-UP_SUB,43517,EMU,STM-PV-UP_SUB,05:52,06:01,1111111,5,false
P-43517-GISTM-UP_SUB,43517,EMU,GI-STM-UP_SUB,06:01,06:04,1111111,5,false
P-43517-MBMGI-UP_SUB,43517,EMU,MBM-GI-UP_SUB,06:05,06:11,1111111,5,false
P-43517-MSMBM-UP_SUB,43517,EMU,MS-MBM-UP_SUB,06:11,06:22,1111111,5,false
P-43517-MSBMS-UP_SUB,43517,EMU,MSB-MS-UP_SUB,06:22,06:29,1111111,5,false
P-43518-PVTBM-UP_SUB,43518,EMU,PV-TBM-UP_SUB,05:48,05:57,1111111,5,false
P-43518-STMPV-UP_SUB,43518,EMU,STM-PV-UP_SUB,05:58,06:07,1111111,5,false
P-43518-GISTM-UP_SUB,43518,EMU,GI-STM-UP_SUB,06:07,06:10,1111111,5,false
P-43518-MBMGI-UP_SUB,43518,EMU,MBM-GI-UP_SUB,06:11,06:17,1111111,5,false
P-43518-MSMBM-UP_SUB,43518,EMU,MS-MBM-UP_SUB,06:17,06:28,1111111,5,false
P-43518-MSBMS-UP_SUB,43518,EMU,MSB-MS-UP_SUB,06:28,06:35,1111111,5,false
P-43519-PVTBM-UP_SUB,43519,EMU,PV-TBM-UP_SUB,05:54,06:03,1111111,5,false
P-43519-STMPV-UP_SUB,43519,EMU,STM-PV-UP_SUB,06:04,06:13,1111111,5,false
P-43519-GISTM-UP_SUB,43519,EMU,GI-STM-UP_SUB,06:13,06:16,1111111,5,false
P-43519-MBMGI-UP_SUB,43519,EMU,MBM-GI-UP_SUB,06:17,06:23,1111111,5,false
P-43519-MSMBM-UP_SUB,43519,EMU,MS-MBM-UP_SUB,06:23,06:34,1111111,5,false
P-43519-MSBMS-UP_SUB,43519,EMU,MSB-MS-UP_SUB,06:34,06:41,1111111,5,false
P-43520-PVTBM-UP_SUB,43520,EMU,PV-TBM-UP_SUB,06:00,06:09,1111111,5,false
P-43520-STMPV-UP_SUB,43520,EMU,STM-PV-UP_SUB,06:10,06:19,1111111,5,false
P-43520-GISTM-UP_SUB,43520,EMU,GI-STM-UP_SUB,06:19,06:22,1111111,5,false
P-43520-MBMGI-UP_SUB,43520,EMU,MBM-GI-UP_SUB,06:23,06:29,1111111,5,false
P-43520-MSMBM-UP_SUB,43520,EMU,MS-MBM-UP_SUB,06:29,06:40,1111111,5,false
P-43520-MSBMS-UP_SUB,43520,EMU,MSB-MS-UP_SUB,06:40,06:47,1111111,5,false
P-43521-PVTBM-UP_SUB,43521,EMU,PV-TBM-UP_SUB,06:06,06:15,1111111,5,false
P-43521-STMPV-UP_SUB,43521,EMU,STM-PV-UP_SUB,06:16,06:25,1111111,5,false
P-43521-GISTM-UP_SUB,43521,EMU,GI-STM-UP_SUB,06:25,06:28,1111111,5,false
P-43521-MBMGI-UP_SUB,43521,EMU,MBM-GI-UP_SUB,06:29,06:35,1111111,5,false
P-43521-MSMBM-UP_SUB,43521,EMU,MS-MBM-UP_SUB,06:35,06:46,1111111,5,false
P-43521-MSBMS-UP_SUB,43521,EMU,MSB-MS-UP_SUB,06:46,06:53,1111111,5,false
P-43522-PVTBM-UP_SUB,43522,EMU,PV-TBM-UP_SUB,06:12,06:21,1111111,5,false
P-43522-STMPV-UP_SUB,43522,EMU,STM-PV-UP_SUB,06:22,06:31,1111111,5,false
P-43522-GISTM-UP_SUB,43522,EMU,GI-STM-UP_SUB,06:31,06:34,1111111,5,false
P-43522-MBMGI-UP_SUB,43522,EMU,MBM-GI-UP_SUB,06:35,06:41,1111111,5,false
P-43522-MSMBM-UP_SUB,43522,EMU,MS-MBM-UP_SUB,06:41,06:52,1111111,5,false
P-43522-MSBMS-UP_SUB,43522,EMU,MSB-MS-UP_SUB,06:52,06:59,1111111,5,false
P-43523-PVTBM-UP_SUB,43523,EMU,PV-TBM-UP_SUB,06:18,06:27,1111111,5,false
P-43523-STMPV-UP_SUB,43523,EMU,STM-PV-UP_SUB,06:28,06:37,1111111,5,false
P-43523-GISTM-UP_SUB,43523,EMU,GI-STM-UP_SUB,06:37,06:40,1111111,5,false
P-43523-MBMGI-UP_SUB,43523,EMU,MBM-GI-UP_SUB,06:41,06:47,1111111,5,false
P-43523-MSMBM-UP_SUB,43523,EMU,MS-MBM-UP_SUB,06:47,06:58,1111111,5,false
P-43523-MSBMS-UP_SUB,43523,EMU,MSB-MS-UP_SUB,06:58,07:05,1111111,5,false
P-43524-PVTBM-UP_SUB,43524,EMU,PV-TBM-UP_SUB,06:24,06:33,1111111,5,false
P-43524-STMPV-UP_SUB,43524,EMU,STM-PV-UP_SUB,06:34,06:43,1111111,5,false
P-43524-GISTM-UP_SUB,43524,EMU,GI-STM-UP_SUB,06:43,06:46,1111111,5,false
P-43524-MBMGI-UP_SUB,43524,EMU,MBM-GI-UP_SUB,06:47,06:53,1111111,5,false
P-43524-MSMBM-UP_SUB,43524,EMU,MS-MBM-UP_SUB,06:53,07:04,1111111,5,false
P-43524-MSBMS-UP_SUB,43524,EMU,MSB-MS-UP_SUB,07:04,07:11,1111111,5,false
P-43525-PVTBM-UP_SUB,43525,EMU,PV-TBM-UP_SUB,06:30,06:39,1111111,5,false
P-43525-STMPV-UP_SUB,43525,EMU,STM-PV-UP_SUB,06:40,06:49,1111111,5,false
P-43525-GISTM-UP_SUB,43525,EMU,GI-STM-UP_SUB,06:49,06:52,1111111,5,false
P-43525-MBMGI-UP_SUB,43525,EMU,MBM-GI-UP_SUB,06:53,06:59,1111111,5,false
P-43525-MSMBM-UP_SUB,43525,EMU,MS-MBM-UP_SUB,06:59,07:10,1111111,5,false
P-43525-MSBMS-UP_SUB,43525,EMU,MSB-MS-UP_SUB,07:10,07:17,1111111,5,false
P-43526-PVTBM-UP_SUB,43526,EMU,PV-TBM-UP_SUB,06:36,06:45,1111111,5,false
P-43526-STMPV-UP_SUB,43526,EMU,STM-PV-UP_SUB,06:46,06:55,1111111,5,false
P-43526-GISTM-UP_SUB,43526,EMU,GI-STM-UP_SUB,06:55,06:58,1111111,5,false
P-43526-MBMGI-UP_SUB,43526,EMU,MBM-GI-UP_SUB,06:59,07:05,1111111,5,false
P-43526-MSMBM-UP_SUB,43526,EMU,MS-MBM-UP_SUB,07:05,07:16,1111111,5,false
P-43526-MSBMS-UP_SUB,43526,EMU,MSB-MS-UP_SUB,07:16,07:23,1111111,5,false
P-43527-PVTBM-UP_SUB,43527,EMU,PV-TBM-UP_SUB,06:42,06:51,1111111,5,false
P-43527-STMPV-UP_SUB,43527,EMU,STM-PV-UP_SUB,06:52,07:01,1111111,5,false
P-43527-GISTM-UP_SUB,43527,EMU,GI-STM-UP_SUB,07:01,07:04,1111111,5,false
P-43527-MBMGI-UP_SUB,43527,EMU,MBM-GI-UP_SUB,07:05,07:11,1111111,5,false
P-43527-MSMBM-UP_SUB,43527,EMU,MS-MBM-UP_SUB,07:11,07:22,1111111,5,false
P-43527-MSBMS-UP_SUB,43527,EMU,MSB-MS-UP_SUB,07:22,07:29,1111111,5,false
P-43528-PVTBM-UP_SUB,43528,EMU,PV-TBM-UP_SUB,06:48,06:57,1111111,5,false
P-43528-STMPV-UP_SUB,43528,EMU,STM-PV-UP_SUB,06:58,07:07,1111111,5,false
P-43528-GISTM-UP_SUB,43528,EMU,GI-STM-UP_SUB,07:07,07:10,1111111,5,false
P-43528-MBMGI-UP_SUB,43528,EMU,MBM-GI-UP_SUB,07:11,07:17,1111111,5,false
P-43528-MSMBM-UP_SUB,43528,EMU,MS-MBM-UP_SUB,07:17,07:28,1111111,5,false
P-43528-MSBMS-UP_SUB,43528,EMU,MSB-MS-UP_SUB,07:28,07:35,1111111,5,false
P-43529-PVTBM-UP_SUB,43529,EMU,PV-TBM-UP_SUB,06:54,07:03,1111111,5,false
P-43529-STMPV-UP_SUB,43529,EMU,STM-PV-UP_SUB,07:04,07:13,1111111,5,false
P-43529-GISTM-UP_SUB,43529,EMU,GI-STM-UP_SUB,07:13,07:16,1111111,5,false
P-43529-MBMGI-UP_SUB,43529,EMU,MBM-GI-UP_SUB,07:17,07:23,1111111,5,false
P-43529-MSMBM-UP_SUB,43529,EMU,MS-MBM-UP_SUB,07:23,07:34,1111111,5,false
P-43529-MSBMS-UP_SUB,43529,EMU,MSB-MS-UP_SUB,07:34,07:41,1111111,5,false
P-43530-PVTBM-UP_SUB,43530,EMU,PV-TBM-UP_SUB,07:00,07:09,1111111,5,false
P-43530-STMPV-UP_SUB,43530,EMU,STM-PV-UP_SUB,07:10,07:19,1111111,5,false
P-43530-GISTM-UP_SUB,43530,EMU,GI-STM-UP_SUB,07:19,07:22,1111111,5,false
P-43530-MBMGI-UP_SUB,43530,EMU,MBM-GI-UP_SUB,07:23,07:29,1111111,5,false
P-43530-MSMBM-UP_SUB,43530,EMU,MS-MBM-UP_SUB,07:29,07:40,1111111,5,false
P-43530-MSBMS-UP_SUB,43530,EMU,MSB-MS-UP_SUB,07:40,07:47,1111111,5,false
P-43531-PVTBM-UP_SUB,43531,EMU,PV-TBM-UP_SUB,07:06,07:15,1111111,5,false
P-43531-STMPV-UP_SUB,43531,EMU,STM-PV-UP_SUB,07:16,07:25,1111111,5,false
P-43531-GISTM-UP_SUB,43531,EMU,GI-STM-UP_SUB,07:25,07:28,1111111,5,false
P-43531-MBMGI-UP_SUB,43531,EMU,MBM-GI-UP_SUB,07:29,07:35,1111111,5,false
P-43531-MSMBM-UP_SUB,43531,EMU,MS-MBM-UP_SUB,07:35,07:46,1111111,5,false
P-43531-MSBMS-UP_SUB,43531,EMU,MSB-MS-UP_SUB,07:46,07:53,1111111,5,false
P-43532-PVTBM-UP_SUB,43532,EMU,PV-TBM-UP_SUB,07:12,07:21,1111111,5,false
P-43532-STMPV-UP_SUB,43532,EMU,STM-PV-UP_SUB,07:22,07:31,1111111,5,false
P-43532-GISTM-UP_SUB,43532,EMU,GI-STM-UP_SUB,07:31,07:34,1111111,5,false
P-43532-MBMGI-UP_SUB,43532,EMU,MBM-GI-UP_SUB,07:35,07:41,1111111,5,false
P-43532-MSMBM-UP_SUB,43532,EMU,MS-MBM-UP_SUB,07:41,07:52,1111111,5,false
P-43532-MSBMS-UP_SUB,43532,EMU,MSB-MS-UP_SUB,07:52,07:59,1111111,5,false
P-43533-PVTBM-UP_SUB,43533,EMU,PV-TBM-UP_SUB,07:18,07:27,1111111,5,false
P-43533-STMPV-UP_SUB,43533,EMU,STM-PV-UP_SUB,07:28,07:37,1111111,5,false
P-43533-GISTM-UP_SUB,43533,EMU,GI-STM-UP_SUB,07:37,07:40,1111111,5,false
P-43533-MBMGI-UP_SUB,43533,EMU,MBM-GI-UP_SUB,07:41,07:47,1111111,5,false
P-43533-MSMBM-UP_SUB,43533,EMU,MS-MBM-UP_SUB,07:47,07:58,1111111,5,false
P-43533-MSBMS-UP_SUB,43533,EMU,MSB-MS-UP_SUB,07:58,08:05,1111111,5,false
P-43534-PVTBM-UP_SUB,43534,EMU,PV-TBM-UP_SUB,07:24,07:33,1111111,5,false
P-43534-STMPV-UP_SUB,43534,EMU,STM-PV-UP_SUB,07:34,07:43,1111111,5,false
P-43534-GISTM-UP_SUB,43534,EMU,GI-STM-UP_SUB,07:43,07:46,1111111,5,false
P-43534-MBMGI-UP_SUB,43534,EMU,MBM-GI-UP_SUB,07:47,07:53,1111111,5,false
P-43534-MSMBM-UP_SUB,43534,EMU,MS-MBM-UP_SUB,07:53,08:04,1111111,5,false
P-43534-MSBMS-UP_SUB,43534,EMU,MSB-MS-UP_SUB,08:04,08:11,1111111,5,false
P-43535-PVTBM-UP_SUB,43535,EMU,PV-TBM-UP_SUB,07:30,07:39,1111111,5,false
P-43535-STMPV-UP_SUB,43535,EMU,STM-PV-UP_SUB,07:40,07:49,1111111,5,false
P-43535-GISTM-UP_SUB,43535,EMU,GI-STM-UP_SUB,07:49,07:52,1111111,5,false
P-43535-MBMGI-UP_SUB,43535,EMU,MBM-GI-UP_SUB,07:53,07:59,1111111,5,false
P-43535-MSMBM-UP_SUB,43535,EMU,MS-MBM-UP_SUB,07:59,08:10,1111111,5,false
P-43535-MSBMS-UP_SUB,43535,EMU,MSB-MS-UP_SUB,08:10,08:17,1111111,5,false
P-43536-PVTBM-UP_SUB,43536,EMU,PV-TBM-UP_SUB,07:36,07:45,1111111,5,false
P-43536-STMPV-UP_SUB,43536,EMU,STM-PV-UP_SUB,07:46,07:55,1111111,5,false
P-43536-GISTM-UP_SUB,43536,EMU,GI-STM-UP_SUB,07:55,07:58,1111111,5,false
P-43536-MBMGI-UP_SUB,43536,EMU,MBM-GI-UP_SUB,07:59,08:05,1111111,5,false
P-43536-MSMBM-UP_SUB,43536,EMU,MS-MBM-UP_SUB,08:05,08:16,1111111,5,false
P-43536-MSBMS-UP_SUB,43536,EMU,MSB-MS-UP_SUB,08:16,08:23,1111111,5,false
P-43537-PVTBM-UP_SUB,43537,EMU,PV-TBM-UP_SUB,07:42,07:51,1111111,5,false
P-43537-STMPV-UP_SUB,43537,EMU,STM-PV-UP_SUB,07:52,08:01,1111111,5,false
P-43537-GISTM-UP_SUB,43537,EMU,GI-STM-UP_SUB,08:01,08:04,1111111,5,false
P-43537-MBMGI-UP_SUB,43537,EMU,MBM-GI-UP_SUB,08:05,08:11,1111111,5,false
P-43537-MSMBM-UP_SUB,43537,EMU,MS-MBM-UP_SUB,08:11,08:22,1111111,5,false
P-43537-MSBMS-UP_SUB,43537,EMU,MSB-MS-UP_SUB,08:22,08:29,1111111,5,false
P-43538-PVTBM-UP_SUB,43538,EMU,PV-TBM-UP_SUB,07:48,07:57,1111111,5,false
P-43538-STMPV-UP_SUB,43538,EMU,STM-PV-UP_SUB,07:58,08:07,1111111,5,false
P-43538-GISTM-UP_SUB,43538,EMU,GI-STM-UP_SUB,08:07,08:10,1111111,5,false
P-43538-MBMGI-UP_SUB,43538,EMU,MBM-GI-UP_SUB,08:11,08:17,1111111,5,false
P-43538-MSMBM-UP_SUB,43538,EMU,MS-MBM-UP_SUB,08:17,08:28,1111111,5,false
P-43538-MSBMS-UP_SUB,43538,EMU,MSB-MS-UP_SUB,08:28,08:35,1111111,5,false
P-43539-PVTBM-UP_SUB,43539,EMU,PV-TBM-UP_SUB,07:54,08:03,1111111,5,false
P-43539-STMPV-UP_SUB,43539,EMU,STM-PV-UP_SUB,08:04,08:13,1111111,5,false
P-43539-GISTM-UP_SUB,43539,EMU,GI-STM-UP_SUB,08:13,08:16,1111111,5,false
P-43539-MBMGI-UP_SUB,43539,EMU,MBM-GI-UP_SUB,08:17,08:23,1111111,5,false
P-43539-MSMBM-UP_SUB,43539,EMU,MS-MBM-UP_SUB,08:23,08:34,1111111,5,false
P-43539-MSBMS-UP_SUB,43539,EMU,MSB-MS-UP_SUB,08:34,08:41,1111111,5,false
P-43540-PVTBM-UP_SUB,43540,EMU,PV-TBM-UP_SUB,08:00,08:09,1111111,5,false
P-43540-STMPV-UP_SUB,43540,EMU,STM-PV-UP_SUB,08:10,08:19,1111111,5,false
P-43540-GISTM-UP_SUB,43540,EMU,GI-STM-UP_SUB,08:19,08:22,1111111,5,false
P-43540-MBMGI-UP_SUB,43540,EMU,MBM-GI-UP_SUB,08:23,08:29,1111111,5,false
P-43540-MSMBM-UP_SUB,43540,EMU,MS-MBM-UP_SUB,08:29,08:40,1111111,5,false
P-43540-MSBMS-UP_SUB,43540,EMU,MSB-MS-UP_SUB,08:40,08:47,1111111,5,false
P-43541-PVTBM-UP_SUB,43541,EMU,PV-TBM-UP_SUB,08:06,08:15,1111111,5,false
P-43541-STMPV-UP_SUB,43541,EMU,STM-PV-UP_SUB,08:16,08:25,1111111,5,false
P-43541-GISTM-UP_SUB,43541,EMU,GI-STM-UP_SUB,08:25,08:28,1111111,5,false
P-43541-MBMGI-UP_SUB,43541,EMU,MBM-GI-UP_SUB,08:29,08:34,1111111,5,false
P-43541-MSMBM-UP_SUB,43541,EMU,MS-MBM-UP_SUB,08:35,08:46,1111111,5,false
P-43541-MSBMS-UP_SUB,43541,EMU,MSB-MS-UP_SUB,08:46,08:53,1111111,5,false
P-43542-PVTBM-UP_SUB,43542,EMU,PV-TBM-UP_SUB,08:12,08:21,1111111,5,false
P-43542-STMPV-UP_SUB,43542,EMU,STM-PV-UP_SUB,08:22,08:31,1111111,5,false
P-43542-GISTM-UP_SUB,43542,EMU,GI-STM-UP_SUB,08:31,08:34,1111111,5,false
P-43542-MBMGI-UP_SUB,43542,EMU,MBM-GI-UP_SUB,08:35,08:40,1111111,5,false
P-43542-MSMBM-UP_SUB,43542,EMU,MS-MBM-UP_SUB,08:41,08:52,1111111,5,false
P-43542-MSBMS-UP_SUB,43542,EMU,MSB-MS-UP_SUB,08:52,08:59,1111111,5,false
P-43543-PVTBM-UP_SUB,43543,EMU,PV-TBM-UP_SUB,08:18,08:27,1111111,5,false
P-43543-STMPV-UP_SUB,43543,EMU,STM-PV-UP_SUB,08:28,08:37,1111111,5,false
P-43543-GISTM-UP_SUB,43543,EMU,GI-STM-UP_SUB,08:37,08:40,1111111,5,false
P-43543-MBMGI-UP_SUB,43543,EMU,MBM-GI-UP_SUB,08:41,08:46,1111111,5,false
P-43543-MSMBM-UP_SUB,43543,EMU,MS-MBM-UP_SUB,08:47,08:58,1111111,5,false
P-43543-MSBMS-UP_SUB,43543,EMU,MSB-MS-UP_SUB,08:58,09:05,1111111,5,false
P-43544-PVTBM-UP_SUB,43544,EMU,PV-TBM-UP_SUB,08:24,08:33,1111111,5,false
P-43544-STMPV-UP_SUB,43544,EMU,STM-PV-UP_SUB,08:34,08:43,1111111,5,false
P-43544-GISTM-UP_SUB,43544,EMU,GI-STM-UP_SUB,08:43,08:46,1111111,5,false
P-43544-MBMGI-UP_SUB,43544,EMU,MBM-GI-UP_SUB,08:47,08:52,1111111,5,false
P-43544-MSMBM-UP_SUB,43544,EMU,MS-MBM-UP_SUB,08:53,09:04,1111111,5,false
P-43544-MSBMS-UP_SUB,43544,EMU,MSB-MS-UP_SUB,09:04,09:11,1111111,5,false
P-43545-PVTBM-UP_SUB,43545,EMU,PV-TBM-UP_SUB,08:30,08:39,1111111,5,false
P-43545-STMPV-UP_SUB,43545,EMU,STM-PV-UP_SUB,08:40,08:49,1111111,5,false
P-43545-GISTM-UP_SUB,43545,EMU,GI-STM-UP_SUB,08:49,08:52,1111111,5,false
P-43545-MBMGI-UP_SUB,43545,EMU,MBM-GI-UP_SUB,08:53,08:58,1111111,5,false
P-43545-MSMBM-UP_SUB,43545,EMU,MS-MBM-UP_SUB,08:59,09:10,1111111,5,false
P-43545-MSBMS-UP_SUB,43545,EMU,MSB-MS-UP_SUB,09:10,09:17,1111111,5,false
P-43546-PVTBM-UP_SUB,43546,EMU,PV-TBM-UP_SUB,08:36,08:45,1111111,5,false
P-43546-STMPV-UP_SUB,43546,EMU,STM-PV-UP_SUB,08:46,08:55,1111111,5,false
P-43546-GISTM-UP_SUB,43546,EMU,GI-STM-UP_SUB,08:55,08:58,1111111,5,false
P-43546-MBMGI-UP_SUB,43546,EMU,MBM-GI-UP_SUB,08:59,09:04,1111111,5,false
P-43546-MSMBM-UP_SUB,43546,EMU,MS-MBM-UP_SUB,09:05,09:16,1111111,5,false
P-43546-MSBMS-UP_SUB,43546,EMU,MSB-MS-UP_SUB,09:16,09:23,1111111,5,false
P-43547-PVTBM-UP_SUB,43547,EMU,PV-TBM-UP_SUB,08:42,08:51,1111111,5,false
P-43547-STMPV-UP_SUB,43547,EMU,STM-PV-UP_SUB,08:52,09:01,1111111,5,false
P-43547-GISTM-UP_SUB,43547,EMU,GI-STM-UP_SUB,09:01,09:04,1111111,5,false
P-43547-MBMGI-UP_SUB,43547,EMU,MBM-GI-UP_SUB,09:05,09:10,1111111,5,false
P-43547-MSMBM-UP_SUB,43547,EMU,MS-MBM-UP_SUB,09:11,09:22,1111111,5,false
P-43547-MSBMS-UP_SUB,43547,EMU,MSB-MS-UP_SUB,09:22,09:29,1111111,5,false
P-43548-PVTBM-UP_SUB,43548,EMU,PV-TBM-UP_SUB,08:48,08:57,1111111,5,false
P-43548-STMPV-UP_SUB,43548,EMU,STM-PV-UP_SUB,08:58,09:07,1111111,5,false
P-43548-GISTM-UP_SUB,43548,EMU,GI-STM-UP_SUB,09:07,09:10,1111111,5,false
P-43548-MBMGI-UP_SUB,43548,EMU,MBM-GI-UP_SUB,09:11,09:16,1111111,5,false
P-43548-MSMBM-UP_SUB,43548,EMU,MS-MBM-UP_SUB,09:17,09:28,1111111,5,false
P-43548-MSBMS-UP_SUB,43548,EMU,MSB-MS-UP_SUB,09:28,09:35,1111111,5,false
P-43549-PVTBM-UP_SUB,43549,EMU,PV-TBM-UP_SUB,08:54,09:03,1111111,5,false
P-43549-STMPV-UP_SUB,43549,EMU,STM-PV-UP_SUB,09:04,09:13,1111111,5,false
P-43549-GISTM-UP_SUB,43549,EMU,GI-STM-UP_SUB,09:13,09:16,1111111,5,false
P-43549-MBMGI-UP_SUB,43549,EMU,MBM-GI-UP_SUB,09:17,09:22,1111111,5,false
P-43549-MSMBM-UP_SUB,43549,EMU,MS-MBM-UP_SUB,09:23,09:34,1111111,5,false
P-43549-MSBMS-UP_SUB,43549,EMU,MSB-MS-UP_SUB,09:34,09:41,1111111,5,false
P-43550-PVTBM-UP_SUB,43550,EMU,PV-TBM-UP_SUB,09:00,09:09,1111111,5,false
P-43550-STMPV-UP_SUB,43550,EMU,STM-PV-UP_SUB,09:10,09:19,1111111,5,false
P-43550-GISTM-UP_SUB,43550,EMU,GI-STM-UP_SUB,09:19,09:22,1111111,5,false
P-43550-MBMGI-UP_SUB,43550,EMU,MBM-GI-UP_SUB,09:23,09:28,1111111,5,false
P-43550-MSMBM-UP_SUB,43550,EMU,MS-MBM-UP_SUB,09:29,09:40,1111111,5,false
P-43550-MSBMS-UP_SUB,43550,EMU,MSB-MS-UP_SUB,09:40,09:47,1111111,5,false
P-43551-PVTBM-UP_SUB,43551,EMU,PV-TBM-UP_SUB,09:06,09:15,1111111,5,false
P-43551-STMPV-UP_SUB,43551,EMU,STM-PV-UP_SUB,09:16,09:25,1111111,5,false
P-43551-GISTM-UP_SUB,43551,EMU,GI-STM-UP_SUB,09:25,09:28,1111111,5,false
P-43551-MBMGI-UP_SUB,43551,EMU,MBM-GI-UP_SUB,09:29,09:34,1111111,5,false
P-43551-MSMBM-UP_SUB,43551,EMU,MS-MBM-UP_SUB,09:35,09:46,1111111,5,false
P-43551-MSBMS-UP_SUB,43551,EMU,MSB-MS-UP_SUB,09:46,09:53,1111111,5,false
P-43552-PVTBM-UP_SUB,43552,EMU,PV-TBM-UP_SUB,09:12,09:21,1111111,5,false
P-43552-STMPV-UP_SUB,43552,EMU,STM-PV-UP_SUB,09:22,09:31,1111111,5,false
P-43552-GISTM-UP_SUB,43552,EMU,GI-STM-UP_SUB,09:31,09:34,1111111,5,false
P-43552-MBMGI-UP_SUB,43552,EMU,MBM-GI-UP_SUB,09:35,09:40,1111111,5,false
P-43552-MSMBM-UP_SUB,43552,EMU,MS-MBM-UP_SUB,09:41,09:52,1111111,5,false
P-43552-MSBMS-UP_SUB,43552,EMU,MSB-MS-UP_SUB,09:52,09:59,1111111,5,false
P-43553-PVTBM-UP_SUB,43553,EMU,PV-TBM-UP_SUB,09:18,09:27,1111111,5,false
P-43553-STMPV-UP_SUB,43553,EMU,STM-PV-UP_SUB,09:28,09:37,1111111,5,false
P-43553-GISTM-UP_SUB,43553,EMU,GI-STM-UP_SUB,09:37,09:40,1111111,5,false
P-43553-MBMGI-UP_SUB,43553,EMU,MBM-GI-UP_SUB,09:41,09:46,1111111,5,false
P-43553-MSMBM-UP_SUB,43553,EMU,MS-MBM-UP_SUB,09:47,09:58,1111111,5,false
P-43553-MSBMS-UP_SUB,43553,EMU,MSB-MS-UP_SUB,09:58,10:05,1111111,5,false
P-43554-PVTBM-UP_SUB,43554,EMU,PV-TBM-UP_SUB,09:24,09:33,1111111,5,false
P-43554-STMPV-UP_SUB,43554,EMU,STM-PV-UP_SUB,09:34,09:43,1111111,5,false
P-43554-GISTM-UP_SUB,43554,EMU,GI-STM-UP_SUB,09:43,09:46,1111111,5,false
P-43554-MBMGI-UP_SUB,43554,EMU,MBM-GI-UP_SUB,09:47,09:52,1111111,5,false
P-43554-MSMBM-UP_SUB,43554,EMU,MS-MBM-UP_SUB,09:53,10:04,1111111,5,false
P-43554-MSBMS-UP_SUB,43554,EMU,MSB-MS-UP_SUB,10:04,10:11,1111111,5,false
P-43555-PVTBM-UP_SUB,43555,EMU,PV-TBM-UP_SUB,09:30,09:39,1111111,5,false
P-43555-STMPV-UP_SUB,43555,EMU,STM-PV-UP_SUB,09:40,09:49,1111111,5,false
P-43555-GISTM-UP_SUB,43555,EMU,GI-STM-UP_SUB,09:49,09:52,1111111,5,false
P-43555-MBMGI-UP_SUB,43555,EMU,MBM-GI-UP_SUB,09:53,09:58,1111111,5,false
P-43555-MSMBM-UP_SUB,43555,EMU,MS-MBM-UP_SUB,09:59,10:10,1111111,5,false
P-43555-MSBMS-UP_SUB,43555,EMU,MSB-MS-UP_SUB,10:10,10:17,1111111,5,false
P-43556-PVTBM-UP_SUB,43556,EMU,PV-TBM-UP_SUB,09:36,09:45,1111111,5,false
P-43556-STMPV-UP_SUB,43556,EMU,STM-PV-UP_SUB,09:46,09:55,1111111,5,false
P-43556-GISTM-UP_SUB,43556,EMU,GI-STM-UP_SUB,09:55,09:58,1111111,5,false
P-43556-MBMGI-UP_SUB,43556,EMU,MBM-GI-UP_SUB,09:59,10:04,1111111,5,false
P-43556-MSMBM-UP_SUB,43556,EMU,MS-MBM-UP_SUB,10:05,10:16,1111111,5,false
P-43556-MSBMS-UP_SUB,43556,EMU,MSB-MS-UP_SUB,10:16,10:23,1111111,5,false
P-43557-PVTBM-UP_SUB,43557,EMU,PV-TBM-UP_SUB,09:42,09:51,1111111,5,false
P-43557-STMPV-UP_SUB,43557,EMU,STM-PV-UP_SUB,09:52,10:01,1111111,5,false
P-43557-GISTM-UP_SUB,43557,EMU,GI-STM-UP_SUB,10:01,10:04,1111111,5,false
P-43557-MBMGI-UP_SUB,43557,EMU,MBM-GI-UP_SUB,10:05,10:10,1111111,5,false
P-43557-MSMBM-UP_SUB,43557,EMU,MS-MBM-UP_SUB,10:11,10:22,1111111,5,false
P-43557-MSBMS-UP_SUB,43557,EMU,MSB-MS-UP_SUB,10:22,10:29,1111111,5,false
P-43558-PVTBM-UP_SUB,43558,EMU,PV-TBM-UP_SUB,09:48,09:57,1111111,5,false
P-43558-STMPV-UP_SUB,43558,EMU,STM-PV-UP_SUB,09:58,10:07,1111111,5,false
P-43558-GISTM-UP_SUB,43558,EMU,GI-STM-UP_SUB,10:07,10:10,1111111,5,false
P-43558-MBMGI-UP_SUB,43558,EMU,MBM-GI-UP_SUB,10:11,10:16,1111111,5,false
P-43558-MSMBM-UP_SUB,43558,EMU,MS-MBM-UP_SUB,10:17,10:28,1111111,5,false
P-43558-MSBMS-UP_SUB,43558,EMU,MSB-MS-UP_SUB,10:28,10:35,1111111,5,false
P-43559-PVTBM-UP_SUB,43559,EMU,PV-TBM-UP_SUB,09:54,10:03,1111111,5,false
P-43559-STMPV-UP_SUB,43559,EMU,STM-PV-UP_SUB,10:04,10:13,1111111,5,false
P-43559-GISTM-UP_SUB,43559,EMU,GI-STM-UP_SUB,10:13,10:16,1111111,5,false
P-43559-MBMGI-UP_SUB,43559,EMU,MBM-GI-UP_SUB,10:17,10:22,1111111,5,false
P-43559-MSMBM-UP_SUB,43559,EMU,MS-MBM-UP_SUB,10:23,10:34,1111111,5,false
P-43559-MSBMS-UP_SUB,43559,EMU,MSB-MS-UP_SUB,10:34,10:41,1111111,5,false
P-43560-PVTBM-UP_SUB,43560,EMU,PV-TBM-UP_SUB,10:00,10:09,1111111,5,false
P-43560-STMPV-UP_SUB,43560,EMU,STM-PV-UP_SUB,10:10,10:19,1111111,5,false
P-43560-GISTM-UP_SUB,43560,EMU,GI-STM-UP_SUB,10:19,10:22,1111111,5,false
P-43560-MBMGI-UP_SUB,43560,EMU,MBM-GI-UP_SUB,10:23,10:28,1111111,5,false
P-43560-MSMBM-UP_SUB,43560,EMU,MS-MBM-UP_SUB,10:29,10:40,1111111,5,false
P-43560-MSBMS-UP_SUB,43560,EMU,MSB-MS-UP_SUB,10:40,10:47,1111111,5,false
P-43561-PVTBM-UP_SUB,43561,EMU,PV-TBM-UP_SUB,10:06,10:15,1111111,5,false
P-43561-STMPV-UP_SUB,43561,EMU,STM-PV-UP_SUB,10:16,10:25,1111111,5,false
P-43561-GISTM-UP_SUB,43561,EMU,GI-STM-UP_SUB,10:25,10:28,1111111,5,false
P-43561-MBMGI-UP_SUB,43561,EMU,MBM-GI-UP_SUB,10:29,10:34,1111111,5,false
P-43561-MSMBM-UP_SUB,43561,EMU,MS-MBM-UP_SUB,10:35,10:46,1111111,5,false
P-43561-MSBMS-UP_SUB,43561,EMU,MSB-MS-UP_SUB,10:46,10:53,1111111,5,false
P-43562-PVTBM-UP_SUB,43562,EMU,PV-TBM-UP_SUB,10:12,10:21,1111111,5,false
P-43562-STMPV-UP_SUB,43562,EMU,STM-PV-UP_SUB,10:22,10:31,1111111,5,false
P-43562-GISTM-UP_SUB,43562,EMU,GI-STM-UP_SUB,10:31,10:34,1111111,5,false
P-43562-MBMGI-UP_SUB,43562,EMU,MBM-GI-UP_SUB,10:35,10:40,1111111,5,false
P-43562-MSMBM-UP_SUB,43562,EMU,MS-MBM-UP_SUB,10:41,10:52,1111111,5,false
P-43562-MSBMS-UP_SUB,43562,EMU,MSB-MS-UP_SUB,10:52,10:59,1111111,5,false
P-43563-PVTBM-UP_SUB,43563,EMU,PV-TBM-UP_SUB,10:18,10:27,1111111,5,false
P-43563-STMPV-UP_SUB,43563,EMU,STM-PV-UP_SUB,10:28,10:37,1111111,5,false
P-43563-GISTM-UP_SUB,43563,EMU,GI-STM-UP_SUB,10:37,10:40,1111111,5,false
P-43563-MBMGI-UP_SUB,43563,EMU,MBM-GI-UP_SUB,10:41,10:46,1111111,5,false
P-43563-MSMBM-UP_SUB,43563,EMU,MS-MBM-UP_SUB,10:47,10:58,1111111,5,false
P-43563-MSBMS-UP_SUB,43563,EMU,MSB-MS-UP_SUB,10:58,11:05,1111111,5,false
P-43564-PVTBM-UP_SUB,43564,EMU,PV-TBM-UP_SUB,10:24,10:33,1111111,5,false
P-43564-STMPV-UP_SUB,43564,EMU,STM-PV-UP_SUB,10:34,10:43,1111111,5,false
P-43564-GISTM-UP_SUB,43564,EMU,GI-STM-UP_SUB,10:43,10:46,1111111,5,false
P-43564-MBMGI-UP_SUB,43564,EMU,MBM-GI-UP_SUB,10:47,10:52,1111111,5,false
P-43564-MSMBM-UP_SUB,43564,EMU,MS-MBM-UP_SUB,10:53,11:04,1111111,5,false
P-43564-MSBMS-UP_SUB,43564,EMU,MSB-MS-UP_SUB,11:04,11:11,1111111,5,false
P-43565-PVTBM-UP_SUB,43565,EMU,PV-TBM-UP_SUB,10:30,10:39,1111111,5,false
P-43565-STMPV-UP_SUB,43565,EMU,STM-PV-UP_SUB,10:40,10:49,1111111,5,false
P-43565-GISTM-UP_SUB,43565,EMU,GI-STM-UP_SUB,10:49,10:52,1111111,5,false
P-43565-MBMGI-UP_SUB,43565,EMU,MBM-GI-UP_SUB,10:53,10:58,1111111,5,false
P-43565-MSMBM-UP_SUB,43565,EMU,MS-MBM-UP_SUB,10:59,11:10,1111111,5,false
P-43565-MSBMS-UP_SUB,43565,EMU,MSB-MS-UP_SUB,11:10,11:17,1111111,5,false
P-43566-PVTBM-UP_SUB,43566,EMU,PV-TBM-UP_SUB,10:36,10:45,1111111,5,false
P-43566-STMPV-UP_SUB,43566,EMU,STM-PV-UP_SUB,10:46,10:55,1111111,5,false
P-43566-GISTM-UP_SUB,43566,EMU,GI-STM-UP_SUB,10:55,10:58,1111111,5,false
P-43566-MBMGI-UP_SUB,43566,EMU,MBM-GI-UP_SUB,10:59,11:04,1111111,5,false
P-43566-MSMBM-UP_SUB,43566,EMU,MS-MBM-UP_SUB,11:05,11:16,1111111,5,false
P-43566-MSBMS-UP_SUB,43566,EMU,MSB-MS-UP_SUB,11:16,11:23,1111111,5,false
P-43567-PVTBM-UP_SUB,43567,EMU,PV-TBM-UP_SUB,10:42,10:51,1111111,5,false
P-43567-STMPV-UP_SUB,43567,EMU,STM-PV-UP_SUB,10:52,11:01,1111111,5,false
P-43567-GISTM-UP_SUB,43567,EMU,GI-STM-UP_SUB,11:01,11:04,1111111,5,false
P-43567-MBMGI-UP_SUB,43567,EMU,MBM-GI-UP_SUB,11:05,11:10,1111111,5,false
P-43567-MSMBM-UP_SUB,43567,EMU,MS-MBM-UP_SUB,11:11,11:22,1111111,5,false
P-43567-MSBMS-UP_SUB,43567,EMU,MSB-MS-UP_SUB,11:22,11:29,1111111,5,false
P-43568-PVTBM-UP_SUB,43568,EMU,PV-TBM-UP_SUB,10:48,10:57,1111111,5,false
P-43568-STMPV-UP_SUB,43568,EMU,STM-PV-UP_SUB,10:58,11:07,1111111,5,false
P-43568-GISTM-UP_SUB,43568,EMU,GI-STM-UP_SUB,11:07,11:10,1111111,5,false
P-43568-MBMGI-UP_SUB,43568,EMU,MBM-GI-UP_SUB,11:11,11:16,1111111,5,false
P-43568-MSMBM-UP_SUB,43568,EMU,MS-MBM-UP_SUB,11:17,11:28,1111111,5,false
P-43568-MSBMS-UP_SUB,43568,EMU,MSB-MS-UP_SUB,11:28,11:35,1111111,5,false
P-43569-PVTBM-UP_SUB,43569,EMU,PV-TBM-UP_SUB,10:54,11:03,1111111,5,false
P-43569-STMPV-UP_SUB,43569,EMU,STM-PV-UP_SUB,11:04,11:13,1111111,5,false
P-43569-GISTM-UP_SUB,43569,EMU,GI-STM-UP_SUB,11:13,11:16,1111111,5,false
P-43569-MBMGI-UP_SUB,43569,EMU,MBM-GI-UP_SUB,11:17,11:22,1111111,5,false
P-43569-MSMBM-UP_SUB,43569,EMU,MS-MBM-UP_SUB,11:23,11:34,1111111,5,false
P-43569-MSBMS-UP_SUB,43569,EMU,MSB-MS-UP_SUB,11:34,11:41,1111111,5,false
P-43570-PVTBM-UP_SUB,43570,EMU,PV-TBM-UP_SUB,11:00,11:09,1111111,5,false
P-43570-STMPV-UP_SUB,43570,EMU,STM-PV-UP_SUB,11:10,11:19,1111111,5,false
P-43570-GISTM-UP_SUB,43570,EMU,GI-STM-UP_SUB,11:19,11:22,1111111,5,false
P-43570-MBMGI-UP_SUB,43570,EMU,MBM-GI-UP_SUB,11:23,11:28,1111111,5,false
P-43570-MSMBM-UP_SUB,43570,EMU,MS-MBM-UP_SUB,11:29,11:40,1111111,5,false
P-43570-MSBMS-UP_SUB,43570,EMU,MSB-MS-UP_SUB,11:40,11:47,1111111,5,false
P-43571-PVTBM-UP_SUB,43571,EMU,PV-TBM-UP_SUB,11:06,11:15,1111111,5,false
P-43571-STMPV-UP_SUB,43571,EMU,STM-PV-UP_SUB,11:16,11:25,1111111,5,false
P-43571-GISTM-UP_SUB,43571,EMU,GI-STM-UP_SUB,11:25,11:28,1111111,5,false
P-43571-MBMGI-UP_SUB,43571,EMU,MBM-GI-UP_SUB,11:29,11:34,1111111,5,false
P-43571-MSMBM-UP_SUB,43571,EMU,MS-MBM-UP_SUB,11:35,11:46,1111111,5,false
P-43571-MSBMS-UP_SUB,43571,EMU,MSB-MS-UP_SUB,11:46,11:53,1111111,5,false
P-43572-PVTBM-UP_SUB,43572,EMU,PV-TBM-UP_SUB,11:12,11:21,1111111,5,false
P-43572-STMPV-UP_SUB,43572,EMU,STM-PV-UP_SUB,11:22,11:31,1111111,5,false
P-43572-GISTM-UP_SUB,43572,EMU,GI-STM-UP_SUB,11:31,11:34,1111111,5,false
P-43572-MBMGI-UP_SUB,43572,EMU,MBM-GI-UP_SUB,11:35,11:40,1111111,5,false
P-43572-MSMBM-UP_SUB,43572,EMU,MS-MBM-UP_SUB,11:41,11:52,1111111,5,false
P-43572-MSBMS-UP_SUB,43572,EMU,MSB-MS-UP_SUB,11:52,11:59,1111111,5,false
P-43573-PVTBM-UP_SUB,43573,EMU,PV-TBM-UP_SUB,11:18,11:27,1111111,5,false
P-43573-STMPV-UP_SUB,43573,EMU,STM-PV-UP_SUB,11:28,11:37,1111111,5,false
P-43573-GISTM-UP_SUB,43573,EMU,GI-STM-UP_SUB,11:37,11:40,1111111,5,false
P-43573-MBMGI-UP_SUB,43573,EMU,MBM-GI-UP_SUB,11:41,11:46,1111111,5,false
P-43573-MSMBM-UP_SUB,43573,EMU,MS-MBM-UP_SUB,11:47,11:58,1111111,5,false
P-43573-MSBMS-UP_SUB,43573,EMU,MSB-MS-UP_SUB,11:58,12:05,1111111,5,false
P-43574-PVTBM-UP_SUB,43574,EMU,PV-TBM-UP_SUB,11:24,11:33,1111111,5,false
P-43574-STMPV-UP_SUB,43574,EMU,STM-PV-UP_SUB,11:34,11:43,1111111,5,false
P-43574-GISTM-UP_SUB,43574,EMU,GI-STM-UP_SUB,11:43,11:46,1111111,5,false
P-43574-MBMGI-UP_SUB,43574,EMU,MBM-GI-UP_SUB,11:47,11:52,1111111,5,false
P-43574-MSMBM-UP_SUB,43574,EMU,MS-MBM-UP_SUB,11:53,12:04,1111111,5,false
P-43574-MSBMS-UP_SUB,43574,EMU,MSB-MS-UP_SUB,12:04,12:11,1111111,5,false
P-43575-PVTBM-UP_SUB,43575,EMU,PV-TBM-UP_SUB,11:30,11:39,1111111,5,false
P-43575-STMPV-UP_SUB,43575,EMU,STM-PV-UP_SUB,11:40,11:49,1111111,5,false
P-43575-GISTM-UP_SUB,43575,EMU,GI-STM-UP_SUB,11:49,11:52,1111111,5,false
P-43575-MBMGI-UP_SUB,43575,EMU,MBM-GI-UP_SUB,11:53,11:58,1111111,5,false
P-43575-MSMBM-UP_SUB,43575,EMU,MS-MBM-UP_SUB,11:59,12:10,1111111,5,false
P-43575-MSBMS-UP_SUB,43575,EMU,MSB-MS-UP_SUB,12:10,12:17,1111111,5,false
P-43576-PVTBM-UP_SUB,43576,EMU,PV-TBM-UP_SUB,11:36,11:45,1111111,5,false
P-43576-STMPV-UP_SUB,43576,EMU,STM-PV-UP_SUB,11:46,11:55,1111111,5,false
P-43576-GISTM-UP_SUB,43576,EMU,GI-STM-UP_SUB,11:55,11:58,1111111,5,false
P-43576-MBMGI-UP_SUB,43576,EMU,MBM-GI-UP_SUB,11:59,12:04,1111111,5,false
P-43576-MSMBM-UP_SUB,43576,EMU,MS-MBM-UP_SUB,12:05,12:16,1111111,5,false
P-43576-MSBMS-UP_SUB,43576,EMU,MSB-MS-UP_SUB,12:16,12:23,1111111,5,false
P-43577-PVTBM-UP_SUB,43577,EMU,PV-TBM-UP_SUB,11:42,11:51,1111111,5,false
P-43577-STMPV-UP_SUB,43577,EMU,STM-PV-UP_SUB,11:52,12:01,1111111,5,false
P-43577-GISTM-UP_SUB,43577,EMU,GI-STM-UP_SUB,12:01,12:04,1111111,5,false
P-43577-MBMGI-UP_SUB,43577,EMU,MBM-GI-UP_SUB,12:05,12:10,1111111,5,false
P-43577-MSMBM-UP_SUB,43577,EMU,MS-MBM-UP_SUB,12:11,12:22,1111111,5,false
P-43577-MSBMS-UP_SUB,43577,EMU,MSB-MS-UP_SUB,12:22,12:29,1111111,5,false
P-43578-PVTBM-UP_SUB,43578,EMU,PV-TBM-UP_SUB,11:48,11:57,1111111,5,false
P-43578-STMPV-UP_SUB,43578,EMU,STM-PV-UP_SUB,11:58,12:07,1111111,5,false
P-43578-GISTM-UP_SUB,43578,EMU,GI-STM-UP_SUB,12:07,12:10,1111111,5,false
P-43578-MBMGI-UP_SUB,43578,EMU,MBM-GI-UP_SUB,12:11,12:16,1111111,5,false
P-43578-MSMBM-UP_SUB,43578,EMU,MS-MBM-UP_SUB,12:17,12:28,1111111,5,false
P-43578-MSBMS-UP_SUB,43578,EMU,MSB-MS-UP_SUB,12:28,12:35,1111111,5,false
P-43579-PVTBM-UP_SUB,43579,EMU,PV-TBM-UP_SUB,11:54,12:03,1111111,5,false
P-43579-STMPV-UP_SUB,43579,EMU,STM-PV-UP_SUB,12:04,12:13,1111111,5,false
P-43579-GISTM-UP_SUB,43579,EMU,GI-STM-UP_SUB,12:13,12:16,1111111,5,false
P-43579-MBMGI-UP_SUB,43579,EMU,MBM-GI-UP_SUB,12:17,12:22,1111111,5,false
P-43579-MSMBM-UP_SUB,43579,EMU,MS-MBM-UP_SUB,12:23,12:34,1111111,5,false
P-43579-MSBMS-UP_SUB,43579,EMU,MSB-MS-UP_SUB,12:34,12:41,1111111,5,false
P-43580-PVTBM-UP_SUB,43580,EMU,PV-TBM-UP_SUB,12:00,12:09,1111111,5,false
P-43580-STMPV-UP_SUB,43580,EMU,STM-PV-UP_SUB,12:10,12:19,1111111,5,false
P-43580-GISTM-UP_SUB,43580,EMU,GI-STM-UP_SUB,12:19,12:22,1111111,5,false
P-43580-MBMGI-UP_SUB,43580,EMU,MBM-GI-UP_SUB,12:23,12:28,1111111,5,false
P-43580-MSMBM-UP_SUB,43580,EMU,MS-MBM-UP_SUB,12:29,12:40,1111111,5,false
P-43580-MSBMS-UP_SUB,43580,EMU,MSB-MS-UP_SUB,12:40,12:47,1111111,5,false
P-43581-PVTBM-UP_SUB,43581,EMU,PV-TBM-UP_SUB,12:06,12:15,1111111,5,false
P-43581-STMPV-UP_SUB,43581,EMU,STM-PV-UP_SUB,12:16,12:25,1111111,5,false
P-43581-GISTM-UP_SUB,43581,EMU,GI-STM-UP_SUB,12:25,12:28,1111111,5,false
P-43581-MBMGI-UP_SUB,43581,EMU,MBM-GI-UP_SUB,12:29,12:34,1111111,5,false
P-43581-MSMBM-UP_SUB,43581,EMU,MS-MBM-UP_SUB,12:35,12:46,1111111,5,false
P-43581-MSBMS-UP_SUB,43581,EMU,MSB-MS-UP_SUB,12:46,12:53,1111111,5,false
P-43582-PVTBM-UP_SUB,43582,EMU,PV-TBM-UP_SUB,12:12,12:21,1111111,5,false
P-43582-STMPV-UP_SUB,43582,EMU,STM-PV-UP_SUB,12:22,12:31,1111111,5,false
P-43582-GISTM-UP_SUB,43582,EMU,GI-STM-UP_SUB,12:31,12:34,1111111,5,false
P-43582-MBMGI-UP_SUB,43582,EMU,MBM-GI-UP_SUB,12:35,12:40,1111111,5,false
P-43582-MSMBM-UP_SUB,43582,EMU,MS-MBM-UP_SUB,12:41,12:52,1111111,5,false
P-43582-MSBMS-UP_SUB,43582,EMU,MSB-MS-UP_SUB,12:52,12:59,1111111,5,false
P-43583-PVTBM-UP_SUB,43583,EMU,PV-TBM-UP_SUB,12:18,12:27,1111111,5,false
P-43583-STMPV-UP_SUB,43583,EMU,STM-PV-UP_SUB,12:28,12:37,1111111,5,false
P-43583-GISTM-UP_SUB,43583,EMU,GI-STM-UP_SUB,12:37,12:40,1111111,5,false
P-43583-MBMGI-UP_SUB,43583,EMU,MBM-GI-UP_SUB,12:41,12:46,1111111,5,false
P-43583-MSMBM-UP_SUB,43583,EMU,MS-MBM-UP_SUB,12:47,12:58,1111111,5,false
P-43583-MSBMS-UP_SUB,43583,EMU,MSB-MS-UP_SUB,12:58,13:05,1111111,5,false
P-43584-PVTBM-UP_SUB,43584,EMU,PV-TBM-UP_SUB,12:24,12:33,1111111,5,false
P-43584-STMPV-UP_SUB,43584,EMU,STM-PV-UP_SUB,12:34,12:43,1111111,5,false
P-43584-GISTM-UP_SUB,43584,EMU,GI-STM-UP_SUB,12:43,12:46,1111111,5,false
P-43584-MBMGI-UP_SUB,43584,EMU,MBM-GI-UP_SUB,12:47,12:52,1111111,5,false
P-43584-MSMBM-UP_SUB,43584,EMU,MS-MBM-UP_SUB,12:53,13:04,1111111,5,false
P-43584-MSBMS-UP_SUB,43584,EMU,MSB-MS-UP_SUB,13:04,13:11,1111111,5,false
P-43585-PVTBM-UP_SUB,43585,EMU,PV-TBM-UP_SUB,12:30,12:39,1111111,5,false
P-43585-STMPV-UP_SUB,43585,EMU,STM-PV-UP_SUB,12:40,12:49,1111111,5,false
P-43585-GISTM-UP_SUB,43585,EMU,GI-STM-UP_SUB,12:49,12:52,1111111,5,false
P-43585-MBMGI-UP_SUB,43585,EMU,MBM-GI-UP_SUB,12:53,12:58,1111111,5,false
P-43585-MSMBM-UP_SUB,43585,EMU,MS-MBM-UP_SUB,12:59,13:10,1111111,5,false
P-43585-MSBMS-UP_SUB,43585,EMU,MSB-MS-UP_SUB,13:10,13:17,1111111,5,false
P-43586-PVTBM-UP_SUB,43586,EMU,PV-TBM-UP_SUB,12:36,12:45,1111111,5,false
P-43586-STMPV-UP_SUB,43586,EMU,STM-PV-UP_SUB,12:46,12:55,1111111,5,false
P-43586-GISTM-UP_SUB,43586,EMU,GI-STM-UP_SUB,12:55,12:58,1111111,5,false
P-43586-MBMGI-UP_SUB,43586,EMU,MBM-GI-UP_SUB,12:59,13:04,1111111,5,false
P-43586-MSMBM-UP_SUB,43586,EMU,MS-MBM-UP_SUB,13:05,13:16,1111111,5,false
P-43586-MSBMS-UP_SUB,43586,EMU,MSB-MS-UP_SUB,13:16,13:23,1111111,5,false
P-43587-PVTBM-UP_SUB,43587,EMU,PV-TBM-UP_SUB,12:42,12:51,1111111,5,false
P-43587-STMPV-UP_SUB,43587,EMU,STM-PV-UP_SUB,12:52,13:01,1111111,5,false
P-43587-GISTM-UP_SUB,43587,EMU,GI-STM-UP_SUB,13:01,13:04,1111111,5,false
P-43587-MBMGI-UP_SUB,43587,EMU,MBM-GI-UP_SUB,13:05,13:10,1111111,5,false
P-43587-MSMBM-UP_SUB,43587,EMU,MS-MBM-UP_SUB,13:11,13:22,1111111,5,false
P-43587-MSBMS-UP_SUB,43587,EMU,MSB-MS-UP_SUB,13:22,13:29,1111111,5,false
P-43588-PVTBM-UP_SUB,43588,EMU,PV-TBM-UP_SUB,12:48,12:57,1111111,5,false
P-43588-STMPV-UP_SUB,43588,EMU,STM-PV-UP_SUB,12:58,13:07,1111111,5,false
P-43588-GISTM-UP_SUB,43588,EMU,GI-STM-UP_SUB,13:07,13:10,1111111,5,false
P-43588-MBMGI-UP_SUB,43588,EMU,MBM-GI-UP_SUB,13:11,13:16,1111111,5,false
P-43588-MSMBM-UP_SUB,43588,EMU,MS-MBM-UP_SUB,13:17,13:28,1111111,5,false
P-43588-MSBMS-UP_SUB,43588,EMU,MSB-MS-UP_SUB,13:28,13:35,1111111,5,false
P-43589-PVTBM-UP_SUB,43589,EMU,PV-TBM-UP_SUB,12:54,13:03,1111111,5,false
P-43589-STMPV-UP_SUB,43589,EMU,STM-PV-UP_SUB,13:04,13:13,1111111,5,false
P-43589-GISTM-UP_SUB,43589,EMU,GI-STM-UP_SUB,13:13,13:16,1111111,5,false
P-43589-MBMGI-UP_SUB,43589,EMU,MBM-GI-UP_SUB,13:17,13:22,1111111,5,false
P-43589-MSMBM-UP_SUB,43589,EMU,MS-MBM-UP_SUB,13:23,13:34,1111111,5,false
P-43589-MSBMS-UP_SUB,43589,EMU,MSB-MS-UP_SUB,13:34,13:41,1111111,5,false
P-43590-PVTBM-UP_SUB,43590,EMU,PV-TBM-UP_SUB,13:00,13:09,1111111,5,false
P-43590-STMPV-UP_SUB,43590,EMU,STM-PV-UP_SUB,13:10,13:19,1111111,5,false
P-43590-GISTM-UP_SUB,43590,EMU,GI-STM-UP_SUB,13:19,13:22,1111111,5,false
P-43590-MBMGI-UP_SUB,43590,EMU,MBM-GI-UP_SUB,13:23,13:28,1111111,5,false
P-43590-MSMBM-UP_SUB,43590,EMU,MS-MBM-UP_SUB,13:29,13:40,1111111,5,false
P-43590-MSBMS-UP_SUB,43590,EMU,MSB-MS-UP_SUB,13:40,13:47,1111111,5,false
P-43591-PVTBM-UP_SUB,43591,EMU,PV-TBM-UP_SUB,13:06,13:15,1111111,5,false
P-43591-STMPV-UP_SUB,43591,EMU,STM-PV-UP_SUB,13:16,13:25,1111111,5,false
P-43591-GISTM-UP_SUB,43591,EMU,GI-STM-UP_SUB,13:25,13:28,1111111,5,false
P-43591-MBMGI-UP_SUB,43591,EMU,MBM-GI-UP_SUB,13:29,13:34,1111111,5,false
P-43591-MSMBM-UP_SUB,43591,EMU,MS-MBM-UP_SUB,13:35,13:46,1111111,5,false
P-43591-MSBMS-UP_SUB,43591,EMU,MSB-MS-UP_SUB,13:46,13:53,1111111,5,false
P-43592-PVTBM-UP_SUB,43592,EMU,PV-TBM-UP_SUB,13:12,13:21,1111111,5,false
P-43592-STMPV-UP_SUB,43592,EMU,STM-PV-UP_SUB,13:22,13:31,1111111,5,false
P-43592-GISTM-UP_SUB,43592,EMU,GI-STM-UP_SUB,13:31,13:34,1111111,5,false
P-43592-MBMGI-UP_SUB,43592,EMU,MBM-GI-UP_SUB,13:35,13:40,1111111,5,false
P-43592-MSMBM-UP_SUB,43592,EMU,MS-MBM-UP_SUB,13:41,13:52,1111111,5,false
P-43592-MSBMS-UP_SUB,43592,EMU,MSB-MS-UP_SUB,13:52,13:59,1111111,5,false
P-43593-PVTBM-UP_SUB,43593,EMU,PV-TBM-UP_SUB,13:18,13:27,1111111,5,false
P-43593-STMPV-UP_SUB,43593,EMU,STM-PV-UP_SUB,13:28,13:37,1111111,5,false
P-43593-GISTM-UP_SUB,43593,EMU,GI-STM-UP_SUB,13:37,13:40,1111111,5,false
P-43593-MBMGI-UP_SUB,43593,EMU,MBM-GI-UP_SUB,13:41,13:46,1111111,5,false
P-43593-MSMBM-UP_SUB,43593,EMU,MS-MBM-UP_SUB,13:47,13:58,1111111,5,false
P-43593-MSBMS-UP_SUB,43593,EMU,MSB-MS-UP_SUB,13:58,14:05,1111111,5,false
P-43594-PVTBM-UP_SUB,43594,EMU,PV-TBM-UP_SUB,13:24,13:33,1111111,5,false
P-43594-STMPV-UP_SUB,43594,EMU,STM-PV-UP_SUB,13:34,13:43,1111111,5,false
P-43594-GISTM-UP_SUB,43594,EMU,GI-STM-UP_SUB,13:43,13:46,1111111,5,false
P-43594-MBMGI-UP_SUB,43594,EMU,MBM-GI-UP_SUB,13:47,13:52,1111111,5,false
P-43594-MSMBM-UP_SUB,43594,EMU,MS-MBM-UP_SUB,13:53,14:04,1111111,5,false
P-43594-MSBMS-UP_SUB,43594,EMU,MSB-MS-UP_SUB,14:04,14:11,1111111,5,false
P-43595-PVTBM-UP_SUB,43595,EMU,PV-TBM-UP_SUB,13:30,13:39,1111111,5,false
P-43595-STMPV-UP_SUB,43595,EMU,STM-PV-UP_SUB,13:40,13:49,1111111,5,false
P-43595-GISTM-UP_SUB,43595,EMU,GI-STM-UP_SUB,13:49,13:52,1111111,5,false
P-43595-MBMGI-UP_SUB,43595,EMU,MBM-GI-UP_SUB,13:53,13:58,1111111,5,false
P-43595-MSMBM-UP_SUB,43595,EMU,MS-MBM-UP_SUB,13:59,14:10,1111111,5,false
P-43595-MSBMS-UP_SUB,43595,EMU,MSB-MS-UP_SUB,14:10,14:17,1111111,5,false
P-43596-PVTBM-UP_SUB,43596,EMU,PV-TBM-UP_SUB,13:36,13:45,1111111,5,false
P-43596-STMPV-UP_SUB,43596,EMU,STM-PV-UP_SUB,13:46,13:55,1111111,5,false
P-43596-GISTM-UP_SUB,43596,EMU,GI-STM-UP_SUB,13:55,13:58,1111111,5,false
P-43596-MBMGI-UP_SUB,43596,EMU,MBM-GI-UP_SUB,13:59,14:04,1111111,5,false
P-43596-MSMBM-UP_SUB,43596,EMU,MS-MBM-UP_SUB,14:05,14:16,1111111,5,false
P-43596-MSBMS-UP_SUB,43596,EMU,MSB-MS-UP_SUB,14:16,14:23,1111111,5,false
P-43597-PVTBM-UP_SUB,43597,EMU,PV-TBM-UP_SUB,13:42,13:51,1111111,5,false
P-43597-STMPV-UP_SUB,43597,EMU,STM-PV-UP_SUB,13:52,14:01,1111111,5,false
P-43597-GISTM-UP_SUB,43597,EMU,GI-STM-UP_SUB,14:01,14:04,1111111,5,false
P-43597-MBMGI-UP_SUB,43597,EMU,MBM-GI-UP_SUB,14:05,14:10,1111111,5,false
P-43597-MSMBM-UP_SUB,43597,EMU,MS-MBM-UP_SUB,14:11,14:22,1111111,5,false
P-43597-MSBMS-UP_SUB,43597,EMU,MSB-MS-UP_SUB,14:22,14:29,1111111,5,false
P-43598-PVTBM-UP_SUB,43598,EMU,PV-TBM-UP_SUB,13:48,13:57,1111111,5,false
P-43598-STMPV-UP_SUB,43598,EMU,STM-PV-UP_SUB,13:58,14:07,1111111,5,false
P-43598-GISTM-UP_SUB,43598,EMU,GI-STM-UP_SUB,14:07,14:10,1111111,5,false
P-43598-MBMGI-UP_SUB,43598,EMU,MBM-GI-UP_SUB,14:11,14:16,1111111,5,false
P-43598-MSMBM-UP_SUB,43598,EMU,MS-MBM-UP_SUB,14:17,14:28,1111111,5,false
P-43598-MSBMS-UP_SUB,43598,EMU,MSB-MS-UP_SUB,14:28,14:35,1111111,5,false
P-43599-PVTBM-UP_SUB,43599,EMU,PV-TBM-UP_SUB,13:54,14:03,1111111,5,false
P-43599-STMPV-UP_SUB,43599,EMU,STM-PV-UP_SUB,14:04,14:13,1111111,5,false
P-43599-GISTM-UP_SUB,43599,EMU,GI-STM-UP_SUB,14:13,14:16,1111111,5,false
P-43599-MBMGI-UP_SUB,43599,EMU,MBM-GI-UP_SUB,14:17,14:22,1111111,5,false
P-43599-MSMBM-UP_SUB,43599,EMU,MS-MBM-UP_SUB,14:23,14:34,1111111,5,false
P-43599-MSBMS-UP_SUB,43599,EMU,MSB-MS-UP_SUB,14:34,14:41,1111111,5,false
P-43600-PVTBM-UP_SUB,43600,EMU,PV-TBM-UP_SUB,14:00,14:09,1111111,5,false
P-43600-STMPV-UP_SUB,43600,EMU,STM-PV-UP_SUB,14:10,14:19,1111111,5,false
P-43600-GISTM-UP_SUB,43600,EMU,GI-STM-UP_SUB,14:19,14:22,1111111,5,false
P-43600-MBMGI-UP_SUB,43600,EMU,MBM-GI-UP_SUB,14:23,14:28,1111111,5,false
P-43600-MSMBM-UP_SUB,43600,EMU,MS-MBM-UP_SUB,14:29,14:40,1111111,5,false
P-43600-MSBMS-UP_SUB,43600,EMU,MSB-MS-UP_SUB,14:40,14:47,1111111,5,false
P-43601-PVTBM-UP_SUB,43601,EMU,PV-TBM-UP_SUB,14:06,14:15,1111111,5,false
P-43601-STMPV-UP_SUB,43601,EMU,STM-PV-UP_SUB,14:16,14:25,1111111,5,false
P-43601-GISTM-UP_SUB,43601,EMU,GI-STM-UP_SUB,14:25,14:28,1111111,5,false
P-43601-MBMGI-UP_SUB,43601,EMU,MBM-GI-UP_SUB,14:29,14:34,1111111,5,false
P-43601-MSMBM-UP_SUB,43601,EMU,MS-MBM-UP_SUB,14:35,14:46,1111111,5,false
P-43601-MSBMS-UP_SUB,43601,EMU,MSB-MS-UP_SUB,14:46,14:53,1111111,5,false
P-43602-PVTBM-UP_SUB,43602,EMU,PV-TBM-UP_SUB,14:12,14:21,1111111,5,false
P-43602-STMPV-UP_SUB,43602,EMU,STM-PV-UP_SUB,14:22,14:31,1111111,5,false
P-43602-GISTM-UP_SUB,43602,EMU,GI-STM-UP_SUB,14:31,14:34,1111111,5,false
P-43602-MBMGI-UP_SUB,43602,EMU,MBM-GI-UP_SUB,14:35,14:40,1111111,5,false
P-43602-MSMBM-UP_SUB,43602,EMU,MS-MBM-UP_SUB,14:41,14:52,1111111,5,false
P-43602-MSBMS-UP_SUB,43602,EMU,MSB-MS-UP_SUB,14:52,14:59,1111111,5,false
P-43603-PVTBM-UP_SUB,43603,EMU,PV-TBM-UP_SUB,14:18,14:27,1111111,5,false
P-43603-STMPV-UP_SUB,43603,EMU,STM-PV-UP_SUB,14:28,14:37,1111111,5,false
P-43603-GISTM-UP_SUB,43603,EMU,GI-STM-UP_SUB,14:37,14:40,1111111,5,false
P-43603-MBMGI-UP_SUB,43603,EMU,MBM-GI-UP_SUB,14:41,14:46,1111111,5,false
P-43603-MSMBM-UP_SUB,43603,EMU,MS-MBM-UP_SUB,14:47,14:58,1111111,5,false
P-43603-MSBMS-UP_SUB,43603,EMU,MSB-MS-UP_SUB,14:58,15:05,1111111,5,false
P-43604-PVTBM-UP_SUB,43604,EMU,PV-TBM-UP_SUB,14:24,14:33,1111111,5,false
P-43604-STMPV-UP_SUB,43604,EMU,STM-PV-UP_SUB,14:34,14:43,1111111,5,false
P-43604-GISTM-UP_SUB,43604,EMU,GI-STM-UP_SUB,14:43,14:46,1111111,5,false
P-43604-MBMGI-UP_SUB,43604,EMU,MBM-GI-UP_SUB,14:47,14:52,1111111,5,false
P-43604-MSMBM-UP_SUB,43604,EMU,MS-MBM-UP_SUB,14:53,15:04,1111111,5,false
P-43604-MSBMS-UP_SUB,43604,EMU,MSB-MS-UP_SUB,15:04,15:11,1111111,5,false
P-43605-PVTBM-UP_SUB,43605,EMU,PV-TBM-UP_SUB,14:30,14:39,1111111,5,false
P-43605-STMPV-UP_SUB,43605,EMU,STM-PV-UP_SUB,14:40,14:49,1111111,5,false
P-43605-GISTM-UP_SUB,43605,EMU,GI-STM-UP_SUB,14:49,14:52,1111111,5,false
P-43605-MBMGI-UP_SUB,43605,EMU,MBM-GI-UP_SUB,14:53,14:58,1111111,5,false
P-43605-MSMBM-UP_SUB,43605,EMU,MS-MBM-UP_SUB,14:59,15:10,1111111,5,false
P-43605-MSBMS-UP_SUB,43605,EMU,MSB-MS-UP_SUB,15:10,15:17,1111111,5,false
P-43606-PVTBM-UP_SUB,43606,EMU,PV-TBM-UP_SUB,14:36,14:45,1111111,5,false
P-43606-STMPV-UP_SUB,43606,EMU,STM-PV-UP_SUB,14:46,14:55,1111111,5,false
P-43606-GISTM-UP_SUB,43606,EMU,GI-STM-UP_SUB,14:55,14:58,1111111,5,false
P-43606-MBMGI-UP_SUB,43606,EMU,MBM-GI-UP_SUB,14:59,15:04,1111111,5,false
P-43606-MSMBM-UP_SUB,43606,EMU,MS-MBM-UP_SUB,15:05,15:16,1111111,5,false
P-43606-MSBMS-UP_SUB,43606,EMU,MSB-MS-UP_SUB,15:16,15:23,1111111,5,false
P-43607-PVTBM-UP_SUB,43607,EMU,PV-TBM-UP_SUB,14:42,14:51,1111111,5,false
P-43607-STMPV-UP_SUB,43607,EMU,STM-PV-UP_SUB,14:52,15:01,1111111,5,false
P-43607-GISTM-UP_SUB,43607,EMU,GI-STM-UP_SUB,15:01,15:04,1111111,5,false
P-43607-MBMGI-UP_SUB,43607,EMU,MBM-GI-UP_SUB,15:05,15:10,1111111,5,false
P-43607-MSMBM-UP_SUB,43607,EMU,MS-MBM-UP_SUB,15:11,15:22,1111111,5,false
P-43607-MSBMS-UP_SUB,43607,EMU,MSB-MS-UP_SUB,15:22,15:29,1111111,5,false
P-43608-PVTBM-UP_SUB,43608,EMU,PV-TBM-UP_SUB,14:48,14:57,1111111,5,false
P-43608-STMPV-UP_SUB,43608,EMU,STM-PV-UP_SUB,14:58,15:07,1111111,5,false
P-43608-GISTM-UP_SUB,43608,EMU,GI-STM-UP_SUB,15:07,15:10,1111111,5,false
P-43608-MBMGI-UP_SUB,43608,EMU,MBM-GI-UP_SUB,15:11,15:16,1111111,5,false
P-43608-MSMBM-UP_SUB,43608,EMU,MS-MBM-UP_SUB,15:17,15:28,1111111,5,false
P-43608-MSBMS-UP_SUB,43608,EMU,MSB-MS-UP_SUB,15:28,15:35,1111111,5,false
P-43609-PVTBM-UP_SUB,43609,EMU,PV-TBM-UP_SUB,14:54,15:03,1111111,5,false
P-43609-STMPV-UP_SUB,43609,EMU,STM-PV-UP_SUB,15:04,15:13,1111111,5,false
P-43609-GISTM-UP_SUB,43609,EMU,GI-STM-UP_SUB,15:13,15:16,1111111,5,false
P-43609-MBMGI-UP_SUB,43609,EMU,MBM-GI-UP_SUB,15:17,15:22,1111111,5,false
P-43609-MSMBM-UP_SUB,43609,EMU,MS-MBM-UP_SUB,15:23,15:34,1111111,5,false
P-43609-MSBMS-UP_SUB,43609,EMU,MSB-MS-UP_SUB,15:34,15:41,1111111,5,false
P-43610-PVTBM-UP_SUB,43610,EMU,PV-TBM-UP_SUB,15:00,15:09,1111111,5,false
P-43610-STMPV-UP_SUB,43610,EMU,STM-PV-UP_SUB,15:10,15:19,1111111,5,false
P-43610-GISTM-UP_SUB,43610,EMU,GI-STM-UP_SUB,15:19,15:22,1111111,5,false
P-43610-MBMGI-UP_SUB,43610,EMU,MBM-GI-UP_SUB,15:23,15:28,1111111,5,false
P-43610-MSMBM-UP_SUB,43610,EMU,MS-MBM-UP_SUB,15:29,15:40,1111111,5,false
P-43610-MSBMS-UP_SUB,43610,EMU,MSB-MS-UP_SUB,15:40,15:47,1111111,5,false
P-43611-PVTBM-UP_SUB,43611,EMU,PV-TBM-UP_SUB,15:06,15:15,1111111,5,false
P-43611-STMPV-UP_SUB,43611,EMU,STM-PV-UP_SUB,15:16,15:25,1111111,5,false
P-43611-GISTM-UP_SUB,43611,EMU,GI-STM-UP_SUB,15:25,15:28,1111111,5,false
P-43611-MBMGI-UP_SUB,43611,EMU,MBM-GI-UP_SUB,15:29,15:34,1111111,5,false
P-43611-MSMBM-UP_SUB,43611,EMU,MS-MBM-UP_SUB,15:35,15:46,1111111,5,false
P-43611-MSBMS-UP_SUB,43611,EMU,MSB-MS-UP_SUB,15:46,15:53,1111111,5,false
P-43612-PVTBM-UP_SUB,43612,EMU,PV-TBM-UP_SUB,15:12,15:21,1111111,5,false
P-43612-STMPV-UP_SUB,43612,EMU,STM-PV-UP_SUB,15:22,15:31,1111111,5,false
P-43612-GISTM-UP_SUB,43612,EMU,GI-STM-UP_SUB,15:31,15:34,1111111,5,false
P-43612-MBMGI-UP_SUB,43612,EMU,MBM-GI-UP_SUB,15:35,15:40,1111111,5,false
P-43612-MSMBM-UP_SUB,43612,EMU,MS-MBM-UP_SUB,15:41,15:52,1111111,5,false
P-43612-MSBMS-UP_SUB,43612,EMU,MSB-MS-UP_SUB,15:52,15:59,1111111,5,false
P-43613-PVTBM-UP_SUB,43613,EMU,PV-TBM-UP_SUB,15:18,15:27,1111111,5,false
P-43613-STMPV-UP_SUB,43613,EMU,STM-PV-UP_SUB,15:28,15:37,1111111,5,false
P-43613-GISTM-UP_SUB,43613,EMU,GI-STM-UP_SUB,15:37,15:40,1111111,5,false
P-43613-MBMGI-UP_SUB,43613,EMU,MBM-GI-UP_SUB,15:41,15:46,1111111,5,false
P-43613-MSMBM-UP_SUB,43613,EMU,MS-MBM-UP_SUB,15:47,15:58,1111111,5,false
P-43613-MSBMS-UP_SUB,43613,EMU,MSB-MS-UP_SUB,15:58,16:05,1111111,5,false
P-43614-PVTBM-UP_SUB,43614,EMU,PV-TBM-UP_SUB,15:24,15:33,1111111,5,false
P-43614-STMPV-UP_SUB,43614,EMU,STM-PV-UP_SUB,15:34,15:43,1111111,5,false
P-43614-GISTM-UP_SUB,43614,EMU,GI-STM-UP_SUB,15:43,15:46,1111111,5,false
P-43614-MBMGI-UP_SUB,43614,EMU,MBM-GI-UP_SUB,15:47,15:52,1111111,5,false
P-43614-MSMBM-UP_SUB,43614,EMU,MS-MBM-UP_SUB,15:53,16:04,1111111,5,false
P-43614-MSBMS-UP_SUB,43614,EMU,MSB-MS-UP_SUB,16:04,16:11,1111111,5,false
P-43615-PVTBM-UP_SUB,43615,EMU,PV-TBM-UP_SUB,15:30,15:39,1111111,5,false
P-43615-STMPV-UP_SUB,43615,EMU,STM-PV-UP_SUB,15:40,15:49,1111111,5,false
P-43615-GISTM-UP_SUB,43615,EMU,GI-STM-UP_SUB,15:49,15:52,1111111,5,false
P-43615-MBMGI-UP_SUB,43615,EMU,MBM-GI-UP_SUB,15:53,15:58,1111111,5,false
P-43615-MSMBM-UP_SUB,43615,EMU,MS-MBM-UP_SUB,15:59,16:10,1111111,5,false
P-43615-MSBMS-UP_SUB,43615,EMU,MSB-MS-UP_SUB,16:10,16:17,1111111,5,false
P-43616-PVTBM-UP_SUB,43616,EMU,PV-TBM-UP_SUB,15:36,15:45,1111111,5,false
P-43616-STMPV-UP_SUB,43616,EMU,STM-PV-UP_SUB,15:46,15:55,1111111,5,false
P-43616-GISTM-UP_SUB,43616,EMU,GI-STM-UP_SUB,15:55,15:58,1111111,5,false
P-43616-MBMGI-UP_SUB,43616,EMU,MBM-GI-UP_SUB,15:59,16:04,1111111,5,false
P-43616-MSMBM-UP_SUB,43616,EMU,MS-MBM-UP_SUB,16:05,16:16,1111111,5,false
P-43616-MSBMS-UP_SUB,43616,EMU,MSB-MS-UP_SUB,16:16,16:23,1111111,5,false
P-43617-PVTBM-UP_SUB,43617,EMU,PV-TBM-UP_SUB,15:42,15:51,1111111,5,false
P-43617-STMPV-UP_SUB,43617,EMU,STM-PV-UP_SUB,15:52,16:01,1111111,5,false
P-43617-GISTM-UP_SUB,43617,EMU,GI-STM-UP_SUB,16:01,16:04,1111111,5,false
P-43617-MBMGI-UP_SUB,43617,EMU,MBM-GI-UP_SUB,16:05,16:10,1111111,5,false
P-43617-MSMBM-UP_SUB,43617,EMU,MS-MBM-UP_SUB,16:11,16:22,1111111,5,false
P-43617-MSBMS-UP_SUB,43617,EMU,MSB-MS-UP_SUB,16:22,16:29,1111111,5,false
P-43618-PVTBM-UP_SUB,43618,EMU,PV-TBM-UP_SUB,15:48,15:57,1111111,5,false
P-43618-STMPV-UP_SUB,43618,EMU,STM-PV-UP_SUB,15:58,16:07,1111111,5,false
P-43618-GISTM-UP_SUB,43618,EMU,GI-STM-UP_SUB,16:07,16:10,1111111,5,false
P-43618-MBMGI-UP_SUB,43618,EMU,MBM-GI-UP_SUB,16:11,16:16,1111111,5,false
P-43618-MSMBM-UP_SUB,43618,EMU,MS-MBM-UP_SUB,16:17,16:28,1111111,5,false
P-43618-MSBMS-UP_SUB,43618,EMU,MSB-MS-UP_SUB,16:28,16:35,1111111,5,false
P-43619-PVTBM-UP_SUB,43619,EMU,PV-TBM-UP_SUB,15:54,16:03,1111111,5,false
P-43619-STMPV-UP_SUB,43619,EMU,STM-PV-UP_SUB,16:04,16:13,1111111,5,false
P-43619-GISTM-UP_SUB,43619,EMU,GI-STM-UP_SUB,16:13,16:16,1111111,5,false
P-43619-MBMGI-UP_SUB,43619,EMU,MBM-GI-UP_SUB,16:17,16:22,1111111,5,false
P-43619-MSMBM-UP_SUB,43619,EMU,MS-MBM-UP_SUB,16:23,16:34,1111111,5,false
P-43619-MSBMS-UP_SUB,43619,EMU,MSB-MS-UP_SUB,16:34,16:41,1111111,5,false
P-43620-PVTBM-UP_SUB,43620,EMU,PV-TBM-UP_SUB,16:00,16:09,1111111,5,false
P-43620-STMPV-UP_SUB,43620,EMU,STM-PV-UP_SUB,16:10,16:19,1111111,5,false
P-43620-GISTM-UP_SUB,43620,EMU,GI-STM-UP_SUB,16:19,16:22,1111111,5,false
P-43620-MBMGI-UP_SUB,43620,EMU,MBM-GI-UP_SUB,16:23,16:28,1111111,5,false
P-43620-MSMBM-UP_SUB,43620,EMU,MS-MBM-UP_SUB,16:29,16:40,1111111,5,false
P-43620-MSBMS-UP_SUB,43620,EMU,MSB-MS-UP_SUB,16:40,16:47,1111111,5,false
P-43621-PVTBM-UP_SUB,43621,EMU,PV-TBM-UP_SUB,16:06,16:15,1111111,5,false
P-43621-STMPV-UP_SUB,43621,EMU,STM-PV-UP_SUB,16:16,16:25,1111111,5,false
P-43621-GISTM-UP_SUB,43621,EMU,GI-STM-UP_SUB,16:25,16:28,1111111,5,false
P-43621-MBMGI-UP_SUB,43621,EMU,MBM-GI-UP_SUB,16:29,16:34,1111111,5,false
P-43621-MSMBM-UP_SUB,43621,EMU,MS-MBM-UP_SUB,16:35,16:46,1111111,5,false
P-43621-MSBMS-UP_SUB,43621,EMU,MSB-MS-UP_SUB,16:46,16:53,1111111,5,false
P-43622-PVTBM-UP_SUB,43622,EMU,PV-TBM-UP_SUB,16:12,16:21,1111111,5,false
P-43622-STMPV-UP_SUB,43622,EMU,STM-PV-UP_SUB,16:22,16:31,1111111,5,false
P-43622-GISTM-UP_SUB,43622,EMU,GI-STM-UP_SUB,16:31,16:34,1111111,5,false
P-43622-MBMGI-UP_SUB,43622,EMU,MBM-GI-UP_SUB,16:35,16:40,1111111,5,false
P-43622-MSMBM-UP_SUB,43622,EMU,MS-MBM-UP_SUB,16:41,16:52,1111111,5,false
P-43622-MSBMS-UP_SUB,43622,EMU,MSB-MS-UP_SUB,16:52,16:59,1111111,5,false
P-43623-PVTBM-UP_SUB,43623,EMU,PV-TBM-UP_SUB,16:18,16:27,1111111,5,false
P-43623-STMPV-UP_SUB,43623,EMU,STM-PV-UP_SUB,16:28,16:37,1111111,5,false
P-43623-GISTM-UP_SUB,43623,EMU,GI-STM-UP_SUB,16:37,16:40,1111111,5,false
P-43623-MBMGI-UP_SUB,43623,EMU,MBM-GI-UP_SUB,16:41,16:46,1111111,5,false
P-43623-MSMBM-UP_SUB,43623,EMU,MS-MBM-UP_SUB,16:47,16:58,1111111,5,false
P-43623-MSBMS-UP_SUB,43623,EMU,MSB-MS-UP_SUB,16:58,17:05,1111111,5,false
P-43624-PVTBM-UP_SUB,43624,EMU,PV-TBM-UP_SUB,16:24,16:33,1111111,5,false
P-43624-STMPV-UP_SUB,43624,EMU,STM-PV-UP_SUB,16:34,16:43,1111111,5,false
P-43624-GISTM-UP_SUB,43624,EMU,GI-STM-UP_SUB,16:43,16:46,1111111,5,false
P-43624-MBMGI-UP_SUB,43624,EMU,MBM-GI-UP_SUB,16:47,16:52,1111111,5,false
P-43624-MSMBM-UP_SUB,43624,EMU,MS-MBM-UP_SUB,16:53,17:04,1111111,5,false
P-43624-MSBMS-UP_SUB,43624,EMU,MSB-MS-UP_SUB,17:04,17:11,1111111,5,false
P-43625-PVTBM-UP_SUB,43625,EMU,PV-TBM-UP_SUB,16:30,16:39,1111111,5,false
P-43625-STMPV-UP_SUB,43625,EMU,STM-PV-UP_SUB,16:40,16:49,1111111,5,false
P-43625-GISTM-UP_SUB,43625,EMU,GI-STM-UP_SUB,16:49,16:52,1111111,5,false
P-43625-MBMGI-UP_SUB,43625,EMU,MBM-GI-UP_SUB,16:53,16:58,1111111,5,false
P-43625-MSMBM-UP_SUB,43625,EMU,MS-MBM-UP_SUB,16:59,17:10,1111111,5,false
P-43625-MSBMS-UP_SUB,43625,EMU,MSB-MS-UP_SUB,17:10,17:17,1111111,5,false
P-43626-PVTBM-UP_SUB,43626,EMU,PV-TBM-UP_SUB,16:36,16:45,1111111,5,false
P-43626-STMPV-UP_SUB,43626,EMU,STM-PV-UP_SUB,16:46,16:55,1111111,5,false
P-43626-GISTM-UP_SUB,43626,EMU,GI-STM-UP_SUB,16:55,16:58,1111111,5,false
P-43626-MBMGI-UP_SUB,43626,EMU,MBM-GI-UP_SUB,16:59,17:04,1111111,5,false
P-43626-MSMBM-UP_SUB,43626,EMU,MS-MBM-UP_SUB,17:05,17:16,1111111,5,false
P-43626-MSBMS-UP_SUB,43626,EMU,MSB-MS-UP_SUB,17:16,17:23,1111111,5,false
P-43627-PVTBM-UP_SUB,43627,EMU,PV-TBM-UP_SUB,16:42,16:51,1111111,5,false
P-43627-STMPV-UP_SUB,43627,EMU,STM-PV-UP_SUB,16:52,17:01,1111111,5,false
P-43627-GISTM-UP_SUB,43627,EMU,GI-STM-UP_SUB,17:01,17:04,1111111,5,false
P-43627-MBMGI-UP_SUB,43627,EMU,MBM-GI-UP_SUB,17:05,17:10,1111111,5,false
P-43627-MSMBM-UP_SUB,43627,EMU,MS-MBM-UP_SUB,17:11,17:22,1111111,5,false
P-43627-MSBMS-UP_SUB,43627,EMU,MSB-MS-UP_SUB,17:22,17:29,1111111,5,false
P-43628-PVTBM-UP_SUB,43628,EMU,PV-TBM-UP_SUB,16:48,16:57,1111111,5,false
P-43628-STMPV-UP_SUB,43628,EMU,STM-PV-UP_SUB,16:58,17:07,1111111,5,false
P-43628-GISTM-UP_SUB,43628,EMU,GI-STM-UP_SUB,17:07,17:10,1111111,5,false
P-43628-MBMGI-UP_SUB,43628,EMU,MBM-GI-UP_SUB,17:11,17:16,1111111,5,false
P-43628-MSMBM-UP_SUB,43628,EMU,MS-MBM-UP_SUB,17:17,17:28,1111111,5,false
P-43628-MSBMS-UP_SUB,43628,EMU,MSB-MS-UP_SUB,17:28,17:35,1111111,5,false
P-43629-PVTBM-UP_SUB,43629,EMU,PV-TBM-UP_SUB,16:54,17:03,1111111,5,false
P-43629-STMPV-UP_SUB,43629,EMU,STM-PV-UP_SUB,17:04,17:13,1111111,5,false
P-43629-GISTM-UP_SUB,43629,EMU,GI-STM-UP_SUB,17:13,17:16,1111111,5,false
P-43629-MBMGI-UP_SUB,43629,EMU,MBM-GI-UP_SUB,17:17,17:22,1111111,5,false
P-43629-MSMBM-UP_SUB,43629,EMU,MS-MBM-UP_SUB,17:23,17:34,1111111,5,false
P-43629-MSBMS-UP_SUB,43629,EMU,MSB-MS-UP_SUB,17:34,17:41,1111111,5,false
P-43630-PVTBM-UP_SUB,43630,EMU,PV-TBM-UP_SUB,17:00,17:09,1111111,5,false
P-43630-STMPV-UP_SUB,43630,EMU,STM-PV-UP_SUB,17:10,17:19,1111111,5,false
P-43630-GISTM-UP_SUB,43630,EMU,GI-STM-UP_SUB,17:19,17:22,1111111,5,false
P-43630-MBMGI-UP_SUB,43630,EMU,MBM-GI-UP_SUB,17:23,17:28,1111111,5,false
P-43630-MSMBM-UP_SUB,43630,EMU,MS-MBM-UP_SUB,17:29,17:40,1111111,5,false
P-43630-MSBMS-UP_SUB,43630,EMU,MSB-MS-UP_SUB,17:40,17:47,1111111,5,false
P-43631-PVTBM-UP_SUB,43631,EMU,PV-TBM-UP_SUB,17:06,17:15,1111111,5,false
P-43631-STMPV-UP_SUB,43631,EMU,STM-PV-UP_SUB,17:16,17:25,1111111,5,false
P-43631-GISTM-UP_SUB,43631,EMU,GI-STM-UP_SUB,17:25,17:28,1111111,5,false
P-43631-MBMGI-UP_SUB,43631,EMU,MBM-GI-UP_SUB,17:29,17:34,1111111,5,false
P-43631-MSMBM-UP_SUB,43631,EMU,MS-MBM-UP_SUB,17:35,17:46,1111111,5,false
P-43631-MSBMS-UP_SUB,43631,EMU,MSB-MS-UP_SUB,17:46,17:53,1111111,5,false
P-43632-PVTBM-UP_SUB,43632,EMU,PV-TBM-UP_SUB,17:12,17:21,1111111,5,false
P-43632-STMPV-UP_SUB,43632,EMU,STM-PV-UP_SUB,17:22,17:31,1111111,5,false
P-43632-GISTM-UP_SUB,43632,EMU,GI-STM-UP_SUB,17:31,17:34,1111111,5,false
P-43632-MBMGI-UP_SUB,43632,EMU,MBM-GI-UP_SUB,17:35,17:40,1111111,5,false
P-43632-MSMBM-UP_SUB,43632,EMU,MS-MBM-UP_SUB,17:41,17:52,1111111,5,false
P-43632-MSBMS-UP_SUB,43632,EMU,MSB-MS-UP_SUB,17:52,17:59,1111111,5,false
P-43633-PVTBM-UP_SUB,43633,EMU,PV-TBM-UP_SUB,17:18,17:27,1111111,5,false
P-43633-STMPV-UP_SUB,43633,EMU,STM-PV-UP_SUB,17:28,17:37,1111111,5,false
P-43633-GISTM-UP_SUB,43633,EMU,GI-STM-UP_SUB,17:37,17:40,1111111,5,false
P-43633-MBMGI-UP_SUB,43633,EMU,MBM-GI-UP_SUB,17:41,17:46,1111111,5,false
P-43633-MSMBM-UP_SUB,43633,EMU,MS-MBM-UP_SUB,17:47,17:58,1111111,5,false
P-43633-MSBMS-UP_SUB,43633,EMU,MSB-MS-UP_SUB,17:58,18:05,1111111,5,false
P-43634-PVTBM-UP_SUB,43634,EMU,PV-TBM-UP_SUB,17:24,17:33,1111111,5,false
P-43634-STMPV-UP_SUB,43634,EMU,STM-PV-UP_SUB,17:34,17:43,1111111,5,false
P-43634-GISTM-UP_SUB,43634,EMU,GI-STM-UP_SUB,17:43,17:46,1111111,5,false
P-43634-MBMGI-UP_SUB,43634,EMU,MBM-GI-UP_SUB,17:47,17:52,1111111,5,false
P-43634-MSMBM-UP_SUB,43634,EMU,MS-MBM-UP_SUB,17:53,18:04,1111111,5,false
P-43634-MSBMS-UP_SUB,43634,EMU,MSB-MS-UP_SUB,18:04,18:11,1111111,5,false
P-43635-PVTBM-UP_SUB,43635,EMU,PV-TBM-UP_SUB,17:30,17:39,1111111,5,false
P-43635-STMPV-UP_SUB,43635,EMU,STM-PV-UP_SUB,17:40,17:49,1111111,5,false
P-43635-GISTM-UP_SUB,43635,EMU,GI-STM-UP_SUB,17:49,17:52,1111111,5,false
P-43635-MBMGI-UP_SUB,43635,EMU,MBM-GI-UP_SUB,17:53,17:58,1111111,5,false
P-43635-MSMBM-UP_SUB,43635,EMU,MS-MBM-UP_SUB,17:59,18:10,1111111,5,false
P-43635-MSBMS-UP_SUB,43635,EMU,MSB-MS-UP_SUB,18:10,18:17,1111111,5,false
P-43636-PVTBM-UP_SUB,43636,EMU,PV-TBM-UP_SUB,17:36,17:45,1111111,5,false
P-43636-STMPV-UP_SUB,43636,EMU,STM-PV-UP_SUB,17:46,17:55,1111111,5,false
P-43636-GISTM-UP_SUB,43636,EMU,GI-STM-UP_SUB,17:55,17:58,1111111,5,false
P-43636-MBMGI-UP_SUB,43636,EMU,MBM-GI-UP_SUB,17:59,18:04,1111111,5,false
P-43636-MSMBM-UP_SUB,43636,EMU,MS-MBM-UP_SUB,18:05,18:16,1111111,5,false
P-43636-MSBMS-UP_SUB,43636,EMU,MSB-MS-UP_SUB,18:16,18:23,1111111,5,false
P-43637-PVTBM-UP_SUB,43637,EMU,PV-TBM-UP_SUB,17:42,17:51,1111111,5,false
P-43637-STMPV-UP_SUB,43637,EMU,STM-PV-UP_SUB,17:52,18:01,1111111,5,false
P-43637-GISTM-UP_SUB,43637,EMU,GI-STM-UP_SUB,18:01,18:04,1111111,5,false
P-43637-MBMGI-UP_SUB,43637,EMU,MBM-GI-UP_SUB,18:05,18:10,1111111,5,false
P-43637-MSMBM-UP_SUB,43637,EMU,MS-MBM-UP_SUB,18:11,18:22,1111111,5,false
P-43637-MSBMS-UP_SUB,43637,EMU,MSB-MS-UP_SUB,18:22,18:29,1111111,5,false
P-43638-PVTBM-UP_SUB,43638,EMU,PV-TBM-UP_SUB,17:48,17:57,1111111,5,false
P-43638-STMPV-UP_SUB,43638,EMU,STM-PV-UP_SUB,17:58,18:07,1111111,5,false
P-43638-GISTM-UP_SUB,43638,EMU,GI-STM-UP_SUB,18:07,18:10,1111111,5,false
P-43638-MBMGI-UP_SUB,43638,EMU,MBM-GI-UP_SUB,18:11,18:16,1111111,5,false
P-43638-MSMBM-UP_SUB,43638,EMU,MS-MBM-UP_SUB,18:17,18:28,1111111,5,false
P-43638-MSBMS-UP_SUB,43638,EMU,MSB-MS-UP_SUB,18:28,18:35,1111111,5,false
P-43639-PVTBM-UP_SUB,43639,EMU,PV-TBM-UP_SUB,17:54,18:03,1111111,5,false
P-43639-STMPV-UP_SUB,43639,EMU,STM-PV-UP_SUB,18:04,18:13,1111111,5,false
P-43639-GISTM-UP_SUB,43639,EMU,GI-STM-UP_SUB,18:13,18:16,1111111,5,false
P-43639-MBMGI-UP_SUB,43639,EMU,MBM-GI-UP_SUB,18:17,18:22,1111111,5,false
P-43639-MSMBM-UP_SUB,43639,EMU,MS-MBM-UP_SUB,18:23,18:34,1111111,5,false
P-43639-MSBMS-UP_SUB,43639,EMU,MSB-MS-UP_SUB,18:34,18:41,1111111,5,false
P-43640-PVTBM-UP_SUB,43640,EMU,PV-TBM-UP_SUB,18:00,18:09,1111111,5,false
P-43640-STMPV-UP_SUB,43640,EMU,STM-PV-UP_SUB,18:10,18:19,1111111,5,false
P-43640-GISTM-UP_SUB,43640,EMU,GI-STM-UP_SUB,18:19,18:22,1111111,5,false
P-43640-MBMGI-UP_SUB,43640,EMU,MBM-GI-UP_SUB,18:23,18:28,1111111,5,false
P-43640-MSMBM-UP_SUB,43640,EMU,MS-MBM-UP_SUB,18:29,18:40,1111111,5,false
P-43640-MSBMS-UP_SUB,43640,EMU,MSB-MS-UP_SUB,18:40,18:47,1111111,5,false
P-43641-PVTBM-UP_SUB,43641,EMU,PV-TBM-UP_SUB,18:06,18:15,1111111,5,false
P-43641-STMPV-UP_SUB,43641,EMU,STM-PV-UP_SUB,18:16,18:25,1111111,5,false
P-43641-GISTM-UP_SUB,43641,EMU,GI-STM-UP_SUB,18:25,18:28,1111111,5,false
P-43641-MBMGI-UP_SUB,43641,EMU,MBM-GI-UP_SUB,18:29,18:34,1111111,5,false
P-43641-MSMBM-UP_SUB,43641,EMU,MS-MBM-UP_SUB,18:35,18:46,1111111,5,false
P-43641-MSBMS-UP_SUB,43641,EMU,MSB-MS-UP_SUB,18:46,18:53,1111111,5,false
P-43642-PVTBM-UP_SUB,43642,EMU,PV-TBM-UP_SUB,18:12,18:21,1111111,5,false
P-43642-STMPV-UP_SUB,43642,EMU,STM-PV-UP_SUB,18:22,18:31,1111111,5,false
P-43642-GISTM-UP_SUB,43642,EMU,GI-STM-UP_SUB,18:31,18:34,1111111,5,false
P-43642-MBMGI-UP_SUB,43642,EMU,MBM-GI-UP_SUB,18:35,18:40,1111111,5,false
P-43642-MSMBM-UP_SUB,43642,EMU,MS-MBM-UP_SUB,18:41,18:52,1111111,5,false
P-43642-MSBMS-UP_SUB,43642,EMU,MSB-MS-UP_SUB,18:52,18:59,1111111,5,false
P-43643-PVTBM-UP_SUB,43643,EMU,PV-TBM-UP_SUB,18:18,18:27,1111111,5,false
P-43643-STMPV-UP_SUB,43643,EMU,STM-PV-UP_SUB,18:28,18:37,1111111,5,false
P-43643-GISTM-UP_SUB,43643,EMU,GI-STM-UP_SUB,18:37,18:40,1111111,5,false
P-43643-MBMGI-UP_SUB,43643,EMU,MBM-GI-UP_SUB,18:41,18:46,1111111,5,false
P-43643-MSMBM-UP_SUB,43643,EMU,MS-MBM-UP_SUB,18:47,18:58,1111111,5,false
P-43643-MSBMS-UP_SUB,43643,EMU,MSB-MS-UP_SUB,18:58,19:05,1111111,5,false
P-43644-PVTBM-UP_SUB,43644,EMU,PV-TBM-UP_SUB,18:24,18:33,1111111,5,false
P-43644-STMPV-UP_SUB,43644,EMU,STM-PV-UP_SUB,18:34,18:43,1111111,5,false
P-43644-GISTM-UP_SUB,43644,EMU,GI-STM-UP_SUB,18:43,18:46,1111111,5,false
P-43644-MBMGI-UP_SUB,43644,EMU,MBM-GI-UP_SUB,18:47,18:52,1111111,5,false
P-43644-MSMBM-UP_SUB,43644,EMU,MS-MBM-UP_SUB,18:53,19:04,1111111,5,false
P-43644-MSBMS-UP_SUB,43644,EMU,MSB-MS-UP_SUB,19:04,19:11,1111111,5,false
P-43645-PVTBM-UP_SUB,43645,EMU,PV-TBM-UP_SUB,18:30,18:39,1111111,5,false
P-43645-STMPV-UP_SUB,43645,EMU,STM-PV-UP_SUB,18:40,18:49,1111111,5,false
P-43645-GISTM-UP_SUB,43645,EMU,GI-STM-UP_SUB,18:49,18:52,1111111,5,false
P-43645-MBMGI-UP_SUB,43645,EMU,MBM-GI-UP_SUB,18:53,18:58,1111111,5,false
P-43645-MSMBM-UP_SUB,43645,EMU,MS-MBM-UP_SUB,18:59,19:10,1111111,5,false
P-43645-MSBMS-UP_SUB,43645,EMU,MSB-MS-UP_SUB,19:10,19:17,1111111,5,false
P-43646-PVTBM-UP_SUB,43646,EMU,PV-TBM-UP_SUB,18:36,18:45,1111111,5,false
P-43646-STMPV-UP_SUB,43646,EMU,STM-PV-UP_SUB,18:46,18:55,1111111,5,false
P-43646-GISTM-UP_SUB,43646,EMU,GI-STM-UP_SUB,18:55,18:58,1111111,5,false
P-43646-MBMGI-UP_SUB,43646,EMU,MBM-GI-UP_SUB,18:59,19:04,1111111,5,false
P-43646-MSMBM-UP_SUB,43646,EMU,MS-MBM-UP_SUB,19:05,19:16,1111111,5,false
P-43646-MSBMS-UP_SUB,43646,EMU,MSB-MS-UP_SUB,19:16,19:23,1111111,5,false
P-43647-PVTBM-UP_SUB,43647,EMU,PV-TBM-UP_SUB,18:42,18:51,1111111,5,false
P-43647-STMPV-UP_SUB,43647,EMU,STM-PV-UP_SUB,18:52,19:01,1111111,5,false
P-43647-GISTM-UP_SUB,43647,EMU,GI-STM-UP_SUB,19:01,19:04,1111111,5,false
P-43647-MBMGI-UP_SUB,43647,EMU,MBM-GI-UP_SUB,19:05,19:10,1111111,5,false
P-43647-MSMBM-UP_SUB,43647,EMU,MS-MBM-UP_SUB,19:11,19:22,1111111,5,false
P-43647-MSBMS-UP_SUB,43647,EMU,MSB-MS-UP_SUB,19:22,19:29,1111111,5,false
P-43648-PVTBM-UP_SUB,43648,EMU,PV-TBM-UP_SUB,18:48,18:57,1111111,5,false
P-43648-STMPV-UP_SUB,43648,EMU,STM-PV-UP_SUB,18:58,19:07,1111111,5,false
P-43648-GISTM-UP_SUB,43648,EMU,GI-STM-UP_SUB,19:07,19:10,1111111,5,false
P-43648-MBMGI-UP_SUB,43648,EMU,MBM-GI-UP_SUB,19:11,19:16,1111111,5,false
P-43648-MSMBM-UP_SUB,43648,EMU,MS-MBM-UP_SUB,19:17,19:28,1111111,5,false
P-43648-MSBMS-UP_SUB,43648,EMU,MSB-MS-UP_SUB,19:28,19:35,1111111,5,false
P-43649-PVTBM-UP_SUB,43649,EMU,PV-TBM-UP_SUB,18:54,19:03,1111111,5,false
P-43649-STMPV-UP_SUB,43649,EMU,STM-PV-UP_SUB,19:04,19:13,1111111,5,false
P-43649-GISTM-UP_SUB,43649,EMU,GI-STM-UP_SUB,19:13,19:16,1111111,5,false
P-43649-MBMGI-UP_SUB,43649,EMU,MBM-GI-UP_SUB,19:17,19:22,1111111,5,false
P-43649-MSMBM-UP_SUB,43649,EMU,MS-MBM-UP_SUB,19:23,19:34,1111111,5,false
P-43649-MSBMS-UP_SUB,43649,EMU,MSB-MS-UP_SUB,19:34,19:41,1111111,5,false
P-43650-PVTBM-UP_SUB,43650,EMU,PV-TBM-UP_SUB,19:00,19:09,1111111,5,false
P-43650-STMPV-UP_SUB,43650,EMU,STM-PV-UP_SUB,19:10,19:19,1111111,5,false
P-43650-GISTM-UP_SUB,43650,EMU,GI-STM-UP_SUB,19:19,19:22,1111111,5,false
P-43650-MBMGI-UP_SUB,43650,EMU,MBM-GI-UP_SUB,19:23,19:28,1111111,5,false
P-43650-MSMBM-UP_SUB,43650,EMU,MS-MBM-UP_SUB,19:29,19:40,1111111,5,false
P-43650-MSBMS-UP_SUB,43650,EMU,MSB-MS-UP_SUB,19:40,19:47,1111111,5,false
P-43651-PVTBM-UP_SUB,43651,EMU,PV-TBM-UP_SUB,19:06,19:15,1111111,5,false
P-43651-STMPV-UP_SUB,43651,EMU,STM-PV-UP_SUB,19:16,19:25,1111111,5,false
P-43651-GISTM-UP_SUB,43651,EMU,GI-STM-UP_SUB,19:25,19:28,1111111,5,false
P-43651-MBMGI-UP_SUB,43651,EMU,MBM-GI-UP_SUB,19:29,19:34,1111111,5,false
P-43651-MSMBM-UP_SUB,43651,EMU,MS-MBM-UP_SUB,19:35,19:46,1111111,5,false
P-43651-MSBMS-UP_SUB,43651,EMU,MSB-MS-UP_SUB,19:46,19:53,1111111,5,false
P-43652-PVTBM-UP_SUB,43652,EMU,PV-TBM-UP_SUB,19:12,19:21,1111111,5,false
P-43652-STMPV-UP_SUB,43652,EMU,STM-PV-UP_SUB,19:22,19:31,1111111,5,false
P-43652-GISTM-UP_SUB,43652,EMU,GI-STM-UP_SUB,19:31,19:34,1111111,5,false
P-43652-MBMGI-UP_SUB,43652,EMU,MBM-GI-UP_SUB,19:35,19:40,1111111,5,false
P-43652-MSMBM-UP_SUB,43652,EMU,MS-MBM-UP_SUB,19:41,19:52,1111111,5,false
P-43652-MSBMS-UP_SUB,43652,EMU,MSB-MS-UP_SUB,19:52,19:59,1111111,5,false
P-43653-PVTBM-UP_SUB,43653,EMU,PV-TBM-UP_SUB,19:18,19:27,1111111,5,false
P-43653-STMPV-UP_SUB,43653,EMU,STM-PV-UP_SUB,19:28,19:37,1111111,5,false
P-43653-GISTM-UP_SUB,43653,EMU,GI-STM-UP_SUB,19:37,19:40,1111111,5,false
P-43653-MBMGI-UP_SUB,43653,EMU,MBM-GI-UP_SUB,19:41,19:46,1111111,5,false
P-43653-MSMBM-UP_SUB,43653,EMU,MS-MBM-UP_SUB,19:47,19:58,1111111,5,false
P-43653-MSBMS-UP_SUB,43653,EMU,MSB-MS-UP_SUB,19:58,20:05,1111111,5,false
P-43654-PVTBM-UP_SUB,43654,EMU,PV-TBM-UP_SUB,19:24,19:33,1111111,5,false
P-43654-STMPV-UP_SUB,43654,EMU,STM-PV-UP_SUB,19:34,19:43,1111111,5,false
P-43654-GISTM-UP_SUB,43654,EMU,GI-STM-UP_SUB,19:43,19:46,1111111,5,false
P-43654-MBMGI-UP_SUB,43654,EMU,MBM-GI-UP_SUB,19:47,19:52,1111111,5,false
P-43654-MSMBM-UP_SUB,43654,EMU,MS-MBM-UP_SUB,19:53,20:04,1111111,5,false
P-43654-MSBMS-UP_SUB,43654,EMU,MSB-MS-UP_SUB,20:04,20:11,1111111,5,false
P-43655-PVTBM-UP_SUB,43655,EMU,PV-TBM-UP_SUB,19:30,19:39,1111111,5,false
P-43655-STMPV-UP_SUB,43655,EMU,STM-PV-UP_SUB,19:40,19:49,1111111,5,false
P-43655-GISTM-UP_SUB,43655,EMU,GI-STM-UP_SUB,19:49,19:52,1111111,5,false
P-43655-MBMGI-UP_SUB,43655,EMU,MBM-GI-UP_SUB,19:53,19:58,1111111,5,false
P-43655-MSMBM-UP_SUB,43655,EMU,MS-MBM-UP_SUB,19:59,20:10,1111111,5,false
P-43655-MSBMS-UP_SUB,43655,EMU,MSB-MS-UP_SUB,20:10,20:17,1111111,5,false
P-43656-PVTBM-UP_SUB,43656,EMU,PV-TBM-UP_SUB,19:36,19:45,1111111,5,false
P-43656-STMPV-UP_SUB,43656,EMU,STM-PV-UP_SUB,19:46,19:55,1111111,5,false
P-43656-GISTM-UP_SUB,43656,EMU,GI-STM-UP_SUB,19:55,19:58,1111111,5,false
P-43656-MBMGI-UP_SUB,43656,EMU,MBM-GI-UP_SUB,19:59,20:04,1111111,5,false
P-43656-MSMBM-UP_SUB,43656,EMU,MS-MBM-UP_SUB,20:05,20:16,1111111,5,false
P-43656-MSBMS-UP_SUB,43656,EMU,MSB-MS-UP_SUB,20:16,20:23,1111111,5,false
P-43657-PVTBM-UP_SUB,43657,EMU,PV-TBM-UP_SUB,19:42,19:51,1111111,5,false
P-43657-STMPV-UP_SUB,43657,EMU,STM-PV-UP_SUB,19:52,20:01,1111111,5,false
P-43657-GISTM-UP_SUB,43657,EMU,GI-STM-UP_SUB,20:01,20:04,1111111,5,false
P-43657-MBMGI-UP_SUB,43657,EMU,MBM-GI-UP_SUB,20:05,20:10,1111111,5,false
P-43657-MSMBM-UP_SUB,43657,EMU,MS-MBM-UP_SUB,20:11,20:22,1111111,5,false
P-43657-MSBMS-UP_SUB,43657,EMU,MSB-MS-UP_SUB,20:22,20:29,1111111,5,false
P-43658-PVTBM-UP_SUB,43658,EMU,PV-TBM-UP_SUB,19:48,19:57,1111111,5,false
P-43658-STMPV-UP_SUB,43658,EMU,STM-PV-UP_SUB,19:58,20:07,1111111,5,false
P-43658-GISTM-UP_SUB,43658,EMU,GI-STM-UP_SUB,20:07,20:10,1111111,5,false
P-43658-MBMGI-UP_SUB,43658,EMU,MBM-GI-UP_SUB,20:11,20:16,1111111,5,false
P-43658-MSMBM-UP_SUB,43658,EMU,MS-MBM-UP_SUB,20:17,20:28,1111111,5,false
P-43658-MSBMS-UP_SUB,43658,EMU,MSB-MS-UP_SUB,20:28,20:35,1111111,5,false
P-43659-PVTBM-UP_SUB,43659,EMU,PV-TBM-UP_SUB,19:54,20:03,1111111,5,false
P-43659-STMPV-UP_SUB,43659,EMU,STM-PV-UP_SUB,20:04,20:13,1111111,5,false
P-43659-GISTM-UP_SUB,43659,EMU,GI-STM-UP_SUB,20:13,20:16,1111111,5,false
P-43659-MBMGI-UP_SUB,43659,EMU,MBM-GI-UP_SUB,20:17,20:22,1111111,5,false
P-43659-MSMBM-UP_SUB,43659,EMU,MS-MBM-UP_SUB,20:23,20:34,1111111,5,false
P-43659-MSBMS-UP_SUB,43659,EMU,MSB-MS-UP_SUB,20:34,20:41,1111111,5,false
P-43660-PVTBM-UP_SUB,43660,EMU,PV-TBM-UP_SUB,20:00,20:09,1111111,5,false
P-43660-STMPV-UP_SUB,43660,EMU,STM-PV-UP_SUB,20:10,20:19,1111111,5,false
P-43660-GISTM-UP_SUB,43660,EMU,GI-STM-UP_SUB,20:19,20:22,1111111,5,false
P-43660-MBMGI-UP_SUB,43660,EMU,MBM-GI-UP_SUB,20:23,20:28,1111111,5,false
P-43660-MSMBM-UP_SUB,43660,EMU,MS-MBM-UP_SUB,20:29,20:40,1111111,5,false
P-43660-MSBMS-UP_SUB,43660,EMU,MSB-MS-UP_SUB,20:40,20:47,1111111,5,false
P-43661-PVTBM-UP_SUB,43661,EMU,PV-TBM-UP_SUB,20:06,20:15,1111111,5,false
P-43661-STMPV-UP_SUB,43661,EMU,STM-PV-UP_SUB,20:16,20:25,1111111,5,false
P-43661-GISTM-UP_SUB,43661,EMU,GI-STM-UP_SUB,20:25,20:28,1111111,5,false
P-43661-MBMGI-UP_SUB,43661,EMU,MBM-GI-UP_SUB,20:29,20:34,1111111,5,false
P-43661-MSMBM-UP_SUB,43661,EMU,MS-MBM-UP_SUB,20:35,20:46,1111111,5,false
P-43661-MSBMS-UP_SUB,43661,EMU,MSB-MS-UP_SUB,20:46,20:53,1111111,5,false
P-43662-PVTBM-UP_SUB,43662,EMU,PV-TBM-UP_SUB,20:12,20:21,1111111,5,false
P-43662-STMPV-UP_SUB,43662,EMU,STM-PV-UP_SUB,20:22,20:31,1111111,5,false
P-43662-GISTM-UP_SUB,43662,EMU,GI-STM-UP_SUB,20:31,20:34,1111111,5,false
P-43662-MBMGI-UP_SUB,43662,EMU,MBM-GI-UP_SUB,20:35,20:40,1111111,5,false
P-43662-MSMBM-UP_SUB,43662,EMU,MS-MBM-UP_SUB,20:41,20:52,1111111,5,false
P-43662-MSBMS-UP_SUB,43662,EMU,MSB-MS-UP_SUB,20:52,20:59,1111111,5,false
P-43663-PVTBM-UP_SUB,43663,EMU,PV-TBM-UP_SUB,20:18,20:27,1111111,5,false
P-43663-STMPV-UP_SUB,43663,EMU,STM-PV-UP_SUB,20:28,20:37,1111111,5,false
P-43663-GISTM-UP_SUB,43663,EMU,GI-STM-UP_SUB,20:37,20:40,1111111,5,false
P-43663-MBMGI-UP_SUB,43663,EMU,MBM-GI-UP_SUB,20:41,20:46,1111111,5,false
P-43663-MSMBM-UP_SUB,43663,EMU,MS-MBM-UP_SUB,20:47,20:58,1111111,5,false
P-43663-MSBMS-UP_SUB,43663,EMU,MSB-MS-UP_SUB,20:58,21:05,1111111,5,false
P-43664-PVTBM-UP_SUB,43664,EMU,PV-TBM-UP_SUB,20:24,20:33,1111111,5,false
P-43664-STMPV-UP_SUB,43664,EMU,STM-PV-UP_SUB,20:34,20:43,1111111,5,false
P-43664-GISTM-UP_SUB,43664,EMU,GI-STM-UP_SUB,20:43,20:46,1111111,5,false
P-43664-MBMGI-UP_SUB,43664,EMU,MBM-GI-UP_SUB,20:47,20:52,1111111,5,false
P-43664-MSMBM-UP_SUB,43664,EMU,MS-MBM-UP_SUB,20:53,21:04,1111111,5,false
P-43664-MSBMS-UP_SUB,43664,EMU,MSB-MS-UP_SUB,21:04,21:11,1111111,5,false
P-43665-PVTBM-UP_SUB,43665,EMU,PV-TBM-UP_SUB,20:30,20:39,1111111,5,false
P-43665-STMPV-UP_SUB,43665,EMU,STM-PV-UP_SUB,20:40,20:49,1111111,5,false
P-43665-GISTM-UP_SUB,43665,EMU,GI-STM-UP_SUB,20:49,20:52,1111111,5,false
P-43665-MBMGI-UP_SUB,43665,EMU,MBM-GI-UP_SUB,20:53,20:58,1111111,5,false
P-43665-MSMBM-UP_SUB,43665,EMU,MS-MBM-UP_SUB,20:59,21:10,1111111,5,false
P-43665-MSBMS-UP_SUB,43665,EMU,MSB-MS-UP_SUB,21:10,21:17,1111111,5,false
P-43666-PVTBM-UP_SUB,43666,EMU,PV-TBM-UP_SUB,20:36,20:45,1111111,5,false
P-43666-STMPV-UP_SUB,43666,EMU,STM-PV-UP_SUB,20:46,20:55,1111111,5,false
P-43666-GISTM-UP_SUB,43666,EMU,GI-STM-UP_SUB,20:55,20:58,1111111,5,false
P-43666-MBMGI-UP_SUB,43666,EMU,MBM-GI-UP_SUB,20:59,21:04,1111111,5,false
P-43666-MSMBM-UP_SUB,43666,EMU,MS-MBM-UP_SUB,21:05,21:16,1111111,5,false
P-43666-MSBMS-UP_SUB,43666,EMU,MSB-MS-UP_SUB,21:16,21:23,1111111,5,false
P-43667-PVTBM-UP_SUB,43667,EMU,PV-TBM-UP_SUB,20:42,20:51,1111111,5,false
P-43667-STMPV-UP_SUB,43667,EMU,STM-PV-UP_SUB,20:52,21:01,1111111,5,false
P-43667-GISTM-UP_SUB,43667,EMU,GI-STM-UP_SUB,21:01,21:04,1111111,5,false
P-43667-MBMGI-UP_SUB,43667,EMU,MBM-GI-UP_SUB,21:05,21:10,1111111,5,false
P-43667-MSMBM-UP_SUB,43667,EMU,MS-MBM-UP_SUB,21:11,21:22,1111111,5,false
P-43667-MSBMS-UP_SUB,43667,EMU,MSB-MS-UP_SUB,21:22,21:29,1111111,5,false
P-43668-PVTBM-UP_SUB,43668,EMU,PV-TBM-UP_SUB,20:48,20:57,1111111,5,false
P-43668-STMPV-UP_SUB,43668,EMU,STM-PV-UP_SUB,20:58,21:07,1111111,5,false
P-43668-GISTM-UP_SUB,43668,EMU,GI-STM-UP_SUB,21:07,21:10,1111111,5,false
P-43668-MBMGI-UP_SUB,43668,EMU,MBM-GI-UP_SUB,21:11,21:16,1111111,5,false
P-43668-MSMBM-UP_SUB,43668,EMU,MS-MBM-UP_SUB,21:17,21:28,1111111,5,false
P-43668-MSBMS-UP_SUB,43668,EMU,MSB-MS-UP_SUB,21:28,21:35,1111111,5,false
P-43669-PVTBM-UP_SUB,43669,EMU,PV-TBM-UP_SUB,20:54,21:03,1111111,5,false
P-43669-STMPV-UP_SUB,43669,EMU,STM-PV-UP_SUB,21:04,21:13,1111111,5,false
P-43669-GISTM-UP_SUB,43669,EMU,GI-STM-UP_SUB,21:13,21:16,1111111,5,false
P-43669-MBMGI-UP_SUB,43669,EMU,MBM-GI-UP_SUB,21:17,21:22,1111111,5,false
P-43669-MSMBM-UP_SUB,43669,EMU,MS-MBM-UP_SUB,21:23,21:34,1111111,5,false
P-43669-MSBMS-UP_SUB,43669,EMU,MSB-MS-UP_SUB,21:34,21:41,1111111,5,false
P-43670-PVTBM-UP_SUB,43670,EMU,PV-TBM-UP_SUB,21:00,21:09,1111111,5,false
P-43670-STMPV-UP_SUB,43670,EMU,STM-PV-UP_SUB,21:10,21:19,1111111,5,false
P-43670-GISTM-UP_SUB,43670,EMU,GI-STM-UP_SUB,21:19,21:22,1111111,5,false
P-43670-MBMGI-UP_SUB,43670,EMU,MBM-GI-UP_SUB,21:23,21:28,1111111,5,false
P-43670-MSMBM-UP_SUB,43670,EMU,MS-MBM-UP_SUB,21:29,21:40,1111111,5,false
P-43670-MSBMS-UP_SUB,43670,EMU,MSB-MS-UP_SUB,21:40,21:47,1111111,5,false
P-43671-PVTBM-UP_SUB,43671,EMU,PV-TBM-UP_SUB,21:06,21:15,1111111,5,false
P-43671-STMPV-UP_SUB,43671,EMU,STM-PV-UP_SUB,21:16,21:25,1111111,5,false
P-43671-GISTM-UP_SUB,43671,EMU,GI-STM-UP_SUB,21:25,21:28,1111111,5,false
P-43671-MBMGI-UP_SUB,43671,EMU,MBM-GI-UP_SUB,21:29,21:34,1111111,5,false
P-43671-MSMBM-UP_SUB,43671,EMU,MS-MBM-UP_SUB,21:35,21:46,1111111,5,false
P-43671-MSBMS-UP_SUB,43671,EMU,MSB-MS-UP_SUB,21:46,21:53,1111111,5,false
P-43672-PVTBM-UP_SUB,43672,EMU,PV-TBM-UP_SUB,21:12,21:21,1111111,5,false
P-43672-STMPV-UP_SUB,43672,EMU,STM-PV-UP_SUB,21:22,21:31,1111111,5,false
P-43672-GISTM-UP_SUB,43672,EMU,GI-STM-UP_SUB,21:31,21:34,1111111,5,false
P-43672-MBMGI-UP_SUB,43672,EMU,MBM-GI-UP_SUB,21:35,21:40,1111111,5,false
P-43672-MSMBM-UP_SUB,43672,EMU,MS-MBM-UP_SUB,21:41,21:52,1111111,5,false
P-43672-MSBMS-UP_SUB,43672,EMU,MSB-MS-UP_SUB,21:52,21:59,1111111,5,false
P-43673-PVTBM-UP_SUB,43673,EMU,PV-TBM-UP_SUB,21:18,21:27,1111111,5,false
P-43673-STMPV-UP_SUB,43673,EMU,STM-PV-UP_SUB,21:28,21:37,1111111,5,false
P-43673-GISTM-UP_SUB,43673,EMU,GI-STM-UP_SUB,21:37,21:40,1111111,5,false
P-43673-MBMGI-UP_SUB,43673,EMU,MBM-GI-UP_SUB,21:41,21:46,1111111,5,false
P-43673-MSMBM-UP_SUB,43673,EMU,MS-MBM-UP_SUB,21:47,21:58,1111111,5,false
P-43673-MSBMS-UP_SUB,43673,EMU,MSB-MS-UP_SUB,21:58,22:05,1111111,5,false
P-43674-PVTBM-UP_SUB,43674,EMU,PV-TBM-UP_SUB,21:24,21:33,1111111,5,false
P-43674-STMPV-UP_SUB,43674,EMU,STM-PV-UP_SUB,21:34,21:43,1111111,5,false
P-43674-GISTM-UP_SUB,43674,EMU,GI-STM-UP_SUB,21:43,21:46,1111111,5,false
P-43674-MBMGI-UP_SUB,43674,EMU,MBM-GI-UP_SUB,21:47,21:52,1111111,5,false
P-43674-MSMBM-UP_SUB,43674,EMU,MS-MBM-UP_SUB,21:53,22:04,1111111,5,false
P-43674-MSBMS-UP_SUB,43674,EMU,MSB-MS-UP_SUB,22:04,22:11,1111111,5,false
P-43675-PVTBM-UP_SUB,43675,EMU,PV-TBM-UP_SUB,21:30,21:39,1111111,5,false
P-43675-STMPV-UP_SUB,43675,EMU,STM-PV-UP_SUB,21:40,21:49,1111111,5,false
P-43675-GISTM-UP_SUB,43675,EMU,GI-STM-UP_SUB,21:49,21:52,1111111,5,false
P-43675-MBMGI-UP_SUB,43675,EMU,MBM-GI-UP_SUB,21:53,21:58,1111111,5,false
P-43675-MSMBM-UP_SUB,43675,EMU,MS-MBM-UP_SUB,21:59,22:10,1111111,5,false
P-43675-MSBMS-UP_SUB,43675,EMU,MSB-MS-UP_SUB,22:10,22:17,1111111,5,false
P-43676-PVTBM-UP_SUB,43676,EMU,PV-TBM-UP_SUB,21:36,21:45,1111111,5,false
P-43676-STMPV-UP_SUB,43676,EMU,STM-PV-UP_SUB,21:46,21:55,1111111,5,false
P-43676-GISTM-UP_SUB,43676,EMU,GI-STM-UP_SUB,21:55,21:58,1111111,5,false
P-43676-MBMGI-UP_SUB,43676,EMU,MBM-GI-UP_SUB,21:59,22:04,1111111,5,false
P-43676-MSMBM-UP_SUB,43676,EMU,MS-MBM-UP_SUB,22:05,22:16,1111111,5,false
P-43676-MSBMS-UP_SUB,43676,EMU,MSB-MS-UP_SUB,22:16,22:23,1111111,5,false
P-43677-PVTBM-UP_SUB,43677,EMU,PV-TBM-UP_SUB,21:42,21:51,1111111,5,false
P-43677-STMPV-UP_SUB,43677,EMU,STM-PV-UP_SUB,21:52,22:01,1111111,5,false
P-43677-GISTM-UP_SUB,43677,EMU,GI-STM-UP_SUB,22:01,22:04,1111111,5,false
P-43677-MBMGI-UP_SUB,43677,EMU,MBM-GI-UP_SUB,22:05,22:10,1111111,5,false
P-43677-MSMBM-UP_SUB,43677,EMU,MS-MBM-UP_SUB,22:11,22:22,1111111,5,false
P-43677-MSBMS-UP_SUB,43677,EMU,MSB-MS-UP_SUB,22:22,22:29,1111111,5,false
P-43678-PVTBM-UP_SUB,43678,EMU,PV-TBM-UP_SUB,21:48,21:57,1111111,5,false
P-43678-STMPV-UP_SUB,43678,EMU,STM-PV-UP_SUB,21:58,22:07,1111111,5,false
P-43678-GISTM-UP_SUB,43678,EMU,GI-STM-UP_SUB,22:07,22:10,1111111,5,false
P-43678-MBMGI-UP_SUB,43678,EMU,MBM-GI-UP_SUB,22:11,22:16,1111111,5,false
P-43678-MSMBM-UP_SUB,43678,EMU,MS-MBM-UP_SUB,22:17,22:28,1111111,5,false
P-43678-MSBMS-UP_SUB,43678,EMU,MSB-MS-UP_SUB,22:28,22:35,1111111,5,false
P-43679-PVTBM-UP_SUB,43679,EMU,PV-TBM-UP_SUB,21:54,22:03,1111111,5,false
P-43679-STMPV-UP_SUB,43679,EMU,STM-PV-UP_SUB,22:04,22:13,1111111,5,false
P-43679-GISTM-UP_SUB,43679,EMU,GI-STM-UP_SUB,22:13,22:16,1111111,5,false
P-43679-MBMGI-UP_SUB,43679,EMU,MBM-GI-UP_SUB,22:17,22:22,1111111,5,false
P-43679-MSMBM-UP_SUB,43679,EMU,MS-MBM-UP_SUB,22:23,22:34,1111111,5,false
P-43679-MSBMS-UP_SUB,43679,EMU,MSB-MS-UP_SUB,22:34,22:41,1111111,5,false
P-43680-PVTBM-UP_SUB,43680,EMU,PV-TBM-UP_SUB,22:00,22:09,1111111,5,false
P-43680-STMPV-UP_SUB,43680,EMU,STM-PV-UP_SUB,22:10,22:19,1111111,5,false
P-43680-GISTM-UP_SUB,43680,EMU,GI-STM-UP_SUB,22:19,22:22,1111111,5,false
P-43680-MBMGI-UP_SUB,43680,EMU,MBM-GI-UP_SUB,22:23,22:28,1111111,5,false
P-43680-MSMBM-UP_SUB,43680,EMU,MS-MBM-UP_SUB,22:29,22:40,1111111,5,false
P-43680-MSBMS-UP_SUB,43680,EMU,MSB-MS-UP_SUB,22:40,22:47,1111111,5,false
P-43681-PVTBM-UP_SUB,43681,EMU,PV-TBM-UP_SUB,22:06,22:15,1111111,5,false
P-43681-STMPV-UP_SUB,43681,EMU,STM-PV-UP_SUB,22:16,22:25,1111111,5,false
P-43681-GISTM-UP_SUB,43681,EMU,GI-STM-UP_SUB,22:25,22:28,1111111,5,false
P-43681-MBMGI-UP_SUB,43681,EMU,MBM-GI-UP_SUB,22:29,22:34,1111111,5,false
P-43681-MSMBM-UP_SUB,43681,EMU,MS-MBM-UP_SUB,22:35,22:46,1111111,5,false
P-43681-MSBMS-UP_SUB,43681,EMU,MSB-MS-UP_SUB,22:46,22:53,1111111,5,false
P-43682-PVTBM-UP_SUB,43682,EMU,PV-TBM-UP_SUB,22:12,22:21,1111111,5,false
P-43682-STMPV-UP_SUB,43682,EMU,STM-PV-UP_SUB,22:22,22:31,1111111,5,false
P-43682-GISTM-UP_SUB,43682,EMU,GI-STM-UP_SUB,22:31,22:34,1111111,5,false
P-43682-MBMGI-UP_SUB,43682,EMU,MBM-GI-UP_SUB,22:35,22:40,1111111,5,false
P-43682-MSMBM-UP_SUB,43682,EMU,MS-MBM-UP_SUB,22:41,22:52,1111111,5,false
P-43682-MSBMS-UP_SUB,43682,EMU,MSB-MS-UP_SUB,22:52,22:59,1111111,5,false
P-43683-PVTBM-UP_SUB,43683,EMU,PV-TBM-UP_SUB,22:18,22:27,1111111,5,false
P-43683-STMPV-UP_SUB,43683,EMU,STM-PV-UP_SUB,22:28,22:37,1111111,5,false
P-43683-GISTM-UP_SUB,43683,EMU,GI-STM-UP_SUB,22:37,22:40,1111111,5,false
P-43683-MBMGI-UP_SUB,43683,EMU,MBM-GI-UP_SUB,22:41,22:46,1111111,5,false
P-43683-MSMBM-UP_SUB,43683,EMU,MS-MBM-UP_SUB,22:47,22:58,1111111,5,false
P-43683-MSBMS-UP_SUB,43683,EMU,MSB-MS-UP_SUB,22:58,23:05,1111111,5,false
P-43684-PVTBM-UP_SUB,43684,EMU,PV-TBM-UP_SUB,22:24,22:33,1111111,5,false
P-43684-STMPV-UP_SUB,43684,EMU,STM-PV-UP_SUB,22:34,22:43,1111111,5,false
P-43684-GISTM-UP_SUB,43684,EMU,GI-STM-UP_SUB,22:43,22:46,1111111,5,false
P-43684-MBMGI-UP_SUB,43684,EMU,MBM-GI-UP_SUB,22:47,22:52,1111111,5,false
P-43684-MSMBM-UP_SUB,43684,EMU,MS-MBM-UP_SUB,22:53,23:04,1111111,5,false
P-43684-MSBMS-UP_SUB,43684,EMU,MSB-MS-UP_SUB,23:04,23:11,1111111,5,false
P-43685-PVTBM-UP_SUB,43685,EMU,PV-TBM-UP_SUB,22:30,22:39,1111111,5,false
P-43685-STMPV-UP_SUB,43685,EMU,STM-PV-UP_SUB,22:40,22:49,1111111,5,false
P-43685-GISTM-UP_SUB,43685,EMU,GI-STM-UP_SUB,22:49,22:52,1111111,5,false
P-43685-MBMGI-UP_SUB,43685,EMU,MBM-GI-UP_SUB,22:53,22:58,1111111,5,false
P-43685-MSMBM-UP_SUB,43685,EMU,MS-MBM-UP_SUB,22:59,23:10,1111111,5,false
P-43685-MSBMS-UP_SUB,43685,EMU,MSB-MS-UP_SUB,23:10,23:17,1111111,5,false
P-43686-PVTBM-UP_SUB,43686,EMU,PV-TBM-UP_SUB,22:36,22:45,1111111,5,false
P-43686-STMPV-UP_SUB,43686,EMU,STM-PV-UP_SUB,22:46,22:55,1111111,5,false
P-43686-GISTM-UP_SUB,43686,EMU,GI-STM-UP_SUB,22:55,22:58,1111111,5,false
P-43686-MBMGI-UP_SUB,43686,EMU,MBM-GI-UP_SUB,22:59,23:04,1111111,5,false
P-43686-MSMBM-UP_SUB,43686,EMU,MS-MBM-UP_SUB,23:05,23:16,1111111,5,false
P-43686-MSBMS-UP_SUB,43686,EMU,MSB-MS-UP_SUB,23:16,23:23,1111111,5,false
P-43687-PVTBM-UP_SUB,43687,EMU,PV-TBM-UP_SUB,22:42,22:51,1111111,5,false
P-43687-STMPV-UP_SUB,43687,EMU,STM-PV-UP_SUB,22:52,23:01,1111111,5,false
P-43687-GISTM-UP_SUB,43687,EMU,GI-STM-UP_SUB,23:01,23:04,1111111,5,false
P-43687-MBMGI-UP_SUB,43687,EMU,MBM-GI-UP_SUB,23:05,23:10,1111111,5,false
P-43687-MSMBM-UP_SUB,43687,EMU,MS-MBM-UP_SUB,23:11,23:22,1111111,5,false
P-43687-MSBMS-UP_SUB,43687,EMU,MSB-MS-UP_SUB,23:22,23:29,1111111,5,false
P-43688-PVTBM-UP_SUB,43688,EMU,PV-TBM-UP_SUB,22:48,22:57,1111111,5,false
P-43688-STMPV-UP_SUB,43688,EMU,STM-PV-UP_SUB,22:58,23:07,1111111,5,false
P-43688-GISTM-UP_SUB,43688,EMU,GI-STM-UP_SUB,23:07,23:10,1111111,5,false
P-43688-MBMGI-UP_SUB,43688,EMU,MBM-GI-UP_SUB,23:11,23:16,1111111,5,false
P-43688-MSMBM-UP_SUB,43688,EMU,MS-MBM-UP_SUB,23:17,23:28,1111111,5,false
P-43688-MSBMS-UP_SUB,43688,EMU,MSB-MS-UP_SUB,23:28,23:35,1111111,5,false
P-43689-PVTBM-UP_SUB,43689,EMU,PV-TBM-UP_SUB,22:54,23:03,1111111,5,false
P-43689-STMPV-UP_SUB,43689,EMU,STM-PV-UP_SUB,23:04,23:13,1111111,5,false
P-43689-GISTM-UP_SUB,43689,EMU,GI-STM-UP_SUB,23:13,23:16,1111111,5,false
P-43689-MBMGI-UP_SUB,43689,EMU,MBM-GI-UP_SUB,23:17,23:22,1111111,5,false
P-43689-MSMBM-UP_SUB,43689,EMU,MS-MBM-UP_SUB,23:23,23:34,1111111,5,false
P-43689-MSBMS-UP_SUB,43689,EMU,MSB-MS-UP_SUB,23:34,23:41,1111111,5,false
P-43690-PVTBM-UP_SUB,43690,EMU,PV-TBM-UP_SUB,23:00,23:09,1111111,5,false
P-43690-STMPV-UP_SUB,43690,EMU,STM-PV-UP_SUB,23:10,23:19,1111111,5,false
P-43690-GISTM-UP_SUB,43690,EMU,GI-STM-UP_SUB,23:19,23:22,1111111,5,false
P-43690-MBMGI-UP_SUB,43690,EMU,MBM-GI-UP_SUB,23:23,23:28,1111111,5,false
P-43690-MSMBM-UP_SUB,43690,EMU,MS-MBM-UP_SUB,23:29,23:40,1111111,5,false
P-43690-MSBMS-UP_SUB,43690,EMU,MSB-MS-UP_SUB,23:40,23:47,1111111,5,false
P-43691-PVTBM-UP_SUB,43691,EMU,PV-TBM-UP_SUB,23:06,23:15,1111111,5,false
P-43691-STMPV-UP_SUB,43691,EMU,STM-PV-UP_SUB,23:16,23:25,1111111,5,false
P-43691-GISTM-UP_SUB,43691,EMU,GI-STM-UP_SUB,23:25,23:28,1111111,5,false
P-43691-MBMGI-UP_SUB,43691,EMU,MBM-GI-UP_SUB,23:29,23:34,1111111,5,false
P-43691-MSMBM-UP_SUB,43691,EMU,MS-MBM-UP_SUB,23:35,23:46,1111111,5,false
P-43691-MSBMS-UP_SUB,43691,EMU,MSB-MS-UP_SUB,23:46,23:53,1111111,5,false
P-43692-PVTBM-UP_SUB,43692,EMU,PV-TBM-UP_SUB,23:12,23:21,1111111,5,false
P-43692-STMPV-UP_SUB,43692,EMU,STM-PV-UP_SUB,23:22,23:31,1111111,5,false
P-43692-GISTM-UP_SUB,43692,EMU,GI-STM-UP_SUB,23:31,23:34,1111111,5,false
P-43692-MBMGI-UP_SUB,43692,EMU,MBM-GI-UP_SUB,23:35,23:40,1111111,5,false
P-43692-MSMBM-UP_SUB,43692,EMU,MS-MBM-UP_SUB,23:41,23:52,1111111,5,false
P-43692-MSBMS-UP_SUB,43692,EMU,MSB-MS-UP_SUB,23:52,23:59,1111111,5,false
P-43693-PVTBM-UP_SUB,43693,EMU,PV-TBM-UP_SUB,23:18,23:27,1111111,5,false
P-43693-STMPV-UP_SUB,43693,EMU,STM-PV-UP_SUB,23:28,23:37,1111111,5,false
P-43693-GISTM-UP_SUB,43693,EMU,GI-STM-UP_SUB,23:37,23:40,1111111,5,false
P-43693-MBMGI-UP_SUB,43693,EMU,MBM-GI-UP_SUB,23:41,23:46,1111111,5,false
P-43693-MSMBM-UP_SUB,43693,EMU,MS-MBM-UP_SUB,23:47,23:58,1111111,5,false
P-43693-MSBMS-UP_SUB,43693,EMU,MSB-MS-UP_SUB,23:58,00:05,1111111,5,false
P-43694-PVTBM-UP_SUB,43694,EMU,PV-TBM-UP_SUB,23:24,23:33,1111111,5,false
P-43694-STMPV-UP_SUB,43694,EMU,STM-PV-UP_SUB,23:34,23:43,1111111,5,false
P-43694-GISTM-UP_SUB,43694,EMU,GI-STM-UP_SUB,23:43,23:46,1111111,5,false
P-43694-MBMGI-UP_SUB,43694,EMU,MBM-GI-UP_SUB,23:47,23:52,1111111,5,false
P-43694-MSMBM-UP_SUB,43694,EMU,MS-MBM-UP_SUB,23:53,00:04,1111111,5,false
P-43694-MSBMS-UP_SUB,43694,EMU,MSB-MS-UP_SUB,00:04,00:11,1111111,5,false
P-43695-PVTBM-UP_SUB,43695,EMU,PV-TBM-UP_SUB,23:30,23:39,1111111,5,false
P-43695-STMPV-UP_SUB,43695,EMU,STM-PV-UP_SUB,23:40,23:49,1111111,5,false
P-43695-GISTM-UP_SUB,43695,EMU,GI-STM-UP_SUB,23:49,23:52,1111111,5,false
P-43695-MBMGI-UP_SUB,43695,EMU,MBM-GI-UP_SUB,23:53,23:58,1111111,5,false
P-43695-MSMBM-UP_SUB,43695,EMU,MS-MBM-UP_SUB,23:59,00:10,1111111,5,false
P-43695-MSBMS-UP_SUB,43695,EMU,MSB-MS-UP_SUB,00:10,00:17,1111111,5,false
P-42500-MSBMS-DN,42500,EMU,MSB-MS-DN,04:30,04:36,1111111,5,false
P-42500-MSMBM-DN,42500,EMU,MS-MBM-DN,04:37,04:48,1111111,5,false
P-42500-MBMGI-DN,42500,EMU,MBM-GI-DN,04:48,04:54,1111111,5,false
P-42500-GISTM-DN,42500,EMU,GI-STM-DN,04:54,04:57,1111111,5,false
P-42500-STMPV-DN,42500,EMU,STM-PV-DN,04:58,05:07,1111111,5,false
P-42500-PVTBM-DN,42500,EMU,PV-TBM-DN,05:08,05:17,1111111,5,false
P-42501-MSBMS-DN,42501,EMU,MSB-MS-DN,04:42,04:48,1111111,5,false
P-42501-MSMBM-DN,42501,EMU,MS-MBM-DN,04:49,05:00,1111111,5,false
P-42501-MBMGI-DN,42501,EMU,MBM-GI-DN,05:00,05:06,1111111,5,false
P-42501-GISTM-DN,42501,EMU,GI-STM-DN,05:06,05:09,1111111,5,false
P-42501-STMPV-DN,42501,EMU,STM-PV-DN,05:10,05:19,1111111,5,false
P-42501-PVTBM-DN,42501,EMU,PV-TBM-DN,05:20,05:29,1111111,5,false
P-42502-MSBMS-DN,42502,EMU,MSB-MS-DN,04:54,05:00,1111111,5,false
P-42502-MSMBM-DN,42502,EMU,MS-MBM-DN,05:01,05:12,1111111,5,false
P-42502-MBMGI-DN,42502,EMU,MBM-GI-DN,05:12,05:18,1111111,5,false
P-42502-GISTM-DN,42502,EMU,GI-STM-DN,05:18,05:21,1111111,5,false
P-42502-STMPV-DN,42502,EMU,STM-PV-DN,05:22,05:31,1111111,5,false
P-42502-PVTBM-DN,42502,EMU,PV-TBM-DN,05:32,05:41,1111111,5,false
P-42503-MSBMS-DN,42503,EMU,MSB-MS-DN,05:06,05:12,1111111,5,false
P-42503-MSMBM-DN,42503,EMU,MS-MBM-DN,05:13,05:24,1111111,5,false
P-42503-MBMGI-DN,42503,EMU,MBM-GI-DN,05:24,05:30,1111111,5,false
P-42503-GISTM-DN,42503,EMU,GI-STM-DN,05:30,05:33,1111111,5,false
P-42503-STMPV-DN,42503,EMU,STM-PV-DN,05:34,05:43,1111111,5,false
P-42503-PVTBM-DN,42503,EMU,PV-TBM-DN,05:44,05:53,1111111,5,false
P-42504-MSBMS-DN,42504,EMU,MSB-MS-DN,05:18,05:24,1111111,5,false
P-42504-MSMBM-DN,42504,EMU,MS-MBM-DN,05:25,05:36,1111111,5,false
P-42504-MBMGI-DN,42504,EMU,MBM-GI-DN,05:36,05:42,1111111,5,false
P-42504-GISTM-DN,42504,EMU,GI-STM-DN,05:42,05:45,1111111,5,false
P-42504-STMPV-DN,42504,EMU,STM-PV-DN,05:46,05:55,1111111,5,false
P-42504-PVTBM-DN,42504,EMU,PV-TBM-DN,05:56,06:05,1111111,5,false
P-42505-MSBMS-DN,42505,EMU,MSB-MS-DN,05:30,05:36,1111111,5,false
P-42505-MSMBM-DN,42505,EMU,MS-MBM-DN,05:37,05:48,1111111,5,false
P-42505-MBMGI-DN,42505,EMU,MBM-GI-DN,05:48,05:54,1111111,5,false
P-42505-GISTM-DN,42505,EMU,GI-STM-DN,05:54,05:57,1111111,5,false
P-42505-STMPV-DN,42505,EMU,STM-PV-DN,05:58,06:07,1111111,5,false
P-42505-PVTBM-DN,42505,EMU,PV-TBM-DN,06:08,06:17,1111111,5,false
P-42506-MSBMS-DN,42506,EMU,MSB-MS-DN,05:42,05:48,1111111,5,false
P-42506-MSMBM-DN,42506,EMU,MS-MBM-DN,05:49,06:00,1111111,5,false
P-42506-MBMGI-DN,42506,EMU,MBM-GI-DN,06:00,06:06,1111111,5,false
P-42506-GISTM-DN,42506,EMU,GI-STM-DN,06:06,06:09,1111111,5,false
P-42506-STMPV-DN,42506,EMU,STM-PV-DN,06:10,06:19,1111111,5,false
P-42506-PVTBM-DN,42506,EMU,PV-TBM-DN,06:20,06:29,1111111,5,false
P-42507-MSBMS-DN,42507,EMU,MSB-MS-DN,05:54,06:00,1111111,5,false
P-42507-MSMBM-DN,42507,EMU,MS-MBM-DN,06:01,06:12,1111111,5,false
P-42507-MBMGI-DN,42507,EMU,MBM-GI-DN,06:12,06:18,1111111,5,false
P-42507-GISTM-DN,42507,EMU,GI-STM-DN,06:18,06:21,1111111,5,false
P-42507-STMPV-DN,42507,EMU,STM-PV-DN,06:22,06:31,1111111,5,false
P-42507-PVTBM-DN,42507,EMU,PV-TBM-DN,06:32,06:41,1111111,5,false
P-42508-MSBMS-DN,42508,EMU,MSB-MS-DN,06:06,06:12,1111111,5,false
P-42508-MSMBM-DN,42508,EMU,MS-MBM-DN,06:13,06:24,1111111,5,false
P-42508-MBMGI-DN,42508,EMU,MBM-GI-DN,06:24,06:30,1111111,5,false
P-42508-GISTM-DN,42508,EMU,GI-STM-DN,06:30,06:33,1111111,5,false
P-42508-STMPV-DN,42508,EMU,STM-PV-DN,06:34,06:43,1111111,5,false
P-42508-PVTBM-DN,42508,EMU,PV-TBM-DN,06:44,06:53,1111111,5,false
P-42509-MSBMS-DN,42509,EMU,MSB-MS-DN,06:18,06:24,1111111,5,false
P-42509-MSMBM-DN,42509,EMU,MS-MBM-DN,06:25,06:36,1111111,5,false
P-42509-MBMGI-DN,42509,EMU,MBM-GI-DN,06:36,06:42,1111111,5,false
P-42509-GISTM-DN,42509,EMU,GI-STM-DN,06:42,06:45,1111111,5,false
P-42509-STMPV-DN,42509,EMU,STM-PV-DN,06:46,06:55,1111111,5,false
P-42509-PVTBM-DN,42509,EMU,PV-TBM-DN,06:56,07:05,1111111,5,false
P-42510-MSBMS-DN,42510,EMU,MSB-MS-DN,06:30,06:36,1111111,5,false
P-42510-MSMBM-DN,42510,EMU,MS-MBM-DN,06:37,06:48,1111111,5,false
P-42510-MBMGI-DN,42510,EMU,MBM-GI-DN,06:48,06:54,1111111,5,false
P-42510-GISTM-DN,42510,EMU,GI-STM-DN,06:54,06:57,1111111,5,false
P-42510-STMPV-DN,42510,EMU,STM-PV-DN,06:58,07:07,1111111,5,false
P-42510-PVTBM-DN,42510,EMU,PV-TBM-DN,07:08,07:17,1111111,5,false
P-42511-MSBMS-DN,42511,EMU,MSB-MS-DN,06:42,06:48,1111111,5,false
P-42511-MSMBM-DN,42511,EMU,MS-MBM-DN,06:49,07:00,1111111,5,false
P-42511-MBMGI-DN,42511,EMU,MBM-GI-DN,07:00,07:06,1111111,5,false
P-42511-GISTM-DN,42511,EMU,GI-STM-DN,07:06,07:09,1111111,5,false
P-42511-STMPV-DN,42511,EMU,STM-PV-DN,07:10,07:19,1111111,5,false
P-42511-PVTBM-DN,42511,EMU,PV-TBM-DN,07:20,07:29,1111111,5,false
P-42512-MSBMS-DN,42512,EMU,MSB-MS-DN,06:54,07:00,1111111,5,false
P-42512-MSMBM-DN,42512,EMU,MS-MBM-DN,07:01,07:12,1111111,5,false
P-42512-MBMGI-DN,42512,EMU,MBM-GI-DN,07:12,07:18,1111111,5,false
P-42512-GISTM-DN,42512,EMU,GI-STM-DN,07:18,07:21,1111111,5,false
P-42512-STMPV-DN,42512,EMU,STM-PV-DN,07:22,07:31,1111111,5,false
P-42512-PVTBM-DN,42512,EMU,PV-TBM-DN,07:32,07:41,1111111,5,false
P-42513-MSBMS-DN,42513,EMU,MSB-MS-DN,07:06,07:12,1111111,5,false
P-42513-MSMBM-DN,42513,EMU,MS-MBM-DN,07:13,07:24,1111111,5,false
P-42513-MBMGI-DN,42513,EMU,MBM-GI-DN,07:24,07:30,1111111,5,false
P-42513-GISTM-DN,42513,EMU,GI-STM-DN,07:30,07:33,1111111,5,false
P-42513-STMPV-DN,42513,EMU,STM-PV-DN,07:34,07:43,1111111,5,false
P-42513-PVTBM-DN,42513,EMU,PV-TBM-DN,07:44,07:53,1111111,5,false
P-42514-MSBMS-DN,42514,EMU,MSB-MS-DN,07:18,07:24,1111111,5,false
P-42514-MSMBM-DN,42514,EMU,MS-MBM-DN,07:25,07:36,1111111,5,false
P-42514-MBMGI-DN,42514,EMU,MBM-GI-DN,07:36,07:42,1111111,5,false
P-42514-GISTM-DN,42514,EMU,GI-STM-DN,07:42,07:45,1111111,5,false
P-42514-STMPV-DN,42514,EMU,STM-PV-DN,07:46,07:55,1111111,5,false
P-42514-PVTBM-DN,42514,EMU,PV-TBM-DN,07:56,08:05,1111111,5,false
P-42515-MSBMS-DN,42515,EMU,MSB-MS-DN,07:30,07:36,1111111,5,false
P-42515-MSMBM-DN,42515,EMU,MS-MBM-DN,07:37,07:48,1111111,5,false
P-42515-MBMGI-DN,42515,EMU,MBM-GI-DN,07:48,07:54,1111111,5,false
P-42515-GISTM-DN,42515,EMU,GI-STM-DN,07:54,07:57,1111111,5,false
P-42515-STMPV-DN,42515,EMU,STM-PV-DN,07:58,08:07,1111111,5,false
P-42515-PVTBM-DN,42515,EMU,PV-TBM-DN,08:08,08:17,1111111,5,false
P-42516-MSBMS-DN,42516,EMU,MSB-MS-DN,07:42,07:48,1111111,5,false
P-42516-MSMBM-DN,42516,EMU,MS-MBM-DN,07:49,08:00,1111111,5,false
P-42516-MBMGI-DN,42516,EMU,MBM-GI-DN,08:00,08:06,1111111,5,false
P-42516-GISTM-DN,42516,EMU,GI-STM-DN,08:06,08:09,1111111,5,false
P-42516-STMPV-DN,42516,EMU,STM-PV-DN,08:10,08:19,1111111,5,false
P-42516-PVTBM-DN,42516,EMU,PV-TBM-DN,08:20,08:29,1111111,5,false
P-42517-MSBMS-DN,42517,EMU,MSB-MS-DN,07:54,08:00,1111111,5,false
P-42517-MSMBM-DN,42517,EMU,MS-MBM-DN,08:01,08:12,1111111,5,false
P-42517-MBMGI-DN,42517,EMU,MBM-GI-DN,08:12,08:18,1111111,5,false
P-42517-GISTM-DN,42517,EMU,GI-STM-DN,08:18,08:21,1111111,5,false
P-42517-STMPV-DN,42517,EMU,STM-PV-DN,08:22,08:31,1111111,5,false
P-42517-PVTBM-DN,42517,EMU,PV-TBM-DN,08:32,08:41,1111111,5,false
P-42518-MSBMS-DN,42518,EMU,MSB-MS-DN,08:06,08:12,1111111,5,false
P-42518-MSMBM-DN,42518,EMU,MS-MBM-DN,08:13,08:24,1111111,5,false
P-42518-MBMGI-DN,42518,EMU,MBM-GI-DN,08:24,08:30,1111111,5,false
P-42518-GISTM-DN,42518,EMU,GI-STM-DN,08:30,08:33,1111111,5,false
P-42518-STMPV-DN,42518,EMU,STM-PV-DN,08:34,08:43,1111111,5,false
P-42518-PVTBM-DN,42518,EMU,PV-TBM-DN,08:44,08:53,1111111,5,false
P-42519-MSBMS-DN,42519,EMU,MSB-MS-DN,08:18,08:24,1111111,5,false
P-42519-MSMBM-DN,42519,EMU,MS-MBM-DN,08:25,08:36,1111111,5,false
P-42519-MBMGI-DN,42519,EMU,MBM-GI-DN,08:36,08:42,1111111,5,false
P-42519-GISTM-DN,42519,EMU,GI-STM-DN,08:42,08:45,1111111,5,false
P-42519-STMPV-DN,42519,EMU,STM-PV-DN,08:46,08:55,1111111,5,false
P-42519-PVTBM-DN,42519,EMU,PV-TBM-DN,08:56,09:05,1111111,5,false
P-42520-MSBMS-DN,42520,EMU,MSB-MS-DN,08:30,08:36,1111111,5,false
P-42520-MSMBM-DN,42520,EMU,MS-MBM-DN,08:37,08:48,1111111,5,false
P-42520-MBMGI-DN,42520,EMU,MBM-GI-DN,08:48,08:54,1111111,5,false
P-42520-GISTM-DN,42520,EMU,GI-STM-DN,08:54,08:57,1111111,5,false
P-42520-STMPV-DN,42520,EMU,STM-PV-DN,08:58,09:07,1111111,5,false
P-42520-PVTBM-DN,42520,EMU,PV-TBM-DN,09:08,09:17,1111111,5,false
P-42521-MSBMS-DN,42521,EMU,MSB-MS-DN,08:42,08:48,1111111,5,false
P-42521-MSMBM-DN,42521,EMU,MS-MBM-DN,08:49,09:00,1111111,5,false
P-42521-MBMGI-DN,42521,EMU,MBM-GI-DN,09:00,09:06,1111111,5,false
P-42521-GISTM-DN,42521,EMU,GI-STM-DN,09:06,09:09,1111111,5,false
P-42521-STMPV-DN,42521,EMU,STM-PV-DN,09:10,09:19,1111111,5,false
P-42521-PVTBM-DN,42521,EMU,PV-TBM-DN,09:20,09:29,1111111,5,false
P-42522-MSBMS-DN,42522,EMU,MSB-MS-DN,08:54,09:00,1111111,5,false
P-42522-MSMBM-DN,42522,EMU,MS-MBM-DN,09:01,09:12,1111111,5,false
P-42522-MBMGI-DN,42522,EMU,MBM-GI-DN,09:12,09:18,1111111,5,false
P-42522-GISTM-DN,42522,EMU,GI-STM-DN,09:18,09:21,1111111,5,false
P-42522-STMPV-DN,42522,EMU,STM-PV-DN,09:22,09:31,1111111,5,false
P-42522-PVTBM-DN,42522,EMU,PV-TBM-DN,09:32,09:41,1111111,5,false
P-42523-MSBMS-DN,42523,EMU,MSB-MS-DN,09:06,09:12,1111111,5,false
P-42523-MSMBM-DN,42523,EMU,MS-MBM-DN,09:13,09:24,1111111,5,false
P-42523-MBMGI-DN,42523,EMU,MBM-GI-DN,09:24,09:30,1111111,5,false
P-42523-GISTM-DN,42523,EMU,GI-STM-DN,09:30,09:33,1111111,5,false
P-42523-STMPV-DN,42523,EMU,STM-PV-DN,09:34,09:43,1111111,5,false
P-42523-PVTBM-DN,42523,EMU,PV-TBM-DN,09:44,09:53,1111111,5,false
P-42524-MSBMS-DN,42524,EMU,MSB-MS-DN,09:18,09:24,1111111,5,false
P-42524-MSMBM-DN,42524,EMU,MS-MBM-DN,09:25,09:36,1111111,5,false
P-42524-MBMGI-DN,42524,EMU,MBM-GI-DN,09:36,09:42,1111111,5,false
P-42524-GISTM-DN,42524,EMU,GI-STM-DN,09:42,09:45,1111111,5,false
P-42524-STMPV-DN,42524,EMU,STM-PV-DN,09:46,09:55,1111111,5,false
P-42524-PVTBM-DN,42524,EMU,PV-TBM-DN,09:56,10:05,1111111,5,false
P-42525-MSBMS-DN,42525,EMU,MSB-MS-DN,09:30,09:36,1111111,5,false
P-42525-MSMBM-DN,42525,EMU,MS-MBM-DN,09:37,09:48,1111111,5,false
P-42525-MBMGI-DN,42525,EMU,MBM-GI-DN,09:48,09:54,1111111,5,false
P-42525-GISTM-DN,42525,EMU,GI-STM-DN,09:54,09:57,1111111,5,false
P-42525-STMPV-DN,42525,EMU,STM-PV-DN,09:58,10:07,1111111,5,false
P-42525-PVTBM-DN,42525,EMU,PV-TBM-DN,10:08,10:17,1111111,5,false
P-42526-MSBMS-DN,42526,EMU,MSB-MS-DN,09:42,09:48,1111111,5,false
P-42526-MSMBM-DN,42526,EMU,MS-MBM-DN,09:49,10:00,1111111,5,false
P-42526-MBMGI-DN,42526,EMU,MBM-GI-DN,10:00,10:06,1111111,5,false
P-42526-GISTM-DN,42526,EMU,GI-STM-DN,10:06,10:09,1111111,5,false
P-42526-STMPV-DN,42526,EMU,STM-PV-DN,10:10,10:19,1111111,5,false
P-42526-PVTBM-DN,42526,EMU,PV-TBM-DN,10:20,10:29,1111111,5,false
P-42527-MSBMS-DN,42527,EMU,MSB-MS-DN,09:54,10:00,1111111,5,false
P-42527-MSMBM-DN,42527,EMU,MS-MBM-DN,10:01,10:12,1111111,5,false
P-42527-MBMGI-DN,42527,EMU,MBM-GI-DN,10:12,10:18,1111111,5,false
P-42527-GISTM-DN,42527,EMU,GI-STM-DN,10:18,10:21,1111111,5,false
P-42527-STMPV-DN,42527,EMU,STM-PV-DN,10:22,10:31,1111111,5,false
P-42527-PVTBM-DN,42527,EMU,PV-TBM-DN,10:32,10:41,1111111,5,false
P-42528-MSBMS-DN,42528,EMU,MSB-MS-DN,10:06,10:12,1111111,5,false
P-42528-MSMBM-DN,42528,EMU,MS-MBM-DN,10:13,10:24,1111111,5,false
P-42528-MBMGI-DN,42528,EMU,MBM-GI-DN,10:24,10:30,1111111,5,false
P-42528-GISTM-DN,42528,EMU,GI-STM-DN,10:30,10:33,1111111,5,false
P-42528-STMPV-DN,42528,EMU,STM-PV-DN,10:34,10:43,1111111,5,false
P-42528-PVTBM-DN,42528,EMU,PV-TBM-DN,10:44,10:53,1111111,5,false
P-42529-MSBMS-DN,42529,EMU,MSB-MS-DN,10:18,10:24,1111111,5,false
P-42529-MSMBM-DN,42529,EMU,MS-MBM-DN,10:25,10:36,1111111,5,false
P-42529-MBMGI-DN,42529,EMU,MBM-GI-DN,10:36,10:42,1111111,5,false
P-42529-GISTM-DN,42529,EMU,GI-STM-DN,10:42,10:45,1111111,5,false
P-42529-STMPV-DN,42529,EMU,STM-PV-DN,10:46,10:55,1111111,5,false
P-42529-PVTBM-DN,42529,EMU,PV-TBM-DN,10:56,11:05,1111111,5,false
P-42530-MSBMS-DN,42530,EMU,MSB-MS-DN,10:30,10:36,1111111,5,false
P-42530-MSMBM-DN,42530,EMU,MS-MBM-DN,10:37,10:48,1111111,5,false
P-42530-MBMGI-DN,42530,EMU,MBM-GI-DN,10:48,10:54,1111111,5,false
P-42530-GISTM-DN,42530,EMU,GI-STM-DN,10:54,10:57,1111111,5,false
P-42530-STMPV-DN,42530,EMU,STM-PV-DN,10:58,11:07,1111111,5,false
P-42530-PVTBM-DN,42530,EMU,PV-TBM-DN,11:08,11:17,1111111,5,false
P-42531-MSBMS-DN,42531,EMU,MSB-MS-DN,10:42,10:48,1111111,5,false
P-42531-MSMBM-DN,42531,EMU,MS-MBM-DN,10:49,11:00,1111111,5,false
P-42531-MBMGI-DN,42531,EMU,MBM-GI-DN,11:00,11:06,1111111,5,false
P-42531-GISTM-DN,42531,EMU,GI-STM-DN,11:06,11:09,1111111,5,false
P-42531-STMPV-DN,42531,EMU,STM-PV-DN,11:10,11:19,1111111,5,false
P-42531-PVTBM-DN,42531,EMU,PV-TBM-DN,11:20,11:29,1111111,5,false
P-42532-MSBMS-DN,42532,EMU,MSB-MS-DN,10:54,11:00,1111111,5,false
P-42532-MSMBM-DN,42532,EMU,MS-MBM-DN,11:01,11:12,1111111,5,false
P-42532-MBMGI-DN,42532,EMU,MBM-GI-DN,11:12,11:18,1111111,5,false
P-42532-GISTM-DN,42532,EMU,GI-STM-DN,11:18,11:21,1111111,5,false
P-42532-STMPV-DN,42532,EMU,STM-PV-DN,11:22,11:31,1111111,5,false
P-42532-PVTBM-DN,42532,EMU,PV-TBM-DN,11:32,11:41,1111111,5,false
P-42533-MSBMS-DN,42533,EMU,MSB-MS-DN,11:06,11:12,1111111,5,false
P-42533-MSMBM-DN,42533,EMU,MS-MBM-DN,11:13,11:24,1111111,5,false
P-42533-MBMGI-DN,42533,EMU,MBM-GI-DN,11:24,11:30,1111111,5,false
P-42533-GISTM-DN,42533,EMU,GI-STM-DN,11:30,11:33,1111111,5,false
P-42533-STMPV-DN,42533,EMU,STM-PV-DN,11:34,11:43,1111111,5,false
P-42533-PVTBM-DN,42533,EMU,PV-TBM-DN,11:44,11:53,1111111,5,false
P-42534-MSBMS-DN,42534,EMU,MSB-MS-DN,11:18,11:24,1111111,5,false
P-42534-MSMBM-DN,42534,EMU,MS-MBM-DN,11:25,11:36,1111111,5,false
P-42534-MBMGI-DN,42534,EMU,MBM-GI-DN,11:36,11:42,1111111,5,false
P-42534-GISTM-DN,42534,EMU,GI-STM-DN,11:42,11:45,1111111,5,false
P-42534-STMPV-DN,42534,EMU,STM-PV-DN,11:46,11:55,1111111,5,false
P-42534-PVTBM-DN,42534,EMU,PV-TBM-DN,11:56,12:05,1111111,5,false
P-42535-MSBMS-DN,42535,EMU,MSB-MS-DN,11:30,11:36,1111111,5,false
P-42535-MSMBM-DN,42535,EMU,MS-MBM-DN,11:37,11:48,1111111,5,false
P-42535-MBMGI-DN,42535,EMU,MBM-GI-DN,11:48,11:54,1111111,5,false
P-42535-GISTM-DN,42535,EMU,GI-STM-DN,11:54,11:57,1111111,5,false
P-42535-STMPV-DN,42535,EMU,STM-PV-DN,11:58,12:07,1111111,5,false
P-42535-PVTBM-DN,42535,EMU,PV-TBM-DN,12:08,12:17,1111111,5,false
P-42536-MSBMS-DN,42536,EMU,MSB-MS-DN,11:42,11:48,1111111,5,false
P-42536-MSMBM-DN,42536,EMU,MS-MBM-DN,11:49,12:00,1111111,5,false
P-42536-MBMGI-DN,42536,EMU,MBM-GI-DN,12:00,12:06,1111111,5,false
P-42536-GISTM-DN,42536,EMU,GI-STM-DN,12:06,12:09,1111111,5,false
P-42536-STMPV-DN,42536,EMU,STM-PV-DN,12:10,12:19,1111111,5,false
P-42536-PVTBM-DN,42536,EMU,PV-TBM-DN,12:20,12:29,1111111,5,false
P-42537-MSBMS-DN,42537,EMU,MSB-MS-DN,11:54,12:00,1111111,5,false
P-42537-MSMBM-DN,42537,EMU,MS-MBM-DN,12:01,12:12,1111111,5,false
P-42537-MBMGI-DN,42537,EMU,MBM-GI-DN,12:12,12:18,1111111,5,false
P-42537-GISTM-DN,42537,EMU,GI-STM-DN,12:18,12:21,1111111,5,false
P-42537-STMPV-DN,42537,EMU,STM-PV-DN,12:22,12:31,1111111,5,false
P-42537-PVTBM-DN,42537,EMU,PV-TBM-DN,12:32,12:41,1111111,5,false
P-42538-MSBMS-DN,42538,EMU,MSB-MS-DN,12:06,12:12,1111111,5,false
P-42538-MSMBM-DN,42538,EMU,MS-MBM-DN,12:13,12:24,1111111,5,false
P-42538-MBMGI-DN,42538,EMU,MBM-GI-DN,12:24,12:30,1111111,5,false
P-42538-GISTM-DN,42538,EMU,GI-STM-DN,12:30,12:33,1111111,5,false
P-42538-STMPV-DN,42538,EMU,STM-PV-DN,12:34,12:43,1111111,5,false
P-42538-PVTBM-DN,42538,EMU,PV-TBM-DN,12:44,12:53,1111111,5,false
P-42539-MSBMS-DN,42539,EMU,MSB-MS-DN,12:18,12:24,1111111,5,false
P-42539-MSMBM-DN,42539,EMU,MS-MBM-DN,12:25,12:36,1111111,5,false
P-42539-MBMGI-DN,42539,EMU,MBM-GI-DN,12:36,12:42,1111111,5,false
P-42539-GISTM-DN,42539,EMU,GI-STM-DN,12:42,12:45,1111111,5,false
P-42539-STMPV-DN,42539,EMU,STM-PV-DN,12:46,12:55,1111111,5,false
P-42539-PVTBM-DN,42539,EMU,PV-TBM-DN,12:56,13:05,1111111,5,false
P-42540-MSBMS-DN,42540,EMU,MSB-MS-DN,12:30,12:36,1111111,5,false
P-42540-MSMBM-DN,42540,EMU,MS-MBM-DN,12:37,12:48,1111111,5,false
P-42540-MBMGI-DN,42540,EMU,MBM-GI-DN,12:48,12:54,1111111,5,false
P-42540-GISTM-DN,42540,EMU,GI-STM-DN,12:54,12:57,1111111,5,false
P-42540-STMPV-DN,42540,EMU,STM-PV-DN,12:58,13:07,1111111,5,false
P-42540-PVTBM-DN,42540,EMU,PV-TBM-DN,13:08,13:17,1111111,5,false
P-42541-MSBMS-DN,42541,EMU,MSB-MS-DN,12:42,12:48,1111111,5,false
P-42541-MSMBM-DN,42541,EMU,MS-MBM-DN,12:49,13:00,1111111,5,false
P-42541-MBMGI-DN,42541,EMU,MBM-GI-DN,13:00,13:06,1111111,5,false
P-42541-GISTM-DN,42541,EMU,GI-STM-DN,13:06,13:09,1111111,5,false
P-42541-STMPV-DN,42541,EMU,STM-PV-DN,13:10,13:19,1111111,5,false
P-42541-PVTBM-DN,42541,EMU,PV-TBM-DN,13:20,13:29,1111111,5,false
P-42542-MSBMS-DN,42542,EMU,MSB-MS-DN,12:54,13:00,1111111,5,false
P-42542-MSMBM-DN,42542,EMU,MS-MBM-DN,13:01,13:12,1111111,5,false
P-42542-MBMGI-DN,42542,EMU,MBM-GI-DN,13:12,13:18,1111111,5,false
P-42542-GISTM-DN,42542,EMU,GI-STM-DN,13:18,13:21,1111111,5,false
P-42542-STMPV-DN,42542,EMU,STM-PV-DN,13:22,13:31,1111111,5,false
P-42542-PVTBM-DN,42542,EMU,PV-TBM-DN,13:32,13:41,1111111,5,false
P-42543-MSBMS-DN,42543,EMU,MSB-MS-DN,13:06,13:12,1111111,5,false
P-42543-MSMBM-DN,42543,EMU,MS-MBM-DN,13:13,13:24,1111111,5,false
P-42543-MBMGI-DN,42543,EMU,MBM-GI-DN,13:24,13:30,1111111,5,false
P-42543-GISTM-DN,42543,EMU,GI-STM-DN,13:30,13:33,1111111,5,false
P-42543-STMPV-DN,42543,EMU,STM-PV-DN,13:34,13:43,1111111,5,false
P-42543-PVTBM-DN,42543,EMU,PV-TBM-DN,13:44,13:53,1111111,5,false
P-42544-MSBMS-DN,42544,EMU,MSB-MS-DN,13:18,13:24,1111111,5,false
P-42544-MSMBM-DN,42544,EMU,MS-MBM-DN,13:25,13:36,1111111,5,false
P-42544-MBMGI-DN,42544,EMU,MBM-GI-DN,13:36,13:42,1111111,5,false
P-42544-GISTM-DN,42544,EMU,GI-STM-DN,13:42,13:45,1111111,5,false
P-42544-STMPV-DN,42544,EMU,STM-PV-DN,13:46,13:55,1111111,5,false
P-42544-PVTBM-DN,42544,EMU,PV-TBM-DN,13:56,14:05,1111111,5,false
P-42545-MSBMS-DN,42545,EMU,MSB-MS-DN,13:30,13:36,1111111,5,false
P-42545-MSMBM-DN,42545,EMU,MS-MBM-DN,13:37,13:48,1111111,5,false
P-42545-MBMGI-DN,42545,EMU,MBM-GI-DN,13:48,13:54,1111111,5,false
P-42545-GISTM-DN,42545,EMU,GI-STM-DN,13:54,13:57,1111111,5,false
P-42545-STMPV-DN,42545,EMU,STM-PV-DN,13:58,14:07,1111111,5,false
P-42545-PVTBM-DN,42545,EMU,PV-TBM-DN,14:08,14:17,1111111,5,false
P-42546-MSBMS-DN,42546,EMU,MSB-MS-DN,13:42,13:48,1111111,5,false
P-42546-MSMBM-DN,42546,EMU,MS-MBM-DN,13:49,14:00,1111111,5,false
P-42546-MBMGI-DN,42546,EMU,MBM-GI-DN,14:00,14:06,1111111,5,false
P-42546-GISTM-DN,42546,EMU,GI-STM-DN,14:06,14:09,1111111,5,false
P-42546-STMPV-DN,42546,EMU,STM-PV-DN,14:10,14:19,1111111,5,false
P-42546-PVTBM-DN,42546,EMU,PV-TBM-DN,14:20,14:29,1111111,5,false
P-42547-MSBMS-DN,42547,EMU,MSB-MS-DN,13:54,14:00,1111111,5,false
P-42547-MSMBM-DN,42547,EMU,MS-MBM-DN,14:01,14:12,1111111,5,false
P-42547-MBMGI-DN,42547,EMU,MBM-GI-DN,14:12,14:18,1111111,5,false
P-42547-GISTM-DN,42547,EMU,GI-STM-DN,14:18,14:21,1111111,5,false
P-42547-STMPV-DN,42547,EMU,STM-PV-DN,14:22,14:31,1111111,5,false
P-42547-PVTBM-DN,42547,EMU,PV-TBM-DN,14:32,14:41,1111111,5,false
P-42548-MSBMS-DN,42548,EMU,MSB-MS-DN,14:06,14:12,1111111,5,false
P-42548-MSMBM-DN,42548,EMU,MS-MBM-DN,14:13,14:24,1111111,5,false
P-42548-MBMGI-DN,42548,EMU,MBM-GI-DN,14:24,14:30,1111111,5,false
P-42548-GISTM-DN,42548,EMU,GI-STM-DN,14:30,14:33,1111111,5,false
P-42548-STMPV-DN,42548,EMU,STM-PV-DN,14:34,14:43,1111111,5,false
P-42548-PVTBM-DN,42548,EMU,PV-TBM-DN,14:44,14:53,1111111,5,false
P-42549-MSBMS-DN,42549,EMU,MSB-MS-DN,14:18,14:24,1111111,5,false
P-42549-MSMBM-DN,42549,EMU,MS-MBM-DN,14:25,14:36,1111111,5,false
P-42549-MBMGI-DN,42549,EMU,MBM-GI-DN,14:36,14:42,1111111,5,false
P-42549-GISTM-DN,42549,EMU,GI-STM-DN,14:42,14:45,1111111,5,false
P-42549-STMPV-DN,42549,EMU,STM-PV-DN,14:46,14:55,1111111,5,false
P-42549-PVTBM-DN,42549,EMU,PV-TBM-DN,14:56,15:05,1111111,5,false
P-42550-MSBMS-DN,42550,EMU,MSB-MS-DN,14:30,14:36,1111111,5,false
P-42550-MSMBM-DN,42550,EMU,MS-MBM-DN,14:37,14:48,1111111,5,false
P-42550-MBMGI-DN,42550,EMU,MBM-GI-DN,14:48,14:54,1111111,5,false
P-42550-GISTM-DN,42550,EMU,GI-STM-DN,14:54,14:57,1111111,5,false
P-42550-STMPV-DN,42550,EMU,STM-PV-DN,14:58,15:07,1111111,5,false
P-42550-PVTBM-DN,42550,EMU,PV-TBM-DN,15:08,15:17,1111111,5,false
P-42551-MSBMS-DN,42551,EMU,MSB-MS-DN,14:42,14:48,1111111,5,false
P-42551-MSMBM-DN,42551,EMU,MS-MBM-DN,14:49,15:00,1111111,5,false
P-42551-MBMGI-DN,42551,EMU,MBM-GI-DN,15:00,15:06,1111111,5,false
P-42551-GISTM-DN,42551,EMU,GI-STM-DN,15:06,15:09,1111111,5,false
P-42551-STMPV-DN,42551,EMU,STM-PV-DN,15:10,15:19,1111111,5,false
P-42551-PVTBM-DN,42551,EMU,PV-TBM-DN,15:20,15:29,1111111,5,false
P-42552-MSBMS-DN,42552,EMU,MSB-MS-DN,14:54,15:00,1111111,5,false
P-42552-MSMBM-DN,42552,EMU,MS-MBM-DN,15:01,15:12,1111111,5,false
P-42552-MBMGI-DN,42552,EMU,MBM-GI-DN,15:12,15:18,1111111,5,false
P-42552-GISTM-DN,42552,EMU,GI-STM-DN,15:18,15:21,1111111,5,false
P-42552-STMPV-DN,42552,EMU,STM-PV-DN,15:22,15:31,1111111,5,false
P-42552-PVTBM-DN,42552,EMU,PV-TBM-DN,15:32,15:41,1111111,5,false
P-42553-MSBMS-DN,42553,EMU,MSB-MS-DN,15:06,15:12,1111111,5,false
P-42553-MSMBM-DN,42553,EMU,MS-MBM-DN,15:13,15:24,1111111,5,false
P-42553-MBMGI-DN,42553,EMU,MBM-GI-DN,15:24,15:30,1111111,5,false
P-42553-GISTM-DN,42553,EMU,GI-STM-DN,15:30,15:33,1111111,5,false
P-42553-STMPV-DN,42553,EMU,STM-PV-DN,15:34,15:43,1111111,5,false
P-42553-PVTBM-DN,42553,EMU,PV-TBM-DN,15:44,15:53,1111111,5,false
P-42554-MSBMS-DN,42554,EMU,MSB-MS-DN,15:18,15:24,1111111,5,false
P-42554-MSMBM-DN,42554,EMU,MS-MBM-DN,15:25,15:36,1111111,5,false
P-42554-MBMGI-DN,42554,EMU,MBM-GI-DN,15:36,15:42,1111111,5,false
P-42554-GISTM-DN,42554,EMU,GI-STM-DN,15:42,15:45,1111111,5,false
P-42554-STMPV-DN,42554,EMU,STM-PV-DN,15:46,15:55,1111111,5,false
P-42554-PVTBM-DN,42554,EMU,PV-TBM-DN,15:56,16:05,1111111,5,false
P-42555-MSBMS-DN,42555,EMU,MSB-MS-DN,15:30,15:36,1111111,5,false
P-42555-MSMBM-DN,42555,EMU,MS-MBM-DN,15:37,15:48,1111111,5,false
P-42555-MBMGI-DN,42555,EMU,MBM-GI-DN,15:48,15:54,1111111,5,false
P-42555-GISTM-DN,42555,EMU,GI-STM-DN,15:54,15:57,1111111,5,false
P-42555-STMPV-DN,42555,EMU,STM-PV-DN,15:58,16:07,1111111,5,false
P-42555-PVTBM-DN,42555,EMU,PV-TBM-DN,16:08,16:17,1111111,5,false
P-42556-MSBMS-DN,42556,EMU,MSB-MS-DN,15:42,15:48,1111111,5,false
P-42556-MSMBM-DN,42556,EMU,MS-MBM-DN,15:49,16:00,1111111,5,false
P-42556-MBMGI-DN,42556,EMU,MBM-GI-DN,16:00,16:06,1111111,5,false
P-42556-GISTM-DN,42556,EMU,GI-STM-DN,16:06,16:09,1111111,5,false
P-42556-STMPV-DN,42556,EMU,STM-PV-DN,16:10,16:19,1111111,5,false
P-42556-PVTBM-DN,42556,EMU,PV-TBM-DN,16:20,16:29,1111111,5,false
P-42557-MSBMS-DN,42557,EMU,MSB-MS-DN,15:54,16:00,1111111,5,false
P-42557-MSMBM-DN,42557,EMU,MS-MBM-DN,16:01,16:12,1111111,5,false
P-42557-MBMGI-DN,42557,EMU,MBM-GI-DN,16:12,16:18,1111111,5,false
P-42557-GISTM-DN,42557,EMU,GI-STM-DN,16:18,16:21,1111111,5,false
P-42557-STMPV-DN,42557,EMU,STM-PV-DN,16:22,16:31,1111111,5,false
P-42557-PVTBM-DN,42557,EMU,PV-TBM-DN,16:32,16:41,1111111,5,false
P-42558-MSBMS-DN,42558,EMU,MSB-MS-DN,16:06,16:12,1111111,5,false
P-42558-MSMBM-DN,42558,EMU,MS-MBM-DN,16:13,16:24,1111111,5,false
P-42558-MBMGI-DN,42558,EMU,MBM-GI-DN,16:24,16:30,1111111,5,false
P-42558-GISTM-DN,42558,EMU,GI-STM-DN,16:30,16:33,1111111,5,false
P-42558-STMPV-DN,42558,EMU,STM-PV-DN,16:34,16:43,1111111,5,false
P-42558-PVTBM-DN,42558,EMU,PV-TBM-DN,16:44,16:53,1111111,5,false
P-42559-MSBMS-DN,42559,EMU,MSB-MS-DN,16:18,16:24,1111111,5,false
P-42559-MSMBM-DN,42559,EMU,MS-MBM-DN,16:25,16:36,1111111,5,false
P-42559-MBMGI-DN,42559,EMU,MBM-GI-DN,16:36,16:42,1111111,5,false
P-42559-GISTM-DN,42559,EMU,GI-STM-DN,16:42,16:45,1111111,5,false
P-42559-STMPV-DN,42559,EMU,STM-PV-DN,16:46,16:55,1111111,5,false
P-42559-PVTBM-DN,42559,EMU,PV-TBM-DN,16:56,17:05,1111111,5,false
P-42560-MSBMS-DN,42560,EMU,MSB-MS-DN,16:30,16:36,1111111,5,false
P-42560-MSMBM-DN,42560,EMU,MS-MBM-DN,16:37,16:48,1111111,5,false
P-42560-MBMGI-DN,42560,EMU,MBM-GI-DN,16:48,16:54,1111111,5,false
P-42560-GISTM-DN,42560,EMU,GI-STM-DN,16:54,16:57,1111111,5,false
P-42560-STMPV-DN,42560,EMU,STM-PV-DN,16:58,17:07,1111111,5,false
P-42560-PVTBM-DN,42560,EMU,PV-TBM-DN,17:08,17:17,1111111,5,false
P-42561-MSBMS-DN,42561,EMU,MSB-MS-DN,16:42,16:48,1111111,5,false
P-42561-MSMBM-DN,42561,EMU,MS-MBM-DN,16:49,17:00,1111111,5,false
P-42561-MBMGI-DN,42561,EMU,MBM-GI-DN,17:00,17:06,1111111,5,false
P-42561-GISTM-DN,42561,EMU,GI-STM-DN,17:06,17:09,1111111,5,false
P-42561-STMPV-DN,42561,EMU,STM-PV-DN,17:10,17:19,1111111,5,false
P-42561-PVTBM-DN,42561,EMU,PV-TBM-DN,17:20,17:29,1111111,5,false
P-42562-MSBMS-DN,42562,EMU,MSB-MS-DN,16:54,17:00,1111111,5,false
P-42562-MSMBM-DN,42562,EMU,MS-MBM-DN,17:01,17:12,1111111,5,false
P-42562-MBMGI-DN,42562,EMU,MBM-GI-DN,17:12,17:18,1111111,5,false
P-42562-GISTM-DN,42562,EMU,GI-STM-DN,17:18,17:21,1111111,5,false
P-42562-STMPV-DN,42562,EMU,STM-PV-DN,17:22,17:31,1111111,5,false
P-42562-PVTBM-DN,42562,EMU,PV-TBM-DN,17:32,17:41,1111111,5,false
P-42563-MSBMS-DN,42563,EMU,MSB-MS-DN,17:06,17:12,1111111,5,false
P-42563-MSMBM-DN,42563,EMU,MS-MBM-DN,17:13,17:24,1111111,5,false
P-42563-MBMGI-DN,42563,EMU,MBM-GI-DN,17:24,17:30,1111111,5,false
P-42563-GISTM-DN,42563,EMU,GI-STM-DN,17:30,17:33,1111111,5,false
P-42563-STMPV-DN,42563,EMU,STM-PV-DN,17:34,17:43,1111111,5,false
P-42563-PVTBM-DN,42563,EMU,PV-TBM-DN,17:44,17:53,1111111,5,false
P-42564-MSBMS-DN,42564,EMU,MSB-MS-DN,17:18,17:24,1111111,5,false
P-42564-MSMBM-DN,42564,EMU,MS-MBM-DN,17:25,17:36,1111111,5,false
P-42564-MBMGI-DN,42564,EMU,MBM-GI-DN,17:36,17:42,1111111,5,false
P-42564-GISTM-DN,42564,EMU,GI-STM-DN,17:42,17:45,1111111,5,false
P-42564-STMPV-DN,42564,EMU,STM-PV-DN,17:46,17:55,1111111,5,false
P-42564-PVTBM-DN,42564,EMU,PV-TBM-DN,17:56,18:05,1111111,5,false
P-42565-MSBMS-DN,42565,EMU,MSB-MS-DN,17:30,17:36,1111111,5,false
P-42565-MSMBM-DN,42565,EMU,MS-MBM-DN,17:37,17:48,1111111,5,false
P-42565-MBMGI-DN,42565,EMU,MBM-GI-DN,17:48,17:54,1111111,5,false
P-42565-GISTM-DN,42565,EMU,GI-STM-DN,17:54,17:57,1111111,5,false
P-42565-STMPV-DN,42565,EMU,STM-PV-DN,17:58,18:07,1111111,5,false
P-42565-PVTBM-DN,42565,EMU,PV-TBM-DN,18:08,18:17,1111111,5,false
P-42566-MSBMS-DN,42566,EMU,MSB-MS-DN,17:42,17:48,1111111,5,false
P-42566-MSMBM-DN,42566,EMU,MS-MBM-DN,17:49,18:00,1111111,5,false
P-42566-MBMGI-DN,42566,EMU,MBM-GI-DN,18:00,18:06,1111111,5,false
P-42566-GISTM-DN,42566,EMU,GI-STM-DN,18:06,18:09,1111111,5,false
P-42566-STMPV-DN,42566,EMU,STM-PV-DN,18:10,18:19,1111111,5,false
P-42566-PVTBM-DN,42566,EMU,PV-TBM-DN,18:20,18:29,1111111,5,false
P-42567-MSBMS-DN,42567,EMU,MSB-MS-DN,17:54,18:00,1111111,5,false
P-42567-MSMBM-DN,42567,EMU,MS-MBM-DN,18:01,18:12,1111111,5,false
P-42567-MBMGI-DN,42567,EMU,MBM-GI-DN,18:12,18:18,1111111,5,false
P-42567-GISTM-DN,42567,EMU,GI-STM-DN,18:18,18:21,1111111,5,false
P-42567-STMPV-DN,42567,EMU,STM-PV-DN,18:22,18:31,1111111,5,false
P-42567-PVTBM-DN,42567,EMU,PV-TBM-DN,18:32,18:41,1111111,5,false
P-42568-MSBMS-DN,42568,EMU,MSB-MS-DN,18:06,18:12,1111111,5,false
P-42568-MSMBM-DN,42568,EMU,MS-MBM-DN,18:13,18:24,1111111,5,false
P-42568-MBMGI-DN,42568,EMU,MBM-GI-DN,18:24,18:30,1111111,5,false
P-42568-GISTM-DN,42568,EMU,GI-STM-DN,18:30,18:33,1111111,5,false
P-42568-STMPV-DN,42568,EMU,STM-PV-DN,18:34,18:43,1111111,5,false
P-42568-PVTBM-DN,42568,EMU,PV-TBM-DN,18:44,18:53,1111111,5,false
P-42569-MSBMS-DN,42569,EMU,MSB-MS-DN,18:18,18:24,1111111,5,false
P-42569-MSMBM-DN,42569,EMU,MS-MBM-DN,18:25,18:36,1111111,5,false
P-42569-MBMGI-DN,42569,EMU,MBM-GI-DN,18:36,18:42,1111111,5,false
P-42569-GISTM-DN,42569,EMU,GI-STM-DN,18:42,18:45,1111111,5,false
P-42569-STMPV-DN,42569,EMU,STM-PV-DN,18:46,18:55,1111111,5,false
P-42569-PVTBM-DN,42569,EMU,PV-TBM-DN,18:56,19:05,1111111,5,false
P-42570-MSBMS-DN,42570,EMU,MSB-MS-DN,18:30,18:36,1111111,5,false
P-42570-MSMBM-DN,42570,EMU,MS-MBM-DN,18:37,18:48,1111111,5,false
P-42570-MBMGI-DN,42570,EMU,MBM-GI-DN,18:48,18:54,1111111,5,false
P-42570-GISTM-DN,42570,EMU,GI-STM-DN,18:54,18:57,1111111,5,false
P-42570-STMPV-DN,42570,EMU,STM-PV-DN,18:58,19:07,1111111,5,false
P-42570-PVTBM-DN,42570,EMU,PV-TBM-DN,19:08,19:17,1111111,5,false
P-42571-MSBMS-DN,42571,EMU,MSB-MS-DN,18:42,18:48,1111111,5,false
P-42571-MSMBM-DN,42571,EMU,MS-MBM-DN,18:49,19:00,1111111,5,false
P-42571-MBMGI-DN,42571,EMU,MBM-GI-DN,19:00,19:06,1111111,5,false
P-42571-GISTM-DN,42571,EMU,GI-STM-DN,19:06,19:09,1111111,5,false
P-42571-STMPV-DN,42571,EMU,STM-PV-DN,19:10,19:19,1111111,5,false
P-42571-PVTBM-DN,42571,EMU,PV-TBM-DN,19:20,19:29,1111111,5,false
P-42572-MSBMS-DN,42572,EMU,MSB-MS-DN,18:54,19:00,1111111,5,false
P-42572-MSMBM-DN,42572,EMU,MS-MBM-DN,19:01,19:12,1111111,5,false
P-42572-MBMGI-DN,42572,EMU,MBM-GI-DN,19:12,19:18,1111111,5,false
P-42572-GISTM-DN,42572,EMU,GI-STM-DN,19:18,19:21,1111111,5,false
P-42572-STMPV-DN,42572,EMU,STM-PV-DN,19:22,19:31,1111111,5,false
P-42572-PVTBM-DN,42572,EMU,PV-TBM-DN,19:32,19:41,1111111,5,false
P-42573-MSBMS-DN,42573,EMU,MSB-MS-DN,19:06,19:12,1111111,5,false
P-42573-MSMBM-DN,42573,EMU,MS-MBM-DN,19:13,19:24,1111111,5,false
P-42573-MBMGI-DN,42573,EMU,MBM-GI-DN,19:24,19:30,1111111,5,false
P-42573-GISTM-DN,42573,EMU,GI-STM-DN,19:30,19:33,1111111,5,false
P-42573-STMPV-DN,42573,EMU,STM-PV-DN,19:34,19:43,1111111,5,false
P-42573-PVTBM-DN,42573,EMU,PV-TBM-DN,19:44,19:53,1111111,5,false
P-42574-MSBMS-DN,42574,EMU,MSB-MS-DN,19:18,19:24,1111111,5,false
P-42574-MSMBM-DN,42574,EMU,MS-MBM-DN,19:25,19:36,1111111,5,false
P-42574-MBMGI-DN,42574,EMU,MBM-GI-DN,19:36,19:42,1111111,5,false
P-42574-GISTM-DN,42574,EMU,GI-STM-DN,19:42,19:45,1111111,5,false
P-42574-STMPV-DN,42574,EMU,STM-PV-DN,19:46,19:55,1111111,5,false
P-42574-PVTBM-DN,42574,EMU,PV-TBM-DN,19:56,20:05,1111111,5,false
P-42575-MSBMS-DN,42575,EMU,MSB-MS-DN,19:30,19:36,1111111,5,false
P-42575-MSMBM-DN,42575,EMU,MS-MBM-DN,19:37,19:48,1111111,5,false
P-42575-MBMGI-DN,42575,EMU,MBM-GI-DN,19:48,19:54,1111111,5,false
P-42575-GISTM-DN,42575,EMU,GI-STM-DN,19:54,19:57,1111111,5,false
P-42575-STMPV-DN,42575,EMU,STM-PV-DN,19:58,20:07,1111111,5,false
P-42575-PVTBM-DN,42575,EMU,PV-TBM-DN,20:08,20:17,1111111,5,false
P-42576-MSBMS-DN,42576,EMU,MSB-MS-DN,19:42,19:48,1111111,5,false
P-42576-MSMBM-DN,42576,EMU,MS-MBM-DN,19:49,20:00,1111111,5,false
P-42576-MBMGI-DN,42576,EMU,MBM-GI-DN,20:00,20:06,1111111,5,false
P-42576-GISTM-DN,42576,EMU,GI-STM-DN,20:06,20:09,1111111,5,false
P-42576-STMPV-DN,42576,EMU,STM-PV-DN,20:10,20:19,1111111,5,false
P-42576-PVTBM-DN,42576,EMU,PV-TBM-DN,20:20,20:29,1111111,5,false
P-42577-MSBMS-DN,42577,EMU,MSB-MS-DN,19:54,20:00,1111111,5,false
P-42577-MSMBM-DN,42577,EMU,MS-MBM-DN,20:01,20:12,1111111,5,false
P-42577-MBMGI-DN,42577,EMU,MBM-GI-DN,20:12,20:18,1111111,5,false
P-42577-GISTM-DN,42577,EMU,GI-STM-DN,20:18,20:21,1111111,5,false
P-42577-STMPV-DN,42577,EMU,STM-PV-DN,20:22,20:31,1111111,5,false
P-42577-PVTBM-DN,42577,EMU,PV-TBM-DN,20:32,20:41,1111111,5,false
P-42578-MSBMS-DN,42578,EMU,MSB-MS-DN,20:06,20:12,1111111,5,false
P-42578-MSMBM-DN,42578,EMU,MS-MBM-DN,20:13,20:24,1111111,5,false
P-42578-MBMGI-DN,42578,EMU,MBM-GI-DN,20:24,20:30,1111111,5,false
P-42578-GISTM-DN,42578,EMU,GI-STM-DN,20:30,20:33,1111111,5,false
P-42578-STMPV-DN,42578,EMU,STM-PV-DN,20:34,20:43,1111111,5,false
P-42578-PVTBM-DN,42578,EMU,PV-TBM-DN,20:44,20:53,1111111,5,false
P-42579-MSBMS-DN,42579,EMU,MSB-MS-DN,20:18,20:24,1111111,5,false
P-42579-MSMBM-DN,42579,EMU,MS-MBM-DN,20:25,20:36,1111111,5,false
P-42579-MBMGI-DN,42579,EMU,MBM-GI-DN,20:36,20:42,1111111,5,false
P-42579-GISTM-DN,42579,EMU,GI-STM-DN,20:42,20:45,1111111,5,false
P-42579-STMPV-DN,42579,EMU,STM-PV-DN,20:46,20:55,1111111,5,false
P-42579-PVTBM-DN,42579,EMU,PV-TBM-DN,20:56,21:05,1111111,5,false
P-42580-MSBMS-DN,42580,EMU,MSB-MS-DN,20:30,20:36,1111111,5,false
P-42580-MSMBM-DN,42580,EMU,MS-MBM-DN,20:37,20:48,1111111,5,false
P-42580-MBMGI-DN,42580,EMU,MBM-GI-DN,20:48,20:54,1111111,5,false
P-42580-GISTM-DN,42580,EMU,GI-STM-DN,20:54,20:57,1111111,5,false
P-42580-STMPV-DN,42580,EMU,STM-PV-DN,20:58,21:07,1111111,5,false
P-42580-PVTBM-DN,42580,EMU,PV-TBM-DN,21:08,21:17,1111111,5,false
P-42581-MSBMS-DN,42581,EMU,MSB-MS-DN,20:42,20:48,1111111,5,false
P-42581-MSMBM-DN,42581,EMU,MS-MBM-DN,20:49,21:00,1111111,5,false
P-42581-MBMGI-DN,42581,EMU,MBM-GI-DN,21:00,21:06,1111111,5,false
P-42581-GISTM-DN,42581,EMU,GI-STM-DN,21:06,21:09,1111111,5,false
P-42581-STMPV-DN,42581,EMU,STM-PV-DN,21:10,21:19,1111111,5,false
P-42581-PVTBM-DN,42581,EMU,PV-TBM-DN,21:20,21:29,1111111,5,false
P-42582-MSBMS-DN,42582,EMU,MSB-MS-DN,20:54,21:00,1111111,5,false
P-42582-MSMBM-DN,42582,EMU,MS-MBM-DN,21:01,21:12,1111111,5,false
P-42582-MBMGI-DN,42582,EMU,MBM-GI-DN,21:12,21:18,1111111,5,false
P-42582-GISTM-DN,42582,EMU,GI-STM-DN,21:18,21:21,1111111,5,false
P-42582-STMPV-DN,42582,EMU,STM-PV-DN,21:22,21:31,1111111,5,false
P-42582-PVTBM-DN,42582,EMU,PV-TBM-DN,21:32,21:41,1111111,5,false
P-42583-MSBMS-DN,42583,EMU,MSB-MS-DN,21:06,21:12,1111111,5,false
P-42583-MSMBM-DN,42583,EMU,MS-MBM-DN,21:13,21:24,1111111,5,false
P-42583-MBMGI-DN,42583,EMU,MBM-GI-DN,21:24,21:30,1111111,5,false
P-42583-GISTM-DN,42583,EMU,GI-STM-DN,21:30,21:33,1111111,5,false
P-42583-STMPV-DN,42583,EMU,STM-PV-DN,21:34,21:43,1111111,5,false
P-42583-PVTBM-DN,42583,EMU,PV-TBM-DN,21:44,21:53,1111111,5,false
P-42584-MSBMS-DN,42584,EMU,MSB-MS-DN,21:18,21:24,1111111,5,false
P-42584-MSMBM-DN,42584,EMU,MS-MBM-DN,21:25,21:36,1111111,5,false
P-42584-MBMGI-DN,42584,EMU,MBM-GI-DN,21:36,21:42,1111111,5,false
P-42584-GISTM-DN,42584,EMU,GI-STM-DN,21:42,21:45,1111111,5,false
P-42584-STMPV-DN,42584,EMU,STM-PV-DN,21:46,21:55,1111111,5,false
P-42584-PVTBM-DN,42584,EMU,PV-TBM-DN,21:56,22:05,1111111,5,false
P-42585-MSBMS-DN,42585,EMU,MSB-MS-DN,21:30,21:36,1111111,5,false
P-42585-MSMBM-DN,42585,EMU,MS-MBM-DN,21:37,21:48,1111111,5,false
P-42585-MBMGI-DN,42585,EMU,MBM-GI-DN,21:48,21:54,1111111,5,false
P-42585-GISTM-DN,42585,EMU,GI-STM-DN,21:54,21:57,1111111,5,false
P-42585-STMPV-DN,42585,EMU,STM-PV-DN,21:58,22:07,1111111,5,false
P-42585-PVTBM-DN,42585,EMU,PV-TBM-DN,22:08,22:17,1111111,5,false
P-42586-MSBMS-DN,42586,EMU,MSB-MS-DN,21:42,21:48,1111111,5,false
P-42586-MSMBM-DN,42586,EMU,MS-MBM-DN,21:49,22:00,1111111,5,false
P-42586-MBMGI-DN,42586,EMU,MBM-GI-DN,22:00,22:06,1111111,5,false
P-42586-GISTM-DN,42586,EMU,GI-STM-DN,22:06,22:09,1111111,5,false
P-42586-STMPV-DN,42586,EMU,STM-PV-DN,22:10,22:19,1111111,5,false
P-42586-PVTBM-DN,42586,EMU,PV-TBM-DN,22:20,22:29,1111111,5,false
P-42587-MSBMS-DN,42587,EMU,MSB-MS-DN,21:54,22:00,1111111,5,false
P-42587-MSMBM-DN,42587,EMU,MS-MBM-DN,22:01,22:12,1111111,5,false
P-42587-MBMGI-DN,42587,EMU,MBM-GI-DN,22:12,22:18,1111111,5,false
P-42587-GISTM-DN,42587,EMU,GI-STM-DN,22:18,22:21,1111111,5,false
P-42587-STMPV-DN,42587,EMU,STM-PV-DN,22:22,22:31,1111111,5,false
P-42587-PVTBM-DN,42587,EMU,PV-TBM-DN,22:32,22:41,1111111,5,false
P-42588-MSBMS-DN,42588,EMU,MSB-MS-DN,22:06,22:12,1111111,5,false
P-42588-MSMBM-DN,42588,EMU,MS-MBM-DN,22:13,22:24,1111111,5,false
P-42588-MBMGI-DN,42588,EMU,MBM-GI-DN,22:24,22:30,1111111,5,false
P-42588-GISTM-DN,42588,EMU,GI-STM-DN,22:30,22:33,1111111,5,false
P-42588-STMPV-DN,42588,EMU,STM-PV-DN,22:34,22:43,1111111,5,false
P-42588-PVTBM-DN,42588,EMU,PV-TBM-DN,22:44,22:53,1111111,5,false
P-42589-MSBMS-DN,42589,EMU,MSB-MS-DN,22:18,22:24,1111111,5,false
P-42589-MSMBM-DN,42589,EMU,MS-MBM-DN,22:25,22:36,1111111,5,false
P-42589-MBMGI-DN,42589,EMU,MBM-GI-DN,22:36,22:42,1111111,5,false
P-42589-GISTM-DN,42589,EMU,GI-STM-DN,22:42,22:45,1111111,5,false
P-42589-STMPV-DN,42589,EMU,STM-PV-DN,22:46,22:55,1111111,5,false
P-42589-PVTBM-DN,42589,EMU,PV-TBM-DN,22:56,23:05,1111111,5,false
P-42590-MSBMS-DN,42590,EMU,MSB-MS-DN,22:30,22:36,1111111,5,false
P-42590-MSMBM-DN,42590,EMU,MS-MBM-DN,22:37,22:48,1111111,5,false
P-42590-MBMGI-DN,42590,EMU,MBM-GI-DN,22:48,22:54,1111111,5,false
P-42590-GISTM-DN,42590,EMU,GI-STM-DN,22:54,22:57,1111111,5,false
P-42590-STMPV-DN,42590,EMU,STM-PV-DN,22:58,23:07,1111111,5,false
P-42590-PVTBM-DN,42590,EMU,PV-TBM-DN,23:08,23:17,1111111,5,false
P-42591-MSBMS-DN,42591,EMU,MSB-MS-DN,22:42,22:48,1111111,5,false
P-42591-MSMBM-DN,42591,EMU,MS-MBM-DN,22:49,23:00,1111111,5,false
P-42591-MBMGI-DN,42591,EMU,MBM-GI-DN,23:00,23:06,1111111,5,false
P-42591-GISTM-DN,42591,EMU,GI-STM-DN,23:06,23:09,1111111,5,false
P-42591-STMPV-DN,42591,EMU,STM-PV-DN,23:10,23:19,1111111,5,false
P-42591-PVTBM-DN,42591,EMU,PV-TBM-DN,23:20,23:29,1111111,5,false
P-42592-MSBMS-DN,42592,EMU,MSB-MS-DN,22:54,23:00,1111111,5,false
P-42592-MSMBM-DN,42592,EMU,MS-MBM-DN,23:01,23:12,1111111,5,false
P-42592-MBMGI-DN,42592,EMU,MBM-GI-DN,23:12,23:18,1111111,5,false
P-42592-GISTM-DN,42592,EMU,GI-STM-DN,23:18,23:21,1111111,5,false
P-42592-STMPV-DN,42592,EMU,STM-PV-DN,23:22,23:31,1111111,5,false
P-42592-PVTBM-DN,42592,EMU,PV-TBM-DN,23:32,23:41,1111111,5,false
P-42600-PVTBM-UP,42600,EMU,PV-TBM-UP,04:30,04:39,1111111,5,false
P-42600-STMPV-UP,42600,EMU,STM-PV-UP,04:40,04:49,1111111,5,false
P-42600-GISTM-UP,42600,EMU,GI-STM-UP,04:49,04:52,1111111,5,false
P-42600-MBMGI-UP,42600,EMU,MBM-GI-UP,04:53,04:59,1111111,5,false
P-42600-MSMBM-UP,42600,EMU,MS-MBM-UP,04:59,05:10,1111111,5,false
P-42600-MSBMS-UP,42600,EMU,MSB-MS-UP,05:10,05:17,1111111,5,false
P-42601-PVTBM-UP,42601,EMU,PV-TBM-UP,04:42,04:51,1111111,5,false
P-42601-STMPV-UP,42601,EMU,STM-PV-UP,04:52,05:01,1111111,5,false
P-42601-GISTM-UP,42601,EMU,GI-STM-UP,05:01,05:04,1111111,5,false
P-42601-MBMGI-UP,42601,EMU,MBM-GI-UP,05:05,05:11,1111111,5,false
P-42601-MSMBM-UP,42601,EMU,MS-MBM-UP,05:11,05:22,1111111,5,false
P-42601-MSBMS-UP,42601,EMU,MSB-MS-UP,05:22,05:29,1111111,5,false
P-42602-PVTBM-UP,42602,EMU,PV-TBM-UP,04:54,05:03,1111111,5,false
P-42602-STMPV-UP,42602,EMU,STM-PV-UP,05:04,05:13,1111111,5,false
P-42602-GISTM-UP,42602,EMU,GI-STM-UP,05:13,05:16,1111111,5,false
P-42602-MBMGI-UP,42602,EMU,MBM-GI-UP,05:17,05:23,1111111,5,false
P-42602-MSMBM-UP,42602,EMU,MS-MBM-UP,05:23,05:34,1111111,5,false
P-42602-MSBMS-UP,42602,EMU,MSB-MS-UP,05:34,05:41,1111111,5,false
P-42603-PVTBM-UP,42603,EMU,PV-TBM-UP,05:06,05:15,1111111,5,false
P-42603-STMPV-UP,42603,EMU,STM-PV-UP,05:16,05:25,1111111,5,false
P-42603-GISTM-UP,42603,EMU,GI-STM-UP,05:25,05:28,1111111,5,false
P-42603-MBMGI-UP,42603,EMU,MBM-GI-UP,05:29,05:35,1111111,5,false
P-42603-MSMBM-UP,42603,EMU,MS-MBM-UP,05:35,05:46,1111111,5,false
P-42603-MSBMS-UP,42603,EMU,MSB-MS-UP,05:46,05:53,1111111,5,false
P-42604-PVTBM-UP,42604,EMU,PV-TBM-UP,05:18,05:27,1111111,5,false
P-42604-STMPV-UP,42604,EMU,STM-PV-UP,05:28,05:37,1111111,5,false
P-42604-GISTM-UP,42604,EMU,GI-STM-UP,05:37,05:40,1111111,5,false
P-42604-MBMGI-UP,42604,EMU,MBM-GI-UP,05:41,05:47,1111111,5,false
P-42604-MSMBM-UP,42604,EMU,MS-MBM-UP,05:47,05:58,1111111,5,false
P-42604-MSBMS-UP,42604,EMU,MSB-MS-UP,05:58,06:05,1111111,5,false
P-42605-PVTBM-UP,42605,EMU,PV-TBM-UP,05:30,05:39,1111111,5,false
P-42605-STMPV-UP,42605,EMU,STM-PV-UP,05:40,05:49,1111111,5,false
P-42605-GISTM-UP,42605,EMU,GI-STM-UP,05:49,05:52,1111111,5,false
P-42605-MBMGI-UP,42605,EMU,MBM-GI-UP,05:53,05:59,1111111,5,false
P-42605-MSMBM-UP,42605,EMU,MS-MBM-UP,05:59,06:10,1111111,5,false
P-42605-MSBMS-UP,42605,EMU,MSB-MS-UP,06:10,06:17,1111111,5,false
P-42606-PVTBM-UP,42606,EMU,PV-TBM-UP,05:42,05:51,1111111,5,false
P-42606-STMPV-UP,42606,EMU,STM-PV-UP,05:52,06:01,1111111,5,false
P-42606-GISTM-UP,42606,EMU,GI-STM-UP,06:01,06:04,1111111,5,false
P-42606-MBMGI-UP,42606,EMU,MBM-GI-UP,06:05,06:11,1111111,5,false
P-42606-MSMBM-UP,42606,EMU,MS-MBM-UP,06:11,06:22,1111111,5,false
P-42606-MSBMS-UP,42606,EMU,MSB-MS-UP,06:22,06:29,1111111,5,false
P-42607-PVTBM-UP,42607,EMU,PV-TBM-UP,05:54,06:03,1111111,5,false
P-42607-STMPV-UP,42607,EMU,STM-PV-UP,06:04,06:13,1111111,5,false
P-42607-GISTM-UP,42607,EMU,GI-STM-UP,06:13,06:16,1111111,5,false
P-42607-MBMGI-UP,42607,EMU,MBM-GI-UP,06:17,06:23,1111111,5,false
P-42607-MSMBM-UP,42607,EMU,MS-MBM-UP,06:23,06:34,1111111,5,false
P-42607-MSBMS-UP,42607,EMU,MSB-MS-UP,06:34,06:41,1111111,5,false
P-42608-PVTBM-UP,42608,EMU,PV-TBM-UP,06:06,06:15,1111111,5,false
P-42608-STMPV-UP,42608,EMU,STM-PV-UP,06:16,06:25,1111111,5,false
P-42608-GISTM-UP,42608,EMU,GI-STM-UP,06:25,06:28,1111111,5,false
P-42608-MBMGI-UP,42608,EMU,MBM-GI-UP,06:29,06:35,1111111,5,false
P-42608-MSMBM-UP,42608,EMU,MS-MBM-UP,06:35,06:46,1111111,5,false
P-42608-MSBMS-UP,42608,EMU,MSB-MS-UP,06:46,06:53,1111111,5,false
P-42609-PVTBM-UP,42609,EMU,PV-TBM-UP,06:18,06:27,1111111,5,false
P-42609-STMPV-UP,42609,EMU,STM-PV-UP,06:28,06:37,1111111,5,false
P-42609-GISTM-UP,42609,EMU,GI-STM-UP,06:37,06:40,1111111,5,false
P-42609-MBMGI-UP,42609,EMU,MBM-GI-UP,06:41,06:47,1111111,5,false
P-42609-MSMBM-UP,42609,EMU,MS-MBM-UP,06:47,06:58,1111111,5,false
P-42609-MSBMS-UP,42609,EMU,MSB-MS-UP,06:58,07:05,1111111,5,false
P-42610-PVTBM-UP,42610,EMU,PV-TBM-UP,06:30,06:39,1111111,5,false
P-42610-STMPV-UP,42610,EMU,STM-PV-UP,06:40,06:49,1111111,5,false
P-42610-GISTM-UP,42610,EMU,GI-STM-UP,06:49,06:52,1111111,5,false
P-42610-MBMGI-UP,42610,EMU,MBM-GI-UP,06:53,06:59,1111111,5,false
P-42610-MSMBM-UP,42610,EMU,MS-MBM-UP,06:59,07:10,1111111,5,false
P-42610-MSBMS-UP,42610,EMU,MSB-MS-UP,07:10,07:17,1111111,5,false
P-42611-PVTBM-UP,42611,EMU,PV-TBM-UP,06:42,06:51,1111111,5,false
P-42611-STMPV-UP,42611,EMU,STM-PV-UP,06:52,07:01,1111111,5,false
P-42611-GISTM-UP,42611,EMU,GI-STM-UP,07:01,07:04,1111111,5,false
P-42611-MBMGI-UP,42611,EMU,MBM-GI-UP,07:05,07:11,1111111,5,false
P-42611-MSMBM-UP,42611,EMU,MS-MBM-UP,07:11,07:22,1111111,5,false
P-42611-MSBMS-UP,42611,EMU,MSB-MS-UP,07:22,07:29,1111111,5,false
P-42612-PVTBM-UP,42612,EMU,PV-TBM-UP,06:54,07:03,1111111,5,false
P-42612-STMPV-UP,42612,EMU,STM-PV-UP,07:04,07:13,1111111,5,false
P-42612-GISTM-UP,42612,EMU,GI-STM-UP,07:13,07:16,1111111,5,false
P-42612-MBMGI-UP,42612,EMU,MBM-GI-UP,07:17,07:23,1111111,5,false
P-42612-MSMBM-UP,42612,EMU,MS-MBM-UP,07:23,07:34,1111111,5,false
P-42612-MSBMS-UP,42612,EMU,MSB-MS-UP,07:34,07:41,1111111,5,false
P-42613-PVTBM-UP,42613,EMU,PV-TBM-UP,07:06,07:15,1111111,5,false
P-42613-STMPV-UP,42613,EMU,STM-PV-UP,07:16,07:25,1111111,5,false
P-42613-GISTM-UP,42613,EMU,GI-STM-UP,07:25,07:28,1111111,5,false
P-42613-MBMGI-UP,42613,EMU,MBM-GI-UP,07:29,07:35,1111111,5,false
P-42613-MSMBM-UP,42613,EMU,MS-MBM-UP,07:35,07:46,1111111,5,false
P-42613-MSBMS-UP,42613,EMU,MSB-MS-UP,07:46,07:53,1111111,5,false
P-42614-PVTBM-UP,42614,EMU,PV-TBM-UP,07:18,07:27,1111111,5,false
P-42614-STMPV-UP,42614,EMU,STM-PV-UP,07:28,07:37,1111111,5,false
P-42614-GISTM-UP,42614,EMU,GI-STM-UP,07:37,07:40,1111111,5,false
P-42614-MBMGI-UP,42614,EMU,MBM-GI-UP,07:41,07:47,1111111,5,false
P-42614-MSMBM-UP,42614,EMU,MS-MBM-UP,07:47,07:58,1111111,5,false
P-42614-MSBMS-UP,42614,EMU,MSB-MS-UP,07:58,08:05,1111111,5,false
P-42615-PVTBM-UP,42615,EMU,PV-TBM-UP,07:30,07:39,1111111,5,false
P-42615-STMPV-UP,42615,EMU,STM-PV-UP,07:40,07:49,1111111,5,false
P-42615-GISTM-UP,42615,EMU,GI-STM-UP,07:49,07:52,1111111,5,false
P-42615-MBMGI-UP,42615,EMU,MBM-GI-UP,07:53,07:59,1111111,5,false
P-42615-MSMBM-UP,42615,EMU,MS-MBM-UP,07:59,08:10,1111111,5,false
P-42615-MSBMS-UP,42615,EMU,MSB-MS-UP,08:10,08:17,1111111,5,false
P-42616-PVTBM-UP,42616,EMU,PV-TBM-UP,07:42,07:51,1111111,5,false
P-42616-STMPV-UP,42616,EMU,STM-PV-UP,07:52,08:01,1111111,5,false
P-42616-GISTM-UP,42616,EMU,GI-STM-UP,08:01,08:04,1111111,5,false
P-42616-MBMGI-UP,42616,EMU,MBM-GI-UP,08:05,08:11,1111111,5,false
P-42616-MSMBM-UP,42616,EMU,MS-MBM-UP,08:11,08:22,1111111,5,false
P-42616-MSBMS-UP,42616,EMU,MSB-MS-UP,08:22,08:29,1111111,5,false
P-42617-PVTBM-UP,42617,EMU,PV-TBM-UP,07:54,08:03,1111111,5,false
P-42617-STMPV-UP,42617,EMU,STM-PV-UP,08:04,08:13,1111111,5,false
P-42617-GISTM-UP,42617,EMU,GI-STM-UP,08:13,08:16,1111111,5,false
P-42617-MBMGI-UP,42617,EMU,MBM-GI-UP,08:17,08:23,1111111,5,false
P-42617-MSMBM-UP,42617,EMU,MS-MBM-UP,08:23,08:34,1111111,5,false
P-42617-MSBMS-UP,42617,EMU,MSB-MS-UP,08:34,08:41,1111111,5,false
P-42618-PVTBM-UP,42618,EMU,PV-TBM-UP,08:06,08:15,1111111,5,false
P-42618-STMPV-UP,42618,EMU,STM-PV-UP,08:16,08:25,1111111,5,false
P-42618-GISTM-UP,42618,EMU,GI-STM-UP,08:25,08:28,1111111,5,false
P-42618-MBMGI-UP,42618,EMU,MBM-GI-UP,08:29,08:34,1111111,5,false
P-42618-MSMBM-UP,42618,EMU,MS-MBM-UP,08:35,08:46,1111111,5,false
P-42618-MSBMS-UP,42618,EMU,MSB-MS-UP,08:46,08:53,1111111,5,false
P-42619-PVTBM-UP,42619,EMU,PV-TBM-UP,08:18,08:27,1111111,5,false
P-42619-STMPV-UP,42619,EMU,STM-PV-UP,08:28,08:37,1111111,5,false
P-42619-GISTM-UP,42619,EMU,GI-STM-UP,08:37,08:40,1111111,5,false
P-42619-MBMGI-UP,42619,EMU,MBM-GI-UP,08:41,08:46,1111111,5,false
P-42619-MSMBM-UP,42619,EMU,MS-MBM-UP,08:47,08:58,1111111,5,false
P-42619-MSBMS-UP,42619,EMU,MSB-MS-UP,08:58,09:05,1111111,5,false
P-42620-PVTBM-UP,42620,EMU,PV-TBM-UP,08:30,08:39,1111111,5,false
P-42620-STMPV-UP,42620,EMU,STM-PV-UP,08:40,08:49,1111111,5,false
P-42620-GISTM-UP,42620,EMU,GI-STM-UP,08:49,08:52,1111111,5,false
P-42620-MBMGI-UP,42620,EMU,MBM-GI-UP,08:53,08:58,1111111,5,false
P-42620-MSMBM-UP,42620,EMU,MS-MBM-UP,08:59,09:10,1111111,5,false
P-42620-MSBMS-UP,42620,EMU,MSB-MS-UP,09:10,09:17,1111111,5,false
P-42621-PVTBM-UP,42621,EMU,PV-TBM-UP,08:42,08:51,1111111,5,false
P-42621-STMPV-UP,42621,EMU,STM-PV-UP,08:52,09:01,1111111,5,false
P-42621-GISTM-UP,42621,EMU,GI-STM-UP,09:01,09:04,1111111,5,false
P-42621-MBMGI-UP,42621,EMU,MBM-GI-UP,09:05,09:10,1111111,5,false
P-42621-MSMBM-UP,42621,EMU,MS-MBM-UP,09:11,09:22,1111111,5,false
P-42621-MSBMS-UP,42621,EMU,MSB-MS-UP,09:22,09:29,1111111,5,false
P-42622-PVTBM-UP,42622,EMU,PV-TBM-UP,08:54,09:03,1111111,5,false
P-42622-STMPV-UP,42622,EMU,STM-PV-UP,09:04,09:13,1111111,5,false
P-42622-GISTM-UP,42622,EMU,GI-STM-UP,09:13,09:16,1111111,5,false
P-42622-MBMGI-UP,42622,EMU,MBM-GI-UP,09:17,09:22,1111111,5,false
P-42622-MSMBM-UP,42622,EMU,MS-MBM-UP,09:23,09:34,1111111,5,false
P-42622-MSBMS-UP,42622,EMU,MSB-MS-UP,09:34,09:41,1111111,5,false
P-42623-PVTBM-UP,42623,EMU,PV-TBM-UP,09:06,09:15,1111111,5,false
P-42623-STMPV-UP,42623,EMU,STM-PV-UP,09:16,09:25,1111111,5,false
P-42623-GISTM-UP,42623,EMU,GI-STM-UP,09:25,09:28,1111111,5,false
P-42623-MBMGI-UP,42623,EMU,MBM-GI-UP,09:29,09:34,1111111,5,false
P-42623-MSMBM-UP,42623,EMU,MS-MBM-UP,09:35,09:46,1111111,5,false
P-42623-MSBMS-UP,42623,EMU,MSB-MS-UP,09:46,09:53,1111111,5,false
P-42624-PVTBM-UP,42624,EMU,PV-TBM-UP,09:18,09:27,1111111,5,false
P-42624-STMPV-UP,42624,EMU,STM-PV-UP,09:28,09:37,1111111,5,false
P-42624-GISTM-UP,42624,EMU,GI-STM-UP,09:37,09:40,1111111,5,false
P-42624-MBMGI-UP,42624,EMU,MBM-GI-UP,09:41,09:46,1111111,5,false
P-42624-MSMBM-UP,42624,EMU,MS-MBM-UP,09:47,09:58,1111111,5,false
P-42624-MSBMS-UP,42624,EMU,MSB-MS-UP,09:58,10:05,1111111,5,false
P-42625-PVTBM-UP,42625,EMU,PV-TBM-UP,09:30,09:39,1111111,5,false
P-42625-STMPV-UP,42625,EMU,STM-PV-UP,09:40,09:49,1111111,5,false
P-42625-GISTM-UP,42625,EMU,GI-STM-UP,09:49,09:52,1111111,5,false
P-42625-MBMGI-UP,42625,EMU,MBM-GI-UP,09:53,09:58,1111111,5,false
P-42625-MSMBM-UP,42625,EMU,MS-MBM-UP,09:59,10:10,1111111,5,false
P-42625-MSBMS-UP,42625,EMU,MSB-MS-UP,10:10,10:17,1111111,5,false
P-42626-PVTBM-UP,42626,EMU,PV-TBM-UP,09:42,09:51,1111111,5,false
P-42626-STMPV-UP,42626,EMU,STM-PV-UP,09:52,10:01,1111111,5,false
P-42626-GISTM-UP,42626,EMU,GI-STM-UP,10:01,10:04,1111111,5,false
P-42626-MBMGI-UP,42626,EMU,MBM-GI-UP,10:05,10:10,1111111,5,false
P-42626-MSMBM-UP,42626,EMU,MS-MBM-UP,10:11,10:22,1111111,5,false
P-42626-MSBMS-UP,42626,EMU,MSB-MS-UP,10:22,10:29,1111111,5,false
P-42627-PVTBM-UP,42627,EMU,PV-TBM-UP,09:54,10:03,1111111,5,false
P-42627-STMPV-UP,42627,EMU,STM-PV-UP,10:04,10:13,1111111,5,false
P-42627-GISTM-UP,42627,EMU,GI-STM-UP,10:13,10:16,1111111,5,false
P-42627-MBMGI-UP,42627,EMU,MBM-GI-UP,10:17,10:22,1111111,5,false
P-42627-MSMBM-UP,42627,EMU,MS-MBM-UP,10:23,10:34,1111111,5,false
P-42627-MSBMS-UP,42627,EMU,MSB-MS-UP,10:34,10:41,1111111,5,false
P-42628-PVTBM-UP,42628,EMU,PV-TBM-UP,10:06,10:15,1111111,5,false
P-42628-STMPV-UP,42628,EMU,STM-PV-UP,10:16,10:25,1111111,5,false
P-42628-GISTM-UP,42628,EMU,GI-STM-UP,10:25,10:28,1111111,5,false
P-42628-MBMGI-UP,42628,EMU,MBM-GI-UP,10:29,10:34,1111111,5,false
P-42628-MSMBM-UP,42628,EMU,MS-MBM-UP,10:35,10:46,1111111,5,false
P-42628-MSBMS-UP,42628,EMU,MSB-MS-UP,10:46,10:53,1111111,5,false
P-42629-PVTBM-UP,42629,EMU,PV-TBM-UP,10:18,10:27,1111111,5,false
P-42629-STMPV-UP,42629,EMU,STM-PV-UP,10:28,10:37,1111111,5,false
P-42629-GISTM-UP,42629,EMU,GI-STM-UP,10:37,10:40,1111111,5,false
P-42629-MBMGI-UP,42629,EMU,MBM-GI-UP,10:41,10:46,1111111,5,false
P-42629-MSMBM-UP,42629,EMU,MS-MBM-UP,10:47,10:58,1111111,5,false
P-42629-MSBMS-UP,42629,EMU,MSB-MS-UP,10:58,11:05,1111111,5,false
P-42630-PVTBM-UP,42630,EMU,PV-TBM-UP,10:30,10:39,1111111,5,false
P-42630-STMPV-UP,42630,EMU,STM-PV-UP,10:40,10:49,1111111,5,false
P-42630-GISTM-UP,42630,EMU,GI-STM-UP,10:49,10:52,1111111,5,false
P-42630-MBMGI-UP,42630,EMU,MBM-GI-UP,10:53,10:58,1111111,5,false
P-42630-MSMBM-UP,42630,EMU,MS-MBM-UP,10:59,11:10,1111111,5,false
P-42630-MSBMS-UP,42630,EMU,MSB-MS-UP,11:10,11:17,1111111,5,false
P-42631-PVTBM-UP,42631,EMU,PV-TBM-UP,10:42,10:51,1111111,5,false
P-42631-STMPV-UP,42631,EMU,STM-PV-UP,10:52,11:01,1111111,5,false
P-42631-GISTM-UP,42631,EMU,GI-STM-UP,11:01,11:04,1111111,5,false
P-42631-MBMGI-UP,42631,EMU,MBM-GI-UP,11:05,11:10,1111111,5,false
P-42631-MSMBM-UP,42631,EMU,MS-MBM-UP,11:11,11:22,1111111,5,false
P-42631-MSBMS-UP,42631,EMU,MSB-MS-UP,11:22,11:29,1111111,5,false
P-42632-PVTBM-UP,42632,EMU,PV-TBM-UP,10:54,11:03,1111111,5,false
P-42632-STMPV-UP,42632,EMU,STM-PV-UP,11:04,11:13,1111111,5,false
P-42632-GISTM-UP,42632,EMU,GI-STM-UP,11:13,11:16,1111111,5,false
P-42632-MBMGI-UP,42632,EMU,MBM-GI-UP,11:17,11:22,1111111,5,false
P-42632-MSMBM-UP,42632,EMU,MS-MBM-UP,11:23,11:34,1111111,5,false
P-42632-MSBMS-UP,42632,EMU,MSB-MS-UP,11:34,11:41,1111111,5,false
P-42633-PVTBM-UP,42633,EMU,PV-TBM-UP,11:06,11:15,1111111,5,false
P-42633-STMPV-UP,42633,EMU,STM-PV-UP,11:16,11:25,1111111,5,false
P-42633-GISTM-UP,42633,EMU,GI-STM-UP,11:25,11:28,1111111,5,false
P-42633-MBMGI-UP,42633,EMU,MBM-GI-UP,11:29,11:34,1111111,5,false
P-42633-MSMBM-UP,42633,EMU,MS-MBM-UP,11:35,11:46,1111111,5,false
P-42633-MSBMS-UP,42633,EMU,MSB-MS-UP,11:46,11:53,1111111,5,false
P-42634-PVTBM-UP,42634,EMU,PV-TBM-UP,11:18,11:27,1111111,5,false
P-42634-STMPV-UP,42634,EMU,STM-PV-UP,11:28,11:37,1111111,5,false
P-42634-GISTM-UP,42634,EMU,GI-STM-UP,11:37,11:40,1111111,5,false
P-42634-MBMGI-UP,42634,EMU,MBM-GI-UP,11:41,11:46,1111111,5,false
P-42634-MSMBM-UP,42634,EMU,MS-MBM-UP,11:47,11:58,1111111,5,false
P-42634-MSBMS-UP,42634,EMU,MSB-MS-UP,11:58,12:05,1111111,5,false
P-42635-PVTBM-UP,42635,EMU,PV-TBM-UP,11:30,11:39,1111111,5,false
P-42635-STMPV-UP,42635,EMU,STM-PV-UP,11:40,11:49,1111111,5,false
P-42635-GISTM-UP,42635,EMU,GI-STM-UP,11:49,11:52,1111111,5,false
P-42635-MBMGI-UP,42635,EMU,MBM-GI-UP,11:53,11:58,1111111,5,false
P-42635-MSMBM-UP,42635,EMU,MS-MBM-UP,11:59,12:10,1111111,5,false
P-42635-MSBMS-UP,42635,EMU,MSB-MS-UP,12:10,12:17,1111111,5,false
P-42636-PVTBM-UP,42636,EMU,PV-TBM-UP,11:42,11:51,1111111,5,false
P-42636-STMPV-UP,42636,EMU,STM-PV-UP,11:52,12:01,1111111,5,false
P-42636-GISTM-UP,42636,EMU,GI-STM-UP,12:01,12:04,1111111,5,false
P-42636-MBMGI-UP,42636,EMU,MBM-GI-UP,12:05,12:10,1111111,5,false
P-42636-MSMBM-UP,42636,EMU,MS-MBM-UP,12:11,12:22,1111111,5,false
P-42636-MSBMS-UP,42636,EMU,MSB-MS-UP,12:22,12:29,1111111,5,false
P-42637-PVTBM-UP,42637,EMU,PV-TBM-UP,11:54,12:03,1111111,5,false
P-42637-STMPV-UP,42637,EMU,STM-PV-UP,12:04,12:13,1111111,5,false
P-42637-GISTM-UP,42637,EMU,GI-STM-UP,12:13,12:16,1111111,5,false
P-42637-MBMGI-UP,42637,EMU,MBM-GI-UP,12:17,12:22,1111111,5,false
P-42637-MSMBM-UP,42637,EMU,MS-MBM-UP,12:23,12:34,1111111,5,false
P-42637-MSBMS-UP,42637,EMU,MSB-MS-UP,12:34,12:41,1111111,5,false
P-42638-PVTBM-UP,42638,EMU,PV-TBM-UP,12:06,12:15,1111111,5,false
P-42638-STMPV-UP,42638,EMU,STM-PV-UP,12:16,12:25,1111111,5,false
P-42638-GISTM-UP,42638,EMU,GI-STM-UP,12:25,12:28,1111111,5,false
P-42638-MBMGI-UP,42638,EMU,MBM-GI-UP,12:29,12:34,1111111,5,false
P-42638-MSMBM-UP,42638,EMU,MS-MBM-UP,12:35,12:46,1111111,5,false
P-42638-MSBMS-UP,42638,EMU,MSB-MS-UP,12:46,12:53,1111111,5,false
P-42639-PVTBM-UP,42639,EMU,PV-TBM-UP,12:18,12:27,1111111,5,false
P-42639-STMPV-UP,42639,EMU,STM-PV-UP,12:28,12:37,1111111,5,false
P-42639-GISTM-UP,42639,EMU,GI-STM-UP,12:37,12:40,1111111,5,false
P-42639-MBMGI-UP,42639,EMU,MBM-GI-UP,12:41,12:46,1111111,5,false
P-42639-MSMBM-UP,42639,EMU,MS-MBM-UP,12:47,12:58,1111111,5,false
P-42639-MSBMS-UP,42639,EMU,MSB-MS-UP,12:58,13:05,1111111,5,false
P-42640-PVTBM-UP,42640,EMU,PV-TBM-UP,12:30,12:39,1111111,5,false
P-42640-STMPV-UP,42640,EMU,STM-PV-UP,12:40,12:49,1111111,5,false
P-42640-GISTM-UP,42640,EMU,GI-STM-UP,12:49,12:52,1111111,5,false
P-42640-MBMGI-UP,42640,EMU,MBM-GI-UP,12:53,12:58,1111111,5,false
P-42640-MSMBM-UP,42640,EMU,MS-MBM-UP,12:59,13:10,1111111,5,false
P-42640-MSBMS-UP,42640,EMU,MSB-MS-UP,13:10,13:17,1111111,5,false
P-42641-PVTBM-UP,42641,EMU,PV-TBM-UP,12:42,12:51,1111111,5,false
P-42641-STMPV-UP,42641,EMU,STM-PV-UP,12:52,13:01,1111111,5,false
P-42641-GISTM-UP,42641,EMU,GI-STM-UP,13:01,13:04,1111111,5,false
P-42641-MBMGI-UP,42641,EMU,MBM-GI-UP,13:05,13:10,1111111,5,false
P-42641-MSMBM-UP,42641,EMU,MS-MBM-UP,13:11,13:22,1111111,5,false
P-42641-MSBMS-UP,42641,EMU,MSB-MS-UP,13:22,13:29,1111111,5,false
P-42642-PVTBM-UP,42642,EMU,PV-TBM-UP,12:54,13:03,1111111,5,false
P-42642-STMPV-UP,42642,EMU,STM-PV-UP,13:04,13:13,1111111,5,false
P-42642-GISTM-UP,42642,EMU,GI-STM-UP,13:13,13:16,1111111,5,false
P-42642-MBMGI-UP,42642,EMU,MBM-GI-UP,13:17,13:22,1111111,5,false
P-42642-MSMBM-UP,42642,EMU,MS-MBM-UP,13:23,13:34,1111111,5,false
P-42642-MSBMS-UP,42642,EMU,MSB-MS-UP,13:34,13:41,1111111,5,false
P-42643-PVTBM-UP,42643,EMU,PV-TBM-UP,13:06,13:15,1111111,5,false
P-42643-STMPV-UP,42643,EMU,STM-PV-UP,13:16,13:25,1111111,5,false
P-42643-GISTM-UP,42643,EMU,GI-STM-UP,13:25,13:28,1111111,5,false
P-42643-MBMGI-UP,42643,EMU,MBM-GI-UP,13:29,13:34,1111111,5,false
P-42643-MSMBM-UP,42643,EMU,MS-MBM-UP,13:35,13:46,1111111,5,false
P-42643-MSBMS-UP,42643,EMU,MSB-MS-UP,13:46,13:53,1111111,5,false
P-42644-PVTBM-UP,42644,EMU,PV-TBM-UP,13:18,13:27,1111111,5,false
P-42644-STMPV-UP,42644,EMU,STM-PV-UP,13:28,13:37,1111111,5,false
P-42644-GISTM-UP,42644,EMU,GI-STM-UP,13:37,13:40,1111111,5,false
P-42644-MBMGI-UP,42644,EMU,MBM-GI-UP,13:41,13:46,1111111,5,false
P-42644-MSMBM-UP,42644,EMU,MS-MBM-UP,13:47,13:58,1111111,5,false
P-42644-MSBMS-UP,42644,EMU,MSB-MS-UP,13:58,14:05,1111111,5,false
P-42645-PVTBM-UP,42645,EMU,PV-TBM-UP,13:30,13:39,1111111,5,false
P-42645-STMPV-UP,42645,EMU,STM-PV-UP,13:40,13:49,1111111,5,false
P-42645-GISTM-UP,42645,EMU,GI-STM-UP,13:49,13:52,1111111,5,false
P-42645-MBMGI-UP,42645,EMU,MBM-GI-UP,13:53,13:58,1111111,5,false
P-42645-MSMBM-UP,42645,EMU,MS-MBM-UP,13:59,14:10,1111111,5,false
P-42645-MSBMS-UP,42645,EMU,MSB-MS-UP,14:10,14:17,1111111,5,false
P-42646-PVTBM-UP,42646,EMU,PV-TBM-UP,13:42,13:51,1111111,5,false
P-42646-STMPV-UP,42646,EMU,STM-PV-UP,13:52,14:01,1111111,5,false
P-42646-GISTM-UP,42646,EMU,GI-STM-UP,14:01,14:04,1111111,5,false
P-42646-MBMGI-UP,42646,EMU,MBM-GI-UP,14:05,14:10,1111111,5,false
P-42646-MSMBM-UP,42646,EMU,MS-MBM-UP,14:11,14:22,1111111,5,false
P-42646-MSBMS-UP,42646,EMU,MSB-MS-UP,14:22,14:29,1111111,5,false
P-42647-PVTBM-UP,42647,EMU,PV-TBM-UP,13:54,14:03,1111111,5,false
P-42647-STMPV-UP,42647,EMU,STM-PV-UP,14:04,14:13,1111111,5,false
P-42647-GISTM-UP,42647,EMU,GI-STM-UP,14:13,14:16,1111111,5,false
P-42647-MBMGI-UP,42647,EMU,MBM-GI-UP,14:17,14:22,1111111,5,false
P-42647-MSMBM-UP,42647,EMU,MS-MBM-UP,14:23,14:34,1111111,5,false
P-42647-MSBMS-UP,42647,EMU,MSB-MS-UP,14:34,14:41,1111111,5,false
P-42648-PVTBM-UP,42648,EMU,PV-TBM-UP,14:06,14:15,1111111,5,false
P-42648-STMPV-UP,42648,EMU,STM-PV-UP,14:16,14:25,1111111,5,false
P-42648-GISTM-UP,42648,EMU,GI-STM-UP,14:25,14:28,1111111,5,false
P-42648-MBMGI-UP,42648,EMU,MBM-GI-UP,14:29,14:34,1111111,5,false
P-42648-MSMBM-UP,42648,EMU,MS-MBM-UP,14:35,14:46,1111111,5,false
P-42648-MSBMS-UP,42648,EMU,MSB-MS-UP,14:46,14:53,1111111,5,false
P-42649-PVTBM-UP,42649,EMU,PV-TBM-UP,14:18,14:27,1111111,5,false
P-42649-STMPV-UP,42649,EMU,STM-PV-UP,14:28,14:37,1111111,5,false
P-42649-GISTM-UP,42649,EMU,GI-STM-UP,14:37,14:40,1111111,5,false
P-42649-MBMGI-UP,42649,EMU,MBM-GI-UP,14:41,14:46,1111111,5,false
P-42649-MSMBM-UP,42649,EMU,MS-MBM-UP,14:47,14:58,1111111,5,false
P-42649-MSBMS-UP,42649,EMU,MSB-MS-UP,14:58,15:05,1111111,5,false
P-42650-PVTBM-UP,42650,EMU,PV-TBM-UP,14:30,14:39,1111111,5,false
P-42650-STMPV-UP,42650,EMU,STM-PV-UP,14:40,14:49,1111111,5,false
P-42650-GISTM-UP,42650,EMU,GI-STM-UP,14:49,14:52,1111111,5,false
P-42650-MBMGI-UP,42650,EMU,MBM-GI-UP,14:53,14:58,1111111,5,false
P-42650-MSMBM-UP,42650,EMU,MS-MBM-UP,14:59,15:10,1111111,5,false
P-42650-MSBMS-UP,42650,EMU,MSB-MS-UP,15:10,15:17,1111111,5,false
P-42651-PVTBM-UP,42651,EMU,PV-TBM-UP,14:42,14:51,1111111,5,false
P-42651-STMPV-UP,42651,EMU,STM-PV-UP,14:52,15:01,1111111,5,false
P-42651-GISTM-UP,42651,EMU,GI-STM-UP,15:01,15:04,1111111,5,false
P-42651-MBMGI-UP,42651,EMU,MBM-GI-UP,15:05,15:10,1111111,5,false
P-42651-MSMBM-UP,42651,EMU,MS-MBM-UP,15:11,15:22,1111111,5,false
P-42651-MSBMS-UP,42651,EMU,MSB-MS-UP,15:22,15:29,1111111,5,false
P-42652-PVTBM-UP,42652,EMU,PV-TBM-UP,14:54,15:03,1111111,5,false
P-42652-STMPV-UP,42652,EMU,STM-PV-UP,15:04,15:13,1111111,5,false
P-42652-GISTM-UP,42652,EMU,GI-STM-UP,15:13,15:16,1111111,5,false
P-42652-MBMGI-UP,42652,EMU,MBM-GI-UP,15:17,15:22,1111111,5,false
P-42652-MSMBM-UP,42652,EMU,MS-MBM-UP,15:23,15:34,1111111,5,false
P-42652-MSBMS-UP,42652,EMU,MSB-MS-UP,15:34,15:41,1111111,5,false
P-42653-PVTBM-UP,42653,EMU,PV-TBM-UP,15:06,15:15,1111111,5,false
P-42653-STMPV-UP,42653,EMU,STM-PV-UP,15:16,15:25,1111111,5,false
P-42653-GISTM-UP,42653,EMU,GI-STM-UP,15:25,15:28,1111111,5,false
P-42653-MBMGI-UP,42653,EMU,MBM-GI-UP,15:29,15:34,1111111,5,false
P-42653-MSMBM-UP,42653,EMU,MS-MBM-UP,15:35,15:46,1111111,5,false
P-42653-MSBMS-UP,42653,EMU,MSB-MS-UP,15:46,15:53,1111111,5,false
P-42654-PVTBM-UP,42654,EMU,PV-TBM-UP,15:18,15:27,1111111,5,false
P-42654-STMPV-UP,42654,EMU,STM-PV-UP,15:28,15:37,1111111,5,false
P-42654-GISTM-UP,42654,EMU,GI-STM-UP,15:37,15:40,1111111,5,false
P-42654-MBMGI-UP,42654,EMU,MBM-GI-UP,15:41,15:46,1111111,5,false
P-42654-MSMBM-UP,42654,EMU,MS-MBM-UP,15:47,15:58,1111111,5,false
P-42654-MSBMS-UP,42654,EMU,MSB-MS-UP,15:58,16:05,1111111,5,false
P-42655-PVTBM-UP,42655,EMU,PV-TBM-UP,15:30,15:39,1111111,5,false
P-42655-STMPV-UP,42655,EMU,STM-PV-UP,15:40,15:49,1111111,5,false
P-42655-GISTM-UP,42655,EMU,GI-STM-UP,15:49,15:52,1111111,5,false
P-42655-MBMGI-UP,42655,EMU,MBM-GI-UP,15:53,15:58,1111111,5,false
P-42655-MSMBM-UP,42655,EMU,MS-MBM-UP,15:59,16:10,1111111,5,false
P-42655-MSBMS-UP,42655,EMU,MSB-MS-UP,16:10,16:17,1111111,5,false
P-42656-PVTBM-UP,42656,EMU,PV-TBM-UP,15:42,15:51,1111111,5,false
P-42656-STMPV-UP,42656,EMU,STM-PV-UP,15:52,16:01,1111111,5,false
P-42656-GISTM-UP,42656,EMU,GI-STM-UP,16:01,16:04,1111111,5,false
P-42656-MBMGI-UP,42656,EMU,MBM-GI-UP,16:05,16:10,1111111,5,false
P-42656-MSMBM-UP,42656,EMU,MS-MBM-UP,16:11,16:22,1111111,5,false
P-42656-MSBMS-UP,42656,EMU,MSB-MS-UP,16:22,16:29,1111111,5,false
P-42657-PVTBM-UP,42657,EMU,PV-TBM-UP,15:54,16:03,1111111,5,false
P-42657-STMPV-UP,42657,EMU,STM-PV-UP,16:04,16:13,1111111,5,false
P-42657-GISTM-UP,42657,EMU,GI-STM-UP,16:13,16:16,1111111,5,false
P-42657-MBMGI-UP,42657,EMU,MBM-GI-UP,16:17,16:22,1111111,5,false
P-42657-MSMBM-UP,42657,EMU,MS-MBM-UP,16:23,16:34,1111111,5,false
P-42657-MSBMS-UP,42657,EMU,MSB-MS-UP,16:34,16:41,1111111,5,false
P-42658-PVTBM-UP,42658,EMU,PV-TBM-UP,16:06,16:15,1111111,5,false
P-42658-STMPV-UP,42658,EMU,STM-PV-UP,16:16,16:25,1111111,5,false
P-42658-GISTM-UP,42658,EMU,GI-STM-UP,16:25,16:28,1111111,5,false
P-42658-MBMGI-UP,42658,EMU,MBM-GI-UP,16:29,16:34,1111111,5,false
P-42658-MSMBM-UP,42658,EMU,MS-MBM-UP,16:35,16:46,1111111,5,false
P-42658-MSBMS-UP,42658,EMU,MSB-MS-UP,16:46,16:53,1111111,5,false
P-42659-PVTBM-UP,42659,EMU,PV-TBM-UP,16:18,16:27,1111111,5,false
P-42659-STMPV-UP,42659,EMU,STM-PV-UP,16:28,16:37,1111111,5,false
P-42659-GISTM-UP,42659,EMU,GI-STM-UP,16:37,16:40,1111111,5,false
P-42659-MBMGI-UP,42659,EMU,MBM-GI-UP,16:41,16:46,1111111,5,false
P-42659-MSMBM-UP,42659,EMU,MS-MBM-UP,16:47,16:58,1111111,5,false
P-42659-MSBMS-UP,42659,EMU,MSB-MS-UP,16:58,17:05,1111111,5,false
P-42660-PVTBM-UP,42660,EMU,PV-TBM-UP,16:30,16:39,1111111,5,false
P-42660-STMPV-UP,42660,EMU,STM-PV-UP,16:40,16:49,1111111,5,false
P-42660-GISTM-UP,42660,EMU,GI-STM-UP,16:49,16:52,1111111,5,false
P-42660-MBMGI-UP,42660,EMU,MBM-GI-UP,16:53,16:58,1111111,5,false
P-42660-MSMBM-UP,42660,EMU,MS-MBM-UP,16:59,17:10,1111111,5,false
P-42660-MSBMS-UP,42660,EMU,MSB-MS-UP,17:10,17:17,1111111,5,false
P-42661-PVTBM-UP,42661,EMU,PV-TBM-UP,16:42,16:51,1111111,5,false
P-42661-STMPV-UP,42661,EMU,STM-PV-UP,16:52,17:01,1111111,5,false
P-42661-GISTM-UP,42661,EMU,GI-STM-UP,17:01,17:04,1111111,5,false
P-42661-MBMGI-UP,42661,EMU,MBM-GI-UP,17:05,17:10,1111111,5,false
P-42661-MSMBM-UP,42661,EMU,MS-MBM-UP,17:11,17:22,1111111,5,false
P-42661-MSBMS-UP,42661,EMU,MSB-MS-UP,17:22,17:29,1111111,5,false
P-42662-PVTBM-UP,42662,EMU,PV-TBM-UP,16:54,17:03,1111111,5,false
P-42662-STMPV-UP,42662,EMU,STM-PV-UP,17:04,17:13,1111111,5,false
P-42662-GISTM-UP,42662,EMU,GI-STM-UP,17:13,17:16,1111111,5,false
P-42662-MBMGI-UP,42662,EMU,MBM-GI-UP,17:17,17:22,1111111,5,false
P-42662-MSMBM-UP,42662,EMU,MS-MBM-UP,17:23,17:34,1111111,5,false
P-42662-MSBMS-UP,42662,EMU,MSB-MS-UP,17:34,17:41,1111111,5,false
P-42663-PVTBM-UP,42663,EMU,PV-TBM-UP,17:06,17:15,1111111,5,false
P-42663-STMPV-UP,42663,EMU,STM-PV-UP,17:16,17:25,1111111,5,false
P-42663-GISTM-UP,42663,EMU,GI-STM-UP,17:25,17:28,1111111,5,false
P-42663-MBMGI-UP,42663,EMU,MBM-GI-UP,17:29,17:34,1111111,5,false
P-42663-MSMBM-UP,42663,EMU,MS-MBM-UP,17:35,17:46,1111111,5,false
P-42663-MSBMS-UP,42663,EMU,MSB-MS-UP,17:46,17:53,1111111,5,false
P-42664-PVTBM-UP,42664,EMU,PV-TBM-UP,17:18,17:27,1111111,5,false
P-42664-STMPV-UP,42664,EMU,STM-PV-UP,17:28,17:37,1111111,5,false
P-42664-GISTM-UP,42664,EMU,GI-STM-UP,17:37,17:40,1111111,5,false
P-42664-MBMGI-UP,42664,EMU,MBM-GI-UP,17:41,17:46,1111111,5,false
P-42664-MSMBM-UP,42664,EMU,MS-MBM-UP,17:47,17:58,1111111,5,false
P-42664-MSBMS-UP,42664,EMU,MSB-MS-UP,17:58,18:05,1111111,5,false
P-42665-PVTBM-UP,42665,EMU,PV-TBM-UP,17:30,17:39,1111111,5,false
P-42665-STMPV-UP,42665,EMU,STM-PV-UP,17:40,17:49,1111111,5,false
P-42665-GISTM-UP,42665,EMU,GI-STM-UP,17:49,17:52,1111111,5,false
P-42665-MBMGI-UP,42665,EMU,MBM-GI-UP,17:53,17:58,1111111,5,false
P-42665-MSMBM-UP,42665,EMU,MS-MBM-UP,17:59,18:10,1111111,5,false
P-42665-MSBMS-UP,42665,EMU,MSB-MS-UP,18:10,18:17,1111111,5,false
P-42666-PVTBM-UP,42666,EMU,PV-TBM-UP,17:42,17:51,1111111,5,false
P-42666-STMPV-UP,42666,EMU,STM-PV-UP,17:52,18:01,1111111,5,false
P-42666-GISTM-UP,42666,EMU,GI-STM-UP,18:01,18:04,1111111,5,false
P-42666-MBMGI-UP,42666,EMU,MBM-GI-UP,18:05,18:10,1111111,5,false
P-42666-MSMBM-UP,42666,EMU,MS-MBM-UP,18:11,18:22,1111111,5,false
P-42666-MSBMS-UP,42666,EMU,MSB-MS-UP,18:22,18:29,1111111,5,false
P-42667-PVTBM-UP,42667,EMU,PV-TBM-UP,17:54,18:03,1111111,5,false
P-42667-STMPV-UP,42667,EMU,STM-PV-UP,18:04,18:13,1111111,5,false
P-42667-GISTM-UP,42667,EMU,GI-STM-UP,18:13,18:16,1111111,5,false
P-42667-MBMGI-UP,42667,EMU,MBM-GI-UP,18:17,18:22,1111111,5,false
P-42667-MSMBM-UP,42667,EMU,MS-MBM-UP,18:23,18:34,1111111,5,false
P-42667-MSBMS-UP,42667,EMU,MSB-MS-UP,18:34,18:41,1111111,5,false
P-42668-PVTBM-UP,42668,EMU,PV-TBM-UP,18:06,18:15,1111111,5,false
P-42668-STMPV-UP,42668,EMU,STM-PV-UP,18:16,18:25,1111111,5,false
P-42668-GISTM-UP,42668,EMU,GI-STM-UP,18:25,18:28,1111111,5,false
P-42668-MBMGI-UP,42668,EMU,MBM-GI-UP,18:29,18:34,1111111,5,false
P-42668-MSMBM-UP,42668,EMU,MS-MBM-UP,18:35,18:46,1111111,5,false
P-42668-MSBMS-UP,42668,EMU,MSB-MS-UP,18:46,18:53,1111111,5,false
P-42669-PVTBM-UP,42669,EMU,PV-TBM-UP,18:18,18:27,1111111,5,false
P-42669-STMPV-UP,42669,EMU,STM-PV-UP,18:28,18:37,1111111,5,false
P-42669-GISTM-UP,42669,EMU,GI-STM-UP,18:37,18:40,1111111,5,false
P-42669-MBMGI-UP,42669,EMU,MBM-GI-UP,18:41,18:46,1111111,5,false
P-42669-MSMBM-UP,42669,EMU,MS-MBM-UP,18:47,18:58,1111111,5,false
P-42669-MSBMS-UP,42669,EMU,MSB-MS-UP,18:58,19:05,1111111,5,false
P-42670-PVTBM-UP,42670,EMU,PV-TBM-UP,18:30,18:39,1111111,5,false
P-42670-STMPV-UP,42670,EMU,STM-PV-UP,18:40,18:49,1111111,5,false
P-42670-GISTM-UP,42670,EMU,GI-STM-UP,18:49,18:52,1111111,5,false
P-42670-MBMGI-UP,42670,EMU,MBM-GI-UP,18:53,18:58,1111111,5,false
P-42670-MSMBM-UP,42670,EMU,MS-MBM-UP,18:59,19:10,1111111,5,false
P-42670-MSBMS-UP,42670,EMU,MSB-MS-UP,19:10,19:17,1111111,5,false
P-42671-PVTBM-UP,42671,EMU,PV-TBM-UP,18:42,18:51,1111111,5,false
P-42671-STMPV-UP,42671,EMU,STM-PV-UP,18:52,19:01,1111111,5,false
P-42671-GISTM-UP,42671,EMU,GI-STM-UP,19:01,19:04,1111111,5,false
P-42671-MBMGI-UP,42671,EMU,MBM-GI-UP,19:05,19:10,1111111,5,false
P-42671-MSMBM-UP,42671,EMU,MS-MBM-UP,19:11,19:22,1111111,5,false
P-42671-MSBMS-UP,42671,EMU,MSB-MS-UP,19:22,19:29,1111111,5,false
P-42672-PVTBM-UP,42672,EMU,PV-TBM-UP,18:54,19:03,1111111,5,false
P-42672-STMPV-UP,42672,EMU,STM-PV-UP,19:04,19:13,1111111,5,false
P-42672-GISTM-UP,42672,EMU,GI-STM-UP,19:13,19:16,1111111,5,false
P-42672-MBMGI-UP,42672,EMU,MBM-GI-UP,19:17,19:22,1111111,5,false
P-42672-MSMBM-UP,42672,EMU,MS-MBM-UP,19:23,19:34,1111111,5,false
P-42672-MSBMS-UP,42672,EMU,MSB-MS-UP,19:34,19:41,1111111,5,false
P-42673-PVTBM-UP,42673,EMU,PV-TBM-UP,19:06,19:15,1111111,5,false
P-42673-STMPV-UP,42673,EMU,STM-PV-UP,19:16,19:25,1111111,5,false
P-42673-GISTM-UP,42673,EMU,GI-STM-UP,19:25,19:28,1111111,5,false
P-42673-MBMGI-UP,42673,EMU,MBM-GI-UP,19:29,19:34,1111111,5,false
P-42673-MSMBM-UP,42673,EMU,MS-MBM-UP,19:35,19:46,1111111,5,false
P-42673-MSBMS-UP,42673,EMU,MSB-MS-UP,19:46,19:53,1111111,5,false
P-42674-PVTBM-UP,42674,EMU,PV-TBM-UP,19:18,19:27,1111111,5,false
P-42674-STMPV-UP,42674,EMU,STM-PV-UP,19:28,19:37,1111111,5,false
P-42674-GISTM-UP,42674,EMU,GI-STM-UP,19:37,19:40,1111111,5,false
P-42674-MBMGI-UP,42674,EMU,MBM-GI-UP,19:41,19:46,1111111,5,false
P-42674-MSMBM-UP,42674,EMU,MS-MBM-UP,19:47,19:58,1111111,5,false
P-42674-MSBMS-UP,42674,EMU,MSB-MS-UP,19:58,20:05,1111111,5,false
P-42675-PVTBM-UP,42675,EMU,PV-TBM-UP,19:30,19:39,1111111,5,false
P-42675-STMPV-UP,42675,EMU,STM-PV-UP,19:40,19:49,1111111,5,false
P-42675-GISTM-UP,42675,EMU,GI-STM-UP,19:49,19:52,1111111,5,false
P-42675-MBMGI-UP,42675,EMU,MBM-GI-UP,19:53,19:58,1111111,5,false
P-42675-MSMBM-UP,42675,EMU,MS-MBM-UP,19:59,20:10,1111111,5,false
P-42675-MSBMS-UP,42675,EMU,MSB-MS-UP,20:10,20:17,1111111,5,false
P-42676-PVTBM-UP,42676,EMU,PV-TBM-UP,19:42,19:51,1111111,5,false
P-42676-STMPV-UP,42676,EMU,STM-PV-UP,19:52,20:01,1111111,5,false
P-42676-GISTM-UP,42676,EMU,GI-STM-UP,20:01,20:04,1111111,5,false
P-42676-MBMGI-UP,42676,EMU,MBM-GI-UP,20:05,20:10,1111111,5,false
P-42676-MSMBM-UP,42676,EMU,MS-MBM-UP,20:11,20:22,1111111,5,false
P-42676-MSBMS-UP,42676,EMU,MSB-MS-UP,20:22,20:29,1111111,5,false
P-42677-PVTBM-UP,42677,EMU,PV-TBM-UP,19:54,20:03,1111111,5,false
P-42677-STMPV-UP,42677,EMU,STM-PV-UP,20:04,20:13,1111111,5,false
P-42677-GISTM-UP,42677,EMU,GI-STM-UP,20:13,20:16,1111111,5,false
P-42677-MBMGI-UP,42677,EMU,MBM-GI-UP,20:17,20:22,1111111,5,false
P-42677-MSMBM-UP,42677,EMU,MS-MBM-UP,20:23,20:34,1111111,5,false
P-42677-MSBMS-UP,42677,EMU,MSB-MS-UP,20:34,20:41,1111111,5,false
P-42678-PVTBM-UP,42678,EMU,PV-TBM-UP,20:06,20:15,1111111,5,false
P-42678-STMPV-UP,42678,EMU,STM-PV-UP,20:16,20:25,1111111,5,false
P-42678-GISTM-UP,42678,EMU,GI-STM-UP,20:25,20:28,1111111,5,false
P-42678-MBMGI-UP,42678,EMU,MBM-GI-UP,20:29,20:34,1111111,5,false
P-42678-MSMBM-UP,42678,EMU,MS-MBM-UP,20:35,20:46,1111111,5,false
P-42678-MSBMS-UP,42678,EMU,MSB-MS-UP,20:46,20:53,1111111,5,false
P-42679-PVTBM-UP,42679,EMU,PV-TBM-UP,20:18,20:27,1111111,5,false
P-42679-STMPV-UP,42679,EMU,STM-PV-UP,20:28,20:37,1111111,5,false
P-42679-GISTM-UP,42679,EMU,GI-STM-UP,20:37,20:40,1111111,5,false
P-42679-MBMGI-UP,42679,EMU,MBM-GI-UP,20:41,20:46,1111111,5,false
P-42679-MSMBM-UP,42679,EMU,MS-MBM-UP,20:47,20:58,1111111,5,false
P-42679-MSBMS-UP,42679,EMU,MSB-MS-UP,20:58,21:05,1111111,5,false
P-42680-PVTBM-UP,42680,EMU,PV-TBM-UP,20:30,20:39,1111111,5,false
P-42680-STMPV-UP,42680,EMU,STM-PV-UP,20:40,20:49,1111111,5,false
P-42680-GISTM-UP,42680,EMU,GI-STM-UP,20:49,20:52,1111111,5,false
P-42680-MBMGI-UP,42680,EMU,MBM-GI-UP,20:53,20:58,1111111,5,false
P-42680-MSMBM-UP,42680,EMU,MS-MBM-UP,20:59,21:10,1111111,5,false
P-42680-MSBMS-UP,42680,EMU,MSB-MS-UP,21:10,21:17,1111111,5,false
P-42681-PVTBM-UP,42681,EMU,PV-TBM-UP,20:42,20:51,1111111,5,false
P-42681-STMPV-UP,42681,EMU,STM-PV-UP,20:52,21:01,1111111,5,false
P-42681-GISTM-UP,42681,EMU,GI-STM-UP,21:01,21:04,1111111,5,false
P-42681-MBMGI-UP,42681,EMU,MBM-GI-UP,21:05,21:10,1111111,5,false
P-42681-MSMBM-UP,42681,EMU,MS-MBM-UP,21:11,21:22,1111111,5,false
P-42681-MSBMS-UP,42681,EMU,MSB-MS-UP,21:22,21:29,1111111,5,false
P-42682-PVTBM-UP,42682,EMU,PV-TBM-UP,20:54,21:03,1111111,5,false
P-42682-STMPV-UP,42682,EMU,STM-PV-UP,21:04,21:13,1111111,5,false
P-42682-GISTM-UP,42682,EMU,GI-STM-UP,21:13,21:16,1111111,5,false
P-42682-MBMGI-UP,42682,EMU,MBM-GI-UP,21:17,21:22,1111111,5,false
P-42682-MSMBM-UP,42682,EMU,MS-MBM-UP,21:23,21:34,1111111,5,false
P-42682-MSBMS-UP,42682,EMU,MSB-MS-UP,21:34,21:41,1111111,5,false
P-42683-PVTBM-UP,42683,EMU,PV-TBM-UP,21:06,21:15,1111111,5,false
P-42683-STMPV-UP,42683,EMU,STM-PV-UP,21:16,21:25,1111111,5,false
P-42683-GISTM-UP,42683,EMU,GI-STM-UP,21:25,21:28,1111111,5,false
P-42683-MBMGI-UP,42683,EMU,MBM-GI-UP,21:29,21:34,1111111,5,false
P-42683-MSMBM-UP,42683,EMU,MS-MBM-UP,21:35,21:46,1111111,5,false
P-42683-MSBMS-UP,42683,EMU,MSB-MS-UP,21:46,21:53,1111111,5,false
P-42684-PVTBM-UP,42684,EMU,PV-TBM-UP,21:18,21:27,1111111,5,false
P-42684-STMPV-UP,42684,EMU,STM-PV-UP,21:28,21:37,1111111,5,false
P-42684-GISTM-UP,42684,EMU,GI-STM-UP,21:37,21:40,1111111,5,false
P-42684-MBMGI-UP,42684,EMU,MBM-GI-UP,21:41,21:46,1111111,5,false
P-42684-MSMBM-UP,42684,EMU,MS-MBM-UP,21:47,21:58,1111111,5,false
P-42684-MSBMS-UP,42684,EMU,MSB-MS-UP,21:58,22:05,1111111,5,false
P-42685-PVTBM-UP,42685,EMU,PV-TBM-UP,21:30,21:39,1111111,5,false
P-42685-STMPV-UP,42685,EMU,STM-PV-UP,21:40,21:49,1111111,5,false
P-42685-GISTM-UP,42685,EMU,GI-STM-UP,21:49,21:52,1111111,5,false
P-42685-MBMGI-UP,42685,EMU,MBM-GI-UP,21:53,21:58,1111111,5,false
P-42685-MSMBM-UP,42685,EMU,MS-MBM-UP,21:59,22:10,1111111,5,false
P-42685-MSBMS-UP,42685,EMU,MSB-MS-UP,22:10,22:17,1111111,5,false
P-42686-PVTBM-UP,42686,EMU,PV-TBM-UP,21:42,21:51,1111111,5,false
P-42686-STMPV-UP,42686,EMU,STM-PV-UP,21:52,22:01,1111111,5,false
P-42686-GISTM-UP,42686,EMU,GI-STM-UP,22:01,22:04,1111111,5,false
P-42686-MBMGI-UP,42686,EMU,MBM-GI-UP,22:05,22:10,1111111,5,false
P-42686-MSMBM-UP,42686,EMU,MS-MBM-UP,22:11,22:22,1111111,5,false
P-42686-MSBMS-UP,42686,EMU,MSB-MS-UP,22:22,22:29,1111111,5,false
P-42687-PVTBM-UP,42687,EMU,PV-TBM-UP,21:54,22:03,1111111,5,false
P-42687-STMPV-UP,42687,EMU,STM-PV-UP,22:04,22:13,1111111,5,false
P-42687-GISTM-UP,42687,EMU,GI-STM-UP,22:13,22:16,1111111,5,false
P-42687-MBMGI-UP,42687,EMU,MBM-GI-UP,22:17,22:22,1111111,5,false
P-42687-MSMBM-UP,42687,EMU,MS-MBM-UP,22:23,22:34,1111111,5,false
P-42687-MSBMS-UP,42687,EMU,MSB-MS-UP,22:34,22:41,1111111,5,false
P-42688-PVTBM-UP,42688,EMU,PV-TBM-UP,22:06,22:15,1111111,5,false
P-42688-STMPV-UP,42688,EMU,STM-PV-UP,22:16,22:25,1111111,5,false
P-42688-GISTM-UP,42688,EMU,GI-STM-UP,22:25,22:28,1111111,5,false
P-42688-MBMGI-UP,42688,EMU,MBM-GI-UP,22:29,22:34,1111111,5,false
P-42688-MSMBM-UP,42688,EMU,MS-MBM-UP,22:35,22:46,1111111,5,false
P-42688-MSBMS-UP,42688,EMU,MSB-MS-UP,22:46,22:53,1111111,5,false
P-42689-PVTBM-UP,42689,EMU,PV-TBM-UP,22:18,22:27,1111111,5,false
P-42689-STMPV-UP,42689,EMU,STM-PV-UP,22:28,22:37,1111111,5,false
P-42689-GISTM-UP,42689,EMU,GI-STM-UP,22:37,22:40,1111111,5,false
P-42689-MBMGI-UP,42689,EMU,MBM-GI-UP,22:41,22:46,1111111,5,false
P-42689-MSMBM-UP,42689,EMU,MS-MBM-UP,22:47,22:58,1111111,5,false
P-42689-MSBMS-UP,42689,EMU,MSB-MS-UP,22:58,23:05,1111111,5,false
P-42690-PVTBM-UP,42690,EMU,PV-TBM-UP,22:30,22:39,1111111,5,false
P-42690-STMPV-UP,42690,EMU,STM-PV-UP,22:40,22:49,1111111,5,false
P-42690-GISTM-UP,42690,EMU,GI-STM-UP,22:49,22:52,1111111,5,false
P-42690-MBMGI-UP,42690,EMU,MBM-GI-UP,22:53,22:58,1111111,5,false
P-42690-MSMBM-UP,42690,EMU,MS-MBM-UP,22:59,23:10,1111111,5,false
P-42690-MSBMS-UP,42690,EMU,MSB-MS-UP,23:10,23:17,1111111,5,false
P-42691-PVTBM-UP,42691,EMU,PV-TBM-UP,22:42,22:51,1111111,5,false
P-42691-STMPV-UP,42691,EMU,STM-PV-UP,22:52,23:01,1111111,5,false
P-42691-GISTM-UP,42691,EMU,GI-STM-UP,23:01,23:04,1111111,5,false
P-42691-MBMGI-UP,42691,EMU,MBM-GI-UP,23:05,23:10,1111111,5,false
P-42691-MSMBM-UP,42691,EMU,MS-MBM-UP,23:11,23:22,1111111,5,false
P-42691-MSBMS-UP,42691,EMU,MSB-MS-UP,23:22,23:29,1111111,5,false
P-42692-PVTBM-UP,42692,EMU,PV-TBM-UP,22:54,23:03,1111111,5,false
P-42692-STMPV-UP,42692,EMU,STM-PV-UP,23:04,23:13,1111111,5,false
P-42692-GISTM-UP,42692,EMU,GI-STM-UP,23:13,23:16,1111111,5,false
P-42692-MBMGI-UP,42692,EMU,MBM-GI-UP,23:17,23:22,1111111,5,false
P-42692-MSMBM-UP,42692,EMU,MS-MBM-UP,23:23,23:34,1111111,5,false
P-42692-MSBMS-UP,42692,EMU,MSB-MS-UP,23:34,23:41,1111111,5,false
P-41000-MASBBQ-DN_SUB,41000,EMU,MAS-BBQ-DN_SUB,04:00,04:03,1111111,5,false
P-41000-BBQPER-DN_SUB,41000,EMU,BBQ-PER-DN_SUB,04:04,04:08,1111111,5,false
P-41000-PERABU-DN_SUB,41000,EMU,PER-ABU-DN_SUB,04:09,04:24,1111111,5,false
P-41000-ABUAVD-DN_SUB,41000,EMU,ABU-AVD-DN_SUB,04:24,04:33,1111111,5,false
P-41001-MASBBQ-DN_SUB,41001,EMU,MAS-BBQ-DN_SUB,04:10,04:13,1111111,5,false
P-41001-BBQPER-DN_SUB,41001,EMU,BBQ-PER-DN_SUB,04:14,04:18,1111111,5,false
P-41001-PERABU-DN_SUB,41001,EMU,PER-ABU-DN_SUB,04:19,04:34,1111111,5,false
P-41001-ABUAVD-DN_SUB,41001,EMU,ABU-AVD-DN_SUB,04:34,04:43,1111111,5,false
P-41002-MASBBQ-DN_SUB,41002,EMU,MAS-BBQ-DN_SUB,04:20,04:23,1111111,5,false
P-41002-BBQPER-DN_SUB,41002,EMU,BBQ-PER-DN_SUB,04:24,04:28,1111111,5,false
P-41002-PERABU-DN_SUB,41002,EMU,PER-ABU-DN_SUB,04:29,04:44,1111111,5,false
P-41002-ABUAVD-DN_SUB,41002,EMU,ABU-AVD-DN_SUB,04:44,04:53,1111111,5,false
P-41003-MASBBQ-DN_SUB,41003,EMU,MAS-BBQ-DN_SUB,04:30,04:33,1111111,5,false
P-41003-BBQPER-DN_SUB,41003,EMU,BBQ-PER-DN_SUB,04:34,04:38,1111111,5,false
P-41003-PERABU-DN_SUB,41003,EMU,PER-ABU-DN_SUB,04:39,04:54,1111111,5,false
P-41003-ABUAVD-DN_SUB,41003,EMU,ABU-AVD-DN_SUB,04:54,05:03,1111111,5,false
P-41004-MASBBQ-DN_SUB,41004,EMU,MAS-BBQ-DN_SUB,04:40,04:43,1111111,5,false
P-41004-BBQPER-DN_SUB,41004,EMU,BBQ-PER-DN_SUB,04:44,04:48,1111111,5,false
P-41004-PERABU-DN_SUB,41004,EMU,PER-ABU-DN_SUB,04:49,05:04,1111111,5,false
P-41004-ABUAVD-DN_SUB,41004,EMU,ABU-AVD-DN_SUB,05:04,05:13,1111111,5,false
P-41005-MASBBQ-DN_SUB,41005,EMU,MAS-BBQ-DN_SUB,04:50,04:53,1111111,5,false
P-41005-BBQPER-DN_SUB,41005,EMU,BBQ-PER-DN_SUB,04:54,04:58,1111111,5,false
P-41005-PERABU-DN_SUB,41005,EMU,PER-ABU-DN_SUB,04:59,05:14,1111111,5,false
P-41005-ABUAVD-DN_SUB,41005,EMU,ABU-AVD-DN_SUB,05:14,05:23,1111111,5,false
P-41006-MASBBQ-DN_SUB,41006,EMU,MAS-BBQ-DN_SUB,05:00,05:03,1111111,5,false
P-41006-BBQPER-DN_SUB,41006,EMU,BBQ-PER-DN_SUB,05:04,05:08,1111111,5,false
P-41006-PERABU-DN_SUB,41006,EMU,PER-ABU-DN_SUB,05:09,05:24,1111111,5,false
P-41006-ABUAVD-DN_SUB,41006,EMU,ABU-AVD-DN_SUB,05:24,05:33,1111111,5,false
P-41007-MASBBQ-DN_SUB,41007,EMU,MAS-BBQ-DN_SUB,05:10,05:13,1111111,5,false
P-41007-BBQPER-DN_SUB,41007,EMU,BBQ-PER-DN_SUB,05:14,05:18,1111111,5,false
P-41007-PERABU-DN_SUB,41007,EMU,PER-ABU-DN_SUB,05:19,05:34,1111111,5,false
P-41007-ABUAVD-DN_SUB,41007,EMU,ABU-AVD-DN_SUB,05:34,05:43,1111111,5,false
P-41008-MASBBQ-DN_SUB,41008,EMU,MAS-BBQ-DN_SUB,05:20,05:23,1111111,5,false
P-41008-BBQPER-DN_SUB,41008,EMU,BBQ-PER-DN_SUB,05:24,05:28,1111111,5,false
P-41008-PERABU-DN_SUB,41008,EMU,PER-ABU-DN_SUB,05:29,05:44,1111111,5,false
P-41008-ABUAVD-DN_SUB,41008,EMU,ABU-AVD-DN_SUB,05:44,05:53,1111111,5,false
P-41009-MASBBQ-DN_SUB,41009,EMU,MAS-BBQ-DN_SUB,05:30,05:33,1111111,5,false
P-41009-BBQPER-DN_SUB,41009,EMU,BBQ-PER-DN_SUB,05:34,05:38,1111111,5,false
P-41009-PERABU-DN_SUB,41009,EMU,PER-ABU-DN_SUB,05:39,05:54,1111111,5,false
P-41009-ABUAVD-DN_SUB,41009,EMU,ABU-AVD-DN_SUB,05:54,06:03,1111111,5,false
P-41010-MASBBQ-DN_SUB,41010,EMU,MAS-BBQ-DN_SUB,05:40,05:43,1111111,5,false
P-41010-BBQPER-DN_SUB,41010,EMU,BBQ-PER-DN_SUB,05:44,05:48,1111111,5,false
P-41010-PERABU-DN_SUB,41010,EMU,PER-ABU-DN_SUB,05:49,06:04,1111111,5,false
P-41010-ABUAVD-DN_SUB,41010,EMU,ABU-AVD-DN_SUB,06:04,06:13,1111111,5,false
P-41011-MASBBQ-DN_SUB,41011,EMU,MAS-BBQ-DN_SUB,05:50,05:53,1111111,5,false
P-41011-BBQPER-DN_SUB,41011,EMU,BBQ-PER-DN_SUB,05:54,05:58,1111111,5,false
P-41011-PERABU-DN_SUB,41011,EMU,PER-ABU-DN_SUB,05:59,06:14,1111111,5,false
P-41011-ABUAVD-DN_SUB,41011,EMU,ABU-AVD-DN_SUB,06:14,06:23,1111111,5,false
P-41012-MASBBQ-DN_SUB,41012,EMU,MAS-BBQ-DN_SUB,06:00,06:03,1111111,5,false
P-41012-BBQPER-DN_SUB,41012,EMU,BBQ-PER-DN_SUB,06:04,06:08,1111111,5,false
P-41012-PERABU-DN_SUB,41012,EMU,PER-ABU-DN_SUB,06:09,06:24,1111111,5,false
P-41012-ABUAVD-DN_SUB,41012,EMU,ABU-AVD-DN_SUB,06:24,06:33,1111111,5,false
P-41013-MASBBQ-DN_SUB,41013,EMU,MAS-BBQ-DN_SUB,06:10,06:13,1111111,5,false
P-41013-BBQPER-DN_SUB,41013,EMU,BBQ-PER-DN_SUB,06:14,06:18,1111111,5,false
P-41013-PERABU-DN_SUB,41013,EMU,PER-ABU-DN_SUB,06:19,06:34,1111111,5,false
P-41013-ABUAVD-DN_SUB,41013,EMU,ABU-AVD-DN_SUB,06:34,06:43,1111111,5,false
P-41014-MASBBQ-DN_SUB,41014,EMU,MAS-BBQ-DN_SUB,06:20,06:23,1111111,5,false
P-41014-BBQPER-DN_SUB,41014,EMU,BBQ-PER-DN_SUB,06:24,06:28,1111111,5,false
P-41014-PERABU-DN_SUB,41014,EMU,PER-ABU-DN_SUB,06:29,06:44,1111111,5,false
P-41014-ABUAVD-DN_SUB,41014,EMU,ABU-AVD-DN_SUB,06:44,06:53,1111111,5,false
P-41015-MASBBQ-DN_SUB,41015,EMU,MAS-BBQ-DN_SUB,06:30,06:33,1111111,5,false
P-41015-BBQPER-DN_SUB,41015,EMU,BBQ-PER-DN_SUB,06:34,06:38,1111111,5,false
P-41015-PERABU-DN_SUB,41015,EMU,PER-ABU-DN_SUB,06:39,06:54,1111111,5,false
P-41015-ABUAVD-DN_SUB,41015,EMU,ABU-AVD-DN_SUB,06:54,07:03,1111111,5,false
P-41016-MASBBQ-DN_SUB,41016,EMU,MAS-BBQ-DN_SUB,06:40,06:43,1111111,5,false
P-41016-BBQPER-DN_SUB,41016,EMU,BBQ-PER-DN_SUB,06:44,06:48,1111111,5,false
P-41016-PERABU-DN_SUB,41016,EMU,PER-ABU-DN_SUB,06:49,07:04,1111111,5,false
P-41016-ABUAVD-DN_SUB,41016,EMU,ABU-AVD-DN_SUB,07:04,07:13,1111111,5,false
P-41017-MASBBQ-DN_SUB,41017,EMU,MAS-BBQ-DN_SUB,06:50,06:53,1111111,5,false
P-41017-BBQPER-DN_SUB,41017,EMU,BBQ-PER-DN_SUB,06:54,06:58,1111111,5,false
P-41017-PERABU-DN_SUB,41017,EMU,PER-ABU-DN_SUB,06:59,07:14,1111111,5,false
P-41017-ABUAVD-DN_SUB,41017,EMU,ABU-AVD-DN_SUB,07:14,07:23,1111111,5,false
P-41018-MASBBQ-DN_SUB,41018,EMU,MAS-BBQ-DN_SUB,07:00,07:03,1111111,5,false
P-41018-BBQPER-DN_SUB,41018,EMU,BBQ-PER-DN_SUB,07:04,07:08,1111111,5,false
P-41018-PERABU-DN_SUB,41018,EMU,PER-ABU-DN_SUB,07:09,07:24,1111111,5,false
P-41018-ABUAVD-DN_SUB,41018,EMU,ABU-AVD-DN_SUB,07:24,07:33,1111111,5,false
P-41019-MASBBQ-DN_SUB,41019,EMU,MAS-BBQ-DN_SUB,07:10,07:13,1111111,5,false
P-41019-BBQPER-DN_SUB,41019,EMU,BBQ-PER-DN_SUB,07:14,07:18,1111111,5,false
P-41019-PERABU-DN_SUB,41019,EMU,PER-ABU-DN_SUB,07:19,07:34,1111111,5,false
P-41019-ABUAVD-DN_SUB,41019,EMU,ABU-AVD-DN_SUB,07:34,07:43,1111111,5,false
P-41020-MASBBQ-DN_SUB,41020,EMU,MAS-BBQ-DN_SUB,07:20,07:23,1111111,5,false
P-41020-BBQPER-DN_SUB,41020,EMU,BBQ-PER-DN_SUB,07:24,07:28,1111111,5,false
P-41020-PERABU-DN_SUB,41020,EMU,PER-ABU-DN_SUB,07:29,07:44,1111111,5,false
P-41020-ABUAVD-DN_SUB,41020,EMU,ABU-AVD-DN_SUB,07:44,07:53,1111111,5,false
P-41021-MASBBQ-DN_SUB,41021,EMU,MAS-BBQ-DN_SUB,07:30,07:33,1111111,5,false
P-41021-BBQPER-DN_SUB,41021,EMU,BBQ-PER-DN_SUB,07:34,07:38,1111111,5,false
P-41021-PERABU-DN_SUB,41021,EMU,PER-ABU-DN_SUB,07:39,07:54,1111111,5,false
P-41021-ABUAVD-DN_SUB,41021,EMU,ABU-AVD-DN_SUB,07:54,08:03,1111111,5,false
P-41022-MASBBQ-DN_SUB,41022,EMU,MAS-BBQ-DN_SUB,07:40,07:43,1111111,5,false
P-41022-BBQPER-DN_SUB,41022,EMU,BBQ-PER-DN_SUB,07:44,07:48,1111111,5,false
P-41022-PERABU-DN_SUB,41022,EMU,PER-ABU-DN_SUB,07:49,08:04,1111111,5,false
P-41022-ABUAVD-DN_SUB,41022,EMU,ABU-AVD-DN_SUB,08:04,08:13,1111111,5,false
P-41023-MASBBQ-DN_SUB,41023,EMU,MAS-BBQ-DN_SUB,07:50,07:53,1111111,5,false
P-41023-BBQPER-DN_SUB,41023,EMU,BBQ-PER-DN_SUB,07:54,07:58,1111111,5,false
P-41023-PERABU-DN_SUB,41023,EMU,PER-ABU-DN_SUB,07:59,08:14,1111111,5,false
P-41023-ABUAVD-DN_SUB,41023,EMU,ABU-AVD-DN_SUB,08:14,08:23,1111111,5,false
P-41024-MASBBQ-DN_SUB,41024,EMU,MAS-BBQ-DN_SUB,08:00,08:03,1111111,5,false
P-41024-BBQPER-DN_SUB,41024,EMU,BBQ-PER-DN_SUB,08:04,08:08,1111111,5,false
P-41024-PERABU-DN_SUB,41024,EMU,PER-ABU-DN_SUB,08:09,08:24,1111111,5,false
P-41024-ABUAVD-DN_SUB,41024,EMU,ABU-AVD-DN_SUB,08:24,08:33,1111111,5,false
P-41025-MASBBQ-DN_SUB,41025,EMU,MAS-BBQ-DN_SUB,08:10,08:13,1111111,5,false
P-41025-BBQPER-DN_SUB,41025,EMU,BBQ-PER-DN_SUB,08:14,08:18,1111111,5,false
P-41025-PERABU-DN_SUB,41025,EMU,PER-ABU-DN_SUB,08:19,08:34,1111111,5,false
P-41025-ABUAVD-DN_SUB,41025,EMU,ABU-AVD-DN_SUB,08:34,08:43,1111111,5,false
P-41026-MASBBQ-DN_SUB,41026,EMU,MAS-BBQ-DN_SUB,08:20,08:23,1111111,5,false
P-41026-BBQPER-DN_SUB,41026,EMU,BBQ-PER-DN_SUB,08:24,08:28,1111111,5,false
P-41026-PERABU-DN_SUB,41026,EMU,PER-ABU-DN_SUB,08:29,08:44,1111111,5,false
P-41026-ABUAVD-DN_SUB,41026,EMU,ABU-AVD-DN_SUB,08:44,08:53,1111111,5,false
P-41027-MASBBQ-DN_SUB,41027,EMU,MAS-BBQ-DN_SUB,08:30,08:33,1111111,5,false
P-41027-BBQPER-DN_SUB,41027,EMU,BBQ-PER-DN_SUB,08:34,08:38,1111111,5,false
P-41027-PERABU-DN_SUB,41027,EMU,PER-ABU-DN_SUB,08:39,08:54,1111111,5,false
P-41027-ABUAVD-DN_SUB,41027,EMU,ABU-AVD-DN_SUB,08:54,09:03,1111111,5,false
P-41028-MASBBQ-DN_SUB,41028,EMU,MAS-BBQ-DN_SUB,08:40,08:43,1111111,5,false
P-41028-BBQPER-DN_SUB,41028,EMU,BBQ-PER-DN_SUB,08:44,08:48,1111111,5,false
P-41028-PERABU-DN_SUB,41028,EMU,PER-ABU-DN_SUB,08:49,09:04,1111111,5,false
P-41028-ABUAVD-DN_SUB,41028,EMU,ABU-AVD-DN_SUB,09:04,09:13,1111111,5,false
P-41029-MASBBQ-DN_SUB,41029,EMU,MAS-BBQ-DN_SUB,08:50,08:53,1111111,5,false
P-41029-BBQPER-DN_SUB,41029,EMU,BBQ-PER-DN_SUB,08:54,08:58,1111111,5,false
P-41029-PERABU-DN_SUB,41029,EMU,PER-ABU-DN_SUB,08:59,09:14,1111111,5,false
P-41029-ABUAVD-DN_SUB,41029,EMU,ABU-AVD-DN_SUB,09:14,09:23,1111111,5,false
P-41030-MASBBQ-DN_SUB,41030,EMU,MAS-BBQ-DN_SUB,09:00,09:03,1111111,5,false
P-41030-BBQPER-DN_SUB,41030,EMU,BBQ-PER-DN_SUB,09:04,09:08,1111111,5,false
P-41030-PERABU-DN_SUB,41030,EMU,PER-ABU-DN_SUB,09:09,09:24,1111111,5,false
P-41030-ABUAVD-DN_SUB,41030,EMU,ABU-AVD-DN_SUB,09:24,09:33,1111111,5,false
P-41031-MASBBQ-DN_SUB,41031,EMU,MAS-BBQ-DN_SUB,09:10,09:13,1111111,5,false
P-41031-BBQPER-DN_SUB,41031,EMU,BBQ-PER-DN_SUB,09:14,09:18,1111111,5,false
P-41031-PERABU-DN_SUB,41031,EMU,PER-ABU-DN_SUB,09:19,09:34,1111111,5,false
P-41031-ABUAVD-DN_SUB,41031,EMU,ABU-AVD-DN_SUB,09:34,09:43,1111111,5,false
P-41032-MASBBQ-DN_SUB,41032,EMU,MAS-BBQ-DN_SUB,09:20,09:23,1111111,5,false
P-41032-BBQPER-DN_SUB,41032,EMU,BBQ-PER-DN_SUB,09:24,09:28,1111111,5,false
P-41032-PERABU-DN_SUB,41032,EMU,PER-ABU-DN_SUB,09:29,09:44,1111111,5,false
P-41032-ABUAVD-DN_SUB,41032,EMU,ABU-AVD-DN_SUB,09:44,09:53,1111111,5,false
P-41033-MASBBQ-DN_SUB,41033,EMU,MAS-BBQ-DN_SUB,09:30,09:33,1111111,5,false
P-41033-BBQPER-DN_SUB,41033,EMU,BBQ-PER-DN_SUB,09:34,09:38,1111111,5,false
P-41033-PERABU-DN_SUB,41033,EMU,PER-ABU-DN_SUB,09:39,09:54,1111111,5,false
P-41033-ABUAVD-DN_SUB,41033,EMU,ABU-AVD-DN_SUB,09:54,10:03,1111111,5,false
P-41034-MASBBQ-DN_SUB,41034,EMU,MAS-BBQ-DN_SUB,09:40,09:43,1111111,5,false
P-41034-BBQPER-DN_SUB,41034,EMU,BBQ-PER-DN_SUB,09:44,09:48,1111111,5,false
P-41034-PERABU-DN_SUB,41034,EMU,PER-ABU-DN_SUB,09:49,10:04,1111111,5,false
P-41034-ABUAVD-DN_SUB,41034,EMU,ABU-AVD-DN_SUB,10:04,10:13,1111111,5,false
P-41035-MASBBQ-DN_SUB,41035,EMU,MAS-BBQ-DN_SUB,09:50,09:53,1111111,5,false
P-41035-BBQPER-DN_SUB,41035,EMU,BBQ-PER-DN_SUB,09:54,09:58,1111111,5,false
P-41035-PERABU-DN_SUB,41035,EMU,PER-ABU-DN_SUB,09:59,10:14,1111111,5,false
P-41035-ABUAVD-DN_SUB,41035,EMU,ABU-AVD-DN_SUB,10:14,10:23,1111111,5,false
P-41036-MASBBQ-DN_SUB,41036,EMU,MAS-BBQ-DN_SUB,10:00,10:03,1111111,5,false
P-41036-BBQPER-DN_SUB,41036,EMU,BBQ-PER-DN_SUB,10:04,10:08,1111111,5,false
P-41036-PERABU-DN_SUB,41036,EMU,PER-ABU-DN_SUB,10:09,10:24,1111111,5,false
P-41036-ABUAVD-DN_SUB,41036,EMU,ABU-AVD-DN_SUB,10:24,10:33,1111111,5,false
P-41037-MASBBQ-DN_SUB,41037,EMU,MAS-BBQ-DN_SUB,10:10,10:13,1111111,5,false
P-41037-BBQPER-DN_SUB,41037,EMU,BBQ-PER-DN_SUB,10:14,10:18,1111111,5,false
P-41037-PERABU-DN_SUB,41037,EMU,PER-ABU-DN_SUB,10:19,10:34,1111111,5,false
P-41037-ABUAVD-DN_SUB,41037,EMU,ABU-AVD-DN_SUB,10:34,10:43,1111111,5,false
P-41038-MASBBQ-DN_SUB,41038,EMU,MAS-BBQ-DN_SUB,10:20,10:23,1111111,5,false
P-41038-BBQPER-DN_SUB,41038,EMU,BBQ-PER-DN_SUB,10:24,10:28,1111111,5,false
P-41038-PERABU-DN_SUB,41038,EMU,PER-ABU-DN_SUB,10:29,10:44,1111111,5,false
P-41038-ABUAVD-DN_SUB,41038,EMU,ABU-AVD-DN_SUB,10:44,10:53,1111111,5,false
P-41039-MASBBQ-DN_SUB,41039,EMU,MAS-BBQ-DN_SUB,10:30,10:33,1111111,5,false
P-41039-BBQPER-DN_SUB,41039,EMU,BBQ-PER-DN_SUB,10:34,10:38,1111111,5,false
P-41039-PERABU-DN_SUB,41039,EMU,PER-ABU-DN_SUB,10:39,10:54,1111111,5,false
P-41039-ABUAVD-DN_SUB,41039,EMU,ABU-AVD-DN_SUB,10:54,11:03,1111111,5,false
P-41040-MASBBQ-DN_SUB,41040,EMU,MAS-BBQ-DN_SUB,10:40,10:43,1111111,5,false
P-41040-BBQPER-DN_SUB,41040,EMU,BBQ-PER-DN_SUB,10:44,10:48,1111111,5,false
P-41040-PERABU-DN_SUB,41040,EMU,PER-ABU-DN_SUB,10:49,11:04,1111111,5,false
P-41040-ABUAVD-DN_SUB,41040,EMU,ABU-AVD-DN_SUB,11:04,11:13,1111111,5,false
P-41041-MASBBQ-DN_SUB,41041,EMU,MAS-BBQ-DN_SUB,10:50,10:53,1111111,5,false
P-41041-BBQPER-DN_SUB,41041,EMU,BBQ-PER-DN_SUB,10:54,10:58,1111111,5,false
P-41041-PERABU-DN_SUB,41041,EMU,PER-ABU-DN_SUB,10:59,11:14,1111111,5,false
P-41041-ABUAVD-DN_SUB,41041,EMU,ABU-AVD-DN_SUB,11:14,11:23,1111111,5,false
P-41042-MASBBQ-DN_SUB,41042,EMU,MAS-BBQ-DN_SUB,11:00,11:03,1111111,5,false
P-41042-BBQPER-DN_SUB,41042,EMU,BBQ-PER-DN_SUB,11:04,11:08,1111111,5,false
P-41042-PERABU-DN_SUB,41042,EMU,PER-ABU-DN_SUB,11:09,11:24,1111111,5,false
P-41042-ABUAVD-DN_SUB,41042,EMU,ABU-AVD-DN_SUB,11:24,11:33,1111111,5,false
P-41043-MASBBQ-DN_SUB,41043,EMU,MAS-BBQ-DN_SUB,11:10,11:13,1111111,5,false
P-41043-BBQPER-DN_SUB,41043,EMU,BBQ-PER-DN_SUB,11:14,11:18,1111111,5,false
P-41043-PERABU-DN_SUB,41043,EMU,PER-ABU-DN_SUB,11:19,11:34,1111111,5,false
P-41043-ABUAVD-DN_SUB,41043,EMU,ABU-AVD-DN_SUB,11:34,11:43,1111111,5,false
P-41044-MASBBQ-DN_SUB,41044,EMU,MAS-BBQ-DN_SUB,11:20,11:23,1111111,5,false
P-41044-BBQPER-DN_SUB,41044,EMU,BBQ-PER-DN_SUB,11:24,11:28,1111111,5,false
P-41044-PERABU-DN_SUB,41044,EMU,PER-ABU-DN_SUB,11:29,11:44,1111111,5,false
P-41044-ABUAVD-DN_SUB,41044,EMU,ABU-AVD-DN_SUB,11:44,11:53,1111111,5,false
P-41045-MASBBQ-DN_SUB,41045,EMU,MAS-BBQ-DN_SUB,11:30,11:33,1111111,5,false
P-41045-BBQPER-DN_SUB,41045,EMU,BBQ-PER-DN_SUB,11:34,11:38,1111111,5,false
P-41045-PERABU-DN_SUB,41045,EMU,PER-ABU-DN_SUB,11:39,11:54,1111111,5,false
P-41045-ABUAVD-DN_SUB,41045,EMU,ABU-AVD-DN_SUB,11:54,12:03,1111111,5,false
P-41046-MASBBQ-DN_SUB,41046,EMU,MAS-BBQ-DN_SUB,11:40,11:43,1111111,5,false
P-41046-BBQPER-DN_SUB,41046,EMU,BBQ-PER-DN_SUB,11:44,11:48,1111111,5,false
P-41046-PERABU-DN_SUB,41046,EMU,PER-ABU-DN_SUB,11:49,12:04,1111111,5,false
P-41046-ABUAVD-DN_SUB,41046,EMU,ABU-AVD-DN_SUB,12:04,12:13,1111111,5,false
P-41047-MASBBQ-DN_SUB,41047,EMU,MAS-BBQ-DN_SUB,11:50,11:53,1111111,5,false
P-41047-BBQPER-DN_SUB,41047,EMU,BBQ-PER-DN_SUB,11:54,11:58,1111111,5,false
P-41047-PERABU-DN_SUB,41047,EMU,PER-ABU-DN_SUB,11:59,12:14,1111111,5,false
P-41047-ABUAVD-DN_SUB,41047,EMU,ABU-AVD-DN_SUB,12:14,12:23,1111111,5,false
P-41048-MASBBQ-DN_SUB,41048,EMU,MAS-BBQ-DN_SUB,12:00,12:03,1111111,5,false
P-41048-BBQPER-DN_SUB,41048,EMU,BBQ-PER-DN_SUB,12:04,12:08,1111111,5,false
P-41048-PERABU-DN_SUB,41048,EMU,PER-ABU-DN_SUB,12:09,12:24,1111111,5,false
P-41048-ABUAVD-DN_SUB,41048,EMU,ABU-AVD-DN_SUB,12:24,12:33,1111111,5,false
P-41049-MASBBQ-DN_SUB,41049,EMU,MAS-BBQ-DN_SUB,12:10,12:13,1111111,5,false
P-41049-BBQPER-DN_SUB,41049,EMU,BBQ-PER-DN_SUB,12:14,12:18,1111111,5,false
P-41049-PERABU-DN_SUB,41049,EMU,PER-ABU-DN_SUB,12:19,12:34,1111111,5,false
P-41049-ABUAVD-DN_SUB,41049,EMU,ABU-AVD-DN_SUB,12:34,12:43,1111111,5,false
P-41050-MASBBQ-DN_SUB,41050,EMU,MAS-BBQ-DN_SUB,12:20,12:23,1111111,5,false
P-41050-BBQPER-DN_SUB,41050,EMU,BBQ-PER-DN_SUB,12:24,12:28,1111111,5,false
P-41050-PERABU-DN_SUB,41050,EMU,PER-ABU-DN_SUB,12:29,12:44,1111111,5,false
P-41050-ABUAVD-DN_SUB,41050,EMU,ABU-AVD-DN_SUB,12:44,12:53,1111111,5,false
P-41051-MASBBQ-DN_SUB,41051,EMU,MAS-BBQ-DN_SUB,12:30,12:33,1111111,5,false
P-41051-BBQPER-DN_SUB,41051,EMU,BBQ-PER-DN_SUB,12:34,12:38,1111111,5,false
P-41051-PERABU-DN_SUB,41051,EMU,PER-ABU-DN_SUB,12:39,12:54,1111111,5,false
P-41051-ABUAVD-DN_SUB,41051,EMU,ABU-AVD-DN_SUB,12:54,13:03,1111111,5,false
P-41052-MASBBQ-DN_SUB,41052,EMU,MAS-BBQ-DN_SUB,12:40,12:43,1111111,5,false
P-41052-BBQPER-DN_SUB,41052,EMU,BBQ-PER-DN_SUB,12:44,12:48,1111111,5,false
P-41052-PERABU-DN_SUB,41052,EMU,PER-ABU-DN_SUB,12:49,13:04,1111111,5,false
P-41052-ABUAVD-DN_SUB,41052,EMU,ABU-AVD-DN_SUB,13:04,13:13,1111111,5,false
P-41053-MASBBQ-DN_SUB,41053,EMU,MAS-BBQ-DN_SUB,12:50,12:53,1111111,5,false
P-41053-BBQPER-DN_SUB,41053,EMU,BBQ-PER-DN_SUB,12:54,12:58,1111111,5,false
P-41053-PERABU-DN_SUB,41053,EMU,PER-ABU-DN_SUB,12:59,13:14,1111111,5,false
P-41053-ABUAVD-DN_SUB,41053,EMU,ABU-AVD-DN_SUB,13:14,13:23,1111111,5,false
P-41054-MASBBQ-DN_SUB,41054,EMU,MAS-BBQ-DN_SUB,13:00,13:03,1111111,5,false
P-41054-BBQPER-DN_SUB,41054,EMU,BBQ-PER-DN_SUB,13:04,13:08,1111111,5,false
P-41054-PERABU-DN_SUB,41054,EMU,PER-ABU-DN_SUB,13:09,13:24,1111111,5,false
P-41054-ABUAVD-DN_SUB,41054,EMU,ABU-AVD-DN_SUB,13:24,13:33,1111111,5,false
P-41055-MASBBQ-DN_SUB,41055,EMU,MAS-BBQ-DN_SUB,13:10,13:13,1111111,5,false
P-41055-BBQPER-DN_SUB,41055,EMU,BBQ-PER-DN_SUB,13:14,13:18,1111111,5,false
P-41055-PERABU-DN_SUB,41055,EMU,PER-ABU-DN_SUB,13:19,13:34,1111111,5,false
P-41055-ABUAVD-DN_SUB,41055,EMU,ABU-AVD-DN_SUB,13:34,13:43,1111111,5,false
P-41056-MASBBQ-DN_SUB,41056,EMU,MAS-BBQ-DN_SUB,13:20,13:23,1111111,5,false
P-41056-BBQPER-DN_SUB,41056,EMU,BBQ-PER-DN_SUB,13:24,13:28,1111111,5,false
P-41056-PERABU-DN_SUB,41056,EMU,PER-ABU-DN_SUB,13:29,13:44,1111111,5,false
P-41056-ABUAVD-DN_SUB,41056,EMU,ABU-AVD-DN_SUB,13:44,13:53,1111111,5,false
P-41057-MASBBQ-DN_SUB,41057,EMU,MAS-BBQ-DN_SUB,13:30,13:33,1111111,5,false
P-41057-BBQPER-DN_SUB,41057,EMU,BBQ-PER-DN_SUB,13:34,13:38,1111111,5,false
P-41057-PERABU-DN_SUB,41057,EMU,PER-ABU-DN_SUB,13:39,13:54,1111111,5,false
P-41057-ABUAVD-DN_SUB,41057,EMU,ABU-AVD-DN_SUB,13:54,14:03,1111111,5,false
P-41058-MASBBQ-DN_SUB,41058,EMU,MAS-BBQ-DN_SUB,13:40,13:43,1111111,5,false
P-41058-BBQPER-DN_SUB,41058,EMU,BBQ-PER-DN_SUB,13:44,13:48,1111111,5,false
P-41058-PERABU-DN_SUB,41058,EMU,PER-ABU-DN_SUB,13:49,14:04,1111111,5,false
P-41058-ABUAVD-DN_SUB,41058,EMU,ABU-AVD-DN_SUB,14:04,14:13,1111111,5,false
P-41059-MASBBQ-DN_SUB,41059,EMU,MAS-BBQ-DN_SUB,13:50,13:53,1111111,5,false
P-41059-BBQPER-DN_SUB,41059,EMU,BBQ-PER-DN_SUB,13:54,13:58,1111111,5,false
P-41059-PERABU-DN_SUB,41059,EMU,PER-ABU-DN_SUB,13:59,14:14,1111111,5,false
P-41059-ABUAVD-DN_SUB,41059,EMU,ABU-AVD-DN_SUB,14:14,14:23,1111111,5,false
P-41060-MASBBQ-DN_SUB,41060,EMU,MAS-BBQ-DN_SUB,14:00,14:03,1111111,5,false
P-41060-BBQPER-DN_SUB,41060,EMU,BBQ-PER-DN_SUB,14:04,14:08,1111111,5,false
P-41060-PERABU-DN_SUB,41060,EMU,PER-ABU-DN_SUB,14:09,14:24,1111111,5,false
P-41060-ABUAVD-DN_SUB,41060,EMU,ABU-AVD-DN_SUB,14:24,14:33,1111111,5,false
P-41061-MASBBQ-DN_SUB,41061,EMU,MAS-BBQ-DN_SUB,14:10,14:13,1111111,5,false
P-41061-BBQPER-DN_SUB,41061,EMU,BBQ-PER-DN_SUB,14:14,14:18,1111111,5,false
P-41061-PERABU-DN_SUB,41061,EMU,PER-ABU-DN_SUB,14:19,14:34,1111111,5,false
P-41061-ABUAVD-DN_SUB,41061,EMU,ABU-AVD-DN_SUB,14:34,14:43,1111111,5,false
P-41062-MASBBQ-DN_SUB,41062,EMU,MAS-BBQ-DN_SUB,14:20,14:23,1111111,5,false
P-41062-BBQPER-DN_SUB,41062,EMU,BBQ-PER-DN_SUB,14:24,14:28,1111111,5,false
P-41062-PERABU-DN_SUB,41062,EMU,PER-ABU-DN_SUB,14:29,14:44,1111111,5,false
P-41062-ABUAVD-DN_SUB,41062,EMU,ABU-AVD-DN_SUB,14:44,14:53,1111111,5,false
P-41063-MASBBQ-DN_SUB,41063,EMU,MAS-BBQ-DN_SUB,14:30,14:33,1111111,5,false
P-41063-BBQPER-DN_SUB,41063,EMU,BBQ-PER-DN_SUB,14:34,14:38,1111111,5,false
P-41063-PERABU-DN_SUB,41063,EMU,PER-ABU-DN_SUB,14:39,14:54,1111111,5,false
P-41063-ABUAVD-DN_SUB,41063,EMU,ABU-AVD-DN_SUB,14:54,15:03,1111111,5,false
P-41064-MASBBQ-DN_SUB,41064,EMU,MAS-BBQ-DN_SUB,14:40,14:43,1111111,5,false
P-41064-BBQPER-DN_SUB,41064,EMU,BBQ-PER-DN_SUB,14:44,14:48,1111111,5,false
P-41064-PERABU-DN_SUB,41064,EMU,PER-ABU-DN_SUB,14:49,15:04,1111111,5,false
P-41064-ABUAVD-DN_SUB,41064,EMU,ABU-AVD-DN_SUB,15:04,15:13,1111111,5,false
P-41065-MASBBQ-DN_SUB,41065,EMU,MAS-BBQ-DN_SUB,14:50,14:53,1111111,5,false
P-41065-BBQPER-DN_SUB,41065,EMU,BBQ-PER-DN_SUB,14:54,14:58,1111111,5,false
P-41065-PERABU-DN_SUB,41065,EMU,PER-ABU-DN_SUB,14:59,15:14,1111111,5,false
P-41065-ABUAVD-DN_SUB,41065,EMU,ABU-AVD-DN_SUB,15:14,15:23,1111111,5,false
P-41066-MASBBQ-DN_SUB,41066,EMU,MAS-BBQ-DN_SUB,15:00,15:03,1111111,5,false
P-41066-BBQPER-DN_SUB,41066,EMU,BBQ-PER-DN_SUB,15:04,15:08,1111111,5,false
P-41066-PERABU-DN_SUB,41066,EMU,PER-ABU-DN_SUB,15:09,15:24,1111111,5,false
P-41066-ABUAVD-DN_SUB,41066,EMU,ABU-AVD-DN_SUB,15:24,15:33,1111111,5,false
P-41067-MASBBQ-DN_SUB,41067,EMU,MAS-BBQ-DN_SUB,15:10,15:13,1111111,5,false
P-41067-BBQPER-DN_SUB,41067,EMU,BBQ-PER-DN_SUB,15:14,15:18,1111111,5,false
P-41067-PERABU-DN_SUB,41067,EMU,PER-ABU-DN_SUB,15:19,15:34,1111111,5,false
P-41067-ABUAVD-DN_SUB,41067,EMU,ABU-AVD-DN_SUB,15:34,15:43,1111111,5,false
P-41068-MASBBQ-DN_SUB,41068,EMU,MAS-BBQ-DN_SUB,15:20,15:23,1111111,5,false
P-41068-BBQPER-DN_SUB,41068,EMU,BBQ-PER-DN_SUB,15:24,15:28,1111111,5,false
P-41068-PERABU-DN_SUB,41068,EMU,PER-ABU-DN_SUB,15:29,15:44,1111111,5,false
P-41068-ABUAVD-DN_SUB,41068,EMU,ABU-AVD-DN_SUB,15:44,15:53,1111111,5,false
P-41069-MASBBQ-DN_SUB,41069,EMU,MAS-BBQ-DN_SUB,15:30,15:33,1111111,5,false
P-41069-BBQPER-DN_SUB,41069,EMU,BBQ-PER-DN_SUB,15:34,15:38,1111111,5,false
P-41069-PERABU-DN_SUB,41069,EMU,PER-ABU-DN_SUB,15:39,15:54,1111111,5,false
P-41069-ABUAVD-DN_SUB,41069,EMU,ABU-AVD-DN_SUB,15:54,16:03,1111111,5,false
P-41070-MASBBQ-DN_SUB,41070,EMU,MAS-BBQ-DN_SUB,15:40,15:43,1111111,5,false
P-41070-BBQPER-DN_SUB,41070,EMU,BBQ-PER-DN_SUB,15:44,15:48,1111111,5,false
P-41070-PERABU-DN_SUB,41070,EMU,PER-ABU-DN_SUB,15:49,16:04,1111111,5,false
P-41070-ABUAVD-DN_SUB,41070,EMU,ABU-AVD-DN_SUB,16:04,16:13,1111111,5,false
P-41071-MASBBQ-DN_SUB,41071,EMU,MAS-BBQ-DN_SUB,15:50,15:53,1111111,5,false
P-41071-BBQPER-DN_SUB,41071,EMU,BBQ-PER-DN_SUB,15:54,15:58,1111111,5,false
P-41071-PERABU-DN_SUB,41071,EMU,PER-ABU-DN_SUB,15:59,16:14,1111111,5,false
P-41071-ABUAVD-DN_SUB,41071,EMU,ABU-AVD-DN_SUB,16:14,16:23,1111111,5,false
P-41072-MASBBQ-DN_SUB,41072,EMU,MAS-BBQ-DN_SUB,16:00,16:03,1111111,5,false
P-41072-BBQPER-DN_SUB,41072,EMU,BBQ-PER-DN_SUB,16:04,16:08,1111111,5,false
P-41072-PERABU-DN_SUB,41072,EMU,PER-ABU-DN_SUB,16:09,16:24,1111111,5,false
P-41072-ABUAVD-DN_SUB,41072,EMU,ABU-AVD-DN_SUB,16:24,16:33,1111111,5,false
P-41073-MASBBQ-DN_SUB,41073,EMU,MAS-BBQ-DN_SUB,16:10,16:13,1111111,5,false
P-41073-BBQPER-DN_SUB,41073,EMU,BBQ-PER-DN_SUB,16:14,16:18,1111111,5,false
P-41073-PERABU-DN_SUB,41073,EMU,PER-ABU-DN_SUB,16:19,16:34,1111111,5,false
P-41073-ABUAVD-DN_SUB,41073,EMU,ABU-AVD-DN_SUB,16:34,16:43,1111111,5,false
P-41074-MASBBQ-DN_SUB,41074,EMU,MAS-BBQ-DN_SUB,16:20,16:23,1111111,5,false
P-41074-BBQPER-DN_SUB,41074,EMU,BBQ-PER-DN_SUB,16:24,16:28,1111111,5,false
P-41074-PERABU-DN_SUB,41074,EMU,PER-ABU-DN_SUB,16:29,16:44,1111111,5,false
P-41074-ABUAVD-DN_SUB,41074,EMU,ABU-AVD-DN_SUB,16:44,16:53,1111111,5,false
P-41075-MASBBQ-DN_SUB,41075,EMU,MAS-BBQ-DN_SUB,16:30,16:33,1111111,5,false
P-41075-BBQPER-DN_SUB,41075,EMU,BBQ-PER-DN_SUB,16:34,16:38,1111111,5,false
P-41075-PERABU-DN_SUB,41075,EMU,PER-ABU-DN_SUB,16:39,16:54,1111111,5,false
P-41075-ABUAVD-DN_SUB,41075,EMU,ABU-AVD-DN_SUB,16:54,17:03,1111111,5,false
P-41076-MASBBQ-DN_SUB,41076,EMU,MAS-BBQ-DN_SUB,16:40,16:43,1111111,5,false
P-41076-BBQPER-DN_SUB,41076,EMU,BBQ-PER-DN_SUB,16:44,16:48,1111111,5,false
P-41076-PERABU-DN_SUB,41076,EMU,PER-ABU-DN_SUB,16:49,17:04,1111111,5,false
P-41076-ABUAVD-DN_SUB,41076,EMU,ABU-AVD-DN_SUB,17:04,17:13,1111111,5,false
P-41077-MASBBQ-DN_SUB,41077,EMU,MAS-BBQ-DN_SUB,16:50,16:53,1111111,5,false
P-41077-BBQPER-DN_SUB,41077,EMU,BBQ-PER-DN_SUB,16:54,16:58,1111111,5,false
P-41077-PERABU-DN_SUB,41077,EMU,PER-ABU-DN_SUB,16:59,17:14,1111111,5,false
P-41077-ABUAVD-DN_SUB,41077,EMU,ABU-AVD-DN_SUB,17:14,17:23,1111111,5,false
P-41078-MASBBQ-DN_SUB,41078,EMU,MAS-BBQ-DN_SUB,17:00,17:03,1111111,5,false
P-41078-BBQPER-DN_SUB,41078,EMU,BBQ-PER-DN_SUB,17:04,17:08,1111111,5,false
P-41078-PERABU-DN_SUB,41078,EMU,PER-ABU-DN_SUB,17:09,17:24,1111111,5,false
P-41078-ABUAVD-DN_SUB,41078,EMU,ABU-AVD-DN_SUB,17:24,17:33,1111111,5,false
P-41079-MASBBQ-DN_SUB,41079,EMU,MAS-BBQ-DN_SUB,17:10,17:13,1111111,5,false
P-41079-BBQPER-DN_SUB,41079,EMU,BBQ-PER-DN_SUB,17:14,17:18,1111111,5,false
P-41079-PERABU-DN_SUB,41079,EMU,PER-ABU-DN_SUB,17:19,17:34,1111111,5,false
P-41079-ABUAVD-DN_SUB,41079,EMU,ABU-AVD-DN_SUB,17:34,17:43,1111111,5,false
P-41080-MASBBQ-DN_SUB,41080,EMU,MAS-BBQ-DN_SUB,17:20,17:23,1111111,5,false
P-41080-BBQPER-DN_SUB,41080,EMU,BBQ-PER-DN_SUB,17:24,17:28,1111111,5,false
P-41080-PERABU-DN_SUB,41080,EMU,PER-ABU-DN_SUB,17:29,17:44,1111111,5,false
P-41080-ABUAVD-DN_SUB,41080,EMU,ABU-AVD-DN_SUB,17:44,17:53,1111111,5,false
P-41081-MASBBQ-DN_SUB,41081,EMU,MAS-BBQ-DN_SUB,17:30,17:33,1111111,5,false
P-41081-BBQPER-DN_SUB,41081,EMU,BBQ-PER-DN_SUB,17:34,17:38,1111111,5,false
P-41081-PERABU-DN_SUB,41081,EMU,PER-ABU-DN_SUB,17:39,17:54,1111111,5,false
P-41081-ABUAVD-DN_SUB,41081,EMU,ABU-AVD-DN_SUB,17:54,18:03,1111111,5,false
P-41082-MASBBQ-DN_SUB,41082,EMU,MAS-BBQ-DN_SUB,17:40,17:43,1111111,5,false
P-41082-BBQPER-DN_SUB,41082,EMU,BBQ-PER-DN_SUB,17:44,17:48,1111111,5,false
P-41082-PERABU-DN_SUB,41082,EMU,PER-ABU-DN_SUB,17:49,18:04,1111111,5,false
P-41082-ABUAVD-DN_SUB,41082,EMU,ABU-AVD-DN_SUB,18:04,18:13,1111111,5,false
P-41083-MASBBQ-DN_SUB,41083,EMU,MAS-BBQ-DN_SUB,17:50,17:53,1111111,5,false
P-41083-BBQPER-DN_SUB,41083,EMU,BBQ-PER-DN_SUB,17:54,17:58,1111111,5,false
P-41083-PERABU-DN_SUB,41083,EMU,PER-ABU-DN_SUB,17:59,18:14,1111111,5,false
P-41083-ABUAVD-DN_SUB,41083,EMU,ABU-AVD-DN_SUB,18:14,18:23,1111111,5,false
P-41084-MASBBQ-DN_SUB,41084,EMU,MAS-BBQ-DN_SUB,18:00,18:03,1111111,5,false
P-41084-BBQPER-DN_SUB,41084,EMU,BBQ-PER-DN_SUB,18:04,18:08,1111111,5,false
P-41084-PERABU-DN_SUB,41084,EMU,PER-ABU-DN_SUB,18:09,18:24,1111111,5,false
P-41084-ABUAVD-DN_SUB,41084,EMU,ABU-AVD-DN_SUB,18:24,18:33,1111111,5,false
P-41085-MASBBQ-DN_SUB,41085,EMU,MAS-BBQ-DN_SUB,18:10,18:13,1111111,5,false
P-41085-BBQPER-DN_SUB,41085,EMU,BBQ-PER-DN_SUB,18:14,18:18,1111111,5,false
P-41085-PERABU-DN_SUB,41085,EMU,PER-ABU-DN_SUB,18:19,18:34,1111111,5,false
P-41085-ABUAVD-DN_SUB,41085,EMU,ABU-AVD-DN_SUB,18:34,18:43,1111111,5,false
P-41086-MASBBQ-DN_SUB,41086,EMU,MAS-BBQ-DN_SUB,18:20,18:23,1111111,5,false
P-41086-BBQPER-DN_SUB,41086,EMU,BBQ-PER-DN_SUB,18:24,18:28,1111111,5,false
P-41086-PERABU-DN_SUB,41086,EMU,PER-ABU-DN_SUB,18:29,18:44,1111111,5,false
P-41086-ABUAVD-DN_SUB,41086,EMU,ABU-AVD-DN_SUB,18:44,18:53,1111111,5,false
P-41087-MASBBQ-DN_SUB,41087,EMU,MAS-BBQ-DN_SUB,18:30,18:33,1111111,5,false
P-41087-BBQPER-DN_SUB,41087,EMU,BBQ-PER-DN_SUB,18:34,18:38,1111111,5,false
P-41087-PERABU-DN_SUB,41087,EMU,PER-ABU-DN_SUB,18:39,18:54,1111111,5,false
P-41087-ABUAVD-DN_SUB,41087,EMU,ABU-AVD-DN_SUB,18:54,19:03,1111111,5,false
P-41088-MASBBQ-DN_SUB,41088,EMU,MAS-BBQ-DN_SUB,18:40,18:43,1111111,5,false
P-41088-BBQPER-DN_SUB,41088,EMU,BBQ-PER-DN_SUB,18:44,18:48,1111111,5,false
P-41088-PERABU-DN_SUB,41088,EMU,PER-ABU-DN_SUB,18:49,19:04,1111111,5,false
P-41088-ABUAVD-DN_SUB,41088,EMU,ABU-AVD-DN_SUB,19:04,19:13,1111111,5,false
P-41089-MASBBQ-DN_SUB,41089,EMU,MAS-BBQ-DN_SUB,18:50,18:53,1111111,5,false
P-41089-BBQPER-DN_SUB,41089,EMU,BBQ-PER-DN_SUB,18:54,18:58,1111111,5,false
P-41089-PERABU-DN_SUB,41089,EMU,PER-ABU-DN_SUB,18:59,19:14,1111111,5,false
P-41089-ABUAVD-DN_SUB,41089,EMU,ABU-AVD-DN_SUB,19:14,19:23,1111111,5,false
P-41090-MASBBQ-DN_SUB,41090,EMU,MAS-BBQ-DN_SUB,19:00,19:03,1111111,5,false
P-41090-BBQPER-DN_SUB,41090,EMU,BBQ-PER-DN_SUB,19:04,19:08,1111111,5,false
P-41090-PERABU-DN_SUB,41090,EMU,PER-ABU-DN_SUB,19:09,19:24,1111111,5,false
P-41090-ABUAVD-DN_SUB,41090,EMU,ABU-AVD-DN_SUB,19:24,19:33,1111111,5,false
P-41091-MASBBQ-DN_SUB,41091,EMU,MAS-BBQ-DN_SUB,19:10,19:13,1111111,5,false
P-41091-BBQPER-DN_SUB,41091,EMU,BBQ-PER-DN_SUB,19:14,19:18,1111111,5,false
P-41091-PERABU-DN_SUB,41091,EMU,PER-ABU-DN_SUB,19:19,19:34,1111111,5,false
P-41091-ABUAVD-DN_SUB,41091,EMU,ABU-AVD-DN_SUB,19:34,19:43,1111111,5,false
P-41092-MASBBQ-DN_SUB,41092,EMU,MAS-BBQ-DN_SUB,19:20,19:23,1111111,5,false
P-41092-BBQPER-DN_SUB,41092,EMU,BBQ-PER-DN_SUB,19:24,19:28,1111111,5,false
P-41092-PERABU-DN_SUB,41092,EMU,PER-ABU-DN_SUB,19:29,19:44,1111111,5,false
P-41092-ABUAVD-DN_SUB,41092,EMU,ABU-AVD-DN_SUB,19:44,19:53,1111111,5,false
P-41093-MASBBQ-DN_SUB,41093,EMU,MAS-BBQ-DN_SUB,19:30,19:33,1111111,5,false
P-41093-BBQPER-DN_SUB,41093,EMU,BBQ-PER-DN_SUB,19:34,19:38,1111111,5,false
P-41093-PERABU-DN_SUB,41093,EMU,PER-ABU-DN_SUB,19:39,19:54,1111111,5,false
P-41093-ABUAVD-DN_SUB,41093,EMU,ABU-AVD-DN_SUB,19:54,20:03,1111111,5,false
P-41094-MASBBQ-DN_SUB,41094,EMU,MAS-BBQ-DN_SUB,19:40,19:43,1111111,5,false
P-41094-BBQPER-DN_SUB,41094,EMU,BBQ-PER-DN_SUB,19:44,19:48,1111111,5,false
P-41094-PERABU-DN_SUB,41094,EMU,PER-ABU-DN_SUB,19:49,20:04,1111111,5,false
P-41094-ABUAVD-DN_SUB,41094,EMU,ABU-AVD-DN_SUB,20:04,20:13,1111111,5,false
P-41095-MASBBQ-DN_SUB,41095,EMU,MAS-BBQ-DN_SUB,19:50,19:53,1111111,5,false
P-41095-BBQPER-DN_SUB,41095,EMU,BBQ-PER-DN_SUB,19:54,19:58,1111111,5,false
P-41095-PERABU-DN_SUB,41095,EMU,PER-ABU-DN_SUB,19:59,20:14,1111111,5,false
P-41095-ABUAVD-DN_SUB,41095,EMU,ABU-AVD-DN_SUB,20:14,20:23,1111111,5,false
P-41096-MASBBQ-DN_SUB,41096,EMU,MAS-BBQ-DN_SUB,20:00,20:03,1111111,5,false
P-41096-BBQPER-DN_SUB,41096,EMU,BBQ-PER-DN_SUB,20:04,20:08,1111111,5,false
P-41096-PERABU-DN_SUB,41096,EMU,PER-ABU-DN_SUB,20:09,20:24,1111111,5,false
P-41096-ABUAVD-DN_SUB,41096,EMU,ABU-AVD-DN_SUB,20:24,20:33,1111111,5,false
P-41097-MASBBQ-DN_SUB,41097,EMU,MAS-BBQ-DN_SUB,20:10,20:13,1111111,5,false
P-41097-BBQPER-DN_SUB,41097,EMU,BBQ-PER-DN_SUB,20:14,20:18,1111111,5,false
P-41097-PERABU-DN_SUB,41097,EMU,PER-ABU-DN_SUB,20:19,20:34,1111111,5,false
P-41097-ABUAVD-DN_SUB,41097,EMU,ABU-AVD-DN_SUB,20:34,20:43,1111111,5,false
P-41098-MASBBQ-DN_SUB,41098,EMU,MAS-BBQ-DN_SUB,20:20,20:23,1111111,5,false
P-41098-BBQPER-DN_SUB,41098,EMU,BBQ-PER-DN_SUB,20:24,20:28,1111111,5,false
P-41098-PERABU-DN_SUB,41098,EMU,PER-ABU-DN_SUB,20:29,20:44,1111111,5,false
P-41098-ABUAVD-DN_SUB,41098,EMU,ABU-AVD-DN_SUB,20:44,20:53,1111111,5,false
P-41099-MASBBQ-DN_SUB,41099,EMU,MAS-BBQ-DN_SUB,20:30,20:33,1111111,5,false
P-41099-BBQPER-DN_SUB,41099,EMU,BBQ-PER-DN_SUB,20:34,20:38,1111111,5,false
P-41099-PERABU-DN_SUB,41099,EMU,PER-ABU-DN_SUB,20:39,20:54,1111111,5,false
P-41099-ABUAVD-DN_SUB,41099,EMU,ABU-AVD-DN_SUB,20:54,21:03,1111111,5,false
P-41100-MASBBQ-DN_SUB,41100,EMU,MAS-BBQ-DN_SUB,20:40,20:43,1111111,5,false
P-41100-BBQPER-DN_SUB,41100,EMU,BBQ-PER-DN_SUB,20:44,20:48,1111111,5,false
P-41100-PERABU-DN_SUB,41100,EMU,PER-ABU-DN_SUB,20:49,21:04,1111111,5,false
P-41100-ABUAVD-DN_SUB,41100,EMU,ABU-AVD-DN_SUB,21:04,21:13,1111111,5,false
P-41101-MASBBQ-DN_SUB,41101,EMU,MAS-BBQ-DN_SUB,20:50,20:53,1111111,5,false
P-41101-BBQPER-DN_SUB,41101,EMU,BBQ-PER-DN_SUB,20:54,20:58,1111111,5,false
P-41101-PERABU-DN_SUB,41101,EMU,PER-ABU-DN_SUB,20:59,21:14,1111111,5,false
P-41101-ABUAVD-DN_SUB,41101,EMU,ABU-AVD-DN_SUB,21:14,21:23,1111111,5,false
P-41102-MASBBQ-DN_SUB,41102,EMU,MAS-BBQ-DN_SUB,21:00,21:03,1111111,5,false
P-41102-BBQPER-DN_SUB,41102,EMU,BBQ-PER-DN_SUB,21:04,21:08,1111111,5,false
P-41102-PERABU-DN_SUB,41102,EMU,PER-ABU-DN_SUB,21:09,21:24,1111111,5,false
P-41102-ABUAVD-DN_SUB,41102,EMU,ABU-AVD-DN_SUB,21:24,21:33,1111111,5,false
P-41103-MASBBQ-DN_SUB,41103,EMU,MAS-BBQ-DN_SUB,21:10,21:13,1111111,5,false
P-41103-BBQPER-DN_SUB,41103,EMU,BBQ-PER-DN_SUB,21:14,21:18,1111111,5,false
P-41103-PERABU-DN_SUB,41103,EMU,PER-ABU-DN_SUB,21:19,21:34,1111111,5,false
P-41103-ABUAVD-DN_SUB,41103,EMU,ABU-AVD-DN_SUB,21:34,21:43,1111111,5,false
P-41104-MASBBQ-DN_SUB,41104,EMU,MAS-BBQ-DN_SUB,21:20,21:23,1111111,5,false
P-41104-BBQPER-DN_SUB,41104,EMU,BBQ-PER-DN_SUB,21:24,21:28,1111111,5,false
P-41104-PERABU-DN_SUB,41104,EMU,PER-ABU-DN_SUB,21:29,21:44,1111111,5,false
P-41104-ABUAVD-DN_SUB,41104,EMU,ABU-AVD-DN_SUB,21:44,21:53,1111111,5,false
P-41105-MASBBQ-DN_SUB,41105,EMU,MAS-BBQ-DN_SUB,21:30,21:33,1111111,5,false
P-41105-BBQPER-DN_SUB,41105,EMU,BBQ-PER-DN_SUB,21:34,21:38,1111111,5,false
P-41105-PERABU-DN_SUB,41105,EMU,PER-ABU-DN_SUB,21:39,21:54,1111111,5,false
P-41105-ABUAVD-DN_SUB,41105,EMU,ABU-AVD-DN_SUB,21:54,22:03,1111111,5,false
P-41106-MASBBQ-DN_SUB,41106,EMU,MAS-BBQ-DN_SUB,21:40,21:43,1111111,5,false
P-41106-BBQPER-DN_SUB,41106,EMU,BBQ-PER-DN_SUB,21:44,21:48,1111111,5,false
P-41106-PERABU-DN_SUB,41106,EMU,PER-ABU-DN_SUB,21:49,22:04,1111111,5,false
P-41106-ABUAVD-DN_SUB,41106,EMU,ABU-AVD-DN_SUB,22:04,22:13,1111111,5,false
P-41107-MASBBQ-DN_SUB,41107,EMU,MAS-BBQ-DN_SUB,21:50,21:53,1111111,5,false
P-41107-BBQPER-DN_SUB,41107,EMU,BBQ-PER-DN_SUB,21:54,21:58,1111111,5,false
P-41107-PERABU-DN_SUB,41107,EMU,PER-ABU-DN_SUB,21:59,22:14,1111111,5,false
P-41107-ABUAVD-DN_SUB,41107,EMU,ABU-AVD-DN_SUB,22:14,22:23,1111111,5,false
P-41108-MASBBQ-DN_SUB,41108,EMU,MAS-BBQ-DN_SUB,22:00,22:03,1111111,5,false
P-41108-BBQPER-DN_SUB,41108,EMU,BBQ-PER-DN_SUB,22:04,22:08,1111111,5,false
P-41108-PERABU-DN_SUB,41108,EMU,PER-ABU-DN_SUB,22:09,22:24,1111111,5,false
P-41108-ABUAVD-DN_SUB,41108,EMU,ABU-AVD-DN_SUB,22:24,22:33,1111111,5,false
P-41109-MASBBQ-DN_SUB,41109,EMU,MAS-BBQ-DN_SUB,22:10,22:13,1111111,5,false
P-41109-BBQPER-DN_SUB,41109,EMU,BBQ-PER-DN_SUB,22:14,22:18,1111111,5,false
P-41109-PERABU-DN_SUB,41109,EMU,PER-ABU-DN_SUB,22:19,22:34,1111111,5,false
P-41109-ABUAVD-DN_SUB,41109,EMU,ABU-AVD-DN_SUB,22:34,22:43,1111111,5,false
P-41110-MASBBQ-DN_SUB,41110,EMU,MAS-BBQ-DN_SUB,22:20,22:23,1111111,5,false
P-41110-BBQPER-DN_SUB,41110,EMU,BBQ-PER-DN_SUB,22:24,22:28,1111111,5,false
P-41110-PERABU-DN_SUB,41110,EMU,PER-ABU-DN_SUB,22:29,22:44,1111111,5,false
P-41110-ABUAVD-DN_SUB,41110,EMU,ABU-AVD-DN_SUB,22:44,22:53,1111111,5,false
P-41111-MASBBQ-DN_SUB,41111,EMU,MAS-BBQ-DN_SUB,22:30,22:33,1111111,5,false
P-41111-BBQPER-DN_SUB,41111,EMU,BBQ-PER-DN_SUB,22:34,22:38,1111111,5,false
P-41111-PERABU-DN_SUB,41111,EMU,PER-ABU-DN_SUB,22:39,22:54,1111111,5,false
P-41111-ABUAVD-DN_SUB,41111,EMU,ABU-AVD-DN_SUB,22:54,23:03,1111111,5,false
P-41112-MASBBQ-DN_SUB,41112,EMU,MAS-BBQ-DN_SUB,22:40,22:43,1111111,5,false
P-41112-BBQPER-DN_SUB,41112,EMU,BBQ-PER-DN_SUB,22:44,22:48,1111111,5,false
P-41112-PERABU-DN_SUB,41112,EMU,PER-ABU-DN_SUB,22:49,23:04,1111111,5,false
P-41112-ABUAVD-DN_SUB,41112,EMU,ABU-AVD-DN_SUB,23:04,23:13,1111111,5,false
P-41113-MASBBQ-DN_SUB,41113,EMU,MAS-BBQ-DN_SUB,22:50,22:53,1111111,5,false
P-41113-BBQPER-DN_SUB,41113,EMU,BBQ-PER-DN_SUB,22:54,22:58,1111111,5,false
P-41113-PERABU-DN_SUB,41113,EMU,PER-ABU-DN_SUB,22:59,23:14,1111111,5,false
P-41113-ABUAVD-DN_SUB,41113,EMU,ABU-AVD-DN_SUB,23:14,23:23,1111111,5,false
P-41114-MASBBQ-DN_SUB,41114,EMU,MAS-BBQ-DN_SUB,23:00,23:03,1111111,5,false
P-41114-BBQPER-DN_SUB,41114,EMU,BBQ-PER-DN_SUB,23:04,23:08,1111111,5,false
P-41114-PERABU-DN_SUB,41114,EMU,PER-ABU-DN_SUB,23:09,23:24,1111111,5,false
P-41114-ABUAVD-DN_SUB,41114,EMU,ABU-AVD-DN_SUB,23:24,23:33,1111111,5,false
P-41500-ABUAVD-UP_SUB,41500,EMU,ABU-AVD-UP_SUB,04:00,04:09,1111111,5,false
P-41500-PERABU-UP_SUB,41500,EMU,PER-ABU-UP_SUB,04:10,04:25,1111111,5,false
P-41500-BBQPER-UP_SUB,41500,EMU,BBQ-PER-UP_SUB,04:25,04:30,1111111,5,false
P-41500-MASBBQ-UP_SUB,41500,EMU,MAS-BBQ-UP_SUB,04:30,04:33,1111111,5,false
P-41501-ABUAVD-UP_SUB,41501,EMU,ABU-AVD-UP_SUB,04:10,04:19,1111111,5,false
P-41501-PERABU-UP_SUB,41501,EMU,PER-ABU-UP_SUB,04:20,04:35,1111111,5,false
P-41501-BBQPER-UP_SUB,41501,EMU,BBQ-PER-UP_SUB,04:35,04:40,1111111,5,false
P-41501-MASBBQ-UP_SUB,41501,EMU,MAS-BBQ-UP_SUB,04:40,04:43,1111111,5,false
P-41502-ABUAVD-UP_SUB,41502,EMU,ABU-AVD-UP_SUB,04:20,04:29,1111111,5,false
P-41502-PERABU-UP_SUB,41502,EMU,PER-ABU-UP_SUB,04:30,04:45,1111111,5,false
P-41502-BBQPER-UP_SUB,41502,EMU,BBQ-PER-UP_SUB,04:45,04:50,1111111,5,false
P-41502-MASBBQ-UP_SUB,41502,EMU,MAS-BBQ-UP_SUB,04:50,04:53,1111111,5,false
P-41503-ABUAVD-UP_SUB,41503,EMU,ABU-AVD-UP_SUB,04:30,04:39,1111111,5,false
P-41503-PERABU-UP_SUB,41503,EMU,PER-ABU-UP_SUB,04:40,04:55,1111111,5,false
P-41503-BBQPER-UP_SUB,41503,EMU,BBQ-PER-UP_SUB,04:55,05:00,1111111,5,false
P-41503-MASBBQ-UP_SUB,41503,EMU,MAS-BBQ-UP_SUB,05:00,05:03,1111111,5,false
P-41504-ABUAVD-UP_SUB,41504,EMU,ABU-AVD-UP_SUB,04:40,04:49,1111111,5,false
P-41504-PERABU-UP_SUB,41504,EMU,PER-ABU-UP_SUB,04:50,05:05,1111111,5,false
P-41504-BBQPER-UP_SUB,41504,EMU,BBQ-PER-UP_SUB,05:05,05:10,1111111,5,false
P-41504-MASBBQ-UP_SUB,41504,EMU,MAS-BBQ-UP_SUB,05:10,05:13,1111111,5,false
P-41505-ABUAVD-UP_SUB,41505,EMU,ABU-AVD-UP_SUB,04:50,04:59,1111111,5,false
P-41505-PERABU-UP_SUB,41505,EMU,PER-ABU-UP_SUB,05:00,05:15,1111111,5,false
P-41505-BBQPER-UP_SUB,41505,EMU,BBQ-PER-UP_SUB,05:15,05:20,1111111,5,false
P-41505-MASBBQ-UP_SUB,41505,EMU,MAS-BBQ-UP_SUB,05:20,05:23,1111111,5,false
P-41506-ABUAVD-UP_SUB,41506,EMU,ABU-AVD-UP_SUB,05:00,05:09,1111111,5,false
P-41506-PERABU-UP_SUB,41506,EMU,PER-ABU-UP_SUB,05:10,05:25,1111111,5,false
P-41506-BBQPER-UP_SUB,41506,EMU,BBQ-PER-UP_SUB,05:25,05:30,1111111,5,false
P-41506-MASBBQ-UP_SUB,41506,EMU,MAS-BBQ-UP_SUB,05:30,05:33,1111111,5,false
P-41507-ABUAVD-UP_SUB,41507,EMU,ABU-AVD-UP_SUB,05:10,05:19,1111111,5,false
P-41507-PERABU-UP_SUB,41507,EMU,PER-ABU-UP_SUB,05:20,05:35,1111111,5,false
P-41507-BBQPER-UP_SUB,41507,EMU,BBQ-PER-UP_SUB,05:35,05:40,1111111,5,false
P-41507-MASBBQ-UP_SUB,41507,EMU,MAS-BBQ-UP_SUB,05:40,05:43,1111111,5,false
P-41508-ABUAVD-UP_SUB,41508,EMU,ABU-AVD-UP_SUB,05:20,05:29,1111111,5,false
P-41508-PERABU-UP_SUB,41508,EMU,PER-ABU-UP_SUB,05:30,05:45,1111111,5,false
P-41508-BBQPER-UP_SUB,41508,EMU,BBQ-PER-UP_SUB,05:45,05:50,1111111,5,false
P-41508-MASBBQ-UP_SUB,41508,EMU,MAS-BBQ-UP_SUB,05:50,05:53,1111111,5,false
P-41509-ABUAVD-UP_SUB,41509,EMU,ABU-AVD-UP_SUB,05:30,05:39,1111111,5,false
P-41509-PERABU-UP_SUB,41509,EMU,PER-ABU-UP_SUB,05:40,05:55,1111111,5,false
P-41509-BBQPER-UP_SUB,41509,EMU,BBQ-PER-UP_SUB,05:55,06:00,1111111,5,false
P-41509-MASBBQ-UP_SUB,41509,EMU,MAS-BBQ-UP_SUB,06:00,06:03,1111111,5,false
P-41510-ABUAVD-UP_SUB,41510,EMU,ABU-AVD-UP_SUB,05:40,05:49,1111111,5,false
P-41510-PERABU-UP_SUB,41510,EMU,PER-ABU-UP_SUB,05:50,06:05,1111111,5,false
P-41510-BBQPER-UP_SUB,41510,EMU,BBQ-PER-UP_SUB,06:05,06:10,1111111,5,false
P-41510-MASBBQ-UP_SUB,41510,EMU,MAS-BBQ-UP_SUB,06:10,06:13,1111111,5,false
P-41511-ABUAVD-UP_SUB,41511,EMU,ABU-AVD-UP_SUB,05:50,05:59,1111111,5,false
P-41511-PERABU-UP_SUB,41511,EMU,PER-ABU-UP_SUB,06:00,06:15,1111111,5,false
P-41511-BBQPER-UP_SUB,41511,EMU,BBQ-PER-UP_SUB,06:15,06:20,1111111,5,false
P-41511-MASBBQ-UP_SUB,41511,EMU,MAS-BBQ-UP_SUB,06:20,06:23,1111111,5,false
P-41512-ABUAVD-UP_SUB,41512,EMU,ABU-AVD-UP_SUB,06:00,06:09,1111111,5,false
P-41512-PERABU-UP_SUB,41512,EMU,PER-ABU-UP_SUB,06:10,06:25,1111111,5,false
P-41512-BBQPER-UP_SUB,41512,EMU,BBQ-PER-UP_SUB,06:25,06:30,1111111,5,false
P-41512-MASBBQ-UP_SUB,41512,EMU,MAS-BBQ-UP_SUB,06:30,06:33,1111111,5,false
P-41513-ABUAVD-UP_SUB,41513,EMU,ABU-AVD-UP_SUB,06:10,06:19,1111111,5,false
P-41513-PERABU-UP_SUB,41513,EMU,PER-ABU-UP_SUB,06:20,06:35,1111111,5,false
P-41513-BBQPER-UP_SUB,41513,EMU,BBQ-PER-UP_SUB,06:35,06:40,1111111,5,false
P-41513-MASBBQ-UP_SUB,41513,EMU,MAS-BBQ-UP_SUB,06:40,06:43,1111111,5,false
P-41514-ABUAVD-UP_SUB,41514,EMU,ABU-AVD-UP_SUB,06:20,06:29,1111111,5,false
P-41514-PERABU-UP_SUB,41514,EMU,PER-ABU-UP_SUB,06:30,06:45,1111111,5,false
P-41514-BBQPER-UP_SUB,41514,EMU,BBQ-PER-UP_SUB,06:45,06:50,1111111,5,false
P-41514-MASBBQ-UP_SUB,41514,EMU,MAS-BBQ-UP_SUB,06:50,06:53,1111111,5,false
P-41515-ABUAVD-UP_SUB,41515,EMU,ABU-AVD-UP_SUB,06:30,06:39,1111111,5,false
P-41515-PERABU-UP_SUB,41515,EMU,PER-ABU-UP_SUB,06:40,06:55,1111111,5,false
P-41515-BBQPER-UP_SUB,41515,EMU,BBQ-PER-UP_SUB,06:55,07:00,1111111,5,false
P-41515-MASBBQ-UP_SUB,41515,EMU,MAS-BBQ-UP_SUB,07:00,07:03,1111111,5,false
P-41516-ABUAVD-UP_SUB,41516,EMU,ABU-AVD-UP_SUB,06:40,06:49,1111111,5,false
P-41516-PERABU-UP_SUB,41516,EMU,PER-ABU-UP_SUB,06:50,07:05,1111111,5,false
P-41516-BBQPER-UP_SUB,41516,EMU,BBQ-PER-UP_SUB,07:05,07:10,1111111,5,false
P-41516-MASBBQ-UP_SUB,41516,EMU,MAS-BBQ-UP_SUB,07:10,07:13,1111111,5,false
P-41517-ABUAVD-UP_SUB,41517,EMU,ABU-AVD-UP_SUB,06:50,06:59,1111111,5,false
P-41517-PERABU-UP_SUB,41517,EMU,PER-ABU-UP_SUB,07:00,07:15,1111111,5,false
P-41517-BBQPER-UP_SUB,41517,EMU,BBQ-PER-UP_SUB,07:15,07:20,1111111,5,false
P-41517-MASBBQ-UP_SUB,41517,EMU,MAS-BBQ-UP_SUB,07:20,07:23,1111111,5,false
P-41518-ABUAVD-UP_SUB,41518,EMU,ABU-AVD-UP_SUB,07:00,07:09,1111111,5,false
P-41518-PERABU-UP_SUB,41518,EMU,PER-ABU-UP_SUB,07:10,07:25,1111111,5,false
P-41518-BBQPER-UP_SUB,41518,EMU,BBQ-PER-UP_SUB,07:25,07:30,1111111,5,false
P-41518-MASBBQ-UP_SUB,41518,EMU,MAS-BBQ-UP_SUB,07:30,07:33,1111111,5,false
P-41519-ABUAVD-UP_SUB,41519,EMU,ABU-AVD-UP_SUB,07:10,07:19,1111111,5,false
P-41519-PERABU-UP_SUB,41519,EMU,PER-ABU-UP_SUB,07:20,07:35,1111111,5,false
P-41519-BBQPER-UP_SUB,41519,EMU,BBQ-PER-UP_SUB,07:35,07:40,1111111,5,false
P-41519-MASBBQ-UP_SUB,41519,EMU,MAS-BBQ-UP_SUB,07:40,07:43,1111111,5,false
P-41520-ABUAVD-UP_SUB,41520,EMU,ABU-AVD-UP_SUB,07:20,07:29,1111111,5,false
P-41520-PERABU-UP_SUB,41520,EMU,PER-ABU-UP_SUB,07:30,07:45,1111111,5,false
P-41520-BBQPER-UP_SUB,41520,EMU,BBQ-PER-UP_SUB,07:45,07:50,1111111,5,false
P-41520-MASBBQ-UP_SUB,41520,EMU,MAS-BBQ-UP_SUB,07:50,07:53,1111111,5,false
P-41521-ABUAVD-UP_SUB,41521,EMU,ABU-AVD-UP_SUB,07:30,07:39,1111111,5,false
P-41521-PERABU-UP_SUB,41521,EMU,PER-ABU-UP_SUB,07:40,07:55,1111111,5,false
P-41521-BBQPER-UP_SUB,41521,EMU,BBQ-PER-UP_SUB,07:55,08:00,1111111,5,false
P-41521-MASBBQ-UP_SUB,41521,EMU,MAS-BBQ-UP_SUB,08:00,08:03,1111111,5,false
P-41522-ABUAVD-UP_SUB,41522,EMU,ABU-AVD-UP_SUB,07:40,07:49,1111111,5,false
P-41522-PERABU-UP_SUB,41522,EMU,PER-ABU-UP_SUB,07:50,08:05,1111111,5,false
P-41522-BBQPER-UP_SUB,41522,EMU,BBQ-PER-UP_SUB,08:05,08:10,1111111,5,false
P-41522-MASBBQ-UP_SUB,41522,EMU,MAS-BBQ-UP_SUB,08:10,08:13,1111111,5,false
P-41523-ABUAVD-UP_SUB,41523,EMU,ABU-AVD-UP_SUB,07:50,07:59,1111111,5,false
P-41523-PERABU-UP_SUB,41523,EMU,PER-ABU-UP_SUB,08:00,08:15,1111111,5,false
P-41523-BBQPER-UP_SUB,41523,EMU,BBQ-PER-UP_SUB,08:15,08:20,1111111,5,false
P-41523-MASBBQ-UP_SUB,41523,EMU,MAS-BBQ-UP_SUB,08:20,08:23,1111111,5,false
P-41524-ABUAVD-UP_SUB,41524,EMU,ABU-AVD-UP_SUB,08:00,08:09,1111111,5,false
P-41524-PERABU-UP_SUB,41524,EMU,PER-ABU-UP_SUB,08:10,08:25,1111111,5,false
P-41524-BBQPER-UP_SUB,41524,EMU,BBQ-PER-UP_SUB,08:25,08:30,1111111,5,false
P-41524-MASBBQ-UP_SUB,41524,EMU,MAS-BBQ-UP_SUB,08:30,08:33,1111111,5,false
P-41525-ABUAVD-UP_SUB,41525,EMU,ABU-AVD-UP_SUB,08:10,08:19,1111111,5,false
P-41525-PERABU-UP_SUB,41525,EMU,PER-ABU-UP_SUB,08:20,08:35,1111111,5,false
P-41525-BBQPER-UP_SUB,41525,EMU,BBQ-PER-UP_SUB,08:35,08:40,1111111,5,false
P-41525-MASBBQ-UP_SUB,41525,EMU,MAS-BBQ-UP_SUB,08:40,08:43,1111111,5,false
P-41526-ABUAVD-UP_SUB,41526,EMU,ABU-AVD-UP_SUB,08:20,08:29,1111111,5,false
P-41526-PERABU-UP_SUB,41526,EMU,PER-ABU-UP_SUB,08:30,08:45,1111111,5,false
P-41526-BBQPER-UP_SUB,41526,EMU,BBQ-PER-UP_SUB,08:45,08:50,1111111,5,false
P-41526-MASBBQ-UP_SUB,41526,EMU,MAS-BBQ-UP_SUB,08:50,08:53,1111111,5,false
P-41527-ABUAVD-UP_SUB,41527,EMU,ABU-AVD-UP_SUB,08:30,08:39,1111111,5,false
P-41527-PERABU-UP_SUB,41527,EMU,PER-ABU-UP_SUB,08:40,08:55,1111111,5,false
P-41527-BBQPER-UP_SUB,41527,EMU,BBQ-PER-UP_SUB,08:55,09:00,1111111,5,false
P-41527-MASBBQ-UP_SUB,41527,EMU,MAS-BBQ-UP_SUB,09:00,09:03,1111111,5,false
P-41528-ABUAVD-UP_SUB,41528,EMU,ABU-AVD-UP_SUB,08:40,08:49,1111111,5,false
P-41528-PERABU-UP_SUB,41528,EMU,PER-ABU-UP_SUB,08:50,09:05,1111111,5,false
P-41528-BBQPER-UP_SUB,41528,EMU,BBQ-PER-UP_SUB,09:05,09:10,1111111,5,false
P-41528-MASBBQ-UP_SUB,41528,EMU,MAS-BBQ-UP_SUB,09:10,09:13,1111111,5,false
P-41529-ABUAVD-UP_SUB,41529,EMU,ABU-AVD-UP_SUB,08:50,08:59,1111111,5,false
P-41529-PERABU-UP_SUB,41529,EMU,PER-ABU-UP_SUB,09:00,09:15,1111111,5,false
P-41529-BBQPER-UP_SUB,41529,EMU,BBQ-PER-UP_SUB,09:15,09:20,1111111,5,false
P-41529-MASBBQ-UP_SUB,41529,EMU,MAS-BBQ-UP_SUB,09:20,09:23,1111111,5,false
P-41530-ABUAVD-UP_SUB,41530,EMU,ABU-AVD-UP_SUB,09:00,09:09,1111111,5,false
P-41530-PERABU-UP_SUB,41530,EMU,PER-ABU-UP_SUB,09:10,09:25,1111111,5,false
P-41530-BBQPER-UP_SUB,41530,EMU,BBQ-PER-UP_SUB,09:25,09:30,1111111,5,false
P-41530-MASBBQ-UP_SUB,41530,EMU,MAS-BBQ-UP_SUB,09:30,09:33,1111111,5,false
P-41531-ABUAVD-UP_SUB,41531,EMU,ABU-AVD-UP_SUB,09:10,09:19,1111111,5,false
P-41531-PERABU-UP_SUB,41531,EMU,PER-ABU-UP_SUB,09:20,09:35,1111111,5,false
P-41531-BBQPER-UP_SUB,41531,EMU,BBQ-PER-UP_SUB,09:35,09:40,1111111,5,false
P-41531-MASBBQ-UP_SUB,41531,EMU,MAS-BBQ-UP_SUB,09:40,09:43,1111111,5,false
P-41532-ABUAVD-UP_SUB,41532,EMU,ABU-AVD-UP_SUB,09:20,09:29,1111111,5,false
P-41532-PERABU-UP_SUB,41532,EMU,PER-ABU-UP_SUB,09:30,09:45,1111111,5,false
P-41532-BBQPER-UP_SUB,41532,EMU,BBQ-PER-UP_SUB,09:45,09:50,1111111,5,false
P-41532-MASBBQ-UP_SUB,41532,EMU,MAS-BBQ-UP_SUB,09:50,09:53,1111111,5,false
P-41533-ABUAVD-UP_SUB,41533,EMU,ABU-AVD-UP_SUB,09:30,09:39,1111111,5,false
P-41533-PERABU-UP_SUB,41533,EMU,PER-ABU-UP_SUB,09:40,09:55,1111111,5,false
P-41533-BBQPER-UP_SUB,41533,EMU,BBQ-PER-UP_SUB,09:55,10:00,1111111,5,false
P-41533-MASBBQ-UP_SUB,41533,EMU,MAS-BBQ-UP_SUB,10:00,10:03,1111111,5,false
P-41534-ABUAVD-UP_SUB,41534,EMU,ABU-AVD-UP_SUB,09:40,09:49,1111111,5,false
P-41534-PERABU-UP_SUB,41534,EMU,PER-ABU-UP_SUB,09:50,10:05,1111111,5,false
P-41534-BBQPER-UP_SUB,41534,EMU,BBQ-PER-UP_SUB,10:05,10:10,1111111,5,false
P-41534-MASBBQ-UP_SUB,41534,EMU,MAS-BBQ-UP_SUB,10:10,10:13,1111111,5,false
P-41535-ABUAVD-UP_SUB,41535,EMU,ABU-AVD-UP_SUB,09:50,09:59,1111111,5,false
P-41535-PERABU-UP_SUB,41535,EMU,PER-ABU-UP_SUB,10:00,10:15,1111111,5,false
P-41535-BBQPER-UP_SUB,41535,EMU,BBQ-PER-UP_SUB,10:15,10:20,1111111,5,false
P-41535-MASBBQ-UP_SUB,41535,EMU,MAS-BBQ-UP_SUB,10:20,10:23,1111111,5,false
P-41536-ABUAVD-UP_SUB,41536,EMU,ABU-AVD-UP_SUB,10:00,10:09,1111111,5,false
P-41536-PERABU-UP_SUB,41536,EMU,PER-ABU-UP_SUB,10:10,10:25,1111111,5,false
P-41536-BBQPER-UP_SUB,41536,EMU,BBQ-PER-UP_SUB,10:25,10:30,1111111,5,false
P-41536-MASBBQ-UP_SUB,41536,EMU,MAS-BBQ-UP_SUB,10:30,10:33,1111111,5,false
P-41537-ABUAVD-UP_SUB,41537,EMU,ABU-AVD-UP_SUB,10:10,10:19,1111111,5,false
P-41537-PERABU-UP_SUB,41537,EMU,PER-ABU-UP_SUB,10:20,10:35,1111111,5,false
P-41537-BBQPER-UP_SUB,41537,EMU,BBQ-PER-UP_SUB,10:35,10:40,1111111,5,false
P-41537-MASBBQ-UP_SUB,41537,EMU,MAS-BBQ-UP_SUB,10:40,10:43,1111111,5,false
P-41538-ABUAVD-UP_SUB,41538,EMU,ABU-AVD-UP_SUB,10:20,10:29,1111111,5,false
P-41538-PERABU-UP_SUB,41538,EMU,PER-ABU-UP_SUB,10:30,10:45,1111111,5,false
P-41538-BBQPER-UP_SUB,41538,EMU,BBQ-PER-UP_SUB,10:45,10:50,1111111,5,false
P-41538-MASBBQ-UP_SUB,41538,EMU,MAS-BBQ-UP_SUB,10:50,10:53,1111111,5,false
P-41539-ABUAVD-UP_SUB,41539,EMU,ABU-AVD-UP_SUB,10:30,10:39,1111111,5,false
P-41539-PERABU-UP_SUB,41539,EMU,PER-ABU-UP_SUB,10:40,10:55,1111111,5,false
P-41539-BBQPER-UP_SUB,41539,EMU,BBQ-PER-UP_SUB,10:55,11:00,1111111,5,false
P-41539-MASBBQ-UP_SUB,41539,EMU,MAS-BBQ-UP_SUB,11:00,11:03,1111111,5,false
P-41540-ABUAVD-UP_SUB,41540,EMU,ABU-AVD-UP_SUB,10:40,10:49,1111111,5,false
P-41540-PERABU-UP_SUB,41540,EMU,PER-ABU-UP_SUB,10:50,11:05,1111111,5,false
P-41540-BBQPER-UP_SUB,41540,EMU,BBQ-PER-UP_SUB,11:05,11:10,1111111,5,false
P-41540-MASBBQ-UP_SUB,41540,EMU,MAS-BBQ-UP_SUB,11:10,11:13,1111111,5,false
P-41541-ABUAVD-UP_SUB,41541,EMU,ABU-AVD-UP_SUB,10:50,10:59,1111111,5,false
P-41541-PERABU-UP_SUB,41541,EMU,PER-ABU-UP_SUB,11:00,11:15,1111111,5,false
P-41541-BBQPER-UP_SUB,41541,EMU,BBQ-PER-UP_SUB,11:15,11:20,1111111,5,false
P-41541-MASBBQ-UP_SUB,41541,EMU,MAS-BBQ-UP_SUB,11:20,11:23,1111111,5,false
P-41542-ABUAVD-UP_SUB,41542,EMU,ABU-AVD-UP_SUB,11:00,11:09,1111111,5,false
P-41542-PERABU-UP_SUB,41542,EMU,PER-ABU-UP_SUB,11:10,11:25,1111111,5,false
P-41542-BBQPER-UP_SUB,41542,EMU,BBQ-PER-UP_SUB,11:25,11:30,1111111,5,false
P-41542-MASBBQ-UP_SUB,41542,EMU,MAS-BBQ-UP_SUB,11:30,11:33,1111111,5,false
P-41543-ABUAVD-UP_SUB,41543,EMU,ABU-AVD-UP_SUB,11:10,11:19,1111111,5,false
P-41543-PERABU-UP_SUB,41543,EMU,PER-ABU-UP_SUB,11:20,11:35,1111111,5,false
P-41543-BBQPER-UP_SUB,41543,EMU,BBQ-PER-UP_SUB,11:35,11:40,1111111,5,false
P-41543-MASBBQ-UP_SUB,41543,EMU,MAS-BBQ-UP_SUB,11:40,11:43,1111111,5,false
P-41544-ABUAVD-UP_SUB,41544,EMU,ABU-AVD-UP_SUB,11:20,11:29,1111111,5,false
P-41544-PERABU-UP_SUB,41544,EMU,PER-ABU-UP_SUB,11:30,11:45,1111111,5,false
P-41544-BBQPER-UP_SUB,41544,EMU,BBQ-PER-UP_SUB,11:45,11:50,1111111,5,false
P-41544-MASBBQ-UP_SUB,41544,EMU,MAS-BBQ-UP_SUB,11:50,11:53,1111111,5,false
P-41545-ABUAVD-UP_SUB,41545,EMU,ABU-AVD-UP_SUB,11:30,11:39,1111111,5,false
P-41545-PERABU-UP_SUB,41545,EMU,PER-ABU-UP_SUB,11:40,11:55,1111111,5,false
P-41545-BBQPER-UP_SUB,41545,EMU,BBQ-PER-UP_SUB,11:55,12:00,1111111,5,false
P-41545-MASBBQ-UP_SUB,41545,EMU,MAS-BBQ-UP_SUB,12:00,12:03,1111111,5,false
P-41546-ABUAVD-UP_SUB,41546,EMU,ABU-AVD-UP_SUB,11:40,11:49,1111111,5,false
P-41546-PERABU-UP_SUB,41546,EMU,PER-ABU-UP_SUB,11:50,12:05,1111111,5,false
P-41546-BBQPER-UP_SUB,41546,EMU,BBQ-PER-UP_SUB,12:05,12:10,1111111,5,false
P-41546-MASBBQ-UP_SUB,41546,EMU,MAS-BBQ-UP_SUB,12:10,12:13,1111111,5,false
P-41547-ABUAVD-UP_SUB,41547,EMU,ABU-AVD-UP_SUB,11:50,11:59,1111111,5,false
P-41547-PERABU-UP_SUB,41547,EMU,PER-ABU-UP_SUB,12:00,12:15,1111111,5,false
P-41547-BBQPER-UP_SUB,41547,EMU,BBQ-PER-UP_SUB,12:15,12:20,1111111,5,false
P-41547-MASBBQ-UP_SUB,41547,EMU,MAS-BBQ-UP_SUB,12:20,12:23,1111111,5,false
P-41548-ABUAVD-UP_SUB,41548,EMU,ABU-AVD-UP_SUB,12:00,12:09,1111111,5,false
P-41548-PERABU-UP_SUB,41548,EMU,PER-ABU-UP_SUB,12:10,12:25,1111111,5,false
P-41548-BBQPER-UP_SUB,41548,EMU,BBQ-PER-UP_SUB,12:25,12:30,1111111,5,false
P-41548-MASBBQ-UP_SUB,41548,EMU,MAS-BBQ-UP_SUB,12:30,12:33,1111111,5,false
P-41549-ABUAVD-UP_SUB,41549,EMU,ABU-AVD-UP_SUB,12:10,12:19,1111111,5,false
P-41549-PERABU-UP_SUB,41549,EMU,PER-ABU-UP_SUB,12:20,12:35,1111111,5,false
P-41549-BBQPER-UP_SUB,41549,EMU,BBQ-PER-UP_SUB,12:35,12:40,1111111,5,false
P-41549-MASBBQ-UP_SUB,41549,EMU,MAS-BBQ-UP_SUB,12:40,12:43,1111111,5,false
P-41550-ABUAVD-UP_SUB,41550,EMU,ABU-AVD-UP_SUB,12:20,12:29,1111111,5,false
P-41550-PERABU-UP_SUB,41550,EMU,PER-ABU-UP_SUB,12:30,12:45,1111111,5,false
P-41550-BBQPER-UP_SUB,41550,EMU,BBQ-PER-UP_SUB,12:45,12:50,1111111,5,false
P-41550-MASBBQ-UP_SUB,41550,EMU,MAS-BBQ-UP_SUB,12:50,12:53,1111111,5,false
P-41551-ABUAVD-UP_SUB,41551,EMU,ABU-AVD-UP_SUB,12:30,12:39,1111111,5,false
P-41551-PERABU-UP_SUB,41551,EMU,PER-ABU-UP_SUB,12:40,12:55,1111111,5,false
P-41551-BBQPER-UP_SUB,41551,EMU,BBQ-PER-UP_SUB,12:55,13:00,1111111,5,false
P-41551-MASBBQ-UP_SUB,41551,EMU,MAS-BBQ-UP_SUB,13:00,13:03,1111111,5,false
P-41552-ABUAVD-UP_SUB,41552,EMU,ABU-AVD-UP_SUB,12:40,12:49,1111111,5,false
P-41552-PERABU-UP_SUB,41552,EMU,PER-ABU-UP_SUB,12:50,13:05,1111111,5,false
P-41552-BBQPER-UP_SUB,41552,EMU,BBQ-PER-UP_SUB,13:05,13:10,1111111,5,false
P-41552-MASBBQ-UP_SUB,41552,EMU,MAS-BBQ-UP_SUB,13:10,13:13,1111111,5,false
P-41553-ABUAVD-UP_SUB,41553,EMU,ABU-AVD-UP_SUB,12:50,12:59,1111111,5,false
P-41553-PERABU-UP_SUB,41553,EMU,PER-ABU-UP_SUB,13:00,13:15,1111111,5,false
P-41553-BBQPER-UP_SUB,41553,EMU,BBQ-PER-UP_SUB,13:15,13:20,1111111,5,false
P-41553-MASBBQ-UP_SUB,41553,EMU,MAS-BBQ-UP_SUB,13:20,13:23,1111111,5,false
P-41554-ABUAVD-UP_SUB,41554,EMU,ABU-AVD-UP_SUB,13:00,13:09,1111111,5,false
P-41554-PERABU-UP_SUB,41554,EMU,PER-ABU-UP_SUB,13:10,13:25,1111111,5,false
P-41554-BBQPER-UP_SUB,41554,EMU,BBQ-PER-UP_SUB,13:25,13:30,1111111,5,false
P-41554-MASBBQ-UP_SUB,41554,EMU,MAS-BBQ-UP_SUB,13:30,13:33,1111111,5,false
P-41555-ABUAVD-UP_SUB,41555,EMU,ABU-AVD-UP_SUB,13:10,13:19,1111111,5,false
P-41555-PERABU-UP_SUB,41555,EMU,PER-ABU-UP_SUB,13:20,13:35,1111111,5,false
P-41555-BBQPER-UP_SUB,41555,EMU,BBQ-PER-UP_SUB,13:35,13:40,1111111,5,false
P-41555-MASBBQ-UP_SUB,41555,EMU,MAS-BBQ-UP_SUB,13:40,13:43,1111111,5,false
P-41556-ABUAVD-UP_SUB,41556,EMU,ABU-AVD-UP_SUB,13:20,13:29,1111111,5,false
P-41556-PERABU-UP_SUB,41556,EMU,PER-ABU-UP_SUB,13:30,13:45,1111111,5,false
P-41556-BBQPER-UP_SUB,41556,EMU,BBQ-PER-UP_SUB,13:45,13:50,1111111,5,false
P-41556-MASBBQ-UP_SUB,41556,EMU,MAS-BBQ-UP_SUB,13:50,13:53,1111111,5,false
P-41557-ABUAVD-UP_SUB,41557,EMU,ABU-AVD-UP_SUB,13:30,13:39,1111111,5,false
P-41557-PERABU-UP_SUB,41557,EMU,PER-ABU-UP_SUB,13:40,13:55,1111111,5,false
P-41557-BBQPER-UP_SUB,41557,EMU,BBQ-PER-UP_SUB,13:55,14:00,1111111,5,false
P-41557-MASBBQ-UP_SUB,41557,EMU,MAS-BBQ-UP_SUB,14:00,14:03,1111111,5,false
P-41558-ABUAVD-UP_SUB,41558,EMU,ABU-AVD-UP_SUB,13:40,13:49,1111111,5,false
P-41558-PERABU-UP_SUB,41558,EMU,PER-ABU-UP_SUB,13:50,14:05,1111111,5,false
P-41558-BBQPER-UP_SUB,41558,EMU,BBQ-PER-UP_SUB,14:05,14:10,1111111,5,false
P-41558-MASBBQ-UP_SUB,41558,EMU,MAS-BBQ-UP_SUB,14:10,14:13,1111111,5,false
P-41559-ABUAVD-UP_SUB,41559,EMU,ABU-AVD-UP_SUB,13:50,13:59,1111111,5,false
P-41559-PERABU-UP_SUB,41559,EMU,PER-ABU-UP_SUB,14:00,14:15,1111111,5,false
P-41559-BBQPER-UP_SUB,41559,EMU,BBQ-PER-UP_SUB,14:15,14:20,1111111,5,false
P-41559-MASBBQ-UP_SUB,41559,EMU,MAS-BBQ-UP_SUB,14:20,14:23,1111111,5,false
P-41560-ABUAVD-UP_SUB,41560,EMU,ABU-AVD-UP_SUB,14:00,14:09,1111111,5,false
P-41560-PERABU-UP_SUB,41560,EMU,PER-ABU-UP_SUB,14:10,14:25,1111111,5,false
P-41560-BBQPER-UP_SUB,41560,EMU,BBQ-PER-UP_SUB,14:25,14:30,1111111,5,false
P-41560-MASBBQ-UP_SUB,41560,EMU,MAS-BBQ-UP_SUB,14:30,14:33,1111111,5,false
P-41561-ABUAVD-UP_SUB,41561,EMU,ABU-AVD-UP_SUB,14:10,14:19,1111111,5,false
P-41561-PERABU-UP_SUB,41561,EMU,PER-ABU-UP_SUB,14:20,14:35,1111111,5,false
P-41561-BBQPER-UP_SUB,41561,EMU,BBQ-PER-UP_SUB,14:35,14:40,1111111,5,false
P-41561-MASBBQ-UP_SUB,41561,EMU,MAS-BBQ-UP_SUB,14:40,14:43,1111111,5,false
P-41562-ABUAVD-UP_SUB,41562,EMU,ABU-AVD-UP_SUB,14:20,14:29,1111111,5,false
P-41562-PERABU-UP_SUB,41562,EMU,PER-ABU-UP_SUB,14:30,14:45,1111111,5,false
P-41562-BBQPER-UP_SUB,41562,EMU,BBQ-PER-UP_SUB,14:45,14:50,1111111,5,false
P-41562-MASBBQ-UP_SUB,41562,EMU,MAS-BBQ-UP_SUB,14:50,14:53,1111111,5,false
P-41563-ABUAVD-UP_SUB,41563,EMU,ABU-AVD-UP_SUB,14:30,14:39,1111111,5,false
P-41563-PERABU-UP_SUB,41563,EMU,PER-ABU-UP_SUB,14:40,14:55,1111111,5,false
P-41563-BBQPER-UP_SUB,41563,EMU,BBQ-PER-UP_SUB,14:55,15:00,1111111,5,false
P-41563-MASBBQ-UP_SUB,41563,EMU,MAS-BBQ-UP_SUB,15:00,15:03,1111111,5,false
P-41564-ABUAVD-UP_SUB,41564,EMU,ABU-AVD-UP_SUB,14:40,14:49,1111111,5,false
P-41564-PERABU-UP_SUB,41564,EMU,PER-ABU-UP_SUB,14:50,15:05,1111111,5,false
P-41564-BBQPER-UP_SUB,41564,EMU,BBQ-PER-UP_SUB,15:05,15:10,1111111,5,false
P-41564-MASBBQ-UP_SUB,41564,EMU,MAS-BBQ-UP_SUB,15:10,15:13,1111111,5,false
P-41565-ABUAVD-UP_SUB,41565,EMU,ABU-AVD-UP_SUB,14:50,14:59,1111111,5,false
P-41565-PERABU-UP_SUB,41565,EMU,PER-ABU-UP_SUB,15:00,15:15,1111111,5,false
P-41565-BBQPER-UP_SUB,41565,EMU,BBQ-PER-UP_SUB,15:15,15:20,1111111,5,false
P-41565-MASBBQ-UP_SUB,41565,EMU,MAS-BBQ-UP_SUB,15:20,15:23,1111111,5,false
P-41566-ABUAVD-UP_SUB,41566,EMU,ABU-AVD-UP_SUB,15:00,15:09,1111111,5,false
P-41566-PERABU-UP_SUB,41566,EMU,PER-ABU-UP_SUB,15:10,15:25,1111111,5,false
P-41566-BBQPER-UP_SUB,41566,EMU,BBQ-PER-UP_SUB,15:25,15:30,1111111,5,false
P-41566-MASBBQ-UP_SUB,41566,EMU,MAS-BBQ-UP_SUB,15:30,15:33,1111111,5,false
P-41567-ABUAVD-UP_SUB,41567,EMU,ABU-AVD-UP_SUB,15:10,15:19,1111111,5,false
P-41567-PERABU-UP_SUB,41567,EMU,PER-ABU-UP_SUB,15:20,15:35,1111111,5,false
P-41567-BBQPER-UP_SUB,41567,EMU,BBQ-PER-UP_SUB,15:35,15:40,1111111,5,false
P-41567-MASBBQ-UP_SUB,41567,EMU,MAS-BBQ-UP_SUB,15:40,15:43,1111111,5,false
P-41568-ABUAVD-UP_SUB,41568,EMU,ABU-AVD-UP_SUB,15:20,15:29,1111111,5,false
P-41568-PERABU-UP_SUB,41568,EMU,PER-ABU-UP_SUB,15:30,15:45,1111111,5,false
P-41568-BBQPER-UP_SUB,41568,EMU,BBQ-PER-UP_SUB,15:45,15:50,1111111,5,false
P-41568-MASBBQ-UP_SUB,41568,EMU,MAS-BBQ-UP_SUB,15:50,15:53,1111111,5,false
P-41569-ABUAVD-UP_SUB,41569,EMU,ABU-AVD-UP_SUB,15:30,15:39,1111111,5,false
P-41569-PERABU-UP_SUB,41569,EMU,PER-ABU-UP_SUB,15:40,15:55,1111111,5,false
P-41569-BBQPER-UP_SUB,41569,EMU,BBQ-PER-UP_SUB,15:55,16:00,1111111,5,false
P-41569-MASBBQ-UP_SUB,41569,EMU,MAS-BBQ-UP_SUB,16:00,16:03,1111111,5,false
P-41570-ABUAVD-UP_SUB,41570,EMU,ABU-AVD-UP_SUB,15:40,15:49,1111111,5,false
P-41570-PERABU-UP_SUB,41570,EMU,PER-ABU-UP_SUB,15:50,16:05,1111111,5,false
P-41570-BBQPER-UP_SUB,41570,EMU,BBQ-PER-UP_SUB,16:05,16:10,1111111,5,false
P-41570-MASBBQ-UP_SUB,41570,EMU,MAS-BBQ-UP_SUB,16:10,16:13,1111111,5,false
P-41571-ABUAVD-UP_SUB,41571,EMU,ABU-AVD-UP_SUB,15:50,15:59,1111111,5,false
P-41571-PERABU-UP_SUB,41571,EMU,PER-ABU-UP_SUB,16:00,16:15,1111111,5,false
P-41571-BBQPER-UP_SUB,41571,EMU,BBQ-PER-UP_SUB,16:15,16:20,1111111,5,false
P-41571-MASBBQ-UP_SUB,41571,EMU,MAS-BBQ-UP_SUB,16:20,16:23,1111111,5,false
P-41572-ABUAVD-UP_SUB,41572,EMU,ABU-AVD-UP_SUB,16:00,16:09,1111111,5,false
P-41572-PERABU-UP_SUB,41572,EMU,PER-ABU-UP_SUB,16:10,16:25,1111111,5,false
P-41572-BBQPER-UP_SUB,41572,EMU,BBQ-PER-UP_SUB,16:25,16:30,1111111,5,false
P-41572-MASBBQ-UP_SUB,41572,EMU,MAS-BBQ-UP_SUB,16:30,16:33,1111111,5,false
P-41573-ABUAVD-UP_SUB,41573,EMU,ABU-AVD-UP_SUB,16:10,16:19,1111111,5,false
P-41573-PERABU-UP_SUB,41573,EMU,PER-ABU-UP_SUB,16:20,16:35,1111111,5,false
P-41573-BBQPER-UP_SUB,41573,EMU,BBQ-PER-UP_SUB,16:35,16:40,1111111,5,false
P-41573-MASBBQ-UP_SUB,41573,EMU,MAS-BBQ-UP_SUB,16:40,16:43,1111111,5,false
P-41574-ABUAVD-UP_SUB,41574,EMU,ABU-AVD-UP_SUB,16:20,16:29,1111111,5,false
P-41574-PERABU-UP_SUB,41574,EMU,PER-ABU-UP_SUB,16:30,16:45,1111111,5,false
P-41574-BBQPER-UP_SUB,41574,EMU,BBQ-PER-UP_SUB,16:45,16:50,1111111,5,false
P-41574-MASBBQ-UP_SUB,41574,EMU,MAS-BBQ-UP_SUB,16:50,16:53,1111111,5,false
P-41575-ABUAVD-UP_SUB,41575,EMU,ABU-AVD-UP_SUB,16:30,16:39,1111111,5,false
P-41575-PERABU-UP_SUB,41575,EMU,PER-ABU-UP_SUB,16:40,16:55,1111111,5,false
P-41575-BBQPER-UP_SUB,41575,EMU,BBQ-PER-UP_SUB,16:55,17:00,1111111,5,false
P-41575-MASBBQ-UP_SUB,41575,EMU,MAS-BBQ-UP_SUB,17:00,17:03,1111111,5,false
P-41576-ABUAVD-UP_SUB,41576,EMU,ABU-AVD-UP_SUB,16:40,16:49,1111111,5,false
P-41576-PERABU-UP_SUB,41576,EMU,PER-ABU-UP_SUB,16:50,17:05,1111111,5,false
P-41576-BBQPER-UP_SUB,41576,EMU,BBQ-PER-UP_SUB,17:05,17:10,1111111,5,false
P-41576-MASBBQ-UP_SUB,41576,EMU,MAS-BBQ-UP_SUB,17:10,17:13,1111111,5,false
P-41577-ABUAVD-UP_SUB,41577,EMU,ABU-AVD-UP_SUB,16:50,16:59,1111111,5,false
P-41577-PERABU-UP_SUB,41577,EMU,PER-ABU-UP_SUB,17:00,17:15,1111111,5,false
P-41577-BBQPER-UP_SUB,41577,EMU,BBQ-PER-UP_SUB,17:15,17:20,1111111,5,false
P-41577-MASBBQ-UP_SUB,41577,EMU,MAS-BBQ-UP_SUB,17:20,17:23,1111111,5,false
P-41578-ABUAVD-UP_SUB,41578,EMU,ABU-AVD-UP_SUB,17:00,17:09,1111111,5,false
P-41578-PERABU-UP_SUB,41578,EMU,PER-ABU-UP_SUB,17:10,17:25,1111111,5,false
P-41578-BBQPER-UP_SUB,41578,EMU,BBQ-PER-UP_SUB,17:25,17:30,1111111,5,false
P-41578-MASBBQ-UP_SUB,41578,EMU,MAS-BBQ-UP_SUB,17:30,17:33,1111111,5,false
P-41579-ABUAVD-UP_SUB,41579,EMU,ABU-AVD-UP_SUB,17:10,17:19,1111111,5,false
P-41579-PERABU-UP_SUB,41579,EMU,PER-ABU-UP_SUB,17:20,17:35,1111111,5,false
P-41579-BBQPER-UP_SUB,41579,EMU,BBQ-PER-UP_SUB,17:35,17:40,1111111,5,false
P-41579-MASBBQ-UP_SUB,41579,EMU,MAS-BBQ-UP_SUB,17:40,17:43,1111111,5,false
P-41580-ABUAVD-UP_SUB,41580,EMU,ABU-AVD-UP_SUB,17:20,17:29,1111111,5,false
P-41580-PERABU-UP_SUB,41580,EMU,PER-ABU-UP_SUB,17:30,17:45,1111111,5,false
P-41580-BBQPER-UP_SUB,41580,EMU,BBQ-PER-UP_SUB,17:45,17:50,1111111,5,false
P-41580-MASBBQ-UP_SUB,41580,EMU,MAS-BBQ-UP_SUB,17:50,17:53,1111111,5,false
P-41581-ABUAVD-UP_SUB,41581,EMU,ABU-AVD-UP_SUB,17:30,17:39,1111111,5,false
P-41581-PERABU-UP_SUB,41581,EMU,PER-ABU-UP_SUB,17:40,17:55,1111111,5,false
P-41581-BBQPER-UP_SUB,41581,EMU,BBQ-PER-UP_SUB,17:55,18:00,1111111,5,false
P-41581-MASBBQ-UP_SUB,41581,EMU,MAS-BBQ-UP_SUB,18:00,18:03,1111111,5,false
P-41582-ABUAVD-UP_SUB,41582,EMU,ABU-AVD-UP_SUB,17:40,17:49,1111111,5,false
P-41582-PERABU-UP_SUB,41582,EMU,PER-ABU-UP_SUB,17:50,18:05,1111111,5,false
P-41582-BBQPER-UP_SUB,41582,EMU,BBQ-PER-UP_SUB,18:05,18:10,1111111,5,false
P-41582-MASBBQ-UP_SUB,41582,EMU,MAS-BBQ-UP_SUB,18:10,18:13,1111111,5,false
P-41583-ABUAVD-UP_SUB,41583,EMU,ABU-AVD-UP_SUB,17:50,17:59,1111111,5,false
P-41583-PERABU-UP_SUB,41583,EMU,PER-ABU-UP_SUB,18:00,18:15,1111111,5,false
P-41583-BBQPER-UP_SUB,41583,EMU,BBQ-PER-UP_SUB,18:15,18:20,1111111,5,false
P-41583-MASBBQ-UP_SUB,41583,EMU,MAS-BBQ-UP_SUB,18:20,18:23,1111111,5,false
P-41584-ABUAVD-UP_SUB,41584,EMU,ABU-AVD-UP_SUB,18:00,18:09,1111111,5,false
P-41584-PERABU-UP_SUB,41584,EMU,PER-ABU-UP_SUB,18:10,18:25,1111111,5,false
P-41584-BBQPER-UP_SUB,41584,EMU,BBQ-PER-UP_SUB,18:25,18:30,1111111,5,false
P-41584-MASBBQ-UP_SUB,41584,EMU,MAS-BBQ-UP_SUB,18:30,18:33,1111111,5,false
P-41585-ABUAVD-UP_SUB,41585,EMU,ABU-AVD-UP_SUB,18:10,18:19,1111111,5,false
P-41585-PERABU-UP_SUB,41585,EMU,PER-ABU-UP_SUB,18:20,18:35,1111111,5,false
P-41585-BBQPER-UP_SUB,41585,EMU,BBQ-PER-UP_SUB,18:35,18:40,1111111,5,false
P-41585-MASBBQ-UP_SUB,41585,EMU,MAS-BBQ-UP_SUB,18:40,18:43,1111111,5,false
P-41586-ABUAVD-UP_SUB,41586,EMU,ABU-AVD-UP_SUB,18:20,18:29,1111111,5,false
P-41586-PERABU-UP_SUB,41586,EMU,PER-ABU-UP_SUB,18:30,18:45,1111111,5,false
P-41586-BBQPER-UP_SUB,41586,EMU,BBQ-PER-UP_SUB,18:45,18:50,1111111,5,false
P-41586-MASBBQ-UP_SUB,41586,EMU,MAS-BBQ-UP_SUB,18:50,18:53,1111111,5,false
P-41587-ABUAVD-UP_SUB,41587,EMU,ABU-AVD-UP_SUB,18:30,18:39,1111111,5,false
P-41587-PERABU-UP_SUB,41587,EMU,PER-ABU-UP_SUB,18:40,18:55,1111111,5,false
P-41587-BBQPER-UP_SUB,41587,EMU,BBQ-PER-UP_SUB,18:55,19:00,1111111,5,false
P-41587-MASBBQ-UP_SUB,41587,EMU,MAS-BBQ-UP_SUB,19:00,19:03,1111111,5,false
P-41588-ABUAVD-UP_SUB,41588,EMU,ABU-AVD-UP_SUB,18:40,18:49,1111111,5,false
P-41588-PERABU-UP_SUB,41588,EMU,PER-ABU-UP_SUB,18:50,19:05,1111111,5,false
P-41588-BBQPER-UP_SUB,41588,EMU,BBQ-PER-UP_SUB,19:05,19:10,1111111,5,false
P-41588-MASBBQ-UP_SUB,41588,EMU,MAS-BBQ-UP_SUB,19:10,19:13,1111111,5,false
P-41589-ABUAVD-UP_SUB,41589,EMU,ABU-AVD-UP_SUB,18:50,18:59,1111111,5,false
P-41589-PERABU-UP_SUB,41589,EMU,PER-ABU-UP_SUB,19:00,19:15,1111111,5,false
P-41589-BBQPER-UP_SUB,41589,EMU,BBQ-PER-UP_SUB,19:15,19:20,1111111,5,false
P-41589-MASBBQ-UP_SUB,41589,EMU,MAS-BBQ-UP_SUB,19:20,19:23,1111111,5,false
P-41590-ABUAVD-UP_SUB,41590,EMU,ABU-AVD-UP_SUB,19:00,19:09,1111111,5,false
P-41590-PERABU-UP_SUB,41590,EMU,PER-ABU-UP_SUB,19:10,19:25,1111111,5,false
P-41590-BBQPER-UP_SUB,41590,EMU,BBQ-PER-UP_SUB,19:25,19:30,1111111,5,false
P-41590-MASBBQ-UP_SUB,41590,EMU,MAS-BBQ-UP_SUB,19:30,19:33,1111111,5,false
P-41591-ABUAVD-UP_SUB,41591,EMU,ABU-AVD-UP_SUB,19:10,19:19,1111111,5,false
P-41591-PERABU-UP_SUB,41591,EMU,PER-ABU-UP_SUB,19:20,19:35,1111111,5,false
P-41591-BBQPER-UP_SUB,41591,EMU,BBQ-PER-UP_SUB,19:35,19:40,1111111,5,false
P-41591-MASBBQ-UP_SUB,41591,EMU,MAS-BBQ-UP_SUB,19:40,19:43,1111111,5,false
P-41592-ABUAVD-UP_SUB,41592,EMU,ABU-AVD-UP_SUB,19:20,19:29,1111111,5,false
P-41592-PERABU-UP_SUB,41592,EMU,PER-ABU-UP_SUB,19:30,19:45,1111111,5,false
P-41592-BBQPER-UP_SUB,41592,EMU,BBQ-PER-UP_SUB,19:45,19:50,1111111,5,false
P-41592-MASBBQ-UP_SUB,41592,EMU,MAS-BBQ-UP_SUB,19:50,19:53,1111111,5,false
P-41593-ABUAVD-UP_SUB,41593,EMU,ABU-AVD-UP_SUB,19:30,19:39,1111111,5,false
P-41593-PERABU-UP_SUB,41593,EMU,PER-ABU-UP_SUB,19:40,19:55,1111111,5,false
P-41593-BBQPER-UP_SUB,41593,EMU,BBQ-PER-UP_SUB,19:55,20:00,1111111,5,false
P-41593-MASBBQ-UP_SUB,41593,EMU,MAS-BBQ-UP_SUB,20:00,20:03,1111111,5,false
P-41594-ABUAVD-UP_SUB,41594,EMU,ABU-AVD-UP_SUB,19:40,19:49,1111111,5,false
P-41594-PERABU-UP_SUB,41594,EMU,PER-ABU-UP_SUB,19:50,20:05,1111111,5,false
P-41594-BBQPER-UP_SUB,41594,EMU,BBQ-PER-UP_SUB,20:05,20:10,1111111,5,false
P-41594-MASBBQ-UP_SUB,41594,EMU,MAS-BBQ-UP_SUB,20:10,20:13,1111111,5,false
P-41595-ABUAVD-UP_SUB,41595,EMU,ABU-AVD-UP_SUB,19:50,19:59,1111111,5,false
P-41595-PERABU-UP_SUB,41595,EMU,PER-ABU-UP_SUB,20:00,20:15,1111111,5,false
P-41595-BBQPER-UP_SUB,41595,EMU,BBQ-PER-UP_SUB,20:15,20:20,1111111,5,false
P-41595-MASBBQ-UP_SUB,41595,EMU,MAS-BBQ-UP_SUB,20:20,20:23,1111111,5,false
P-41596-ABUAVD-UP_SUB,41596,EMU,ABU-AVD-UP_SUB,20:00,20:09,1111111,5,false
P-41596-PERABU-UP_SUB,41596,EMU,PER-ABU-UP_SUB,20:10,20:25,1111111,5,false
P-41596-BBQPER-UP_SUB,41596,EMU,BBQ-PER-UP_SUB,20:25,20:30,1111111,5,false
P-41596-MASBBQ-UP_SUB,41596,EMU,MAS-BBQ-UP_SUB,20:30,20:33,1111111,5,false
P-41597-ABUAVD-UP_SUB,41597,EMU,ABU-AVD-UP_SUB,20:10,20:19,1111111,5,false
P-41597-PERABU-UP_SUB,41597,EMU,PER-ABU-UP_SUB,20:20,20:35,1111111,5,false
P-41597-BBQPER-UP_SUB,41597,EMU,BBQ-PER-UP_SUB,20:35,20:40,1111111,5,false
P-41597-MASBBQ-UP_SUB,41597,EMU,MAS-BBQ-UP_SUB,20:40,20:43,1111111,5,false
P-41598-ABUAVD-UP_SUB,41598,EMU,ABU-AVD-UP_SUB,20:20,20:29,1111111,5,false
P-41598-PERABU-UP_SUB,41598,EMU,PER-ABU-UP_SUB,20:30,20:45,1111111,5,false
P-41598-BBQPER-UP_SUB,41598,EMU,BBQ-PER-UP_SUB,20:45,20:50,1111111,5,false
P-41598-MASBBQ-UP_SUB,41598,EMU,MAS-BBQ-UP_SUB,20:50,20:53,1111111,5,false
P-41599-ABUAVD-UP_SUB,41599,EMU,ABU-AVD-UP_SUB,20:30,20:39,1111111,5,false
P-41599-PERABU-UP_SUB,41599,EMU,PER-ABU-UP_SUB,20:40,20:55,1111111,5,false
P-41599-BBQPER-UP_SUB,41599,EMU,BBQ-PER-UP_SUB,20:55,21:00,1111111,5,false
P-41599-MASBBQ-UP_SUB,41599,EMU,MAS-BBQ-UP_SUB,21:00,21:03,1111111,5,false
P-41600-ABUAVD-UP_SUB,41600,EMU,ABU-AVD-UP_SUB,20:40,20:49,1111111,5,false
P-41600-PERABU-UP_SUB,41600,EMU,PER-ABU-UP_SUB,20:50,21:05,1111111,5,false
P-41600-BBQPER-UP_SUB,41600,EMU,BBQ-PER-UP_SUB,21:05,21:10,1111111,5,false
P-41600-MASBBQ-UP_SUB,41600,EMU,MAS-BBQ-UP_SUB,21:10,21:13,1111111,5,false
P-41601-ABUAVD-UP_SUB,41601,EMU,ABU-AVD-UP_SUB,20:50,20:59,1111111,5,false
P-41601-PERABU-UP_SUB,41601,EMU,PER-ABU-UP_SUB,21:00,21:15,1111111,5,false
P-41601-BBQPER-UP_SUB,41601,EMU,BBQ-PER-UP_SUB,21:15,21:20,1111111,5,false
P-41601-MASBBQ-UP_SUB,41601,EMU,MAS-BBQ-UP_SUB,21:20,21:23,1111111,5,false
P-41602-ABUAVD-UP_SUB,41602,EMU,ABU-AVD-UP_SUB,21:00,21:09,1111111,5,false
P-41602-PERABU-UP_SUB,41602,EMU,PER-ABU-UP_SUB,21:10,21:25,1111111,5,false
P-41602-BBQPER-UP_SUB,41602,EMU,BBQ-PER-UP_SUB,21:25,21:30,1111111,5,false
P-41602-MASBBQ-UP_SUB,41602,EMU,MAS-BBQ-UP_SUB,21:30,21:33,1111111,5,false
P-41603-ABUAVD-UP_SUB,41603,EMU,ABU-AVD-UP_SUB,21:10,21:19,1111111,5,false
P-41603-PERABU-UP_SUB,41603,EMU,PER-ABU-UP_SUB,21:20,21:35,1111111,5,false
P-41603-BBQPER-UP_SUB,41603,EMU,BBQ-PER-UP_SUB,21:35,21:40,1111111,5,false
P-41603-MASBBQ-UP_SUB,41603,EMU,MAS-BBQ-UP_SUB,21:40,21:43,1111111,5,false
P-41604-ABUAVD-UP_SUB,41604,EMU,ABU-AVD-UP_SUB,21:20,21:29,1111111,5,false
P-41604-PERABU-UP_SUB,41604,EMU,PER-ABU-UP_SUB,21:30,21:45,1111111,5,false
P-41604-BBQPER-UP_SUB,41604,EMU,BBQ-PER-UP_SUB,21:45,21:50,1111111,5,false
P-41604-MASBBQ-UP_SUB,41604,EMU,MAS-BBQ-UP_SUB,21:50,21:53,1111111,5,false
P-41605-ABUAVD-UP_SUB,41605,EMU,ABU-AVD-UP_SUB,21:30,21:39,1111111,5,false
P-41605-PERABU-UP_SUB,41605,EMU,PER-ABU-UP_SUB,21:40,21:55,1111111,5,false
P-41605-BBQPER-UP_SUB,41605,EMU,BBQ-PER-UP_SUB,21:55,22:00,1111111,5,false
P-41605-MASBBQ-UP_SUB,41605,EMU,MAS-BBQ-UP_SUB,22:00,22:03,1111111,5,false
P-41606-ABUAVD-UP_SUB,41606,EMU,ABU-AVD-UP_SUB,21:40,21:49,1111111,5,false
P-41606-PERABU-UP_SUB,41606,EMU,PER-ABU-UP_SUB,21:50,22:05,1111111,5,false
P-41606-BBQPER-UP_SUB,41606,EMU,BBQ-PER-UP_SUB,22:05,22:10,1111111,5,false
P-41606-MASBBQ-UP_SUB,41606,EMU,MAS-BBQ-UP_SUB,22:10,22:13,1111111,5,false
P-41607-ABUAVD-UP_SUB,41607,EMU,ABU-AVD-UP_SUB,21:50,21:59,1111111,5,false
P-41607-PERABU-UP_SUB,41607,EMU,PER-ABU-UP_SUB,22:00,22:15,1111111,5,false
P-41607-BBQPER-UP_SUB,41607,EMU,BBQ-PER-UP_SUB,22:15,22:20,1111111,5,false
P-41607-MASBBQ-UP_SUB,41607,EMU,MAS-BBQ-UP_SUB,22:20,22:23,1111111,5,false
P-41608-ABUAVD-UP_SUB,41608,EMU,ABU-AVD-UP_SUB,22:00,22:09,1111111,5,false
P-41608-PERABU-UP_SUB,41608,EMU,PER-ABU-UP_SUB,22:10,22:25,1111111,5,false
P-41608-BBQPER-UP_SUB,41608,EMU,BBQ-PER-UP_SUB,22:25,22:30,1111111,5,false
P-41608-MASBBQ-UP_SUB,41608,EMU,MAS-BBQ-UP_SUB,22:30,22:33,1111111,5,false
P-41609-ABUAVD-UP_SUB,41609,EMU,ABU-AVD-UP_SUB,22:10,22:19,1111111,5,false
P-41609-PERABU-UP_SUB,41609,EMU,PER-ABU-UP_SUB,22:20,22:35,1111111,5,false
P-41609-BBQPER-UP_SUB,41609,EMU,BBQ-PER-UP_SUB,22:35,22:40,1111111,5,false
P-41609-MASBBQ-UP_SUB,41609,EMU,MAS-BBQ-UP_SUB,22:40,22:43,1111111,5,false
P-41610-ABUAVD-UP_SUB,41610,EMU,ABU-AVD-UP_SUB,22:20,22:29,1111111,5,false
P-41610-PERABU-UP_SUB,41610,EMU,PER-ABU-UP_SUB,22:30,22:45,1111111,5,false
P-41610-BBQPER-UP_SUB,41610,EMU,BBQ-PER-UP_SUB,22:45,22:50,1111111,5,false
P-41610-MASBBQ-UP_SUB,41610,EMU,MAS-BBQ-UP_SUB,22:50,22:53,1111111,5,false
P-41611-ABUAVD-UP_SUB,41611,EMU,ABU-AVD-UP_SUB,22:30,22:39,1111111,5,false
P-41611-PERABU-UP_SUB,41611,EMU,PER-ABU-UP_SUB,22:40,22:55,1111111,5,false
P-41611-BBQPER-UP_SUB,41611,EMU,BBQ-PER-UP_SUB,22:55,23:00,1111111,5,false
P-41611-MASBBQ-UP_SUB,41611,EMU,MAS-BBQ-UP_SUB,23:00,23:03,1111111,5,false
P-41612-ABUAVD-UP_SUB,41612,EMU,ABU-AVD-UP_SUB,22:40,22:49,1111111,5,false
P-41612-PERABU-UP_SUB,41612,EMU,PER-ABU-UP_SUB,22:50,23:05,1111111,5,false
P-41612-BBQPER-UP_SUB,41612,EMU,BBQ-PER-UP_SUB,23:05,23:10,1111111,5,false
P-41612-MASBBQ-UP_SUB,41612,EMU,MAS-BBQ-UP_SUB,23:10,23:13,1111111,5,false
P-41613-ABUAVD-UP_SUB,41613,EMU,ABU-AVD-UP_SUB,22:50,22:59,1111111,5,false
P-41613-PERABU-UP_SUB,41613,EMU,PER-ABU-UP_SUB,23:00,23:15,1111111,5,false
P-41613-BBQPER-UP_SUB,41613,EMU,BBQ-PER-UP_SUB,23:15,23:20,1111111,5,false
P-41613-MASBBQ-UP_SUB,41613,EMU,MAS-BBQ-UP_SUB,23:20,23:23,1111111,5,false
P-41614-ABUAVD-UP_SUB,41614,EMU,ABU-AVD-UP_SUB,23:00,23:09,1111111,5,false
P-41614-PERABU-UP_SUB,41614,EMU,PER-ABU-UP_SUB,23:10,23:25,1111111,5,false
P-41614-BBQPER-UP_SUB,41614,EMU,BBQ-PER-UP_SUB,23:25,23:30,1111111,5,false
P-41614-MASBBQ-UP_SUB,41614,EMU,MAS-BBQ-UP_SUB,23:30,23:33,1111111,5,false
P-66000-MASBBQ-DN_SUB,66000,MEMU,MAS-BBQ-DN_SUB,04:30,04:33,1111111,4,false
P-66000-BBQPER-DN_SUB,66000,MEMU,BBQ-PER-DN_SUB,04:34,04:38,1111111,4,false
P-66000-PERABU-DN_SUB,66000,MEMU,PER-ABU-DN_SUB,04:39,04:53,1111111,4,false
P-66000-ABUAVD-DN_SUB,66000,MEMU,ABU-AVD-DN_SUB,04:54,05:02,1111111,4,false
P-66000-AVDTI-DN_SUB,66000,MEMU,AVD-TI-DN_SUB,05:03,05:15,1111111,4,false
P-66000-TITRL-DN_SUB,66000,MEMU,TI-TRL-DN_SUB,05:15,05:34,1111111,4,false
P-66000-TRLAJJ-DN_SUB,66000,MEMU,TRL-AJJ-DN_SUB,05:35,06:13,1111111,4,false
P-66001-MASBBQ-DN_SUB,66001,MEMU,MAS-BBQ-DN_SUB,04:50,04:53,1111111,4,false
P-66001-BBQPER-DN_SUB,66001,MEMU,BBQ-PER-DN_SUB,04:54,04:58,1111111,4,false
P-66001-PERABU-DN_SUB,66001,MEMU,PER-ABU-DN_SUB,04:59,05:13,1111111,4,false
P-66001-ABUAVD-DN_SUB,66001,MEMU,ABU-AVD-DN_SUB,05:14,05:22,1111111,4,false
P-66001-AVDTI-DN_SUB,66001,MEMU,AVD-TI-DN_SUB,05:23,05:35,1111111,4,false
P-66001-TITRL-DN_SUB,66001,MEMU,TI-TRL-DN_SUB,05:35,05:54,1111111,4,false
P-66001-TRLAJJ-DN_SUB,66001,MEMU,TRL-AJJ-DN_SUB,05:55,06:33,1111111,4,false
P-66002-MASBBQ-DN_SUB,66002,MEMU,MAS-BBQ-DN_SUB,05:10,05:13,1111111,4,false
P-66002-BBQPER-DN_SUB,66002,MEMU,BBQ-PER-DN_SUB,05:14,05:18,1111111,4,false
P-66002-PERABU-DN_SUB,66002,MEMU,PER-ABU-DN_SUB,05:19,05:33,1111111,4,false
P-66002-ABUAVD-DN_SUB,66002,MEMU,ABU-AVD-DN_SUB,05:34,05:42,1111111,4,false
P-66002-AVDTI-DN_SUB,66002,MEMU,AVD-TI-DN_SUB,05:43,05:55,1111111,4,false
P-66002-TITRL-DN_SUB,66002,MEMU,TI-TRL-DN_SUB,05:55,06:14,1111111,4,false
P-66002-TRLAJJ-DN_SUB,66002,MEMU,TRL-AJJ-DN_SUB,06:15,06:53,1111111,4,false
P-66003-MASBBQ-DN_SUB,66003,MEMU,MAS-BBQ-DN_SUB,05:30,05:33,1111111,4,false
P-66003-BBQPER-DN_SUB,66003,MEMU,BBQ-PER-DN_SUB,05:34,05:38,1111111,4,false
P-66003-PERABU-DN_SUB,66003,MEMU,PER-ABU-DN_SUB,05:39,05:53,1111111,4,false
P-66003-ABUAVD-DN_SUB,66003,MEMU,ABU-AVD-DN_SUB,05:54,06:02,1111111,4,false
P-66003-AVDTI-DN_SUB,66003,MEMU,AVD-TI-DN_SUB,06:03,06:15,1111111,4,false
P-66003-TITRL-DN_SUB,66003,MEMU,TI-TRL-DN_SUB,06:15,06:34,1111111,4,false
P-66003-TRLAJJ-DN_SUB,66003,MEMU,TRL-AJJ-DN_SUB,06:35,07:13,1111111,4,false
P-66004-MASBBQ-DN_SUB,66004,MEMU,MAS-BBQ-DN_SUB,05:50,05:53,1111111,4,false
P-66004-BBQPER-DN_SUB,66004,MEMU,BBQ-PER-DN_SUB,05:54,05:58,1111111,4,false
P-66004-PERABU-DN_SUB,66004,MEMU,PER-ABU-DN_SUB,05:59,06:13,1111111,4,false
P-66004-ABUAVD-DN_SUB,66004,MEMU,ABU-AVD-DN_SUB,06:14,06:22,1111111,4,false
P-66004-AVDTI-DN_SUB,66004,MEMU,AVD-TI-DN_SUB,06:23,06:35,1111111,4,false
P-66004-TITRL-DN_SUB,66004,MEMU,TI-TRL-DN_SUB,06:35,06:54,1111111,4,false
P-66004-TRLAJJ-DN_SUB,66004,MEMU,TRL-AJJ-DN_SUB,06:55,07:33,1111111,4,false
P-66005-MASBBQ-DN_SUB,66005,MEMU,MAS-BBQ-DN_SUB,06:10,06:13,1111111,4,false
P-66005-BBQPER-DN_SUB,66005,MEMU,BBQ-PER-DN_SUB,06:14,06:18,1111111,4,false
P-66005-PERABU-DN_SUB,66005,MEMU,PER-ABU-DN_SUB,06:19,06:33,1111111,4,false
P-66005-ABUAVD-DN_SUB,66005,MEMU,ABU-AVD-DN_SUB,06:34,06:42,1111111,4,false
P-66005-AVDTI-DN_SUB,66005,MEMU,AVD-TI-DN_SUB,06:43,06:55,1111111,4,false
P-66005-TITRL-DN_SUB,66005,MEMU,TI-TRL-DN_SUB,06:55,07:14,1111111,4,false
P-66005-TRLAJJ-DN_SUB,66005,MEMU,TRL-AJJ-DN_SUB,07:15,07:53,1111111,4,false
P-66006-MASBBQ-DN_SUB,66006,MEMU,MAS-BBQ-DN_SUB,06:30,06:33,1111111,4,false
P-66006-BBQPER-DN_SUB,66006,MEMU,BBQ-PER-DN_SUB,06:34,06:38,1111111,4,false
P-66006-PERABU-DN_SUB,66006,MEMU,PER-ABU-DN_SUB,06:39,06:53,1111111,4,false
P-66006-ABUAVD-DN_SUB,66006,MEMU,ABU-AVD-DN_SUB,06:54,07:02,1111111,4,false
P-66006-AVDTI-DN_SUB,66006,MEMU,AVD-TI-DN_SUB,07:03,07:15,1111111,4,false
P-66006-TITRL-DN_SUB,66006,MEMU,TI-TRL-DN_SUB,07:15,07:34,1111111,4,false
P-66006-TRLAJJ-DN_SUB,66006,MEMU,TRL-AJJ-DN_SUB,07:35,08:13,1111111,4,false
P-66007-MASBBQ-DN_SUB,66007,MEMU,MAS-BBQ-DN_SUB,06:50,06:53,1111111,4,false
P-66007-BBQPER-DN_SUB,66007,MEMU,BBQ-PER-DN_SUB,06:54,06:58,1111111,4,false
P-66007-PERABU-DN_SUB,66007,MEMU,PER-ABU-DN_SUB,06:59,07:13,1111111,4,false
P-66007-ABUAVD-DN_SUB,66007,MEMU,ABU-AVD-DN_SUB,07:14,07:22,1111111,4,false
P-66007-AVDTI-DN_SUB,66007,MEMU,AVD-TI-DN_SUB,07:23,07:35,1111111,4,false
P-66007-TITRL-DN_SUB,66007,MEMU,TI-TRL-DN_SUB,07:35,07:54,1111111,4,false
P-66007-TRLAJJ-DN_SUB,66007,MEMU,TRL-AJJ-DN_SUB,07:55,08:33,1111111,4,false
P-66008-MASBBQ-DN_SUB,66008,MEMU,MAS-BBQ-DN_SUB,07:10,07:13,1111111,4,false
P-66008-BBQPER-DN_SUB,66008,MEMU,BBQ-PER-DN_SUB,07:14,07:18,1111111,4,false
P-66008-PERABU-DN_SUB,66008,MEMU,PER-ABU-DN_SUB,07:19,07:33,1111111,4,false
P-66008-ABUAVD-DN_SUB,66008,MEMU,ABU-AVD-DN_SUB,07:34,07:42,1111111,4,false
P-66008-AVDTI-DN_SUB,66008,MEMU,AVD-TI-DN_SUB,07:43,07:55,1111111,4,false
P-66008-TITRL-DN_SUB,66008,MEMU,TI-TRL-DN_SUB,07:55,08:14,1111111,4,false
P-66008-TRLAJJ-DN_SUB,66008,MEMU,TRL-AJJ-DN_SUB,08:15,08:53,1111111,4,false
P-66009-MASBBQ-DN_SUB,66009,MEMU,MAS-BBQ-DN_SUB,07:30,07:33,1111111,4,false
P-66009-BBQPER-DN_SUB,66009,MEMU,BBQ-PER-DN_SUB,07:34,07:38,1111111,4,false
P-66009-PERABU-DN_SUB,66009,MEMU,PER-ABU-DN_SUB,07:39,07:53,1111111,4,false
P-66009-ABUAVD-DN_SUB,66009,MEMU,ABU-AVD-DN_SUB,07:54,08:02,1111111,4,false
P-66009-AVDTI-DN_SUB,66009,MEMU,AVD-TI-DN_SUB,08:03,08:15,1111111,4,false
P-66009-TITRL-DN_SUB,66009,MEMU,TI-TRL-DN_SUB,08:15,08:34,1111111,4,false
P-66009-TRLAJJ-DN_SUB,66009,MEMU,TRL-AJJ-DN_SUB,08:35,09:13,1111111,4,false
P-66010-MASBBQ-DN_SUB,66010,MEMU,MAS-BBQ-DN_SUB,07:50,07:53,1111111,4,false
P-66010-BBQPER-DN_SUB,66010,MEMU,BBQ-PER-DN_SUB,07:54,07:58,1111111,4,false
P-66010-PERABU-DN_SUB,66010,MEMU,PER-ABU-DN_SUB,07:59,08:13,1111111,4,false
P-66010-ABUAVD-DN_SUB,66010,MEMU,ABU-AVD-DN_SUB,08:14,08:22,1111111,4,false
P-66010-AVDTI-DN_SUB,66010,MEMU,AVD-TI-DN_SUB,08:23,08:35,1111111,4,false
P-66010-TITRL-DN_SUB,66010,MEMU,TI-TRL-DN_SUB,08:35,08:54,1111111,4,false
P-66010-TRLAJJ-DN_SUB,66010,MEMU,TRL-AJJ-DN_SUB,08:55,09:33,1111111,4,false
P-66011-MASBBQ-DN_SUB,66011,MEMU,MAS-BBQ-DN_SUB,08:10,08:13,1111111,4,false
P-66011-BBQPER-DN_SUB,66011,MEMU,BBQ-PER-DN_SUB,08:14,08:18,1111111,4,false
P-66011-PERABU-DN_SUB,66011,MEMU,PER-ABU-DN_SUB,08:19,08:33,1111111,4,false
P-66011-ABUAVD-DN_SUB,66011,MEMU,ABU-AVD-DN_SUB,08:34,08:42,1111111,4,false
P-66011-AVDTI-DN_SUB,66011,MEMU,AVD-TI-DN_SUB,08:43,08:55,1111111,4,false
P-66011-TITRL-DN_SUB,66011,MEMU,TI-TRL-DN_SUB,08:55,09:14,1111111,4,false
P-66011-TRLAJJ-DN_SUB,66011,MEMU,TRL-AJJ-DN_SUB,09:15,09:53,1111111,4,false
P-66012-MASBBQ-DN_SUB,66012,MEMU,MAS-BBQ-DN_SUB,08:30,08:33,1111111,4,false
P-66012-BBQPER-DN_SUB,66012,MEMU,BBQ-PER-DN_SUB,08:34,08:38,1111111,4,false
P-66012-PERABU-DN_SUB,66012,MEMU,PER-ABU-DN_SUB,08:39,08:53,1111111,4,false
P-66012-ABUAVD-DN_SUB,66012,MEMU,ABU-AVD-DN_SUB,08:54,09:02,1111111,4,false
P-66012-AVDTI-DN_SUB,66012,MEMU,AVD-TI-DN_SUB,09:03,09:15,1111111,4,false
P-66012-TITRL-DN_SUB,66012,MEMU,TI-TRL-DN_SUB,09:15,09:34,1111111,4,false
P-66012-TRLAJJ-DN_SUB,66012,MEMU,TRL-AJJ-DN_SUB,09:35,10:13,1111111,4,false
P-66013-MASBBQ-DN_SUB,66013,MEMU,MAS-BBQ-DN_SUB,08:50,08:53,1111111,4,false
P-66013-BBQPER-DN_SUB,66013,MEMU,BBQ-PER-DN_SUB,08:54,08:58,1111111,4,false
P-66013-PERABU-DN_SUB,66013,MEMU,PER-ABU-DN_SUB,08:59,09:13,1111111,4,false
P-66013-ABUAVD-DN_SUB,66013,MEMU,ABU-AVD-DN_SUB,09:14,09:22,1111111,4,false
P-66013-AVDTI-DN_SUB,66013,MEMU,AVD-TI-DN_SUB,09:23,09:35,1111111,4,false
P-66013-TITRL-DN_SUB,66013,MEMU,TI-TRL-DN_SUB,09:35,09:54,1111111,4,false
P-66013-TRLAJJ-DN_SUB,66013,MEMU,TRL-AJJ-DN_SUB,09:55,10:33,1111111,4,false
P-66014-MASBBQ-DN_SUB,66014,MEMU,MAS-BBQ-DN_SUB,09:10,09:13,1111111,4,false
P-66014-BBQPER-DN_SUB,66014,MEMU,BBQ-PER-DN_SUB,09:14,09:18,1111111,4,false
P-66014-PERABU-DN_SUB,66014,MEMU,PER-ABU-DN_SUB,09:19,09:33,1111111,4,false
P-66014-ABUAVD-DN_SUB,66014,MEMU,ABU-AVD-DN_SUB,09:34,09:42,1111111,4,false
P-66014-AVDTI-DN_SUB,66014,MEMU,AVD-TI-DN_SUB,09:43,09:55,1111111,4,false
P-66014-TITRL-DN_SUB,66014,MEMU,TI-TRL-DN_SUB,09:55,10:14,1111111,4,false
P-66014-TRLAJJ-DN_SUB,66014,MEMU,TRL-AJJ-DN_SUB,10:15,10:53,1111111,4,false
P-66015-MASBBQ-DN_SUB,66015,MEMU,MAS-BBQ-DN_SUB,09:30,09:33,1111111,4,false
P-66015-BBQPER-DN_SUB,66015,MEMU,BBQ-PER-DN_SUB,09:34,09:38,1111111,4,false
P-66015-PERABU-DN_SUB,66015,MEMU,PER-ABU-DN_SUB,09:39,09:53,1111111,4,false
P-66015-ABUAVD-DN_SUB,66015,MEMU,ABU-AVD-DN_SUB,09:54,10:02,1111111,4,false
P-66015-AVDTI-DN_SUB,66015,MEMU,AVD-TI-DN_SUB,10:03,10:15,1111111,4,false
P-66015-TITRL-DN_SUB,66015,MEMU,TI-TRL-DN_SUB,10:15,10:34,1111111,4,false
P-66015-TRLAJJ-DN_SUB,66015,MEMU,TRL-AJJ-DN_SUB,10:35,11:13,1111111,4,false
P-66016-MASBBQ-DN_SUB,66016,MEMU,MAS-BBQ-DN_SUB,09:50,09:53,1111111,4,false
P-66016-BBQPER-DN_SUB,66016,MEMU,BBQ-PER-DN_SUB,09:54,09:58,1111111,4,false
P-66016-PERABU-DN_SUB,66016,MEMU,PER-ABU-DN_SUB,09:59,10:13,1111111,4,false
P-66016-ABUAVD-DN_SUB,66016,MEMU,ABU-AVD-DN_SUB,10:14,10:22,1111111,4,false
P-66016-AVDTI-DN_SUB,66016,MEMU,AVD-TI-DN_SUB,10:23,10:35,1111111,4,false
P-66016-TITRL-DN_SUB,66016,MEMU,TI-TRL-DN_SUB,10:35,10:54,1111111,4,false
P-66016-TRLAJJ-DN_SUB,66016,MEMU,TRL-AJJ-DN_SUB,10:55,11:33,1111111,4,false
P-66017-MASBBQ-DN_SUB,66017,MEMU,MAS-BBQ-DN_SUB,10:10,10:13,1111111,4,false
P-66017-BBQPER-DN_SUB,66017,MEMU,BBQ-PER-DN_SUB,10:14,10:18,1111111,4,false
P-66017-PERABU-DN_SUB,66017,MEMU,PER-ABU-DN_SUB,10:19,10:33,1111111,4,false
P-66017-ABUAVD-DN_SUB,66017,MEMU,ABU-AVD-DN_SUB,10:34,10:42,1111111,4,false
P-66017-AVDTI-DN_SUB,66017,MEMU,AVD-TI-DN_SUB,10:43,10:55,1111111,4,false
P-66017-TITRL-DN_SUB,66017,MEMU,TI-TRL-DN_SUB,10:55,11:14,1111111,4,false
P-66017-TRLAJJ-DN_SUB,66017,MEMU,TRL-AJJ-DN_SUB,11:15,11:53,1111111,4,false
P-66018-MASBBQ-DN_SUB,66018,MEMU,MAS-BBQ-DN_SUB,10:30,10:33,1111111,4,false
P-66018-BBQPER-DN_SUB,66018,MEMU,BBQ-PER-DN_SUB,10:34,10:38,1111111,4,false
P-66018-PERABU-DN_SUB,66018,MEMU,PER-ABU-DN_SUB,10:39,10:53,1111111,4,false
P-66018-ABUAVD-DN_SUB,66018,MEMU,ABU-AVD-DN_SUB,10:54,11:02,1111111,4,false
P-66018-AVDTI-DN_SUB,66018,MEMU,AVD-TI-DN_SUB,11:03,11:15,1111111,4,false
P-66018-TITRL-DN_SUB,66018,MEMU,TI-TRL-DN_SUB,11:15,11:34,1111111,4,false
P-66018-TRLAJJ-DN_SUB,66018,MEMU,TRL-AJJ-DN_SUB,11:35,12:13,1111111,4,false
P-66019-MASBBQ-DN_SUB,66019,MEMU,MAS-BBQ-DN_SUB,10:50,10:53,1111111,4,false
P-66019-BBQPER-DN_SUB,66019,MEMU,BBQ-PER-DN_SUB,10:54,10:58,1111111,4,false
P-66019-PERABU-DN_SUB,66019,MEMU,PER-ABU-DN_SUB,10:59,11:13,1111111,4,false
P-66019-ABUAVD-DN_SUB,66019,MEMU,ABU-AVD-DN_SUB,11:14,11:22,1111111,4,false
P-66019-AVDTI-DN_SUB,66019,MEMU,AVD-TI-DN_SUB,11:23,11:35,1111111,4,false
P-66019-TITRL-DN_SUB,66019,MEMU,TI-TRL-DN_SUB,11:35,11:54,1111111,4,false
P-66019-TRLAJJ-DN_SUB,66019,MEMU,TRL-AJJ-DN_SUB,11:55,12:33,1111111,4,false
P-66020-MASBBQ-DN_SUB,66020,MEMU,MAS-BBQ-DN_SUB,11:10,11:13,1111111,4,false
P-66020-BBQPER-DN_SUB,66020,MEMU,BBQ-PER-DN_SUB,11:14,11:18,1111111,4,false
P-66020-PERABU-DN_SUB,66020,MEMU,PER-ABU-DN_SUB,11:19,11:33,1111111,4,false
P-66020-ABUAVD-DN_SUB,66020,MEMU,ABU-AVD-DN_SUB,11:34,11:42,1111111,4,false
P-66020-AVDTI-DN_SUB,66020,MEMU,AVD-TI-DN_SUB,11:43,11:55,1111111,4,false
P-66020-TITRL-DN_SUB,66020,MEMU,TI-TRL-DN_SUB,11:55,12:14,1111111,4,false
P-66020-TRLAJJ-DN_SUB,66020,MEMU,TRL-AJJ-DN_SUB,12:15,12:53,1111111,4,false
P-66021-MASBBQ-DN_SUB,66021,MEMU,MAS-BBQ-DN_SUB,11:30,11:33,1111111,4,false
P-66021-BBQPER-DN_SUB,66021,MEMU,BBQ-PER-DN_SUB,11:34,11:38,1111111,4,false
P-66021-PERABU-DN_SUB,66021,MEMU,PER-ABU-DN_SUB,11:39,11:53,1111111,4,false
P-66021-ABUAVD-DN_SUB,66021,MEMU,ABU-AVD-DN_SUB,11:54,12:02,1111111,4,false
P-66021-AVDTI-DN_SUB,66021,MEMU,AVD-TI-DN_SUB,12:03,12:15,1111111,4,false
P-66021-TITRL-DN_SUB,66021,MEMU,TI-TRL-DN_SUB,12:15,12:34,1111111,4,false
P-66021-TRLAJJ-DN_SUB,66021,MEMU,TRL-AJJ-DN_SUB,12:35,13:13,1111111,4,false
P-66022-MASBBQ-DN_SUB,66022,MEMU,MAS-BBQ-DN_SUB,11:50,11:53,1111111,4,false
P-66022-BBQPER-DN_SUB,66022,MEMU,BBQ-PER-DN_SUB,11:54,11:58,1111111,4,false
P-66022-PERABU-DN_SUB,66022,MEMU,PER-ABU-DN_SUB,11:59,12:13,1111111,4,false
P-66022-ABUAVD-DN_SUB,66022,MEMU,ABU-AVD-DN_SUB,12:14,12:22,1111111,4,false
P-66022-AVDTI-DN_SUB,66022,MEMU,AVD-TI-DN_SUB,12:23,12:35,1111111,4,false
P-66022-TITRL-DN_SUB,66022,MEMU,TI-TRL-DN_SUB,12:35,12:54,1111111,4,false
P-66022-TRLAJJ-DN_SUB,66022,MEMU,TRL-AJJ-DN_SUB,12:55,13:33,1111111,4,false
P-66023-MASBBQ-DN_SUB,66023,MEMU,MAS-BBQ-DN_SUB,12:10,12:13,1111111,4,false
P-66023-BBQPER-DN_SUB,66023,MEMU,BBQ-PER-DN_SUB,12:14,12:18,1111111,4,false
P-66023-PERABU-DN_SUB,66023,MEMU,PER-ABU-DN_SUB,12:19,12:33,1111111,4,false
P-66023-ABUAVD-DN_SUB,66023,MEMU,ABU-AVD-DN_SUB,12:34,12:42,1111111,4,false
P-66023-AVDTI-DN_SUB,66023,MEMU,AVD-TI-DN_SUB,12:43,12:55,1111111,4,false
P-66023-TITRL-DN_SUB,66023,MEMU,TI-TRL-DN_SUB,12:55,13:14,1111111,4,false
P-66023-TRLAJJ-DN_SUB,66023,MEMU,TRL-AJJ-DN_SUB,13:15,13:53,1111111,4,false
P-66024-MASBBQ-DN_SUB,66024,MEMU,MAS-BBQ-DN_SUB,12:30,12:33,1111111,4,false
P-66024-BBQPER-DN_SUB,66024,MEMU,BBQ-PER-DN_SUB,12:34,12:38,1111111,4,false
P-66024-PERABU-DN_SUB,66024,MEMU,PER-ABU-DN_SUB,12:39,12:53,1111111,4,false
P-66024-ABUAVD-DN_SUB,66024,MEMU,ABU-AVD-DN_SUB,12:54,13:02,1111111,4,false
P-66024-AVDTI-DN_SUB,66024,MEMU,AVD-TI-DN_SUB,13:03,13:15,1111111,4,false
P-66024-TITRL-DN_SUB,66024,MEMU,TI-TRL-DN_SUB,13:15,13:34,1111111,4,false
P-66024-TRLAJJ-DN_SUB,66024,MEMU,TRL-AJJ-DN_SUB,13:35,14:13,1111111,4,false
P-66025-MASBBQ-DN_SUB,66025,MEMU,MAS-BBQ-DN_SUB,12:50,12:53,1111111,4,false
P-66025-BBQPER-DN_SUB,66025,MEMU,BBQ-PER-DN_SUB,12:54,12:58,1111111,4,false
P-66025-PERABU-DN_SUB,66025,MEMU,PER-ABU-DN_SUB,12:59,13:13,1111111,4,false
P-66025-ABUAVD-DN_SUB,66025,MEMU,ABU-AVD-DN_SUB,13:14,13:22,1111111,4,false
P-66025-AVDTI-DN_SUB,66025,MEMU,AVD-TI-DN_SUB,13:23,13:35,1111111,4,false
P-66025-TITRL-DN_SUB,66025,MEMU,TI-TRL-DN_SUB,13:35,13:54,1111111,4,false
P-66025-TRLAJJ-DN_SUB,66025,MEMU,TRL-AJJ-DN_SUB,13:55,14:33,1111111,4,false
P-66026-MASBBQ-DN_SUB,66026,MEMU,MAS-BBQ-DN_SUB,13:10,13:13,1111111,4,false
P-66026-BBQPER-DN_SUB,66026,MEMU,BBQ-PER-DN_SUB,13:14,13:18,1111111,4,false
P-66026-PERABU-DN_SUB,66026,MEMU,PER-ABU-DN_SUB,13:19,13:33,1111111,4,false
P-66026-ABUAVD-DN_SUB,66026,MEMU,ABU-AVD-DN_SUB,13:34,13:42,1111111,4,false
P-66026-AVDTI-DN_SUB,66026,MEMU,AVD-TI-DN_SUB,13:43,13:55,1111111,4,false
P-66026-TITRL-DN_SUB,66026,MEMU,TI-TRL-DN_SUB,13:55,14:14,1111111,4,false
P-66026-TRLAJJ-DN_SUB,66026,MEMU,TRL-AJJ-DN_SUB,14:15,14:53,1111111,4,false
P-66027-MASBBQ-DN_SUB,66027,MEMU,MAS-BBQ-DN_SUB,13:30,13:33,1111111,4,false
P-66027-BBQPER-DN_SUB,66027,MEMU,BBQ-PER-DN_SUB,13:34,13:38,1111111,4,false
P-66027-PERABU-DN_SUB,66027,MEMU,PER-ABU-DN_SUB,13:39,13:53,1111111,4,false
P-66027-ABUAVD-DN_SUB,66027,MEMU,ABU-AVD-DN_SUB,13:54,14:02,1111111,4,false
P-66027-AVDTI-DN_SUB,66027,MEMU,AVD-TI-DN_SUB,14:03,14:15,1111111,4,false
P-66027-TITRL-DN_SUB,66027,MEMU,TI-TRL-DN_SUB,14:15,14:34,1111111,4,false
P-66027-TRLAJJ-DN_SUB,66027,MEMU,TRL-AJJ-DN_SUB,14:35,15:13,1111111,4,false
P-66028-MASBBQ-DN_SUB,66028,MEMU,MAS-BBQ-DN_SUB,13:50,13:53,1111111,4,false
P-66028-BBQPER-DN_SUB,66028,MEMU,BBQ-PER-DN_SUB,13:54,13:58,1111111,4,false
P-66028-PERABU-DN_SUB,66028,MEMU,PER-ABU-DN_SUB,13:59,14:13,1111111,4,false
P-66028-ABUAVD-DN_SUB,66028,MEMU,ABU-AVD-DN_SUB,14:14,14:22,1111111,4,false
P-66028-AVDTI-DN_SUB,66028,MEMU,AVD-TI-DN_SUB,14:23,14:35,1111111,4,false
P-66028-TITRL-DN_SUB,66028,MEMU,TI-TRL-DN_SUB,14:35,14:54,1111111,4,false
P-66028-TRLAJJ-DN_SUB,66028,MEMU,TRL-AJJ-DN_SUB,14:55,15:33,1111111,4,false
P-66029-MASBBQ-DN_SUB,66029,MEMU,MAS-BBQ-DN_SUB,14:10,14:13,1111111,4,false
P-66029-BBQPER-DN_SUB,66029,MEMU,BBQ-PER-DN_SUB,14:14,14:18,1111111,4,false
P-66029-PERABU-DN_SUB,66029,MEMU,PER-ABU-DN_SUB,14:19,14:33,1111111,4,false
P-66029-ABUAVD-DN_SUB,66029,MEMU,ABU-AVD-DN_SUB,14:34,14:42,1111111,4,false
P-66029-AVDTI-DN_SUB,66029,MEMU,AVD-TI-DN_SUB,14:43,14:55,1111111,4,false
P-66029-TITRL-DN_SUB,66029,MEMU,TI-TRL-DN_SUB,14:55,15:14,1111111,4,false
P-66029-TRLAJJ-DN_SUB,66029,MEMU,TRL-AJJ-DN_SUB,15:15,15:53,1111111,4,false
P-66030-MASBBQ-DN_SUB,66030,MEMU,MAS-BBQ-DN_SUB,14:30,14:33,1111111,4,false
P-66030-BBQPER-DN_SUB,66030,MEMU,BBQ-PER-DN_SUB,14:34,14:38,1111111,4,false
P-66030-PERABU-DN_SUB,66030,MEMU,PER-ABU-DN_SUB,14:39,14:53,1111111,4,false
P-66030-ABUAVD-DN_SUB,66030,MEMU,ABU-AVD-DN_SUB,14:54,15:02,1111111,4,false
P-66030-AVDTI-DN_SUB,66030,MEMU,AVD-TI-DN_SUB,15:03,15:15,1111111,4,false
P-66030-TITRL-DN_SUB,66030,MEMU,TI-TRL-DN_SUB,15:15,15:34,1111111,4,false
P-66030-TRLAJJ-DN_SUB,66030,MEMU,TRL-AJJ-DN_SUB,15:35,16:13,1111111,4,false
P-66031-MASBBQ-DN_SUB,66031,MEMU,MAS-BBQ-DN_SUB,14:50,14:53,1111111,4,false
P-66031-BBQPER-DN_SUB,66031,MEMU,BBQ-PER-DN_SUB,14:54,14:58,1111111,4,false
P-66031-PERABU-DN_SUB,66031,MEMU,PER-ABU-DN_SUB,14:59,15:13,1111111,4,false
P-66031-ABUAVD-DN_SUB,66031,MEMU,ABU-AVD-DN_SUB,15:14,15:22,1111111,4,false
P-66031-AVDTI-DN_SUB,66031,MEMU,AVD-TI-DN_SUB,15:23,15:35,1111111,4,false
P-66031-TITRL-DN_SUB,66031,MEMU,TI-TRL-DN_SUB,15:35,15:54,1111111,4,false
P-66031-TRLAJJ-DN_SUB,66031,MEMU,TRL-AJJ-DN_SUB,15:55,16:33,1111111,4,false
P-66032-MASBBQ-DN_SUB,66032,MEMU,MAS-BBQ-DN_SUB,15:10,15:13,1111111,4,false
P-66032-BBQPER-DN_SUB,66032,MEMU,BBQ-PER-DN_SUB,15:14,15:18,1111111,4,false
P-66032-PERABU-DN_SUB,66032,MEMU,PER-ABU-DN_SUB,15:19,15:33,1111111,4,false
P-66032-ABUAVD-DN_SUB,66032,MEMU,ABU-AVD-DN_SUB,15:34,15:42,1111111,4,false
P-66032-AVDTI-DN_SUB,66032,MEMU,AVD-TI-DN_SUB,15:43,15:55,1111111,4,false
P-66032-TITRL-DN_SUB,66032,MEMU,TI-TRL-DN_SUB,15:55,16:14,1111111,4,false
P-66032-TRLAJJ-DN_SUB,66032,MEMU,TRL-AJJ-DN_SUB,16:15,16:53,1111111,4,false
P-66033-MASBBQ-DN_SUB,66033,MEMU,MAS-BBQ-DN_SUB,15:30,15:33,1111111,4,false
P-66033-BBQPER-DN_SUB,66033,MEMU,BBQ-PER-DN_SUB,15:34,15:38,1111111,4,false
P-66033-PERABU-DN_SUB,66033,MEMU,PER-ABU-DN_SUB,15:39,15:53,1111111,4,false
P-66033-ABUAVD-DN_SUB,66033,MEMU,ABU-AVD-DN_SUB,15:54,16:02,1111111,4,false
P-66033-AVDTI-DN_SUB,66033,MEMU,AVD-TI-DN_SUB,16:03,16:15,1111111,4,false
P-66033-TITRL-DN_SUB,66033,MEMU,TI-TRL-DN_SUB,16:15,16:34,1111111,4,false
P-66033-TRLAJJ-DN_SUB,66033,MEMU,TRL-AJJ-DN_SUB,16:35,17:13,1111111,4,false
P-66034-MASBBQ-DN_SUB,66034,MEMU,MAS-BBQ-DN_SUB,15:50,15:53,1111111,4,false
P-66034-BBQPER-DN_SUB,66034,MEMU,BBQ-PER-DN_SUB,15:54,15:58,1111111,4,false
P-66034-PERABU-DN_SUB,66034,MEMU,PER-ABU-DN_SUB,15:59,16:13,1111111,4,false
P-66034-ABUAVD-DN_SUB,66034,MEMU,ABU-AVD-DN_SUB,16:14,16:22,1111111,4,false
P-66034-AVDTI-DN_SUB,66034,MEMU,AVD-TI-DN_SUB,16:23,16:35,1111111,4,false
P-66034-TITRL-DN_SUB,66034,MEMU,TI-TRL-DN_SUB,16:35,16:54,1111111,4,false
P-66034-TRLAJJ-DN_SUB,66034,MEMU,TRL-AJJ-DN_SUB,16:55,17:33,1111111,4,false
P-66035-MASBBQ-DN_SUB,66035,MEMU,MAS-BBQ-DN_SUB,16:10,16:13,1111111,4,false
P-66035-BBQPER-DN_SUB,66035,MEMU,BBQ-PER-DN_SUB,16:14,16:18,1111111,4,false
P-66035-PERABU-DN_SUB,66035,MEMU,PER-ABU-DN_SUB,16:19,16:33,1111111,4,false
P-66035-ABUAVD-DN_SUB,66035,MEMU,ABU-AVD-DN_SUB,16:34,16:42,1111111,4,false
P-66035-AVDTI-DN_SUB,66035,MEMU,AVD-TI-DN_SUB,16:43,16:55,1111111,4,false
P-66035-TITRL-DN_SUB,66035,MEMU,TI-TRL-DN_SUB,16:55,17:14,1111111,4,false
P-66035-TRLAJJ-DN_SUB,66035,MEMU,TRL-AJJ-DN_SUB,17:15,17:53,1111111,4,false
P-66036-MASBBQ-DN_SUB,66036,MEMU,MAS-BBQ-DN_SUB,16:30,16:33,1111111,4,false
P-66036-BBQPER-DN_SUB,66036,MEMU,BBQ-PER-DN_SUB,16:34,16:38,1111111,4,false
P-66036-PERABU-DN_SUB,66036,MEMU,PER-ABU-DN_SUB,16:39,16:53,1111111,4,false
P-66036-ABUAVD-DN_SUB,66036,MEMU,ABU-AVD-DN_SUB,16:54,17:02,1111111,4,false
P-66036-AVDTI-DN_SUB,66036,MEMU,AVD-TI-DN_SUB,17:03,17:15,1111111,4,false
P-66036-TITRL-DN_SUB,66036,MEMU,TI-TRL-DN_SUB,17:15,17:34,1111111,4,false
P-66036-TRLAJJ-DN_SUB,66036,MEMU,TRL-AJJ-DN_SUB,17:35,18:13,1111111,4,false
P-66037-MASBBQ-DN_SUB,66037,MEMU,MAS-BBQ-DN_SUB,16:50,16:53,1111111,4,false
P-66037-BBQPER-DN_SUB,66037,MEMU,BBQ-PER-DN_SUB,16:54,16:58,1111111,4,false
P-66037-PERABU-DN_SUB,66037,MEMU,PER-ABU-DN_SUB,16:59,17:13,1111111,4,false
P-66037-ABUAVD-DN_SUB,66037,MEMU,ABU-AVD-DN_SUB,17:14,17:22,1111111,4,false
P-66037-AVDTI-DN_SUB,66037,MEMU,AVD-TI-DN_SUB,17:23,17:35,1111111,4,false
P-66037-TITRL-DN_SUB,66037,MEMU,TI-TRL-DN_SUB,17:35,17:54,1111111,4,false
P-66037-TRLAJJ-DN_SUB,66037,MEMU,TRL-AJJ-DN_SUB,17:55,18:33,1111111,4,false
P-66038-MASBBQ-DN_SUB,66038,MEMU,MAS-BBQ-DN_SUB,17:10,17:13,1111111,4,false
P-66038-BBQPER-DN_SUB,66038,MEMU,BBQ-PER-DN_SUB,17:14,17:18,1111111,4,false
P-66038-PERABU-DN_SUB,66038,MEMU,PER-ABU-DN_SUB,17:19,17:33,1111111,4,false
P-66038-ABUAVD-DN_SUB,66038,MEMU,ABU-AVD-DN_SUB,17:34,17:42,1111111,4,false
P-66038-AVDTI-DN_SUB,66038,MEMU,AVD-TI-DN_SUB,17:43,17:55,1111111,4,false
P-66038-TITRL-DN_SUB,66038,MEMU,TI-TRL-DN_SUB,17:55,18:14,1111111,4,false
P-66038-TRLAJJ-DN_SUB,66038,MEMU,TRL-AJJ-DN_SUB,18:15,18:53,1111111,4,false
P-66039-MASBBQ-DN_SUB,66039,MEMU,MAS-BBQ-DN_SUB,17:30,17:33,1111111,4,false
P-66039-BBQPER-DN_SUB,66039,MEMU,BBQ-PER-DN_SUB,17:34,17:38,1111111,4,false
P-66039-PERABU-DN_SUB,66039,MEMU,PER-ABU-DN_SUB,17:39,17:53,1111111,4,false
P-66039-ABUAVD-DN_SUB,66039,MEMU,ABU-AVD-DN_SUB,17:54,18:02,1111111,4,false
P-66039-AVDTI-DN_SUB,66039,MEMU,AVD-TI-DN_SUB,18:03,18:15,1111111,4,false
P-66039-TITRL-DN_SUB,66039,MEMU,TI-TRL-DN_SUB,18:15,18:34,1111111,4,false
P-66039-TRLAJJ-DN_SUB,66039,MEMU,TRL-AJJ-DN_SUB,18:35,19:13,1111111,4,false
P-66040-MASBBQ-DN_SUB,66040,MEMU,MAS-BBQ-DN_SUB,17:50,17:53,1111111,4,false
P-66040-BBQPER-DN_SUB,66040,MEMU,BBQ-PER-DN_SUB,17:54,17:58,1111111,4,false
P-66040-PERABU-DN_SUB,66040,MEMU,PER-ABU-DN_SUB,17:59,18:13,1111111,4,false
P-66040-ABUAVD-DN_SUB,66040,MEMU,ABU-AVD-DN_SUB,18:14,18:22,1111111,4,false
P-66040-AVDTI-DN_SUB,66040,MEMU,AVD-TI-DN_SUB,18:23,18:35,1111111,4,false
P-66040-TITRL-DN_SUB,66040,MEMU,TI-TRL-DN_SUB,18:35,18:54,1111111,4,false
P-66040-TRLAJJ-DN_SUB,66040,MEMU,TRL-AJJ-DN_SUB,18:55,19:33,1111111,4,false
P-66041-MASBBQ-DN_SUB,66041,MEMU,MAS-BBQ-DN_SUB,18:10,18:13,1111111,4,false
P-66041-BBQPER-DN_SUB,66041,MEMU,BBQ-PER-DN_SUB,18:14,18:18,1111111,4,false
P-66041-PERABU-DN_SUB,66041,MEMU,PER-ABU-DN_SUB,18:19,18:33,1111111,4,false
P-66041-ABUAVD-DN_SUB,66041,MEMU,ABU-AVD-DN_SUB,18:34,18:42,1111111,4,false
P-66041-AVDTI-DN_SUB,66041,MEMU,AVD-TI-DN_SUB,18:43,18:55,1111111,4,false
P-66041-TITRL-DN_SUB,66041,MEMU,TI-TRL-DN_SUB,18:55,19:14,1111111,4,false
P-66041-TRLAJJ-DN_SUB,66041,MEMU,TRL-AJJ-DN_SUB,19:15,19:53,1111111,4,false
P-66042-MASBBQ-DN_SUB,66042,MEMU,MAS-BBQ-DN_SUB,18:30,18:33,1111111,4,false
P-66042-BBQPER-DN_SUB,66042,MEMU,BBQ-PER-DN_SUB,18:34,18:38,1111111,4,false
P-66042-PERABU-DN_SUB,66042,MEMU,PER-ABU-DN_SUB,18:39,18:53,1111111,4,false
P-66042-ABUAVD-DN_SUB,66042,MEMU,ABU-AVD-DN_SUB,18:54,19:02,1111111,4,false
P-66042-AVDTI-DN_SUB,66042,MEMU,AVD-TI-DN_SUB,19:03,19:15,1111111,4,false
P-66042-TITRL-DN_SUB,66042,MEMU,TI-TRL-DN_SUB,19:15,19:34,1111111,4,false
P-66042-TRLAJJ-DN_SUB,66042,MEMU,TRL-AJJ-DN_SUB,19:35,20:13,1111111,4,false
P-66043-MASBBQ-DN_SUB,66043,MEMU,MAS-BBQ-DN_SUB,18:50,18:53,1111111,4,false
P-66043-BBQPER-DN_SUB,66043,MEMU,BBQ-PER-DN_SUB,18:54,18:58,1111111,4,false
P-66043-PERABU-DN_SUB,66043,MEMU,PER-ABU-DN_SUB,18:59,19:13,1111111,4,false
P-66043-ABUAVD-DN_SUB,66043,MEMU,ABU-AVD-DN_SUB,19:14,19:22,1111111,4,false
P-66043-AVDTI-DN_SUB,66043,MEMU,AVD-TI-DN_SUB,19:23,19:35,1111111,4,false
P-66043-TITRL-DN_SUB,66043,MEMU,TI-TRL-DN_SUB,19:35,19:54,1111111,4,false
P-66043-TRLAJJ-DN_SUB,66043,MEMU,TRL-AJJ-DN_SUB,19:55,20:33,1111111,4,false
P-66044-MASBBQ-DN_SUB,66044,MEMU,MAS-BBQ-DN_SUB,19:10,19:13,1111111,4,false
P-66044-BBQPER-DN_SUB,66044,MEMU,BBQ-PER-DN_SUB,19:14,19:18,1111111,4,false
P-66044-PERABU-DN_SUB,66044,MEMU,PER-ABU-DN_SUB,19:19,19:33,1111111,4,false
P-66044-ABUAVD-DN_SUB,66044,MEMU,ABU-AVD-DN_SUB,19:34,19:42,1111111,4,false
P-66044-AVDTI-DN_SUB,66044,MEMU,AVD-TI-DN_SUB,19:43,19:55,1111111,4,false
P-66044-TITRL-DN_SUB,66044,MEMU,TI-TRL-DN_SUB,19:55,20:14,1111111,4,false
P-66044-TRLAJJ-DN_SUB,66044,MEMU,TRL-AJJ-DN_SUB,20:15,20:53,1111111,4,false
P-66045-MASBBQ-DN_SUB,66045,MEMU,MAS-BBQ-DN_SUB,19:30,19:33,1111111,4,false
P-66045-BBQPER-DN_SUB,66045,MEMU,BBQ-PER-DN_SUB,19:34,19:38,1111111,4,false
P-66045-PERABU-DN_SUB,66045,MEMU,PER-ABU-DN_SUB,19:39,19:53,1111111,4,false
P-66045-ABUAVD-DN_SUB,66045,MEMU,ABU-AVD-DN_SUB,19:54,20:02,1111111,4,false
P-66045-AVDTI-DN_SUB,66045,MEMU,AVD-TI-DN_SUB,20:03,20:15,1111111,4,false
P-66045-TITRL-DN_SUB,66045,MEMU,TI-TRL-DN_SUB,20:15,20:34,1111111,4,false
P-66045-TRLAJJ-DN_SUB,66045,MEMU,TRL-AJJ-DN_SUB,20:35,21:13,1111111,4,false
P-66046-MASBBQ-DN_SUB,66046,MEMU,MAS-BBQ-DN_SUB,19:50,19:53,1111111,4,false
P-66046-BBQPER-DN_SUB,66046,MEMU,BBQ-PER-DN_SUB,19:54,19:58,1111111,4,false
P-66046-PERABU-DN_SUB,66046,MEMU,PER-ABU-DN_SUB,19:59,20:13,1111111,4,false
P-66046-ABUAVD-DN_SUB,66046,MEMU,ABU-AVD-DN_SUB,20:14,20:22,1111111,4,false
P-66046-AVDTI-DN_SUB,66046,MEMU,AVD-TI-DN_SUB,20:23,20:35,1111111,4,false
P-66046-TITRL-DN_SUB,66046,MEMU,TI-TRL-DN_SUB,20:35,20:54,1111111,4,false
P-66046-TRLAJJ-DN_SUB,66046,MEMU,TRL-AJJ-DN_SUB,20:55,21:33,1111111,4,false
P-66047-MASBBQ-DN_SUB,66047,MEMU,MAS-BBQ-DN_SUB,20:10,20:13,1111111,4,false
P-66047-BBQPER-DN_SUB,66047,MEMU,BBQ-PER-DN_SUB,20:14,20:18,1111111,4,false
P-66047-PERABU-DN_SUB,66047,MEMU,PER-ABU-DN_SUB,20:19,20:33,1111111,4,false
P-66047-ABUAVD-DN_SUB,66047,MEMU,ABU-AVD-DN_SUB,20:34,20:42,1111111,4,false
P-66047-AVDTI-DN_SUB,66047,MEMU,AVD-TI-DN_SUB,20:43,20:55,1111111,4,false
P-66047-TITRL-DN_SUB,66047,MEMU,TI-TRL-DN_SUB,20:55,21:14,1111111,4,false
P-66047-TRLAJJ-DN_SUB,66047,MEMU,TRL-AJJ-DN_SUB,21:15,21:53,1111111,4,false
P-66048-MASBBQ-DN_SUB,66048,MEMU,MAS-BBQ-DN_SUB,20:30,20:33,1111111,4,false
P-66048-BBQPER-DN_SUB,66048,MEMU,BBQ-PER-DN_SUB,20:34,20:38,1111111,4,false
P-66048-PERABU-DN_SUB,66048,MEMU,PER-ABU-DN_SUB,20:39,20:53,1111111,4,false
P-66048-ABUAVD-DN_SUB,66048,MEMU,ABU-AVD-DN_SUB,20:54,21:02,1111111,4,false
P-66048-AVDTI-DN_SUB,66048,MEMU,AVD-TI-DN_SUB,21:03,21:15,1111111,4,false
P-66048-TITRL-DN_SUB,66048,MEMU,TI-TRL-DN_SUB,21:15,21:34,1111111,4,false
P-66048-TRLAJJ-DN_SUB,66048,MEMU,TRL-AJJ-DN_SUB,21:35,22:13,1111111,4,false
P-66049-MASBBQ-DN_SUB,66049,MEMU,MAS-BBQ-DN_SUB,20:50,20:53,1111111,4,false
P-66049-BBQPER-DN_SUB,66049,MEMU,BBQ-PER-DN_SUB,20:54,20:58,1111111,4,false
P-66049-PERABU-DN_SUB,66049,MEMU,PER-ABU-DN_SUB,20:59,21:13,1111111,4,false
P-66049-ABUAVD-DN_SUB,66049,MEMU,ABU-AVD-DN_SUB,21:14,21:22,1111111,4,false
P-66049-AVDTI-DN_SUB,66049,MEMU,AVD-TI-DN_SUB,21:23,21:35,1111111,4,false
P-66049-TITRL-DN_SUB,66049,MEMU,TI-TRL-DN_SUB,21:35,21:54,1111111,4,false
P-66049-TRLAJJ-DN_SUB,66049,MEMU,TRL-AJJ-DN_SUB,21:55,22:33,1111111,4,false
P-66050-MASBBQ-DN_SUB,66050,MEMU,MAS-BBQ-DN_SUB,21:10,21:13,1111111,4,false
P-66050-BBQPER-DN_SUB,66050,MEMU,BBQ-PER-DN_SUB,21:14,21:18,1111111,4,false
P-66050-PERABU-DN_SUB,66050,MEMU,PER-ABU-DN_SUB,21:19,21:33,1111111,4,false
P-66050-ABUAVD-DN_SUB,66050,MEMU,ABU-AVD-DN_SUB,21:34,21:42,1111111,4,false
P-66050-AVDTI-DN_SUB,66050,MEMU,AVD-TI-DN_SUB,21:43,21:55,1111111,4,false
P-66050-TITRL-DN_SUB,66050,MEMU,TI-TRL-DN_SUB,21:55,22:14,1111111,4,false
P-66050-TRLAJJ-DN_SUB,66050,MEMU,TRL-AJJ-DN_SUB,22:15,22:53,1111111,4,false
P-66051-MASBBQ-DN_SUB,66051,MEMU,MAS-BBQ-DN_SUB,21:30,21:33,1111111,4,false
P-66051-BBQPER-DN_SUB,66051,MEMU,BBQ-PER-DN_SUB,21:34,21:38,1111111,4,false
P-66051-PERABU-DN_SUB,66051,MEMU,PER-ABU-DN_SUB,21:39,21:53,1111111,4,false
P-66051-ABUAVD-DN_SUB,66051,MEMU,ABU-AVD-DN_SUB,21:54,22:02,1111111,4,false
P-66051-AVDTI-DN_SUB,66051,MEMU,AVD-TI-DN_SUB,22:03,22:15,1111111,4,false
P-66051-TITRL-DN_SUB,66051,MEMU,TI-TRL-DN_SUB,22:15,22:34,1111111,4,false
P-66051-TRLAJJ-DN_SUB,66051,MEMU,TRL-AJJ-DN_SUB,22:35,23:13,1111111,4,false
P-66052-MASBBQ-DN_SUB,66052,MEMU,MAS-BBQ-DN_SUB,21:50,21:53,1111111,4,false
P-66052-BBQPER-DN_SUB,66052,MEMU,BBQ-PER-DN_SUB,21:54,21:58,1111111,4,false
P-66052-PERABU-DN_SUB,66052,MEMU,PER-ABU-DN_SUB,21:59,22:13,1111111,4,false
P-66052-ABUAVD-DN_SUB,66052,MEMU,ABU-AVD-DN_SUB,22:14,22:22,1111111,4,false
P-66052-AVDTI-DN_SUB,66052,MEMU,AVD-TI-DN_SUB,22:23,22:35,1111111,4,false
P-66052-TITRL-DN_SUB,66052,MEMU,TI-TRL-DN_SUB,22:35,22:54,1111111,4,false
P-66052-TRLAJJ-DN_SUB,66052,MEMU,TRL-AJJ-DN_SUB,22:55,23:33,1111111,4,false
P-66053-MASBBQ-DN_SUB,66053,MEMU,MAS-BBQ-DN_SUB,22:10,22:13,1111111,4,false
P-66053-BBQPER-DN_SUB,66053,MEMU,BBQ-PER-DN_SUB,22:14,22:18,1111111,4,false
P-66053-PERABU-DN_SUB,66053,MEMU,PER-ABU-DN_SUB,22:19,22:33,1111111,4,false
P-66053-ABUAVD-DN_SUB,66053,MEMU,ABU-AVD-DN_SUB,22:34,22:42,1111111,4,false
P-66053-AVDTI-DN_SUB,66053,MEMU,AVD-TI-DN_SUB,22:43,22:55,1111111,4,false
P-66053-TITRL-DN_SUB,66053,MEMU,TI-TRL-DN_SUB,22:55,23:14,1111111,4,false
P-66053-TRLAJJ-DN_SUB,66053,MEMU,TRL-AJJ-DN_SUB,23:15,23:53,1111111,4,false
P-66054-MASBBQ-DN_SUB,66054,MEMU,MAS-BBQ-DN_SUB,22:30,22:33,1111111,4,false
P-66054-BBQPER-DN_SUB,66054,MEMU,BBQ-PER-DN_SUB,22:34,22:38,1111111,4,false
P-66054-PERABU-DN_SUB,66054,MEMU,PER-ABU-DN_SUB,22:39,22:53,1111111,4,false
P-66054-ABUAVD-DN_SUB,66054,MEMU,ABU-AVD-DN_SUB,22:54,23:02,1111111,4,false
P-66054-AVDTI-DN_SUB,66054,MEMU,AVD-TI-DN_SUB,23:03,23:15,1111111,4,false
P-66054-TITRL-DN_SUB,66054,MEMU,TI-TRL-DN_SUB,23:15,23:34,1111111,4,false
P-66054-TRLAJJ-DN_SUB,66054,MEMU,TRL-AJJ-DN_SUB,23:35,00:13,1111111,4,false
P-66500-TRLAJJ-UP_SUB,66500,MEMU,TRL-AJJ-UP_SUB,04:30,05:08,1111111,4,false
P-66500-TITRL-UP_SUB,66500,MEMU,TI-TRL-UP_SUB,05:09,05:27,1111111,4,false
P-66500-AVDTI-UP_SUB,66500,MEMU,AVD-TI-UP_SUB,05:28,05:39,1111111,4,false
P-66500-ABUAVD-UP_SUB,66500,MEMU,ABU-AVD-UP_SUB,05:40,05:49,1111111,4,false
P-66500-PERABU-UP_SUB,66500,MEMU,PER-ABU-UP_SUB,05:50,06:04,1111111,4,false
P-66500-BBQPER-UP_SUB,66500,MEMU,BBQ-PER-UP_SUB,06:05,06:09,1111111,4,false
P-66500-MASBBQ-UP_SUB,66500,MEMU,MAS-BBQ-UP_SUB,06:10,06:13,1111111,4,false
P-66501-TRLAJJ-UP_SUB,66501,MEMU,TRL-AJJ-UP_SUB,04:50,05:28,1111111,4,false
P-66501-TITRL-UP_SUB,66501,MEMU,TI-TRL-UP_SUB,05:29,05:47,1111111,4,false
P-66501-AVDTI-UP_SUB,66501,MEMU,AVD-TI-UP_SUB,05:48,05:59,1111111,4,false
P-66501-ABUAVD-UP_SUB,66501,MEMU,ABU-AVD-UP_SUB,06:00,06:09,1111111,4,false
P-66501-PERABU-UP_SUB,66501,MEMU,PER-ABU-UP_SUB,06:10,06:24,1111111,4,false
P-66501-BBQPER-UP_SUB,66501,MEMU,BBQ-PER-UP_SUB,06:25,06:29,1111111,4,false
P-66501-MASBBQ-UP_SUB,66501,MEMU,MAS-BBQ-UP_SUB,06:30,06:33,1111111,4,false
P-66502-TRLAJJ-UP_SUB,66502,MEMU,TRL-AJJ-UP_SUB,05:10,05:48,1111111,4,false
P-66502-TITRL-UP_SUB,66502,MEMU,TI-TRL-UP_SUB,05:49,06:07,1111111,4,false
P-66502-AVDTI-UP_SUB,66502,MEMU,AVD-TI-UP_SUB,06:08,06:19,1111111,4,false
P-66502-ABUAVD-UP_SUB,66502,MEMU,ABU-AVD-UP_SUB,06:20,06:29,1111111,4,false
P-66502-PERABU-UP_SUB,66502,MEMU,PER-ABU-UP_SUB,06:30,06:44,1111111,4,false
P-66502-BBQPER-UP_SUB,66502,MEMU,BBQ-PER-UP_SUB,06:45,06:49,1111111,4,false
P-66502-MASBBQ-UP_SUB,66502,MEMU,MAS-BBQ-UP_SUB,06:50,06:53,1111111,4,false
P-66503-TRLAJJ-UP_SUB,66503,MEMU,TRL-AJJ-UP_SUB,05:30,06:08,1111111,4,false
P-66503-TITRL-UP_SUB,66503,MEMU,TI-TRL-UP_SUB,06:09,06:27,1111111,4,false
P-66503-AVDTI-UP_SUB,66503,MEMU,AVD-TI-UP_SUB,06:28,06:39,1111111,4,false
P-66503-ABUAVD-UP_SUB,66503,MEMU,ABU-AVD-UP_SUB,06:40,06:49,1111111,4,false
P-66503-PERABU-UP_SUB,66503,MEMU,PER-ABU-UP_SUB,06:50,07:04,1111111,4,false
P-66503-BBQPER-UP_SUB,66503,MEMU,BBQ-PER-UP_SUB,07:05,07:09,1111111,4,false
P-66503-MASBBQ-UP_SUB,66503,MEMU,MAS-BBQ-UP_SUB,07:10,07:13,1111111,4,false
P-66504-TRLAJJ-UP_SUB,66504,MEMU,TRL-AJJ-UP_SUB,05:50,06:28,1111111,4,false
P-66504-TITRL-UP_SUB,66504,MEMU,TI-TRL-UP_SUB,06:29,06:47,1111111,4,false
P-66504-AVDTI-UP_SUB,66504,MEMU,AVD-TI-UP_SUB,06:48,06:59,1111111,4,false
P-66504-ABUAVD-UP_SUB,66504,MEMU,ABU-AVD-UP_SUB,07:00,07:09,1111111,4,false
P-66504-PERABU-UP_SUB,66504,MEMU,PER-ABU-UP_SUB,07:10,07:24,1111111,4,false
P-66504-BBQPER-UP_SUB,66504,MEMU,BBQ-PER-UP_SUB,07:25,07:29,1111111,4,false
P-66504-MASBBQ-UP_SUB,66504,MEMU,MAS-BBQ-UP_SUB,07:30,07:33,1111111,4,false
P-66505-TRLAJJ-UP_SUB,66505,MEMU,TRL-AJJ-UP_SUB,06:10,06:48,1111111,4,false
P-66505-TITRL-UP_SUB,66505,MEMU,TI-TRL-UP_SUB,06:49,07:07,1111111,4,false
P-66505-AVDTI-UP_SUB,66505,MEMU,AVD-TI-UP_SUB,07:08,07:19,1111111,4,false
P-66505-ABUAVD-UP_SUB,66505,MEMU,ABU-AVD-UP_SUB,07:20,07:29,1111111,4,false
P-66505-PERABU-UP_SUB,66505,MEMU,PER-ABU-UP_SUB,07:30,07:44,1111111,4,false
P-66505-BBQPER-UP_SUB,66505,MEMU,BBQ-PER-UP_SUB,07:45,07:49,1111111,4,false
P-66505-MASBBQ-UP_SUB,66505,MEMU,MAS-BBQ-UP_SUB,07:50,07:53,1111111,4,false
P-66506-TRLAJJ-UP_SUB,66506,MEMU,TRL-AJJ-UP_SUB,06:30,07:08,1111111,4,false
P-66506-TITRL-UP_SUB,66506,MEMU,TI-TRL-UP_SUB,07:09,07:27,1111111,4,false
P-66506-AVDTI-UP_SUB,66506,MEMU,AVD-TI-UP_SUB,07:28,07:39,1111111,4,false
P-66506-ABUAVD-UP_SUB,66506,MEMU,ABU-AVD-UP_SUB,07:40,07:49,1111111,4,false
P-66506-PERABU-UP_SUB,66506,MEMU,PER-ABU-UP_SUB,07:50,08:04,1111111,4,false
P-66506-BBQPER-UP_SUB,66506,MEMU,BBQ-PER-UP_SUB,08:05,08:09,1111111,4,false
P-66506-MASBBQ-UP_SUB,66506,MEMU,MAS-BBQ-UP_SUB,08:10,08:13,1111111,4,false
P-66507-TRLAJJ-UP_SUB,66507,MEMU,TRL-AJJ-UP_SUB,06:50,07:28,1111111,4,false
P-66507-TITRL-UP_SUB,66507,MEMU,TI-TRL-UP_SUB,07:29,07:47,1111111,4,false
P-66507-AVDTI-UP_SUB,66507,MEMU,AVD-TI-UP_SUB,07:48,07:59,1111111,4,false
P-66507-ABUAVD-UP_SUB,66507,MEMU,ABU-AVD-UP_SUB,08:00,08:09,1111111,4,false
P-66507-PERABU-UP_SUB,66507,MEMU,PER-ABU-UP_SUB,08:10,08:24,1111111,4,false
P-66507-BBQPER-UP_SUB,66507,MEMU,BBQ-PER-UP_SUB,08:25,08:29,1111111,4,false
P-66507-MASBBQ-UP_SUB,66507,MEMU,MAS-BBQ-UP_SUB,08:30,08:33,1111111,4,false
P-66508-TRLAJJ-UP_SUB,66508,MEMU,TRL-AJJ-UP_SUB,07:10,07:48,1111111,4,false
P-66508-TITRL-UP_SUB,66508,MEMU,TI-TRL-UP_SUB,07:49,08:07,1111111,4,false
P-66508-AVDTI-UP_SUB,66508,MEMU,AVD-TI-UP_SUB,08:08,08:19,1111111,4,false
P-66508-ABUAVD-UP_SUB,66508,MEMU,ABU-AVD-UP_SUB,08:20,08:29,1111111,4,false
P-66508-PERABU-UP_SUB,66508,MEMU,PER-ABU-UP_SUB,08:30,08:44,1111111,4,false
P-66508-BBQPER-UP_SUB,66508,MEMU,BBQ-PER-UP_SUB,08:45,08:49,1111111,4,false
P-66508-MASBBQ-UP_SUB,66508,MEMU,MAS-BBQ-UP_SUB,08:50,08:53,1111111,4,false
P-66509-TRLAJJ-UP_SUB,66509,MEMU,TRL-AJJ-UP_SUB,07:30,08:08,1111111,4,false
P-66509-TITRL-UP_SUB,66509,MEMU,TI-TRL-UP_SUB,08:09,08:27,1111111,4,false
P-66509-AVDTI-UP_SUB,66509,MEMU,AVD-TI-UP_SUB,08:28,08:39,1111111,4,false
P-66509-ABUAVD-UP_SUB,66509,MEMU,ABU-AVD-UP_SUB,08:40,08:49,1111111,4,false
P-66509-PERABU-UP_SUB,66509,MEMU,PER-ABU-UP_SUB,08:50,09:04,1111111,4,false
P-66509-BBQPER-UP_SUB,66509,MEMU,BBQ-PER-UP_SUB,09:05,09:09,1111111,4,false
P-66509-MASBBQ-UP_SUB,66509,MEMU,MAS-BBQ-UP_SUB,09:10,09:13,1111111,4,false
P-66510-TRLAJJ-UP_SUB,66510,MEMU,TRL-AJJ-UP_SUB,07:50,08:28,1111111,4,false
P-66510-TITRL-UP_SUB,66510,MEMU,TI-TRL-UP_SUB,08:29,08:47,1111111,4,false
P-66510-AVDTI-UP_SUB,66510,MEMU,AVD-TI-UP_SUB,08:48,08:59,1111111,4,false
P-66510-ABUAVD-UP_SUB,66510,MEMU,ABU-AVD-UP_SUB,09:00,09:09,1111111,4,false
P-66510-PERABU-UP_SUB,66510,MEMU,PER-ABU-UP_SUB,09:10,09:24,1111111,4,false
P-66510-BBQPER-UP_SUB,66510,MEMU,BBQ-PER-UP_SUB,09:25,09:29,1111111,4,false
P-66510-MASBBQ-UP_SUB,66510,MEMU,MAS-BBQ-UP_SUB,09:30,09:33,1111111,4,false
P-66511-TRLAJJ-UP_SUB,66511,MEMU,TRL-AJJ-UP_SUB,08:10,08:48,1111111,4,false
P-66511-TITRL-UP_SUB,66511,MEMU,TI-TRL-UP_SUB,08:49,09:07,1111111,4,false
P-66511-AVDTI-UP_SUB,66511,MEMU,AVD-TI-UP_SUB,09:08,09:19,1111111,4,false
P-66511-ABUAVD-UP_SUB,66511,MEMU,ABU-AVD-UP_SUB,09:20,09:29,1111111,4,false
P-66511-PERABU-UP_SUB,66511,MEMU,PER-ABU-UP_SUB,09:30,09:44,1111111,4,false
P-66511-BBQPER-UP_SUB,66511,MEMU,BBQ-PER-UP_SUB,09:45,09:49,1111111,4,false
P-66511-MASBBQ-UP_SUB,66511,MEMU,MAS-BBQ-UP_SUB,09:50,09:53,1111111,4,false
P-66512-TRLAJJ-UP_SUB,66512,MEMU,TRL-AJJ-UP_SUB,08:30,09:08,1111111,4,false
P-66512-TITRL-UP_SUB,66512,MEMU,TI-TRL-UP_SUB,09:09,09:27,1111111,4,false
P-66512-AVDTI-UP_SUB,66512,MEMU,AVD-TI-UP_SUB,09:28,09:39,1111111,4,false
P-66512-ABUAVD-UP_SUB,66512,MEMU,ABU-AVD-UP_SUB,09:40,09:49,1111111,4,false
P-66512-PERABU-UP_SUB,66512,MEMU,PER-ABU-UP_SUB,09:50,10:04,1111111,4,false
P-66512-BBQPER-UP_SUB,66512,MEMU,BBQ-PER-UP_SUB,10:05,10:09,1111111,4,false
P-66512-MASBBQ-UP_SUB,66512,MEMU,MAS-BBQ-UP_SUB,10:10,10:13,1111111,4,false
P-66513-TRLAJJ-UP_SUB,66513,MEMU,TRL-AJJ-UP_SUB,08:50,09:28,1111111,4,false
P-66513-TITRL-UP_SUB,66513,MEMU,TI-TRL-UP_SUB,09:29,09:47,1111111,4,false
P-66513-AVDTI-UP_SUB,66513,MEMU,AVD-TI-UP_SUB,09:48,09:59,1111111,4,false
P-66513-ABUAVD-UP_SUB,66513,MEMU,ABU-AVD-UP_SUB,10:00,10:09,1111111,4,false
P-66513-PERABU-UP_SUB,66513,MEMU,PER-ABU-UP_SUB,10:10,10:24,1111111,4,false
P-66513-BBQPER-UP_SUB,66513,MEMU,BBQ-PER-UP_SUB,10:25,10:29,1111111,4,false
P-66513-MASBBQ-UP_SUB,66513,MEMU,MAS-BBQ-UP_SUB,10:30,10:33,1111111,4,false
P-66514-TRLAJJ-UP_SUB,66514,MEMU,TRL-AJJ-UP_SUB,09:10,09:48,1111111,4,false
P-66514-TITRL-UP_SUB,66514,MEMU,TI-TRL-UP_SUB,09:49,10:07,1111111,4,false
P-66514-AVDTI-UP_SUB,66514,MEMU,AVD-TI-UP_SUB,10:08,10:19,1111111,4,false
P-66514-ABUAVD-UP_SUB,66514,MEMU,ABU-AVD-UP_SUB,10:20,10:29,1111111,4,false
P-66514-PERABU-UP_SUB,66514,MEMU,PER-ABU-UP_SUB,10:30,10:44,1111111,4,false
P-66514-BBQPER-UP_SUB,66514,MEMU,BBQ-PER-UP_SUB,10:45,10:49,1111111,4,false
P-66514-MASBBQ-UP_SUB,66514,MEMU,MAS-BBQ-UP_SUB,10:50,10:53,1111111,4,false
P-66515-TRLAJJ-UP_SUB,66515,MEMU,TRL-AJJ-UP_SUB,09:30,10:08,1111111,4,false
P-66515-TITRL-UP_SUB,66515,MEMU,TI-TRL-UP_SUB,10:09,10:27,1111111,4,false
P-66515-AVDTI-UP_SUB,66515,MEMU,AVD-TI-UP_SUB,10:28,10:39,1111111,4,false
P-66515-ABUAVD-UP_SUB,66515,MEMU,ABU-AVD-UP_SUB,10:40,10:49,1111111,4,false
P-66515-PERABU-UP_SUB,66515,MEMU,PER-ABU-UP_SUB,10:50,11:04,1111111,4,false
P-66515-BBQPER-UP_SUB,66515,MEMU,BBQ-PER-UP_SUB,11:05,11:09,1111111,4,false
P-66515-MASBBQ-UP_SUB,66515,MEMU,MAS-BBQ-UP_SUB,11:10,11:13,1111111,4,false
P-66516-TRLAJJ-UP_SUB,66516,MEMU,TRL-AJJ-UP_SUB,09:50,10:28,1111111,4,false
P-66516-TITRL-UP_SUB,66516,MEMU,TI-TRL-UP_SUB,10:29,10:47,1111111,4,false
P-66516-AVDTI-UP_SUB,66516,MEMU,AVD-TI-UP_SUB,10:48,10:59,1111111,4,false
P-66516-ABUAVD-UP_SUB,66516,MEMU,ABU-AVD-UP_SUB,11:00,11:09,1111111,4,false
P-66516-PERABU-UP_SUB,66516,MEMU,PER-ABU-UP_SUB,11:10,11:24,1111111,4,false
P-66516-BBQPER-UP_SUB,66516,MEMU,BBQ-PER-UP_SUB,11:25,11:29,1111111,4,false
P-66516-MASBBQ-UP_SUB,66516,MEMU,MAS-BBQ-UP_SUB,11:30,11:33,1111111,4,false
P-66517-TRLAJJ-UP_SUB,66517,MEMU,TRL-AJJ-UP_SUB,10:10,10:48,1111111,4,false
P-66517-TITRL-UP_SUB,66517,MEMU,TI-TRL-UP_SUB,10:49,11:07,1111111,4,false
P-66517-AVDTI-UP_SUB,66517,MEMU,AVD-TI-UP_SUB,11:08,11:19,1111111,4,false
P-66517-ABUAVD-UP_SUB,66517,MEMU,ABU-AVD-UP_SUB,11:20,11:29,1111111,4,false
P-66517-PERABU-UP_SUB,66517,MEMU,PER-ABU-UP_SUB,11:30,11:44,1111111,4,false
P-66517-BBQPER-UP_SUB,66517,MEMU,BBQ-PER-UP_SUB,11:45,11:49,1111111,4,false
P-66517-MASBBQ-UP_SUB,66517,MEMU,MAS-BBQ-UP_SUB,11:50,11:53,1111111,4,false
P-66518-TRLAJJ-UP_SUB,66518,MEMU,TRL-AJJ-UP_SUB,10:30,11:08,1111111,4,false
P-66518-TITRL-UP_SUB,66518,MEMU,TI-TRL-UP_SUB,11:09,11:27,1111111,4,false
P-66518-AVDTI-UP_SUB,66518,MEMU,AVD-TI-UP_SUB,11:28,11:39,1111111,4,false
P-66518-ABUAVD-UP_SUB,66518,MEMU,ABU-AVD-UP_SUB,11:40,11:49,1111111,4,false
P-66518-PERABU-UP_SUB,66518,MEMU,PER-ABU-UP_SUB,11:50,12:04,1111111,4,false
P-66518-BBQPER-UP_SUB,66518,MEMU,BBQ-PER-UP_SUB,12:05,12:09,1111111,4,false
P-66518-MASBBQ-UP_SUB,66518,MEMU,MAS-BBQ-UP_SUB,12:10,12:13,1111111,4,false
P-66519-TRLAJJ-UP_SUB,66519,MEMU,TRL-AJJ-UP_SUB,10:50,11:28,1111111,4,false
P-66519-TITRL-UP_SUB,66519,MEMU,TI-TRL-UP_SUB,11:29,11:47,1111111,4,false
P-66519-AVDTI-UP_SUB,66519,MEMU,AVD-TI-UP_SUB,11:48,11:59,1111111,4,false
P-66519-ABUAVD-UP_SUB,66519,MEMU,ABU-AVD-UP_SUB,12:00,12:09,1111111,4,false
P-66519-PERABU-UP_SUB,66519,MEMU,PER-ABU-UP_SUB,12:10,12:24,1111111,4,false
P-66519-BBQPER-UP_SUB,66519,MEMU,BBQ-PER-UP_SUB,12:25,12:29,1111111,4,false
P-66519-MASBBQ-UP_SUB,66519,MEMU,MAS-BBQ-UP_SUB,12:30,12:33,1111111,4,false
P-66520-TRLAJJ-UP_SUB,66520,MEMU,TRL-AJJ-UP_SUB,11:10,11:48,1111111,4,false
P-66520-TITRL-UP_SUB,66520,MEMU,TI-TRL-UP_SUB,11:49,12:07,1111111,4,false
P-66520-AVDTI-UP_SUB,66520,MEMU,AVD-TI-UP_SUB,12:08,12:19,1111111,4,false
P-66520-ABUAVD-UP_SUB,66520,MEMU,ABU-AVD-UP_SUB,12:20,12:29,1111111,4,false
P-66520-PERABU-UP_SUB,66520,MEMU,PER-ABU-UP_SUB,12:30,12:44,1111111,4,false
P-66520-BBQPER-UP_SUB,66520,MEMU,BBQ-PER-UP_SUB,12:45,12:49,1111111,4,false
P-66520-MASBBQ-UP_SUB,66520,MEMU,MAS-BBQ-UP_SUB,12:50,12:53,1111111,4,false
P-66521-TRLAJJ-UP_SUB,66521,MEMU,TRL-AJJ-UP_SUB,11:30,12:08,1111111,4,false
P-66521-TITRL-UP_SUB,66521,MEMU,TI-TRL-UP_SUB,12:09,12:27,1111111,4,false
P-66521-AVDTI-UP_SUB,66521,MEMU,AVD-TI-UP_SUB,12:28,12:39,1111111,4,false
P-66521-ABUAVD-UP_SUB,66521,MEMU,ABU-AVD-UP_SUB,12:40,12:49,1111111,4,false
P-66521-PERABU-UP_SUB,66521,MEMU,PER-ABU-UP_SUB,12:50,13:04,1111111,4,false
P-66521-BBQPER-UP_SUB,66521,MEMU,BBQ-PER-UP_SUB,13:05,13:09,1111111,4,false
P-66521-MASBBQ-UP_SUB,66521,MEMU,MAS-BBQ-UP_SUB,13:10,13:13,1111111,4,false
P-66522-TRLAJJ-UP_SUB,66522,MEMU,TRL-AJJ-UP_SUB,11:50,12:28,1111111,4,false
P-66522-TITRL-UP_SUB,66522,MEMU,TI-TRL-UP_SUB,12:29,12:47,1111111,4,false
P-66522-AVDTI-UP_SUB,66522,MEMU,AVD-TI-UP_SUB,12:48,12:59,1111111,4,false
P-66522-ABUAVD-UP_SUB,66522,MEMU,ABU-AVD-UP_SUB,13:00,13:09,1111111,4,false
P-66522-PERABU-UP_SUB,66522,MEMU,PER-ABU-UP_SUB,13:10,13:24,1111111,4,false
P-66522-BBQPER-UP_SUB,66522,MEMU,BBQ-PER-UP_SUB,13:25,13:29,1111111,4,false
P-66522-MASBBQ-UP_SUB,66522,MEMU,MAS-BBQ-UP_SUB,13:30,13:33,1111111,4,false
P-66523-TRLAJJ-UP_SUB,66523,MEMU,TRL-AJJ-UP_SUB,12:10,12:48,1111111,4,false
P-66523-TITRL-UP_SUB,66523,MEMU,TI-TRL-UP_SUB,12:49,13:07,1111111,4,false
P-66523-AVDTI-UP_SUB,66523,MEMU,AVD-TI-UP_SUB,13:08,13:19,1111111,4,false
P-66523-ABUAVD-UP_SUB,66523,MEMU,ABU-AVD-UP_SUB,13:20,13:29,1111111,4,false
P-66523-PERABU-UP_SUB,66523,MEMU,PER-ABU-UP_SUB,13:30,13:44,1111111,4,false
P-66523-BBQPER-UP_SUB,66523,MEMU,BBQ-PER-UP_SUB,13:45,13:49,1111111,4,false
P-66523-MASBBQ-UP_SUB,66523,MEMU,MAS-BBQ-UP_SUB,13:50,13:53,1111111,4,false
P-66524-TRLAJJ-UP_SUB,66524,MEMU,TRL-AJJ-UP_SUB,12:30,13:08,1111111,4,false
P-66524-TITRL-UP_SUB,66524,MEMU,TI-TRL-UP_SUB,13:09,13:27,1111111,4,false
P-66524-AVDTI-UP_SUB,66524,MEMU,AVD-TI-UP_SUB,13:28,13:39,1111111,4,false
P-66524-ABUAVD-UP_SUB,66524,MEMU,ABU-AVD-UP_SUB,13:40,13:49,1111111,4,false
P-66524-PERABU-UP_SUB,66524,MEMU,PER-ABU-UP_SUB,13:50,14:04,1111111,4,false
P-66524-BBQPER-UP_SUB,66524,MEMU,BBQ-PER-UP_SUB,14:05,14:09,1111111,4,false
P-66524-MASBBQ-UP_SUB,66524,MEMU,MAS-BBQ-UP_SUB,14:10,14:13,1111111,4,false
P-66525-TRLAJJ-UP_SUB,66525,MEMU,TRL-AJJ-UP_SUB,12:50,13:28,1111111,4,false
P-66525-TITRL-UP_SUB,66525,MEMU,TI-TRL-UP_SUB,13:29,13:47,1111111,4,false
P-66525-AVDTI-UP_SUB,66525,MEMU,AVD-TI-UP_SUB,13:48,13:59,1111111,4,false
P-66525-ABUAVD-UP_SUB,66525,MEMU,ABU-AVD-UP_SUB,14:00,14:09,1111111,4,false
P-66525-PERABU-UP_SUB,66525,MEMU,PER-ABU-UP_SUB,14:10,14:24,1111111,4,false
P-66525-BBQPER-UP_SUB,66525,MEMU,BBQ-PER-UP_SUB,14:25,14:29,1111111,4,false
P-66525-MASBBQ-UP_SUB,66525,MEMU,MAS-BBQ-UP_SUB,14:30,14:33,1111111,4,false
P-66526-TRLAJJ-UP_SUB,66526,MEMU,TRL-AJJ-UP_SUB,13:10,13:48,1111111,4,false
P-66526-TITRL-UP_SUB,66526,MEMU,TI-TRL-UP_SUB,13:49,14:07,1111111,4,false
P-66526-AVDTI-UP_SUB,66526,MEMU,AVD-TI-UP_SUB,14:08,14:19,1111111,4,false
P-66526-ABUAVD-UP_SUB,66526,MEMU,ABU-AVD-UP_SUB,14:20,14:29,1111111,4,false
P-66526-PERABU-UP_SUB,66526,MEMU,PER-ABU-UP_SUB,14:30,14:44,1111111,4,false
P-66526-BBQPER-UP_SUB,66526,MEMU,BBQ-PER-UP_SUB,14:45,14:49,1111111,4,false
P-66526-MASBBQ-UP_SUB,66526,MEMU,MAS-BBQ-UP_SUB,14:50,14:53,1111111,4,false
P-66527-TRLAJJ-UP_SUB,66527,MEMU,TRL-AJJ-UP_SUB,13:30,14:08,1111111,4,false
P-66527-TITRL-UP_SUB,66527,MEMU,TI-TRL-UP_SUB,14:09,14:27,1111111,4,false
P-66527-AVDTI-UP_SUB,66527,MEMU,AVD-TI-UP_SUB,14:28,14:39,1111111,4,false
P-66527-ABUAVD-UP_SUB,66527,MEMU,ABU-AVD-UP_SUB,14:40,14:49,1111111,4,false
P-66527-PERABU-UP_SUB,66527,MEMU,PER-ABU-UP_SUB,14:50,15:04,1111111,4,false
P-66527-BBQPER-UP_SUB,66527,MEMU,BBQ-PER-UP_SUB,15:05,15:09,1111111,4,false
P-66527-MASBBQ-UP_SUB,66527,MEMU,MAS-BBQ-UP_SUB,15:10,15:13,1111111,4,false
P-66528-TRLAJJ-UP_SUB,66528,MEMU,TRL-AJJ-UP_SUB,13:50,14:28,1111111,4,false
P-66528-TITRL-UP_SUB,66528,MEMU,TI-TRL-UP_SUB,14:29,14:47,1111111,4,false
P-66528-AVDTI-UP_SUB,66528,MEMU,AVD-TI-UP_SUB,14:48,14:59,1111111,4,false
P-66528-ABUAVD-UP_SUB,66528,MEMU,ABU-AVD-UP_SUB,15:00,15:09,1111111,4,false
P-66528-PERABU-UP_SUB,66528,MEMU,PER-ABU-UP_SUB,15:10,15:24,1111111,4,false
P-66528-BBQPER-UP_SUB,66528,MEMU,BBQ-PER-UP_SUB,15:25,15:29,1111111,4,false
P-66528-MASBBQ-UP_SUB,66528,MEMU,MAS-BBQ-UP_SUB,15:30,15:33,1111111,4,false
P-66529-TRLAJJ-UP_SUB,66529,MEMU,TRL-AJJ-UP_SUB,14:10,14:48,1111111,4,false
P-66529-TITRL-UP_SUB,66529,MEMU,TI-TRL-UP_SUB,14:49,15:07,1111111,4,false
P-66529-AVDTI-UP_SUB,66529,MEMU,AVD-TI-UP_SUB,15:08,15:19,1111111,4,false
P-66529-ABUAVD-UP_SUB,66529,MEMU,ABU-AVD-UP_SUB,15:20,15:29,1111111,4,false
P-66529-PERABU-UP_SUB,66529,MEMU,PER-ABU-UP_SUB,15:30,15:44,1111111,4,false
P-66529-BBQPER-UP_SUB,66529,MEMU,BBQ-PER-UP_SUB,15:45,15:49,1111111,4,false
P-66529-MASBBQ-UP_SUB,66529,MEMU,MAS-BBQ-UP_SUB,15:50,15:53,1111111,4,false
P-66530-TRLAJJ-UP_SUB,66530,MEMU,TRL-AJJ-UP_SUB,14:30,15:08,1111111,4,false
P-66530-TITRL-UP_SUB,66530,MEMU,TI-TRL-UP_SUB,15:09,15:27,1111111,4,false
P-66530-AVDTI-UP_SUB,66530,MEMU,AVD-TI-UP_SUB,15:28,15:39,1111111,4,false
P-66530-ABUAVD-UP_SUB,66530,MEMU,ABU-AVD-UP_SUB,15:40,15:49,1111111,4,false
P-66530-PERABU-UP_SUB,66530,MEMU,PER-ABU-UP_SUB,15:50,16:04,1111111,4,false
P-66530-BBQPER-UP_SUB,66530,MEMU,BBQ-PER-UP_SUB,16:05,16:09,1111111,4,false
P-66530-MASBBQ-UP_SUB,66530,MEMU,MAS-BBQ-UP_SUB,16:10,16:13,1111111,4,false
P-66531-TRLAJJ-UP_SUB,66531,MEMU,TRL-AJJ-UP_SUB,14:50,15:28,1111111,4,false
P-66531-TITRL-UP_SUB,66531,MEMU,TI-TRL-UP_SUB,15:29,15:47,1111111,4,false
P-66531-AVDTI-UP_SUB,66531,MEMU,AVD-TI-UP_SUB,15:48,15:59,1111111,4,false
P-66531-ABUAVD-UP_SUB,66531,MEMU,ABU-AVD-UP_SUB,16:00,16:09,1111111,4,false
P-66531-PERABU-UP_SUB,66531,MEMU,PER-ABU-UP_SUB,16:10,16:24,1111111,4,false
P-66531-BBQPER-UP_SUB,66531,MEMU,BBQ-PER-UP_SUB,16:25,16:29,1111111,4,false
P-66531-MASBBQ-UP_SUB,66531,MEMU,MAS-BBQ-UP_SUB,16:30,16:33,1111111,4,false
P-66532-TRLAJJ-UP_SUB,66532,MEMU,TRL-AJJ-UP_SUB,15:10,15:48,1111111,4,false
P-66532-TITRL-UP_SUB,66532,MEMU,TI-TRL-UP_SUB,15:49,16:07,1111111,4,false
P-66532-AVDTI-UP_SUB,66532,MEMU,AVD-TI-UP_SUB,16:08,16:19,1111111,4,false
P-66532-ABUAVD-UP_SUB,66532,MEMU,ABU-AVD-UP_SUB,16:20,16:29,1111111,4,false
P-66532-PERABU-UP_SUB,66532,MEMU,PER-ABU-UP_SUB,16:30,16:44,1111111,4,false
P-66532-BBQPER-UP_SUB,66532,MEMU,BBQ-PER-UP_SUB,16:45,16:49,1111111,4,false
P-66532-MASBBQ-UP_SUB,66532,MEMU,MAS-BBQ-UP_SUB,16:50,16:53,1111111,4,false
P-66533-TRLAJJ-UP_SUB,66533,MEMU,TRL-AJJ-UP_SUB,15:30,16:08,1111111,4,false
P-66533-TITRL-UP_SUB,66533,MEMU,TI-TRL-UP_SUB,16:09,16:27,1111111,4,false
P-66533-AVDTI-UP_SUB,66533,MEMU,AVD-TI-UP_SUB,16:28,16:39,1111111,4,false
P-66533-ABUAVD-UP_SUB,66533,MEMU,ABU-AVD-UP_SUB,16:40,16:49,1111111,4,false
P-66533-PERABU-UP_SUB,66533,MEMU,PER-ABU-UP_SUB,16:50,17:04,1111111,4,false
P-66533-BBQPER-UP_SUB,66533,MEMU,BBQ-PER-UP_SUB,17:05,17:09,1111111,4,false
P-66533-MASBBQ-UP_SUB,66533,MEMU,MAS-BBQ-UP_SUB,17:10,17:13,1111111,4,false
P-66534-TRLAJJ-UP_SUB,66534,MEMU,TRL-AJJ-UP_SUB,15:50,16:28,1111111,4,false
P-66534-TITRL-UP_SUB,66534,MEMU,TI-TRL-UP_SUB,16:29,16:47,1111111,4,false
P-66534-AVDTI-UP_SUB,66534,MEMU,AVD-TI-UP_SUB,16:48,16:59,1111111,4,false
P-66534-ABUAVD-UP_SUB,66534,MEMU,ABU-AVD-UP_SUB,17:00,17:09,1111111,4,false
P-66534-PERABU-UP_SUB,66534,MEMU,PER-ABU-UP_SUB,17:10,17:24,1111111,4,false
P-66534-BBQPER-UP_SUB,66534,MEMU,BBQ-PER-UP_SUB,17:25,17:29,1111111,4,false
P-66534-MASBBQ-UP_SUB,66534,MEMU,MAS-BBQ-UP_SUB,17:30,17:33,1111111,4,false
P-66535-TRLAJJ-UP_SUB,66535,MEMU,TRL-AJJ-UP_SUB,16:10,16:48,1111111,4,false
P-66535-TITRL-UP_SUB,66535,MEMU,TI-TRL-UP_SUB,16:49,17:07,1111111,4,false
P-66535-AVDTI-UP_SUB,66535,MEMU,AVD-TI-UP_SUB,17:08,17:19,1111111,4,false
P-66535-ABUAVD-UP_SUB,66535,MEMU,ABU-AVD-UP_SUB,17:20,17:29,1111111,4,false
P-66535-PERABU-UP_SUB,66535,MEMU,PER-ABU-UP_SUB,17:30,17:44,1111111,4,false
P-66535-BBQPER-UP_SUB,66535,MEMU,BBQ-PER-UP_SUB,17:45,17:49,1111111,4,false
P-66535-MASBBQ-UP_SUB,66535,MEMU,MAS-BBQ-UP_SUB,17:50,17:53,1111111,4,false
P-66536-TRLAJJ-UP_SUB,66536,MEMU,TRL-AJJ-UP_SUB,16:30,17:08,1111111,4,false
P-66536-TITRL-UP_SUB,66536,MEMU,TI-TRL-UP_SUB,17:09,17:27,1111111,4,false
P-66536-AVDTI-UP_SUB,66536,MEMU,AVD-TI-UP_SUB,17:28,17:39,1111111,4,false
P-66536-ABUAVD-UP_SUB,66536,MEMU,ABU-AVD-UP_SUB,17:40,17:49,1111111,4,false
P-66536-PERABU-UP_SUB,66536,MEMU,PER-ABU-UP_SUB,17:50,18:04,1111111,4,false
P-66536-BBQPER-UP_SUB,66536,MEMU,BBQ-PER-UP_SUB,18:05,18:09,1111111,4,false
P-66536-MASBBQ-UP_SUB,66536,MEMU,MAS-BBQ-UP_SUB,18:10,18:13,1111111,4,false
P-66537-TRLAJJ-UP_SUB,66537,MEMU,TRL-AJJ-UP_SUB,16:50,17:28,1111111,4,false
P-66537-TITRL-UP_SUB,66537,MEMU,TI-TRL-UP_SUB,17:29,17:47,1111111,4,false
P-66537-AVDTI-UP_SUB,66537,MEMU,AVD-TI-UP_SUB,17:48,17:59,1111111,4,false
P-66537-ABUAVD-UP_SUB,66537,MEMU,ABU-AVD-UP_SUB,18:00,18:09,1111111,4,false
P-66537-PERABU-UP_SUB,66537,MEMU,PER-ABU-UP_SUB,18:10,18:24,1111111,4,false
P-66537-BBQPER-UP_SUB,66537,MEMU,BBQ-PER-UP_SUB,18:25,18:29,1111111,4,false
P-66537-MASBBQ-UP_SUB,66537,MEMU,MAS-BBQ-UP_SUB,18:30,18:33,1111111,4,false
P-66538-TRLAJJ-UP_SUB,66538,MEMU,TRL-AJJ-UP_SUB,17:10,17:48,1111111,4,false
P-66538-TITRL-UP_SUB,66538,MEMU,TI-TRL-UP_SUB,17:49,18:07,1111111,4,false
P-66538-AVDTI-UP_SUB,66538,MEMU,AVD-TI-UP_SUB,18:08,18:19,1111111,4,false
P-66538-ABUAVD-UP_SUB,66538,MEMU,ABU-AVD-UP_SUB,18:20,18:29,1111111,4,false
P-66538-PERABU-UP_SUB,66538,MEMU,PER-ABU-UP_SUB,18:30,18:44,1111111,4,false
P-66538-BBQPER-UP_SUB,66538,MEMU,BBQ-PER-UP_SUB,18:45,18:49,1111111,4,false
P-66538-MASBBQ-UP_SUB,66538,MEMU,MAS-BBQ-UP_SUB,18:50,18:53,1111111,4,false
P-66539-TRLAJJ-UP_SUB,66539,MEMU,TRL-AJJ-UP_SUB,17:30,18:08,1111111,4,false
P-66539-TITRL-UP_SUB,66539,MEMU,TI-TRL-UP_SUB,18:09,18:27,1111111,4,false
P-66539-AVDTI-UP_SUB,66539,MEMU,AVD-TI-UP_SUB,18:28,18:39,1111111,4,false
P-66539-ABUAVD-UP_SUB,66539,MEMU,ABU-AVD-UP_SUB,18:40,18:49,1111111,4,false
P-66539-PERABU-UP_SUB,66539,MEMU,PER-ABU-UP_SUB,18:50,19:04,1111111,4,false
P-66539-BBQPER-UP_SUB,66539,MEMU,BBQ-PER-UP_SUB,19:05,19:09,1111111,4,false
P-66539-MASBBQ-UP_SUB,66539,MEMU,MAS-BBQ-UP_SUB,19:10,19:13,1111111,4,false
P-66540-TRLAJJ-UP_SUB,66540,MEMU,TRL-AJJ-UP_SUB,17:50,18:28,1111111,4,false
P-66540-TITRL-UP_SUB,66540,MEMU,TI-TRL-UP_SUB,18:29,18:47,1111111,4,false
P-66540-AVDTI-UP_SUB,66540,MEMU,AVD-TI-UP_SUB,18:48,18:59,1111111,4,false
P-66540-ABUAVD-UP_SUB,66540,MEMU,ABU-AVD-UP_SUB,19:00,19:09,1111111,4,false
P-66540-PERABU-UP_SUB,66540,MEMU,PER-ABU-UP_SUB,19:10,19:24,1111111,4,false
P-66540-BBQPER-UP_SUB,66540,MEMU,BBQ-PER-UP_SUB,19:25,19:29,1111111,4,false
P-66540-MASBBQ-UP_SUB,66540,MEMU,MAS-BBQ-UP_SUB,19:30,19:33,1111111,4,false
P-66541-TRLAJJ-UP_SUB,66541,MEMU,TRL-AJJ-UP_SUB,18:10,18:48,1111111,4,false
P-66541-TITRL-UP_SUB,66541,MEMU,TI-TRL-UP_SUB,18:49,19:07,1111111,4,false
P-66541-AVDTI-UP_SUB,66541,MEMU,AVD-TI-UP_SUB,19:08,19:19,1111111,4,false
P-66541-ABUAVD-UP_SUB,66541,MEMU,ABU-AVD-UP_SUB,19:20,19:29,1111111,4,false
P-66541-PERABU-UP_SUB,66541,MEMU,PER-ABU-UP_SUB,19:30,19:44,1111111,4,false
P-66541-BBQPER-UP_SUB,66541,MEMU,BBQ-PER-UP_SUB,19:45,19:49,1111111,4,false
P-66541-MASBBQ-UP_SUB,66541,MEMU,MAS-BBQ-UP_SUB,19:50,19:53,1111111,4,false
P-66542-TRLAJJ-UP_SUB,66542,MEMU,TRL-AJJ-UP_SUB,18:30,19:08,1111111,4,false
P-66542-TITRL-UP_SUB,66542,MEMU,TI-TRL-UP_SUB,19:09,19:27,1111111,4,false
P-66542-AVDTI-UP_SUB,66542,MEMU,AVD-TI-UP_SUB,19:28,19:39,1111111,4,false
P-66542-ABUAVD-UP_SUB,66542,MEMU,ABU-AVD-UP_SUB,19:40,19:49,1111111,4,false
P-66542-PERABU-UP_SUB,66542,MEMU,PER-ABU-UP_SUB,19:50,20:04,1111111,4,false
P-66542-BBQPER-UP_SUB,66542,MEMU,BBQ-PER-UP_SUB,20:05,20:09,1111111,4,false
P-66542-MASBBQ-UP_SUB,66542,MEMU,MAS-BBQ-UP_SUB,20:10,20:13,1111111,4,false
P-66543-TRLAJJ-UP_SUB,66543,MEMU,TRL-AJJ-UP_SUB,18:50,19:28,1111111,4,false
P-66543-TITRL-UP_SUB,66543,MEMU,TI-TRL-UP_SUB,19:29,19:47,1111111,4,false
P-66543-AVDTI-UP_SUB,66543,MEMU,AVD-TI-UP_SUB,19:48,19:59,1111111,4,false
P-66543-ABUAVD-UP_SUB,66543,MEMU,ABU-AVD-UP_SUB,20:00,20:09,1111111,4,false
P-66543-PERABU-UP_SUB,66543,MEMU,PER-ABU-UP_SUB,20:10,20:24,1111111,4,false
P-66543-BBQPER-UP_SUB,66543,MEMU,BBQ-PER-UP_SUB,20:25,20:29,1111111,4,false
P-66543-MASBBQ-UP_SUB,66543,MEMU,MAS-BBQ-UP_SUB,20:30,20:33,1111111,4,false
P-66544-TRLAJJ-UP_SUB,66544,MEMU,TRL-AJJ-UP_SUB,19:10,19:48,1111111,4,false
P-66544-TITRL-UP_SUB,66544,MEMU,TI-TRL-UP_SUB,19:49,20:07,1111111,4,false
P-66544-AVDTI-UP_SUB,66544,MEMU,AVD-TI-UP_SUB,20:08,20:19,1111111,4,false
P-66544-ABUAVD-UP_SUB,66544,MEMU,ABU-AVD-UP_SUB,20:20,20:29,1111111,4,false
P-66544-PERABU-UP_SUB,66544,MEMU,PER-ABU-UP_SUB,20:30,20:44,1111111,4,false
P-66544-BBQPER-UP_SUB,66544,MEMU,BBQ-PER-UP_SUB,20:45,20:49,1111111,4,false
P-66544-MASBBQ-UP_SUB,66544,MEMU,MAS-BBQ-UP_SUB,20:50,20:53,1111111,4,false
P-66545-TRLAJJ-UP_SUB,66545,MEMU,TRL-AJJ-UP_SUB,19:30,20:08,1111111,4,false
P-66545-TITRL-UP_SUB,66545,MEMU,TI-TRL-UP_SUB,20:09,20:27,1111111,4,false
P-66545-AVDTI-UP_SUB,66545,MEMU,AVD-TI-UP_SUB,20:28,20:39,1111111,4,false
P-66545-ABUAVD-UP_SUB,66545,MEMU,ABU-AVD-UP_SUB,20:40,20:49,1111111,4,false
P-66545-PERABU-UP_SUB,66545,MEMU,PER-ABU-UP_SUB,20:50,21:04,1111111,4,false
P-66545-BBQPER-UP_SUB,66545,MEMU,BBQ-PER-UP_SUB,21:05,21:09,1111111,4,false
P-66545-MASBBQ-UP_SUB,66545,MEMU,MAS-BBQ-UP_SUB,21:10,21:13,1111111,4,false
P-66546-TRLAJJ-UP_SUB,66546,MEMU,TRL-AJJ-UP_SUB,19:50,20:28,1111111,4,false
P-66546-TITRL-UP_SUB,66546,MEMU,TI-TRL-UP_SUB,20:29,20:47,1111111,4,false
P-66546-AVDTI-UP_SUB,66546,MEMU,AVD-TI-UP_SUB,20:48,20:59,1111111,4,false
P-66546-ABUAVD-UP_SUB,66546,MEMU,ABU-AVD-UP_SUB,21:00,21:09,1111111,4,false
P-66546-PERABU-UP_SUB,66546,MEMU,PER-ABU-UP_SUB,21:10,21:24,1111111,4,false
P-66546-BBQPER-UP_SUB,66546,MEMU,BBQ-PER-UP_SUB,21:25,21:29,1111111,4,false
P-66546-MASBBQ-UP_SUB,66546,MEMU,MAS-BBQ-UP_SUB,21:30,21:33,1111111,4,false
P-66547-TRLAJJ-UP_SUB,66547,MEMU,TRL-AJJ-UP_SUB,20:10,20:48,1111111,4,false
P-66547-TITRL-UP_SUB,66547,MEMU,TI-TRL-UP_SUB,20:49,21:07,1111111,4,false
P-66547-AVDTI-UP_SUB,66547,MEMU,AVD-TI-UP_SUB,21:08,21:19,1111111,4,false
P-66547-ABUAVD-UP_SUB,66547,MEMU,ABU-AVD-UP_SUB,21:20,21:29,1111111,4,false
P-66547-PERABU-UP_SUB,66547,MEMU,PER-ABU-UP_SUB,21:30,21:44,1111111,4,false
P-66547-BBQPER-UP_SUB,66547,MEMU,BBQ-PER-UP_SUB,21:45,21:49,1111111,4,false
P-66547-MASBBQ-UP_SUB,66547,MEMU,MAS-BBQ-UP_SUB,21:50,21:53,1111111,4,false
P-66548-TRLAJJ-UP_SUB,66548,MEMU,TRL-AJJ-UP_SUB,20:30,21:08,1111111,4,false
P-66548-TITRL-UP_SUB,66548,MEMU,TI-TRL-UP_SUB,21:09,21:27,1111111,4,false
P-66548-AVDTI-UP_SUB,66548,MEMU,AVD-TI-UP_SUB,21:28,21:39,1111111,4,false
P-66548-ABUAVD-UP_SUB,66548,MEMU,ABU-AVD-UP_SUB,21:40,21:49,1111111,4,false
P-66548-PERABU-UP_SUB,66548,MEMU,PER-ABU-UP_SUB,21:50,22:04,1111111,4,false
P-66548-BBQPER-UP_SUB,66548,MEMU,BBQ-PER-UP_SUB,22:05,22:09,1111111,4,false
P-66548-MASBBQ-UP_SUB,66548,MEMU,MAS-BBQ-UP_SUB,22:10,22:13,1111111,4,false
P-66549-TRLAJJ-UP_SUB,66549,MEMU,TRL-AJJ-UP_SUB,20:50,21:28,1111111,4,false
P-66549-TITRL-UP_SUB,66549,MEMU,TI-TRL-UP_SUB,21:29,21:47,1111111,4,false
P-66549-AVDTI-UP_SUB,66549,MEMU,AVD-TI-UP_SUB,21:48,21:59,1111111,4,false
P-66549-ABUAVD-UP_SUB,66549,MEMU,ABU-AVD-UP_SUB,22:00,22:09,1111111,4,false
P-66549-PERABU-UP_SUB,66549,MEMU,PER-ABU-UP_SUB,22:10,22:24,1111111,4,false
P-66549-BBQPER-UP_SUB,66549,MEMU,BBQ-PER-UP_SUB,22:25,22:29,1111111,4,false
P-66549-MASBBQ-UP_SUB,66549,MEMU,MAS-BBQ-UP_SUB,22:30,22:33,1111111,4,false
P-66550-TRLAJJ-UP_SUB,66550,MEMU,TRL-AJJ-UP_SUB,21:10,21:48,1111111,4,false
P-66550-TITRL-UP_SUB,66550,MEMU,TI-TRL-UP_SUB,21:49,22:07,1111111,4,false
P-66550-AVDTI-UP_SUB,66550,MEMU,AVD-TI-UP_SUB,22:08,22:19,1111111,4,false
P-66550-ABUAVD-UP_SUB,66550,MEMU,ABU-AVD-UP_SUB,22:20,22:29,1111111,4,false
P-66550-PERABU-UP_SUB,66550,MEMU,PER-ABU-UP_SUB,22:30,22:44,1111111,4,false
P-66550-BBQPER-UP_SUB,66550,MEMU,BBQ-PER-UP_SUB,22:45,22:49,1111111,4,false
P-66550-MASBBQ-UP_SUB,66550,MEMU,MAS-BBQ-UP_SUB,22:50,22:53,1111111,4,false
P-66551-TRLAJJ-UP_SUB,66551,MEMU,TRL-AJJ-UP_SUB,21:30,22:08,1111111,4,false
P-66551-TITRL-UP_SUB,66551,MEMU,TI-TRL-UP_SUB,22:09,22:27,1111111,4,false
P-66551-AVDTI-UP_SUB,66551,MEMU,AVD-TI-UP_SUB,22:28,22:39,1111111,4,false
P-66551-ABUAVD-UP_SUB,66551,MEMU,ABU-AVD-UP_SUB,22:40,22:49,1111111,4,false
P-66551-PERABU-UP_SUB,66551,MEMU,PER-ABU-UP_SUB,22:50,23:04,1111111,4,false
P-66551-BBQPER-UP_SUB,66551,MEMU,BBQ-PER-UP_SUB,23:05,23:09,1111111,4,false
P-66551-MASBBQ-UP_SUB,66551,MEMU,MAS-BBQ-UP_SUB,23:10,23:13,1111111,4,false
P-66552-TRLAJJ-UP_SUB,66552,MEMU,TRL-AJJ-UP_SUB,21:50,22:28,1111111,4,false
P-66552-TITRL-UP_SUB,66552,MEMU,TI-TRL-UP_SUB,22:29,22:47,1111111,4,false
P-66552-AVDTI-UP_SUB,66552,MEMU,AVD-TI-UP_SUB,22:48,22:59,1111111,4,false
P-66552-ABUAVD-UP_SUB,66552,MEMU,ABU-AVD-UP_SUB,23:00,23:09,1111111,4,false
P-66552-PERABU-UP_SUB,66552,MEMU,PER-ABU-UP_SUB,23:10,23:24,1111111,4,false
P-66552-BBQPER-UP_SUB,66552,MEMU,BBQ-PER-UP_SUB,23:25,23:29,1111111,4,false
P-66552-MASBBQ-UP_SUB,66552,MEMU,MAS-BBQ-UP_SUB,23:30,23:33,1111111,4,false
P-66553-TRLAJJ-UP_SUB,66553,MEMU,TRL-AJJ-UP_SUB,22:10,22:48,1111111,4,false
P-66553-TITRL-UP_SUB,66553,MEMU,TI-TRL-UP_SUB,22:49,23:07,1111111,4,false
P-66553-AVDTI-UP_SUB,66553,MEMU,AVD-TI-UP_SUB,23:08,23:19,1111111,4,false
P-66553-ABUAVD-UP_SUB,66553,MEMU,ABU-AVD-UP_SUB,23:20,23:29,1111111,4,false
P-66553-PERABU-UP_SUB,66553,MEMU,PER-ABU-UP_SUB,23:30,23:44,1111111,4,false
P-66553-BBQPER-UP_SUB,66553,MEMU,BBQ-PER-UP_SUB,23:45,23:49,1111111,4,false
P-66553-MASBBQ-UP_SUB,66553,MEMU,MAS-BBQ-UP_SUB,23:50,23:53,1111111,4,false
P-66554-TRLAJJ-UP_SUB,66554,MEMU,TRL-AJJ-UP_SUB,22:30,23:08,1111111,4,false
P-66554-TITRL-UP_SUB,66554,MEMU,TI-TRL-UP_SUB,23:09,23:27,1111111,4,false
P-66554-AVDTI-UP_SUB,66554,MEMU,AVD-TI-UP_SUB,23:28,23:39,1111111,4,false
P-66554-ABUAVD-UP_SUB,66554,MEMU,ABU-AVD-UP_SUB,23:40,23:49,1111111,4,false
P-66554-PERABU-UP_SUB,66554,MEMU,PER-ABU-UP_SUB,23:50,00:04,1111111,4,false
P-66554-BBQPER-UP_SUB,66554,MEMU,BBQ-PER-UP_SUB,00:05,00:09,1111111,4,false
P-66554-MASBBQ-UP_SUB,66554,MEMU,MAS-BBQ-UP_SUB,00:10,00:13,1111111,4,false
P-43800-MASBBQ-DN,43800,MEMU,MAS-BBQ-DN,04:00,04:03,1111111,4,true
P-43800-BBQTNP-DN,43800,MEMU,BBQ-TNP-DN,04:04,04:08,1111111,4,true
P-43800-TNPENR-DN,43800,MEMU,TNP-ENR-DN,04:09,04:24,1111111,4,true
P-43800-ENRMJR-DN,43800,MEMU,ENR-MJR-DN,04:25,04:40,1111111,4,true
P-43800-MJRPON-DN,43800,MEMU,MJR-PON-DN,04:40,04:53,1111111,4,true
P-43800-PONGPD-DN,43800,MEMU,PON-GPD-DN,04:54,05:11,1111111,4,true
P-43801-MASBBQ-DN,43801,MEMU,MAS-BBQ-DN,04:30,04:33,1111111,4,true
P-43801-BBQTNP-DN,43801,MEMU,BBQ-TNP-DN,04:34,04:38,1111111,4,true
P-43801-TNPENR-DN,43801,MEMU,TNP-ENR-DN,04:39,04:54,1111111,4,true
P-43801-ENRMJR-DN,43801,MEMU,ENR-MJR-DN,04:55,05:10,1111111,4,true
P-43801-MJRPON-DN,43801,MEMU,MJR-PON-DN,05:10,05:23,1111111,4,true
P-43801-PONGPD-DN,43801,MEMU,PON-GPD-DN,05:24,05:41,1111111,4,true
P-43802-MASBBQ-DN,43802,MEMU,MAS-BBQ-DN,05:00,05:03,1111111,4,true
P-43802-BBQTNP-DN,43802,MEMU,BBQ-TNP-DN,05:04,05:08,1111111,4,true
P-43802-TNPENR-DN,43802,MEMU,TNP-ENR-DN,05:09,05:24,1111111,4,true
P-43802-ENRMJR-DN,43802,MEMU,ENR-MJR-DN,05:25,05:40,1111111,4,true
P-43802-MJRPON-DN,43802,MEMU,MJR-PON-DN,05:40,05:53,1111111,4,true
P-43802-PONGPD-DN,43802,MEMU,PON-GPD-DN,05:54,06:11,1111111,4,true
P-43803-MASBBQ-DN,43803,MEMU,MAS-BBQ-DN,05:30,05:33,1111111,4,true
P-43803-BBQTNP-DN,43803,MEMU,BBQ-TNP-DN,05:34,05:38,1111111,4,true
P-43803-TNPENR-DN,43803,MEMU,TNP-ENR-DN,05:39,05:54,1111111,4,true
P-43803-ENRMJR-DN,43803,MEMU,ENR-MJR-DN,05:55,06:10,1111111,4,true
P-43803-MJRPON-DN,43803,MEMU,MJR-PON-DN,06:10,06:23,1111111,4,true
P-43803-PONGPD-DN,43803,MEMU,PON-GPD-DN,06:24,06:41,1111111,4,true
P-43804-MASBBQ-DN,43804,MEMU,MAS-BBQ-DN,06:00,06:03,1111111,4,true
P-43804-BBQTNP-DN,43804,MEMU,BBQ-TNP-DN,06:04,06:08,1111111,4,true
P-43804-TNPENR-DN,43804,MEMU,TNP-ENR-DN,06:09,06:24,1111111,4,true
P-43804-ENRMJR-DN,43804,MEMU,ENR-MJR-DN,06:25,06:40,1111111,4,true
P-43804-MJRPON-DN,43804,MEMU,MJR-PON-DN,06:40,06:53,1111111,4,true
P-43804-PONGPD-DN,43804,MEMU,PON-GPD-DN,06:54,07:11,1111111,4,true
P-43805-MASBBQ-DN,43805,MEMU,MAS-BBQ-DN,06:30,06:33,1111111,4,true
P-43805-BBQTNP-DN,43805,MEMU,BBQ-TNP-DN,06:34,06:38,1111111,4,true
P-43805-TNPENR-DN,43805,MEMU,TNP-ENR-DN,06:39,06:54,1111111,4,true
P-43805-ENRMJR-DN,43805,MEMU,ENR-MJR-DN,06:55,07:10,1111111,4,true
P-43805-MJRPON-DN,43805,MEMU,MJR-PON-DN,07:10,07:23,1111111,4,true
P-43805-PONGPD-DN,43805,MEMU,PON-GPD-DN,07:24,07:41,1111111,4,true
P-43806-MASBBQ-DN,43806,MEMU,MAS-BBQ-DN,07:00,07:03,1111111,4,true
P-43806-BBQTNP-DN,43806,MEMU,BBQ-TNP-DN,07:04,07:08,1111111,4,true
P-43806-TNPENR-DN,43806,MEMU,TNP-ENR-DN,07:09,07:24,1111111,4,true
P-43806-ENRMJR-DN,43806,MEMU,ENR-MJR-DN,07:25,07:40,1111111,4,true
P-43806-MJRPON-DN,43806,MEMU,MJR-PON-DN,07:40,07:53,1111111,4,true
P-43806-PONGPD-DN,43806,MEMU,PON-GPD-DN,07:54,08:11,1111111,4,true
P-43807-MASBBQ-DN,43807,MEMU,MAS-BBQ-DN,07:30,07:33,1111111,4,true
P-43807-BBQTNP-DN,43807,MEMU,BBQ-TNP-DN,07:34,07:38,1111111,4,true
P-43807-TNPENR-DN,43807,MEMU,TNP-ENR-DN,07:39,07:54,1111111,4,true
P-43807-ENRMJR-DN,43807,MEMU,ENR-MJR-DN,07:55,08:10,1111111,4,true
P-43807-MJRPON-DN,43807,MEMU,MJR-PON-DN,08:10,08:23,1111111,4,true
P-43807-PONGPD-DN,43807,MEMU,PON-GPD-DN,08:24,08:41,1111111,4,true
P-43808-MASBBQ-DN,43808,MEMU,MAS-BBQ-DN,08:00,08:03,1111111,4,true
P-43808-BBQTNP-DN,43808,MEMU,BBQ-TNP-DN,08:04,08:08,1111111,4,true
P-43808-TNPENR-DN,43808,MEMU,TNP-ENR-DN,08:09,08:24,1111111,4,true
P-43808-ENRMJR-DN,43808,MEMU,ENR-MJR-DN,08:25,08:40,1111111,4,true
P-43808-MJRPON-DN,43808,MEMU,MJR-PON-DN,08:40,08:53,1111111,4,true
P-43808-PONGPD-DN,43808,MEMU,PON-GPD-DN,08:54,09:11,1111111,4,true
P-43809-MASBBQ-DN,43809,MEMU,MAS-BBQ-DN,08:30,08:33,1111111,4,true
P-43809-BBQTNP-DN,43809,MEMU,BBQ-TNP-DN,08:34,08:38,1111111,4,true
P-43809-TNPENR-DN,43809,MEMU,TNP-ENR-DN,08:39,08:54,1111111,4,true
P-43809-ENRMJR-DN,43809,MEMU,ENR-MJR-DN,08:55,09:10,1111111,4,true
P-43809-MJRPON-DN,43809,MEMU,MJR-PON-DN,09:10,09:23,1111111,4,true
P-43809-PONGPD-DN,43809,MEMU,PON-GPD-DN,09:24,09:41,1111111,4,true
P-43810-MASBBQ-DN,43810,MEMU,MAS-BBQ-DN,09:00,09:03,1111111,4,true
P-43810-BBQTNP-DN,43810,MEMU,BBQ-TNP-DN,09:04,09:08,1111111,4,true
P-43810-TNPENR-DN,43810,MEMU,TNP-ENR-DN,09:09,09:24,1111111,4,true
P-43810-ENRMJR-DN,43810,MEMU,ENR-MJR-DN,09:25,09:40,1111111,4,true
P-43810-MJRPON-DN,43810,MEMU,MJR-PON-DN,09:40,09:53,1111111,4,true
P-43810-PONGPD-DN,43810,MEMU,PON-GPD-DN,09:54,10:11,1111111,4,true
P-43811-MASBBQ-DN,43811,MEMU,MAS-BBQ-DN,09:30,09:33,1111111,4,true
P-43811-BBQTNP-DN,43811,MEMU,BBQ-TNP-DN,09:34,09:38,1111111,4,true
P-43811-TNPENR-DN,43811,MEMU,TNP-ENR-DN,09:39,09:54,1111111,4,true
P-43811-ENRMJR-DN,43811,MEMU,ENR-MJR-DN,09:55,10:10,1111111,4,true
P-43811-MJRPON-DN,43811,MEMU,MJR-PON-DN,10:10,10:23,1111111,4,true
P-43811-PONGPD-DN,43811,MEMU,PON-GPD-DN,10:24,10:41,1111111,4,true
P-43812-MASBBQ-DN,43812,MEMU,MAS-BBQ-DN,10:00,10:03,1111111,4,true
P-43812-BBQTNP-DN,43812,MEMU,BBQ-TNP-DN,10:04,10:08,1111111,4,true
P-43812-TNPENR-DN,43812,MEMU,TNP-ENR-DN,10:09,10:24,1111111,4,true
P-43812-ENRMJR-DN,43812,MEMU,ENR-MJR-DN,10:25,10:40,1111111,4,true
P-43812-MJRPON-DN,43812,MEMU,MJR-PON-DN,10:40,10:53,1111111,4,true
P-43812-PONGPD-DN,43812,MEMU,PON-GPD-DN,10:54,11:11,1111111,4,true
P-43813-MASBBQ-DN,43813,MEMU,MAS-BBQ-DN,10:30,10:33,1111111,4,true
P-43813-BBQTNP-DN,43813,MEMU,BBQ-TNP-DN,10:34,10:38,1111111,4,true
P-43813-TNPENR-DN,43813,MEMU,TNP-ENR-DN,10:39,10:54,1111111,4,true
P-43813-ENRMJR-DN,43813,MEMU,ENR-MJR-DN,10:55,11:10,1111111,4,true
P-43813-MJRPON-DN,43813,MEMU,MJR-PON-DN,11:10,11:23,1111111,4,true
P-43813-PONGPD-DN,43813,MEMU,PON-GPD-DN,11:24,11:41,1111111,4,true
P-43814-MASBBQ-DN,43814,MEMU,MAS-BBQ-DN,11:00,11:03,1111111,4,true
P-43814-BBQTNP-DN,43814,MEMU,BBQ-TNP-DN,11:04,11:08,1111111,4,true
P-43814-TNPENR-DN,43814,MEMU,TNP-ENR-DN,11:09,11:24,1111111,4,true
P-43814-ENRMJR-DN,43814,MEMU,ENR-MJR-DN,11:25,11:40,1111111,4,true
P-43814-MJRPON-DN,43814,MEMU,MJR-PON-DN,11:40,11:53,1111111,4,true
P-43814-PONGPD-DN,43814,MEMU,PON-GPD-DN,11:54,12:11,1111111,4,true
P-43815-MASBBQ-DN,43815,MEMU,MAS-BBQ-DN,11:30,11:33,1111111,4,true
P-43815-BBQTNP-DN,43815,MEMU,BBQ-TNP-DN,11:34,11:38,1111111,4,true
P-43815-TNPENR-DN,43815,MEMU,TNP-ENR-DN,11:39,11:54,1111111,4,true
P-43815-ENRMJR-DN,43815,MEMU,ENR-MJR-DN,11:55,12:10,1111111,4,true
P-43815-MJRPON-DN,43815,MEMU,MJR-PON-DN,12:10,12:23,1111111,4,true
P-43815-PONGPD-DN,43815,MEMU,PON-GPD-DN,12:24,12:41,1111111,4,true
P-43816-MASBBQ-DN,43816,MEMU,MAS-BBQ-DN,12:00,12:03,1111111,4,true
P-43816-BBQTNP-DN,43816,MEMU,BBQ-TNP-DN,12:04,12:08,1111111,4,true
P-43816-TNPENR-DN,43816,MEMU,TNP-ENR-DN,12:09,12:24,1111111,4,true
P-43816-ENRMJR-DN,43816,MEMU,ENR-MJR-DN,12:25,12:40,1111111,4,true
P-43816-MJRPON-DN,43816,MEMU,MJR-PON-DN,12:40,12:53,1111111,4,true
P-43816-PONGPD-DN,43816,MEMU,PON-GPD-DN,12:54,13:11,1111111,4,true
P-43817-MASBBQ-DN,43817,MEMU,MAS-BBQ-DN,12:30,12:33,1111111,4,true
P-43817-BBQTNP-DN,43817,MEMU,BBQ-TNP-DN,12:34,12:38,1111111,4,true
P-43817-TNPENR-DN,43817,MEMU,TNP-ENR-DN,12:39,12:54,1111111,4,true
P-43817-ENRMJR-DN,43817,MEMU,ENR-MJR-DN,12:55,13:10,1111111,4,true
P-43817-MJRPON-DN,43817,MEMU,MJR-PON-DN,13:10,13:23,1111111,4,true
P-43817-PONGPD-DN,43817,MEMU,PON-GPD-DN,13:24,13:41,1111111,4,true
P-43818-MASBBQ-DN,43818,MEMU,MAS-BBQ-DN,13:00,13:03,1111111,4,true
P-43818-BBQTNP-DN,43818,MEMU,BBQ-TNP-DN,13:04,13:08,1111111,4,true
P-43818-TNPENR-DN,43818,MEMU,TNP-ENR-DN,13:09,13:24,1111111,4,true
P-43818-ENRMJR-DN,43818,MEMU,ENR-MJR-DN,13:25,13:40,1111111,4,true
P-43818-MJRPON-DN,43818,MEMU,MJR-PON-DN,13:40,13:53,1111111,4,true
P-43818-PONGPD-DN,43818,MEMU,PON-GPD-DN,13:54,14:11,1111111,4,true
P-43819-MASBBQ-DN,43819,MEMU,MAS-BBQ-DN,13:30,13:33,1111111,4,true
P-43819-BBQTNP-DN,43819,MEMU,BBQ-TNP-DN,13:34,13:38,1111111,4,true
P-43819-TNPENR-DN,43819,MEMU,TNP-ENR-DN,13:39,13:54,1111111,4,true
P-43819-ENRMJR-DN,43819,MEMU,ENR-MJR-DN,13:55,14:10,1111111,4,true
P-43819-MJRPON-DN,43819,MEMU,MJR-PON-DN,14:10,14:23,1111111,4,true
P-43819-PONGPD-DN,43819,MEMU,PON-GPD-DN,14:24,14:41,1111111,4,true
P-43820-MASBBQ-DN,43820,MEMU,MAS-BBQ-DN,14:00,14:03,1111111,4,true
P-43820-BBQTNP-DN,43820,MEMU,BBQ-TNP-DN,14:04,14:08,1111111,4,true
P-43820-TNPENR-DN,43820,MEMU,TNP-ENR-DN,14:09,14:24,1111111,4,true
P-43820-ENRMJR-DN,43820,MEMU,ENR-MJR-DN,14:25,14:40,1111111,4,true
P-43820-MJRPON-DN,43820,MEMU,MJR-PON-DN,14:40,14:53,1111111,4,true
P-43820-PONGPD-DN,43820,MEMU,PON-GPD-DN,14:54,15:11,1111111,4,true
P-43821-MASBBQ-DN,43821,MEMU,MAS-BBQ-DN,14:30,14:33,1111111,4,true
P-43821-BBQTNP-DN,43821,MEMU,BBQ-TNP-DN,14:34,14:38,1111111,4,true
P-43821-TNPENR-DN,43821,MEMU,TNP-ENR-DN,14:39,14:54,1111111,4,true
P-43821-ENRMJR-DN,43821,MEMU,ENR-MJR-DN,14:55,15:10,1111111,4,true
P-43821-MJRPON-DN,43821,MEMU,MJR-PON-DN,15:10,15:23,1111111,4,true
P-43821-PONGPD-DN,43821,MEMU,PON-GPD-DN,15:24,15:41,1111111,4,true
P-43822-MASBBQ-DN,43822,MEMU,MAS-BBQ-DN,15:00,15:03,1111111,4,true
P-43822-BBQTNP-DN,43822,MEMU,BBQ-TNP-DN,15:04,15:08,1111111,4,true
P-43822-TNPENR-DN,43822,MEMU,TNP-ENR-DN,15:09,15:24,1111111,4,true
P-43822-ENRMJR-DN,43822,MEMU,ENR-MJR-DN,15:25,15:40,1111111,4,true
P-43822-MJRPON-DN,43822,MEMU,MJR-PON-DN,15:40,15:53,1111111,4,true
P-43822-PONGPD-DN,43822,MEMU,PON-GPD-DN,15:54,16:11,1111111,4,true
P-43823-MASBBQ-DN,43823,MEMU,MAS-BBQ-DN,15:30,15:33,1111111,4,true
P-43823-BBQTNP-DN,43823,MEMU,BBQ-TNP-DN,15:34,15:38,1111111,4,true
P-43823-TNPENR-DN,43823,MEMU,TNP-ENR-DN,15:39,15:54,1111111,4,true
P-43823-ENRMJR-DN,43823,MEMU,ENR-MJR-DN,15:55,16:10,1111111,4,true
P-43823-MJRPON-DN,43823,MEMU,MJR-PON-DN,16:10,16:23,1111111,4,true
P-43823-PONGPD-DN,43823,MEMU,PON-GPD-DN,16:24,16:41,1111111,4,true
P-43824-MASBBQ-DN,43824,MEMU,MAS-BBQ-DN,16:00,16:03,1111111,4,true
P-43824-BBQTNP-DN,43824,MEMU,BBQ-TNP-DN,16:04,16:08,1111111,4,true
P-43824-TNPENR-DN,43824,MEMU,TNP-ENR-DN,16:09,16:24,1111111,4,true
P-43824-ENRMJR-DN,43824,MEMU,ENR-MJR-DN,16:25,16:40,1111111,4,true
P-43824-MJRPON-DN,43824,MEMU,MJR-PON-DN,16:40,16:53,1111111,4,true
P-43824-PONGPD-DN,43824,MEMU,PON-GPD-DN,16:54,17:11,1111111,4,true
P-43825-MASBBQ-DN,43825,MEMU,MAS-BBQ-DN,16:30,16:33,1111111,4,true
P-43825-BBQTNP-DN,43825,MEMU,BBQ-TNP-DN,16:34,16:38,1111111,4,true
P-43825-TNPENR-DN,43825,MEMU,TNP-ENR-DN,16:39,16:54,1111111,4,true
P-43825-ENRMJR-DN,43825,MEMU,ENR-MJR-DN,16:55,17:10,1111111,4,true
P-43825-MJRPON-DN,43825,MEMU,MJR-PON-DN,17:10,17:23,1111111,4,true
P-43825-PONGPD-DN,43825,MEMU,PON-GPD-DN,17:24,17:41,1111111,4,true
P-43826-MASBBQ-DN,43826,MEMU,MAS-BBQ-DN,17:00,17:03,1111111,4,true
P-43826-BBQTNP-DN,43826,MEMU,BBQ-TNP-DN,17:04,17:08,1111111,4,true
P-43826-TNPENR-DN,43826,MEMU,TNP-ENR-DN,17:09,17:24,1111111,4,true
P-43826-ENRMJR-DN,43826,MEMU,ENR-MJR-DN,17:25,17:40,1111111,4,true
P-43826-MJRPON-DN,43826,MEMU,MJR-PON-DN,17:40,17:53,1111111,4,true
P-43826-PONGPD-DN,43826,MEMU,PON-GPD-DN,17:54,18:11,1111111,4,true
P-43827-MASBBQ-DN,43827,MEMU,MAS-BBQ-DN,17:30,17:33,1111111,4,true
P-43827-BBQTNP-DN,43827,MEMU,BBQ-TNP-DN,17:34,17:38,1111111,4,true
P-43827-TNPENR-DN,43827,MEMU,TNP-ENR-DN,17:39,17:54,1111111,4,true
P-43827-ENRMJR-DN,43827,MEMU,ENR-MJR-DN,17:55,18:10,1111111,4,true
P-43827-MJRPON-DN,43827,MEMU,MJR-PON-DN,18:10,18:23,1111111,4,true
P-43827-PONGPD-DN,43827,MEMU,PON-GPD-DN,18:24,18:41,1111111,4,true
P-43828-MASBBQ-DN,43828,MEMU,MAS-BBQ-DN,18:00,18:03,1111111,4,true
P-43828-BBQTNP-DN,43828,MEMU,BBQ-TNP-DN,18:04,18:08,1111111,4,true
P-43828-TNPENR-DN,43828,MEMU,TNP-ENR-DN,18:09,18:24,1111111,4,true
P-43828-ENRMJR-DN,43828,MEMU,ENR-MJR-DN,18:25,18:40,1111111,4,true
P-43828-MJRPON-DN,43828,MEMU,MJR-PON-DN,18:40,18:53,1111111,4,true
P-43828-PONGPD-DN,43828,MEMU,PON-GPD-DN,18:54,19:11,1111111,4,true
P-43829-MASBBQ-DN,43829,MEMU,MAS-BBQ-DN,18:30,18:33,1111111,4,true
P-43829-BBQTNP-DN,43829,MEMU,BBQ-TNP-DN,18:34,18:38,1111111,4,true
P-43829-TNPENR-DN,43829,MEMU,TNP-ENR-DN,18:39,18:54,1111111,4,true
P-43829-ENRMJR-DN,43829,MEMU,ENR-MJR-DN,18:55,19:10,1111111,4,true
P-43829-MJRPON-DN,43829,MEMU,MJR-PON-DN,19:10,19:23,1111111,4,true
P-43829-PONGPD-DN,43829,MEMU,PON-GPD-DN,19:24,19:41,1111111,4,true
P-43830-MASBBQ-DN,43830,MEMU,MAS-BBQ-DN,19:00,19:03,1111111,4,true
P-43830-BBQTNP-DN,43830,MEMU,BBQ-TNP-DN,19:04,19:08,1111111,4,true
P-43830-TNPENR-DN,43830,MEMU,TNP-ENR-DN,19:09,19:24,1111111,4,true
P-43830-ENRMJR-DN,43830,MEMU,ENR-MJR-DN,19:25,19:40,1111111,4,true
P-43830-MJRPON-DN,43830,MEMU,MJR-PON-DN,19:40,19:53,1111111,4,true
P-43830-PONGPD-DN,43830,MEMU,PON-GPD-DN,19:54,20:11,1111111,4,true
P-43831-MASBBQ-DN,43831,MEMU,MAS-BBQ-DN,19:30,19:33,1111111,4,true
P-43831-BBQTNP-DN,43831,MEMU,BBQ-TNP-DN,19:34,19:38,1111111,4,true
P-43831-TNPENR-DN,43831,MEMU,TNP-ENR-DN,19:39,19:54,1111111,4,true
P-43831-ENRMJR-DN,43831,MEMU,ENR-MJR-DN,19:55,20:10,1111111,4,true
P-43831-MJRPON-DN,43831,MEMU,MJR-PON-DN,20:10,20:23,1111111,4,true
P-43831-PONGPD-DN,43831,MEMU,PON-GPD-DN,20:24,20:41,1111111,4,true
P-43832-MASBBQ-DN,43832,MEMU,MAS-BBQ-DN,20:00,20:03,1111111,4,true
P-43832-BBQTNP-DN,43832,MEMU,BBQ-TNP-DN,20:04,20:08,1111111,4,true
P-43832-TNPENR-DN,43832,MEMU,TNP-ENR-DN,20:09,20:24,1111111,4,true
P-43832-ENRMJR-DN,43832,MEMU,ENR-MJR-DN,20:25,20:40,1111111,4,true
P-43832-MJRPON-DN,43832,MEMU,MJR-PON-DN,20:40,20:53,1111111,4,true
P-43832-PONGPD-DN,43832,MEMU,PON-GPD-DN,20:54,21:11,1111111,4,true
P-43833-MASBBQ-DN,43833,MEMU,MAS-BBQ-DN,20:30,20:33,1111111,4,true
P-43833-BBQTNP-DN,43833,MEMU,BBQ-TNP-DN,20:34,20:38,1111111,4,true
P-43833-TNPENR-DN,43833,MEMU,TNP-ENR-DN,20:39,20:54,1111111,4,true
P-43833-ENRMJR-DN,43833,MEMU,ENR-MJR-DN,20:55,21:10,1111111,4,true
P-43833-MJRPON-DN,43833,MEMU,MJR-PON-DN,21:10,21:23,1111111,4,true
P-43833-PONGPD-DN,43833,MEMU,PON-GPD-DN,21:24,21:41,1111111,4,true
P-43834-MASBBQ-DN,43834,MEMU,MAS-BBQ-DN,21:00,21:03,1111111,4,true
P-43834-BBQTNP-DN,43834,MEMU,BBQ-TNP-DN,21:04,21:08,1111111,4,true
P-43834-TNPENR-DN,43834,MEMU,TNP-ENR-DN,21:09,21:24,1111111,4,true
P-43834-ENRMJR-DN,43834,MEMU,ENR-MJR-DN,21:25,21:40,1111111,4,true
P-43834-MJRPON-DN,43834,MEMU,MJR-PON-DN,21:40,21:53,1111111,4,true
P-43834-PONGPD-DN,43834,MEMU,PON-GPD-DN,21:54,22:11,1111111,4,true
P-43835-MASBBQ-DN,43835,MEMU,MAS-BBQ-DN,21:30,21:33,1111111,4,true
P-43835-BBQTNP-DN,43835,MEMU,BBQ-TNP-DN,21:34,21:38,1111111,4,true
P-43835-TNPENR-DN,43835,MEMU,TNP-ENR-DN,21:39,21:54,1111111,4,true
P-43835-ENRMJR-DN,43835,MEMU,ENR-MJR-DN,21:55,22:10,1111111,4,true
P-43835-MJRPON-DN,43835,MEMU,MJR-PON-DN,22:10,22:23,1111111,4,true
P-43835-PONGPD-DN,43835,MEMU,PON-GPD-DN,22:24,22:41,1111111,4,true
P-43836-MASBBQ-DN,43836,MEMU,MAS-BBQ-DN,22:00,22:03,1111111,4,true
P-43836-BBQTNP-DN,43836,MEMU,BBQ-TNP-DN,22:04,22:08,1111111,4,true
P-43836-TNPENR-DN,43836,MEMU,TNP-ENR-DN,22:09,22:24,1111111,4,true
P-43836-ENRMJR-DN,43836,MEMU,ENR-MJR-DN,22:25,22:40,1111111,4,true
P-43836-MJRPON-DN,43836,MEMU,MJR-PON-DN,22:40,22:53,1111111,4,true
P-43836-PONGPD-DN,43836,MEMU,PON-GPD-DN,22:54,23:11,1111111,4,true
P-43837-MASBBQ-DN,43837,MEMU,MAS-BBQ-DN,22:30,22:33,1111111,4,true
P-43837-BBQTNP-DN,43837,MEMU,BBQ-TNP-DN,22:34,22:38,1111111,4,true
P-43837-TNPENR-DN,43837,MEMU,TNP-ENR-DN,22:39,22:54,1111111,4,true
P-43837-ENRMJR-DN,43837,MEMU,ENR-MJR-DN,22:55,23:10,1111111,4,true
P-43837-MJRPON-DN,43837,MEMU,MJR-PON-DN,23:10,23:23,1111111,4,true
P-43837-PONGPD-DN,43837,MEMU,PON-GPD-DN,23:24,23:41,1111111,4,true
P-43850-PONGPD-UP,43850,MEMU,PON-GPD-UP,04:00,04:17,1111111,4,true
P-43850-MJRPON-UP,43850,MEMU,MJR-PON-UP,04:18,04:31,1111111,4,true
P-43850-ENRMJR-UP,43850,MEMU,ENR-MJR-UP,04:32,04:46,1111111,4,true
P-43850-TNPENR-UP,43850,MEMU,TNP-ENR-UP,04:47,05:02,1111111,4,true
P-43850-BBQTNP-UP,43850,MEMU,BBQ-TNP-UP,05:03,05:07,1111111,4,true
P-43850-MASBBQ-UP,43850,MEMU,MAS-BBQ-UP,05:08,05:11,1111111,4,true
P-43851-PONGPD-UP,43851,MEMU,PON-GPD-UP,04:30,04:47,1111111,4,true
P-43851-MJRPON-UP,43851,MEMU,MJR-PON-UP,04:48,05:01,1111111,4,true
P-43851-ENRMJR-UP,43851,MEMU,ENR-MJR-UP,05:02,05:16,1111111,4,true
P-43851-TNPENR-UP,43851,MEMU,TNP-ENR-UP,05:17,05:32,1111111,4,true
P-43851-BBQTNP-UP,43851,MEMU,BBQ-TNP-UP,05:33,05:37,1111111,4,true
P-43851-MASBBQ-UP,43851,MEMU,MAS-BBQ-UP,05:38,05:41,1111111,4,true
P-43852-PONGPD-UP,43852,MEMU,PON-GPD-UP,05:00,05:17,1111111,4,true
P-43852-MJRPON-UP,43852,MEMU,MJR-PON-UP,05:18,05:31,1111111,4,true
P-43852-ENRMJR-UP,43852,MEMU,ENR-MJR-UP,05:32,05:46,1111111,4,true
P-43852-TNPENR-UP,43852,MEMU,TNP-ENR-UP,05:47,06:02,1111111,4,true
P-43852-BBQTNP-UP,43852,MEMU,BBQ-TNP-UP,06:03,06:07,1111111,4,true
P-43852-MASBBQ-UP,43852,MEMU,MAS-BBQ-UP,06:08,06:11,1111111,4,true
P-43853-PONGPD-UP,43853,MEMU,PON-GPD-UP,05:30,05:47,1111111,4,true
P-43853-MJRPON-UP,43853,MEMU,MJR-PON-UP,05:48,06:01,1111111,4,true
P-43853-ENRMJR-UP,43853,MEMU,ENR-MJR-UP,06:02,06:16,1111111,4,true
P-43853-TNPENR-UP,43853,MEMU,TNP-ENR-UP,06:17,06:32,1111111,4,true
P-43853-BBQTNP-UP,43853,MEMU,BBQ-TNP-UP,06:33,06:37,1111111,4,true
P-43853-MASBBQ-UP,43853,MEMU,MAS-BBQ-UP,06:38,06:41,1111111,4,true
P-43854-PONGPD-UP,43854,MEMU,PON-GPD-UP,06:00,06:17,1111111,4,true
P-43854-MJRPON-UP,43854,MEMU,MJR-PON-UP,06:18,06:31,1111111,4,true
P-43854-ENRMJR-UP,43854,MEMU,ENR-MJR-UP,06:32,06:46,1111111,4,true
P-43854-TNPENR-UP,43854,MEMU,TNP-ENR-UP,06:47,07:02,1111111,4,true
P-43854-BBQTNP-UP,43854,MEMU,BBQ-TNP-UP,07:03,07:07,1111111,4,true
P-43854-MASBBQ-UP,43854,MEMU,MAS-BBQ-UP,07:08,07:11,1111111,4,true
P-43855-PONGPD-UP,43855,MEMU,PON-GPD-UP,06:30,06:47,1111111,4,true
P-43855-MJRPON-UP,43855,MEMU,MJR-PON-UP,06:48,07:01,1111111,4,true
P-43855-ENRMJR-UP,43855,MEMU,ENR-MJR-UP,07:02,07:16,1111111,4,true
P-43855-TNPENR-UP,43855,MEMU,TNP-ENR-UP,07:17,07:32,1111111,4,true
P-43855-BBQTNP-UP,43855,MEMU,BBQ-TNP-UP,07:33,07:37,1111111,4,true
P-43855-MASBBQ-UP,43855,MEMU,MAS-BBQ-UP,07:38,07:41,1111111,4,true
P-43856-PONGPD-UP,43856,MEMU,PON-GPD-UP,07:00,07:17,1111111,4,true
P-43856-MJRPON-UP,43856,MEMU,MJR-PON-UP,07:18,07:31,1111111,4,true
P-43856-ENRMJR-UP,43856,MEMU,ENR-MJR-UP,07:32,07:46,1111111,4,true
P-43856-TNPENR-UP,43856,MEMU,TNP-ENR-UP,07:47,08:02,1111111,4,true
P-43856-BBQTNP-UP,43856,MEMU,BBQ-TNP-UP,08:03,08:07,1111111,4,true
P-43856-MASBBQ-UP,43856,MEMU,MAS-BBQ-UP,08:08,08:11,1111111,4,true
P-43857-PONGPD-UP,43857,MEMU,PON-GPD-UP,07:30,07:47,1111111,4,true
P-43857-MJRPON-UP,43857,MEMU,MJR-PON-UP,07:48,08:01,1111111,4,true
P-43857-ENRMJR-UP,43857,MEMU,ENR-MJR-UP,08:02,08:16,1111111,4,true
P-43857-TNPENR-UP,43857,MEMU,TNP-ENR-UP,08:17,08:32,1111111,4,true
P-43857-BBQTNP-UP,43857,MEMU,BBQ-TNP-UP,08:33,08:37,1111111,4,true
P-43857-MASBBQ-UP,43857,MEMU,MAS-BBQ-UP,08:38,08:41,1111111,4,true
P-43858-PONGPD-UP,43858,MEMU,PON-GPD-UP,08:00,08:17,1111111,4,true
P-43858-MJRPON-UP,43858,MEMU,MJR-PON-UP,08:18,08:31,1111111,4,true
P-43858-ENRMJR-UP,43858,MEMU,ENR-MJR-UP,08:32,08:46,1111111,4,true
P-43858-TNPENR-UP,43858,MEMU,TNP-ENR-UP,08:47,09:02,1111111,4,true
P-43858-BBQTNP-UP,43858,MEMU,BBQ-TNP-UP,09:03,09:07,1111111,4,true
P-43858-MASBBQ-UP,43858,MEMU,MAS-BBQ-UP,09:08,09:11,1111111,4,true
P-43859-PONGPD-UP,43859,MEMU,PON-GPD-UP,08:30,08:47,1111111,4,true
P-43859-MJRPON-UP,43859,MEMU,MJR-PON-UP,08:48,09:01,1111111,4,true
P-43859-ENRMJR-UP,43859,MEMU,ENR-MJR-UP,09:02,09:16,1111111,4,true
P-43859-TNPENR-UP,43859,MEMU,TNP-ENR-UP,09:17,09:32,1111111,4,true
P-43859-BBQTNP-UP,43859,MEMU,BBQ-TNP-UP,09:33,09:37,1111111,4,true
P-43859-MASBBQ-UP,43859,MEMU,MAS-BBQ-UP,09:38,09:41,1111111,4,true
P-43860-PONGPD-UP,43860,MEMU,PON-GPD-UP,09:00,09:17,1111111,4,true
P-43860-MJRPON-UP,43860,MEMU,MJR-PON-UP,09:18,09:31,1111111,4,true
P-43860-ENRMJR-UP,43860,MEMU,ENR-MJR-UP,09:32,09:46,1111111,4,true
P-43860-TNPENR-UP,43860,MEMU,TNP-ENR-UP,09:47,10:02,1111111,4,true
P-43860-BBQTNP-UP,43860,MEMU,BBQ-TNP-UP,10:03,10:07,1111111,4,true
P-43860-MASBBQ-UP,43860,MEMU,MAS-BBQ-UP,10:08,10:11,1111111,4,true
P-43861-PONGPD-UP,43861,MEMU,PON-GPD-UP,09:30,09:47,1111111,4,true
P-43861-MJRPON-UP,43861,MEMU,MJR-PON-UP,09:48,10:01,1111111,4,true
P-43861-ENRMJR-UP,43861,MEMU,ENR-MJR-UP,10:02,10:16,1111111,4,true
P-43861-TNPENR-UP,43861,MEMU,TNP-ENR-UP,10:17,10:32,1111111,4,true
P-43861-BBQTNP-UP,43861,MEMU,BBQ-TNP-UP,10:33,10:37,1111111,4,true
P-43861-MASBBQ-UP,43861,MEMU,MAS-BBQ-UP,10:38,10:41,1111111,4,true
P-43862-PONGPD-UP,43862,MEMU,PON-GPD-UP,10:00,10:17,1111111,4,true
P-43862-MJRPON-UP,43862,MEMU,MJR-PON-UP,10:18,10:31,1111111,4,true
P-43862-ENRMJR-UP,43862,MEMU,ENR-MJR-UP,10:32,10:46,1111111,4,true
P-43862-TNPENR-UP,43862,MEMU,TNP-ENR-UP,10:47,11:02,1111111,4,true
P-43862-BBQTNP-UP,43862,MEMU,BBQ-TNP-UP,11:03,11:07,1111111,4,true
P-43862-MASBBQ-UP,43862,MEMU,MAS-BBQ-UP,11:08,11:11,1111111,4,true
P-43863-PONGPD-UP,43863,MEMU,PON-GPD-UP,10:30,10:47,1111111,4,true
P-43863-MJRPON-UP,43863,MEMU,MJR-PON-UP,10:48,11:01,1111111,4,true
P-43863-ENRMJR-UP,43863,MEMU,ENR-MJR-UP,11:02,11:16,1111111,4,true
P-43863-TNPENR-UP,43863,MEMU,TNP-ENR-UP,11:17,11:32,1111111,4,true
P-43863-BBQTNP-UP,43863,MEMU,BBQ-TNP-UP,11:33,11:37,1111111,4,true
P-43863-MASBBQ-UP,43863,MEMU,MAS-BBQ-UP,11:38,11:41,1111111,4,true
P-43864-PONGPD-UP,43864,MEMU,PON-GPD-UP,11:00,11:17,1111111,4,true
P-43864-MJRPON-UP,43864,MEMU,MJR-PON-UP,11:18,11:31,1111111,4,true
P-43864-ENRMJR-UP,43864,MEMU,ENR-MJR-UP,11:32,11:46,1111111,4,true
P-43864-TNPENR-UP,43864,MEMU,TNP-ENR-UP,11:47,12:02,1111111,4,true
P-43864-BBQTNP-UP,43864,MEMU,BBQ-TNP-UP,12:03,12:07,1111111,4,true
P-43864-MASBBQ-UP,43864,MEMU,MAS-BBQ-UP,12:08,12:11,1111111,4,true
P-43865-PONGPD-UP,43865,MEMU,PON-GPD-UP,11:30,11:47,1111111,4,true
P-43865-MJRPON-UP,43865,MEMU,MJR-PON-UP,11:48,12:01,1111111,4,true
P-43865-ENRMJR-UP,43865,MEMU,ENR-MJR-UP,12:02,12:16,1111111,4,true
P-43865-TNPENR-UP,43865,MEMU,TNP-ENR-UP,12:17,12:32,1111111,4,true
P-43865-BBQTNP-UP,43865,MEMU,BBQ-TNP-UP,12:33,12:37,1111111,4,true
P-43865-MASBBQ-UP,43865,MEMU,MAS-BBQ-UP,12:38,12:41,1111111,4,true
P-43866-PONGPD-UP,43866,MEMU,PON-GPD-UP,12:00,12:17,1111111,4,true
P-43866-MJRPON-UP,43866,MEMU,MJR-PON-UP,12:18,12:31,1111111,4,true
P-43866-ENRMJR-UP,43866,MEMU,ENR-MJR-UP,12:32,12:46,1111111,4,true
P-43866-TNPENR-UP,43866,MEMU,TNP-ENR-UP,12:47,13:02,1111111,4,true
P-43866-BBQTNP-UP,43866,MEMU,BBQ-TNP-UP,13:03,13:07,1111111,4,true
P-43866-MASBBQ-UP,43866,MEMU,MAS-BBQ-UP,13:08,13:11,1111111,4,true
P-43867-PONGPD-UP,43867,MEMU,PON-GPD-UP,12:30,12:47,1111111,4,true
P-43867-MJRPON-UP,43867,MEMU,MJR-PON-UP,12:48,13:01,1111111,4,true
P-43867-ENRMJR-UP,43867,MEMU,ENR-MJR-UP,13:02,13:16,1111111,4,true
P-43867-TNPENR-UP,43867,MEMU,TNP-ENR-UP,13:17,13:32,1111111,4,true
P-43867-BBQTNP-UP,43867,MEMU,BBQ-TNP-UP,13:33,13:37,1111111,4,true
P-43867-MASBBQ-UP,43867,MEMU,MAS-BBQ-UP,13:38,13:41,1111111,4,true
P-43868-PONGPD-UP,43868,MEMU,PON-GPD-UP,13:00,13:17,1111111,4,true
P-43868-MJRPON-UP,43868,MEMU,MJR-PON-UP,13:18,13:31,1111111,4,true
P-43868-ENRMJR-UP,43868,MEMU,ENR-MJR-UP,13:32,13:46,1111111,4,true
P-43868-TNPENR-UP,43868,MEMU,TNP-ENR-UP,13:47,14:02,1111111,4,true
P-43868-BBQTNP-UP,43868,MEMU,BBQ-TNP-UP,14:03,14:07,1111111,4,true
P-43868-MASBBQ-UP,43868,MEMU,MAS-BBQ-UP,14:08,14:11,1111111,4,true
P-43869-PONGPD-UP,43869,MEMU,PON-GPD-UP,13:30,13:47,1111111,4,true
P-43869-MJRPON-UP,43869,MEMU,MJR-PON-UP,13:48,14:01,1111111,4,true
P-43869-ENRMJR-UP,43869,MEMU,ENR-MJR-UP,14:02,14:16,1111111,4,true
P-43869-TNPENR-UP,43869,MEMU,TNP-ENR-UP,14:17,14:32,1111111,4,true
P-43869-BBQTNP-UP,43869,MEMU,BBQ-TNP-UP,14:33,14:37,1111111,4,true
P-43869-MASBBQ-UP,43869,MEMU,MAS-BBQ-UP,14:38,14:41,1111111,4,true
P-43870-PONGPD-UP,43870,MEMU,PON-GPD-UP,14:00,14:17,1111111,4,true
P-43870-MJRPON-UP,43870,MEMU,MJR-PON-UP,14:18,14:31,1111111,4,true
P-43870-ENRMJR-UP,43870,MEMU,ENR-MJR-UP,14:32,14:46,1111111,4,true
P-43870-TNPENR-UP,43870,MEMU,TNP-ENR-UP,14:47,15:02,1111111,4,true
P-43870-BBQTNP-UP,43870,MEMU,BBQ-TNP-UP,15:03,15:07,1111111,4,true
P-43870-MASBBQ-UP,43870,MEMU,MAS-BBQ-UP,15:08,15:11,1111111,4,true
P-43871-PONGPD-UP,43871,MEMU,PON-GPD-UP,14:30,14:47,1111111,4,true
P-43871-MJRPON-UP,43871,MEMU,MJR-PON-UP,14:48,15:01,1111111,4,true
P-43871-ENRMJR-UP,43871,MEMU,ENR-MJR-UP,15:02,15:16,1111111,4,true
P-43871-TNPENR-UP,43871,MEMU,TNP-ENR-UP,15:17,15:32,1111111,4,true
P-43871-BBQTNP-UP,43871,MEMU,BBQ-TNP-UP,15:33,15:37,1111111,4,true
P-43871-MASBBQ-UP,43871,MEMU,MAS-BBQ-UP,15:38,15:41,1111111,4,true
P-43872-PONGPD-UP,43872,MEMU,PON-GPD-UP,15:00,15:17,1111111,4,true
P-43872-MJRPON-UP,43872,MEMU,MJR-PON-UP,15:18,15:31,1111111,4,true
P-43872-ENRMJR-UP,43872,MEMU,ENR-MJR-UP,15:32,15:46,1111111,4,true
P-43872-TNPENR-UP,43872,MEMU,TNP-ENR-UP,15:47,16:02,1111111,4,true
P-43872-BBQTNP-UP,43872,MEMU,BBQ-TNP-UP,16:03,16:07,1111111,4,true
P-43872-MASBBQ-UP,43872,MEMU,MAS-BBQ-UP,16:08,16:11,1111111,4,true
P-43873-PONGPD-UP,43873,MEMU,PON-GPD-UP,15:30,15:47,1111111,4,true
P-43873-MJRPON-UP,43873,MEMU,MJR-PON-UP,15:48,16:01,1111111,4,true
P-43873-ENRMJR-UP,43873,MEMU,ENR-MJR-UP,16:02,16:16,1111111,4,true
P-43873-TNPENR-UP,43873,MEMU,TNP-ENR-UP,16:17,16:32,1111111,4,true
P-43873-BBQTNP-UP,43873,MEMU,BBQ-TNP-UP,16:33,16:37,1111111,4,true
P-43873-MASBBQ-UP,43873,MEMU,MAS-BBQ-UP,16:38,16:41,1111111,4,true
P-43874-PONGPD-UP,43874,MEMU,PON-GPD-UP,16:00,16:17,1111111,4,true
P-43874-MJRPON-UP,43874,MEMU,MJR-PON-UP,16:18,16:31,1111111,4,true
P-43874-ENRMJR-UP,43874,MEMU,ENR-MJR-UP,16:32,16:46,1111111,4,true
P-43874-TNPENR-UP,43874,MEMU,TNP-ENR-UP,16:47,17:02,1111111,4,true
P-43874-BBQTNP-UP,43874,MEMU,BBQ-TNP-UP,17:03,17:07,1111111,4,true
P-43874-MASBBQ-UP,43874,MEMU,MAS-BBQ-UP,17:08,17:11,1111111,4,true
P-43875-PONGPD-UP,43875,MEMU,PON-GPD-UP,16:30,16:47,1111111,4,true
P-43875-MJRPON-UP,43875,MEMU,MJR-PON-UP,16:48,17:01,1111111,4,true
P-43875-ENRMJR-UP,43875,MEMU,ENR-MJR-UP,17:02,17:16,1111111,4,true
P-43875-TNPENR-UP,43875,MEMU,TNP-ENR-UP,17:17,17:32,1111111,4,true
P-43875-BBQTNP-UP,43875,MEMU,BBQ-TNP-UP,17:33,17:37,1111111,4,true
P-43875-MASBBQ-UP,43875,MEMU,MAS-BBQ-UP,17:38,17:41,1111111,4,true
P-43876-PONGPD-UP,43876,MEMU,PON-GPD-UP,17:00,17:17,1111111,4,true
P-43876-MJRPON-UP,43876,MEMU,MJR-PON-UP,17:18,17:31,1111111,4,true
P-43876-ENRMJR-UP,43876,MEMU,ENR-MJR-UP,17:32,17:46,1111111,4,true
P-43876-TNPENR-UP,43876,MEMU,TNP-ENR-UP,17:47,18:02,1111111,4,true
P-43876-BBQTNP-UP,43876,MEMU,BBQ-TNP-UP,18:03,18:07,1111111,4,true
P-43876-MASBBQ-UP,43876,MEMU,MAS-BBQ-UP,18:08,18:11,1111111,4,true
P-43877-PONGPD-UP,43877,MEMU,PON-GPD-UP,17:30,17:47,1111111,4,true
P-43877-MJRPON-UP,43877,MEMU,MJR-PON-UP,17:48,18:01,1111111,4,true
P-43877-ENRMJR-UP,43877,MEMU,ENR-MJR-UP,18:02,18:16,1111111,4,true
P-43877-TNPENR-UP,43877,MEMU,TNP-ENR-UP,18:17,18:32,1111111,4,true
P-43877-BBQTNP-UP,43877,MEMU,BBQ-TNP-UP,18:33,18:37,1111111,4,true
P-43877-MASBBQ-UP,43877,MEMU,MAS-BBQ-UP,18:38,18:41,1111111,4,true
P-43878-PONGPD-UP,43878,MEMU,PON-GPD-UP,18:00,18:17,1111111,4,true
P-43878-MJRPON-UP,43878,MEMU,MJR-PON-UP,18:18,18:31,1111111,4,true
P-43878-ENRMJR-UP,43878,MEMU,ENR-MJR-UP,18:32,18:46,1111111,4,true
P-43878-TNPENR-UP,43878,MEMU,TNP-ENR-UP,18:47,19:02,1111111,4,true
P-43878-BBQTNP-UP,43878,MEMU,BBQ-TNP-UP,19:03,19:07,1111111,4,true
P-43878-MASBBQ-UP,43878,MEMU,MAS-BBQ-UP,19:08,19:11,1111111,4,true
P-43879-PONGPD-UP,43879,MEMU,PON-GPD-UP,18:30,18:47,1111111,4,true
P-43879-MJRPON-UP,43879,MEMU,MJR-PON-UP,18:48,19:01,1111111,4,true
P-43879-ENRMJR-UP,43879,MEMU,ENR-MJR-UP,19:02,19:16,1111111,4,true
P-43879-TNPENR-UP,43879,MEMU,TNP-ENR-UP,19:17,19:32,1111111,4,true
P-43879-BBQTNP-UP,43879,MEMU,BBQ-TNP-UP,19:33,19:37,1111111,4,true
P-43879-MASBBQ-UP,43879,MEMU,MAS-BBQ-UP,19:38,19:41,1111111,4,true
P-43880-PONGPD-UP,43880,MEMU,PON-GPD-UP,19:00,19:17,1111111,4,true
P-43880-MJRPON-UP,43880,MEMU,MJR-PON-UP,19:18,19:31,1111111,4,true
P-43880-ENRMJR-UP,43880,MEMU,ENR-MJR-UP,19:32,19:46,1111111,4,true
P-43880-TNPENR-UP,43880,MEMU,TNP-ENR-UP,19:47,20:02,1111111,4,true
P-43880-BBQTNP-UP,43880,MEMU,BBQ-TNP-UP,20:03,20:07,1111111,4,true
P-43880-MASBBQ-UP,43880,MEMU,MAS-BBQ-UP,20:08,20:11,1111111,4,true
P-43881-PONGPD-UP,43881,MEMU,PON-GPD-UP,19:30,19:47,1111111,4,true
P-43881-MJRPON-UP,43881,MEMU,MJR-PON-UP,19:48,20:01,1111111,4,true
P-43881-ENRMJR-UP,43881,MEMU,ENR-MJR-UP,20:02,20:16,1111111,4,true
P-43881-TNPENR-UP,43881,MEMU,TNP-ENR-UP,20:17,20:32,1111111,4,true
P-43881-BBQTNP-UP,43881,MEMU,BBQ-TNP-UP,20:33,20:37,1111111,4,true
P-43881-MASBBQ-UP,43881,MEMU,MAS-BBQ-UP,20:38,20:41,1111111,4,true
P-43882-PONGPD-UP,43882,MEMU,PON-GPD-UP,20:00,20:17,1111111,4,true
P-43882-MJRPON-UP,43882,MEMU,MJR-PON-UP,20:18,20:31,1111111,4,true
P-43882-ENRMJR-UP,43882,MEMU,ENR-MJR-UP,20:32,20:46,1111111,4,true
P-43882-TNPENR-UP,43882,MEMU,TNP-ENR-UP,20:47,21:02,1111111,4,true
P-43882-BBQTNP-UP,43882,MEMU,BBQ-TNP-UP,21:03,21:07,1111111,4,true
P-43882-MASBBQ-UP,43882,MEMU,MAS-BBQ-UP,21:08,21:11,1111111,4,true
P-43883-PONGPD-UP,43883,MEMU,PON-GPD-UP,20:30,20:47,1111111,4,true
P-43883-MJRPON-UP,43883,MEMU,MJR-PON-UP,20:48,21:01,1111111,4,true
P-43883-ENRMJR-UP,43883,MEMU,ENR-MJR-UP,21:02,21:16,1111111,4,true
P-43883-TNPENR-UP,43883,MEMU,TNP-ENR-UP,21:17,21:32,1111111,4,true
P-43883-BBQTNP-UP,43883,MEMU,BBQ-TNP-UP,21:33,21:37,1111111,4,true
P-43883-MASBBQ-UP,43883,MEMU,MAS-BBQ-UP,21:38,21:41,1111111,4,true
P-43884-PONGPD-UP,43884,MEMU,PON-GPD-UP,21:00,21:17,1111111,4,true
P-43884-MJRPON-UP,43884,MEMU,MJR-PON-UP,21:18,21:31,1111111,4,true
P-43884-ENRMJR-UP,43884,MEMU,ENR-MJR-UP,21:32,21:46,1111111,4,true
P-43884-TNPENR-UP,43884,MEMU,TNP-ENR-UP,21:47,22:02,1111111,4,true
P-43884-BBQTNP-UP,43884,MEMU,BBQ-TNP-UP,22:03,22:07,1111111,4,true
P-43884-MASBBQ-UP,43884,MEMU,MAS-BBQ-UP,22:08,22:11,1111111,4,true
P-43885-PONGPD-UP,43885,MEMU,PON-GPD-UP,21:30,21:47,1111111,4,true
P-43885-MJRPON-UP,43885,MEMU,MJR-PON-UP,21:48,22:01,1111111,4,true
P-43885-ENRMJR-UP,43885,MEMU,ENR-MJR-UP,22:02,22:16,1111111,4,true
P-43885-TNPENR-UP,43885,MEMU,TNP-ENR-UP,22:17,22:32,1111111,4,true
P-43885-BBQTNP-UP,43885,MEMU,BBQ-TNP-UP,22:33,22:37,1111111,4,true
P-43885-MASBBQ-UP,43885,MEMU,MAS-BBQ-UP,22:38,22:41,1111111,4,true
P-43886-PONGPD-UP,43886,MEMU,PON-GPD-UP,22:00,22:17,1111111,4,true
P-43886-MJRPON-UP,43886,MEMU,MJR-PON-UP,22:18,22:31,1111111,4,true
P-43886-ENRMJR-UP,43886,MEMU,ENR-MJR-UP,22:32,22:46,1111111,4,true
P-43886-TNPENR-UP,43886,MEMU,TNP-ENR-UP,22:47,23:02,1111111,4,true
P-43886-BBQTNP-UP,43886,MEMU,BBQ-TNP-UP,23:03,23:07,1111111,4,true
P-43886-MASBBQ-UP,43886,MEMU,MAS-BBQ-UP,23:08,23:11,1111111,4,true
P-43887-PONGPD-UP,43887,MEMU,PON-GPD-UP,22:30,22:47,1111111,4,true
P-43887-MJRPON-UP,43887,MEMU,MJR-PON-UP,22:48,23:01,1111111,4,true
P-43887-ENRMJR-UP,43887,MEMU,ENR-MJR-UP,23:02,23:16,1111111,4,true
P-43887-TNPENR-UP,43887,MEMU,TNP-ENR-UP,23:17,23:32,1111111,4,true
P-43887-BBQTNP-UP,43887,MEMU,BBQ-TNP-UP,23:33,23:37,1111111,4,true
P-43887-MASBBQ-UP,43887,MEMU,MAS-BBQ-UP,23:38,23:41,1111111,4,true
P-44000-CGLWJ-SINGLE,44000,EMU,CGL-WJ-SINGLE,05:00,05:33,1111111,5,false
P-44000-WJCJ-SINGLE,44000,EMU,WJ-CJ-SINGLE,05:34,05:55,1111111,5,false
P-44000-CJTMLP-SINGLE,44000,EMU,CJ-TMLP-SINGLE,05:55,06:13,1111111,5,false
P-44000-TMLPTKO-SINGLE,44000,EMU,TMLP-TKO-SINGLE,06:14,06:24,1111111,5,false
P-44000-TKOAJJ-SINGLE,44000,EMU,TKO-AJJ-SINGLE,06:25,06:44,1111111,5,false
P-44001-CGLWJ-SINGLE,44001,EMU,CGL-WJ-SINGLE,06:50,07:23,1111111,5,false
P-44001-WJCJ-SINGLE,44001,EMU,WJ-CJ-SINGLE,07:24,07:45,1111111,5,false
P-44001-CJTMLP-SINGLE,44001,EMU,CJ-TMLP-SINGLE,07:45,08:03,1111111,5,false
P-44001-TMLPTKO-SINGLE,44001,EMU,TMLP-TKO-SINGLE,08:04,08:14,1111111,5,false
P-44001-TKOAJJ-SINGLE,44001,EMU,TKO-AJJ-SINGLE,08:15,08:34,1111111,5,false
P-44002-CGLWJ-SINGLE,44002,EMU,CGL-WJ-SINGLE,08:40,09:13,1111111,5,false
P-44002-WJCJ-SINGLE,44002,EMU,WJ-CJ-SINGLE,09:14,09:35,1111111,5,false
P-44002-CJTMLP-SINGLE,44002,EMU,CJ-TMLP-SINGLE,09:35,09:53,1111111,5,false
P-44002-TMLPTKO-SINGLE,44002,EMU,TMLP-TKO-SINGLE,09:54,10:04,1111111,5,false
P-44002-TKOAJJ-SINGLE,44002,EMU,TKO-AJJ-SINGLE,10:05,10:24,1111111,5,false
P-44003-CGLWJ-SINGLE,44003,EMU,CGL-WJ-SINGLE,10:30,11:03,1111111,5,false
P-44003-WJCJ-SINGLE,44003,EMU,WJ-CJ-SINGLE,11:04,11:25,1111111,5,false
P-44003-CJTMLP-SINGLE,44003,EMU,CJ-TMLP-SINGLE,11:25,11:43,1111111,5,false
P-44003-TMLPTKO-SINGLE,44003,EMU,TMLP-TKO-SINGLE,11:44,11:54,1111111,5,false
P-44003-TKOAJJ-SINGLE,44003,EMU,TKO-AJJ-SINGLE,11:55,12:14,1111111,5,false
P-44004-CGLWJ-SINGLE,44004,EMU,CGL-WJ-SINGLE,12:20,12:53,1111111,5,false
P-44004-WJCJ-SINGLE,44004,EMU,WJ-CJ-SINGLE,12:54,13:15,1111111,5,false
P-44004-CJTMLP-SINGLE,44004,EMU,CJ-TMLP-SINGLE,13:15,13:33,1111111,5,false
P-44004-TMLPTKO-SINGLE,44004,EMU,TMLP-TKO-SINGLE,13:34,13:44,1111111,5,false
P-44004-TKOAJJ-SINGLE,44004,EMU,TKO-AJJ-SINGLE,13:45,14:04,1111111,5,false
P-44005-CGLWJ-SINGLE,44005,EMU,CGL-WJ-SINGLE,14:10,14:43,1111111,5,false
P-44005-WJCJ-SINGLE,44005,EMU,WJ-CJ-SINGLE,14:44,15:05,1111111,5,false
P-44005-CJTMLP-SINGLE,44005,EMU,CJ-TMLP-SINGLE,15:05,15:23,1111111,5,false
P-44005-TMLPTKO-SINGLE,44005,EMU,TMLP-TKO-SINGLE,15:24,15:34,1111111,5,false
P-44005-TKOAJJ-SINGLE,44005,EMU,TKO-AJJ-SINGLE,15:35,15:54,1111111,5,false
P-44006-CGLWJ-SINGLE,44006,EMU,CGL-WJ-SINGLE,16:00,16:33,1111111,5,false
P-44006-WJCJ-SINGLE,44006,EMU,WJ-CJ-SINGLE,16:34,16:55,1111111,5,false
P-44006-CJTMLP-SINGLE,44006,EMU,CJ-TMLP-SINGLE,16:55,17:13,1111111,5,false
P-44006-TMLPTKO-SINGLE,44006,EMU,TMLP-TKO-SINGLE,17:14,17:24,1111111,5,false
P-44006-TKOAJJ-SINGLE,44006,EMU,TKO-AJJ-SINGLE,17:25,17:44,1111111,5,false
P-44007-CGLWJ-SINGLE,44007,EMU,CGL-WJ-SINGLE,17:50,18:23,1111111,5,false
P-44007-WJCJ-SINGLE,44007,EMU,WJ-CJ-SINGLE,18:24,18:45,1111111,5,false
P-44007-CJTMLP-SINGLE,44007,EMU,CJ-TMLP-SINGLE,18:45,19:03,1111111,5,false
P-44007-TMLPTKO-SINGLE,44007,EMU,TMLP-TKO-SINGLE,19:04,19:14,1111111,5,false
P-44007-TKOAJJ-SINGLE,44007,EMU,TKO-AJJ-SINGLE,19:15,19:34,1111111,5,false
P-44008-CGLWJ-SINGLE,44008,EMU,CGL-WJ-SINGLE,19:40,20:13,1111111,5,false
P-44008-WJCJ-SINGLE,44008,EMU,WJ-CJ-SINGLE,20:14,20:35,1111111,5,false
P-44008-CJTMLP-SINGLE,44008,EMU,CJ-TMLP-SINGLE,20:35,20:53,1111111,5,false
P-44008-TMLPTKO-SINGLE,44008,EMU,TMLP-TKO-SINGLE,20:54,21:04,1111111,5,false
P-44008-TKOAJJ-SINGLE,44008,EMU,TKO-AJJ-SINGLE,21:05,21:24,1111111,5,false
P-44050-TKOAJJ-SINGLE,44050,EMU,TKO-AJJ-SINGLE,05:00,05:20,1111111,5,false
P-44050-TMLPTKO-SINGLE,44050,EMU,TMLP-TKO-SINGLE,05:20,05:31,1111111,5,false
P-44050-CJTMLP-SINGLE,44050,EMU,CJ-TMLP-SINGLE,05:31,05:49,1111111,5,false
P-44050-WJCJ-SINGLE,44050,EMU,WJ-CJ-SINGLE,05:50,06:11,1111111,5,false
P-44050-CGLWJ-SINGLE,44050,EMU,CGL-WJ-SINGLE,06:11,06:44,1111111,5,false
P-44051-TKOAJJ-SINGLE,44051,EMU,TKO-AJJ-SINGLE,06:50,07:10,1111111,5,false
P-44051-TMLPTKO-SINGLE,44051,EMU,TMLP-TKO-SINGLE,07:10,07:21,1111111,5,false
P-44051-CJTMLP-SINGLE,44051,EMU,CJ-TMLP-SINGLE,07:21,07:39,1111111,5,false
P-44051-WJCJ-SINGLE,44051,EMU,WJ-CJ-SINGLE,07:40,08:01,1111111,5,false
P-44051-CGLWJ-SINGLE,44051,EMU,CGL-WJ-SINGLE,08:01,08:34,1111111,5,false
P-44052-TKOAJJ-SINGLE,44052,EMU,TKO-AJJ-SINGLE,08:40,09:00,1111111,5,false
P-44052-TMLPTKO-SINGLE,44052,EMU,TMLP-TKO-SINGLE,09:00,09:11,1111111,5,false
P-44052-CJTMLP-SINGLE,44052,EMU,CJ-TMLP-SINGLE,09:11,09:29,1111111,5,false
P-44052-WJCJ-SINGLE,44052,EMU,WJ-CJ-SINGLE,09:30,09:51,1111111,5,false
P-44052-CGLWJ-SINGLE,44052,EMU,CGL-WJ-SINGLE,09:51,10:24,1111111,5,false
P-44053-TKOAJJ-SINGLE,44053,EMU,TKO-AJJ-SINGLE,10:30,10:50,1111111,5,false
P-44053-TMLPTKO-SINGLE,44053,EMU,TMLP-TKO-SINGLE,10:50,11:01,1111111,5,false
P-44053-CJTMLP-SINGLE,44053,EMU,CJ-TMLP-SINGLE,11:01,11:19,1111111,5,false
P-44053-WJCJ-SINGLE,44053,EMU,WJ-CJ-SINGLE,11:20,11:41,1111111,5,false
P-44053-CGLWJ-SINGLE,44053,EMU,CGL-WJ-SINGLE,11:41,12:14,1111111,5,false
P-44054-TKOAJJ-SINGLE,44054,EMU,TKO-AJJ-SINGLE,12:20,12:40,1111111,5,false
P-44054-TMLPTKO-SINGLE,44054,EMU,TMLP-TKO-SINGLE,12:40,12:51,1111111,5,false
P-44054-CJTMLP-SINGLE,44054,EMU,CJ-TMLP-SINGLE,12:51,13:09,1111111,5,false
P-44054-WJCJ-SINGLE,44054,EMU,WJ-CJ-SINGLE,13:10,13:31,1111111,5,false
P-44054-CGLWJ-SINGLE,44054,EMU,CGL-WJ-SINGLE,13:31,14:04,1111111,5,false
P-44055-TKOAJJ-SINGLE,44055,EMU,TKO-AJJ-SINGLE,14:10,14:30,1111111,5,false
P-44055-TMLPTKO-SINGLE,44055,EMU,TMLP-TKO-SINGLE,14:30,14:41,1111111,5,false
P-44055-CJTMLP-SINGLE,44055,EMU,CJ-TMLP-SINGLE,14:41,14:59,1111111,5,false
P-44055-WJCJ-SINGLE,44055,EMU,WJ-CJ-SINGLE,15:00,15:21,1111111,5,false
P-44055-CGLWJ-SINGLE,44055,EMU,CGL-WJ-SINGLE,15:21,15:54,1111111,5,false
P-44056-TKOAJJ-SINGLE,44056,EMU,TKO-AJJ-SINGLE,16:00,16:20,1111111,5,false
P-44056-TMLPTKO-SINGLE,44056,EMU,TMLP-TKO-SINGLE,16:20,16:31,1111111,5,false
P-44056-CJTMLP-SINGLE,44056,EMU,CJ-TMLP-SINGLE,16:31,16:49,1111111,5,false
P-44056-WJCJ-SINGLE,44056,EMU,WJ-CJ-SINGLE,16:50,17:11,1111111,5,false
P-44056-CGLWJ-SINGLE,44056,EMU,CGL-WJ-SINGLE,17:11,17:44,1111111,5,false
P-44057-TKOAJJ-SINGLE,44057,EMU,TKO-AJJ-SINGLE,17:50,18:10,1111111,5,false
P-44057-TMLPTKO-SINGLE,44057,EMU,TMLP-TKO-SINGLE,18:10,18:21,1111111,5,false
P-44057-CJTMLP-SINGLE,44057,EMU,CJ-TMLP-SINGLE,18:21,18:39,1111111,5,false
P-44057-WJCJ-SINGLE,44057,EMU,WJ-CJ-SINGLE,18:40,19:01,1111111,5,false
P-44057-CGLWJ-SINGLE,44057,EMU,CGL-WJ-SINGLE,19:01,19:34,1111111,5,false
P-44058-TKOAJJ-SINGLE,44058,EMU,TKO-AJJ-SINGLE,19:40,20:00,1111111,5,false
P-44058-TMLPTKO-SINGLE,44058,EMU,TMLP-TKO-SINGLE,20:00,20:11,1111111,5,false
P-44058-CJTMLP-SINGLE,44058,EMU,CJ-TMLP-SINGLE,20:11,20:29,1111111,5,false
P-44058-WJCJ-SINGLE,44058,EMU,WJ-CJ-SINGLE,20:30,20:51,1111111,5,false
P-44058-CGLWJ-SINGLE,44058,EMU,CGL-WJ-SINGLE,20:51,21:24,1111111,5,false
P-55000-MASBBQ-DN,55000,goods,MAS-BBQ-DN,00:00,00:04,1111111,6,true
P-55000-BBQPER-DN,55000,goods,BBQ-PER-DN,00:04,00:10,1111111,6,true
P-55000-PERABU-DN,55000,goods,PER-ABU-DN,00:10,00:30,1111111,6,true
P-55000-ABUAVD-DN,55000,goods,ABU-AVD-DN,00:30,00:42,1111111,6,true
P-55000-AVDTI-DN,55000,goods,AVD-TI-DN,00:42,00:58,1111111,6,true
P-55000-TITRL-DN,55000,goods,TI-TRL-DN,00:58,01:24,1111111,6,true
P-55000-TRLAJJ-DN,55000,goods,TRL-AJJ-DN,01:24,02:17,1111111,6,true
P-55001-MASBBQ-DN,55001,goods,MAS-BBQ-DN,01:35,01:39,1111111,6,true
P-55001-BBQPER-DN,55001,goods,BBQ-PER-DN,01:39,01:45,1111111,6,true
P-55001-PERABU-DN,55001,goods,PER-ABU-DN,01:45,02:05,1111111,6,true
P-55001-ABUAVD-DN,55001,goods,ABU-AVD-DN,02:05,02:17,1111111,6,true
P-55001-AVDTI-DN,55001,goods,AVD-TI-DN,02:17,02:33,1111111,6,true
P-55001-TITRL-DN,55001,goods,TI-TRL-DN,02:33,02:59,1111111,6,true
P-55001-TRLAJJ-DN,55001,goods,TRL-AJJ-DN,02:59,03:52,1111111,6,true
P-55002-MASBBQ-DN,55002,goods,MAS-BBQ-DN,03:10,03:14,1111111,6,true
P-55002-BBQPER-DN,55002,goods,BBQ-PER-DN,03:14,03:20,1111111,6,true
P-55002-PERABU-DN,55002,goods,PER-ABU-DN,03:20,03:40,1111111,6,true
P-55002-ABUAVD-DN,55002,goods,ABU-AVD-DN,03:40,03:52,1111111,6,true
P-55002-AVDTI-DN,55002,goods,AVD-TI-DN,03:52,04:08,1111111,6,true
P-55002-TITRL-DN,55002,goods,TI-TRL-DN,04:08,04:34,1111111,6,true
P-55002-TRLAJJ-DN,55002,goods,TRL-AJJ-DN,04:34,05:27,1111111,6,true
P-55003-MASBBQ-DN,55003,goods,MAS-BBQ-DN,04:45,04:49,1111111,6,true
P-55003-BBQPER-DN,55003,goods,BBQ-PER-DN,04:49,04:55,1111111,6,true
P-55003-PERABU-DN,55003,goods,PER-ABU-DN,04:55,05:15,1111111,6,true
P-55003-ABUAVD-DN,55003,goods,ABU-AVD-DN,05:15,05:27,1111111,6,true
P-55003-AVDTI-DN,55003,goods,AVD-TI-DN,05:27,05:43,1111111,6,true
P-55003-TITRL-DN,55003,goods,TI-TRL-DN,05:43,06:09,1111111,6,true
P-55003-TRLAJJ-DN,55003,goods,TRL-AJJ-DN,06:09,07:02,1111111,6,true
P-55004-MASBBQ-DN,55004,goods,MAS-BBQ-DN,06:20,06:24,1111111,6,true
P-55004-BBQPER-DN,55004,goods,BBQ-PER-DN,06:24,06:30,1111111,6,true
P-55004-PERABU-DN,55004,goods,PER-ABU-DN,06:30,06:50,1111111,6,true
P-55004-ABUAVD-DN,55004,goods,ABU-AVD-DN,06:50,07:02,1111111,6,true
P-55004-AVDTI-DN,55004,goods,AVD-TI-DN,07:02,07:18,1111111,6,true
P-55004-TITRL-DN,55004,goods,TI-TRL-DN,07:18,07:44,1111111,6,true
P-55004-TRLAJJ-DN,55004,goods,TRL-AJJ-DN,07:44,08:37,1111111,6,true
P-55005-MASBBQ-DN,55005,goods,MAS-BBQ-DN,07:55,07:59,1111111,6,true
P-55005-BBQPER-DN,55005,goods,BBQ-PER-DN,07:59,08:05,1111111,6,true
P-55005-PERABU-DN,55005,goods,PER-ABU-DN,08:05,08:25,1111111,6,true
P-55005-ABUAVD-DN,55005,goods,ABU-AVD-DN,08:25,08:37,1111111,6,true
P-55005-AVDTI-DN,55005,goods,AVD-TI-DN,08:37,08:53,1111111,6,true
P-55005-TITRL-DN,55005,goods,TI-TRL-DN,08:53,09:19,1111111,6,true
P-55005-TRLAJJ-DN,55005,goods,TRL-AJJ-DN,09:19,10:12,1111111,6,true
P-55006-MASBBQ-DN,55006,goods,MAS-BBQ-DN,09:30,09:34,1111111,6,true
P-55006-BBQPER-DN,55006,goods,BBQ-PER-DN,09:34,09:40,1111111,6,true
P-55006-PERABU-DN,55006,goods,PER-ABU-DN,09:40,10:00,1111111,6,true
P-55006-ABUAVD-DN,55006,goods,ABU-AVD-DN,10:00,10:12,1111111,6,true
P-55006-AVDTI-DN,55006,goods,AVD-TI-DN,10:12,10:28,1111111,6,true
P-55006-TITRL-DN,55006,goods,TI-TRL-DN,10:28,10:54,1111111,6,true
P-55006-TRLAJJ-DN,55006,goods,TRL-AJJ-DN,10:54,11:47,1111111,6,true
P-55007-MASBBQ-DN,55007,goods,MAS-BBQ-DN,11:05,11:09,1111111,6,true
P-55007-BBQPER-DN,55007,goods,BBQ-PER-DN,11:09,11:15,1111111,6,true
P-55007-PERABU-DN,55007,goods,PER-ABU-DN,11:15,11:35,1111111,6,true
P-55007-ABUAVD-DN,55007,goods,ABU-AVD-DN,11:35,11:47,1111111,6,true
P-55007-AVDTI-DN,55007,goods,AVD-TI-DN,11:47,12:03,1111111,6,true
P-55007-TITRL-DN,55007,goods,TI-TRL-DN,12:03,12:29,1111111,6,true
P-55007-TRLAJJ-DN,55007,goods,TRL-AJJ-DN,12:29,13:22,1111111,6,true
P-55008-MASBBQ-DN,55008,goods,MAS-BBQ-DN,12:40,12:44,1111111,6,true
P-55008-BBQPER-DN,55008,goods,BBQ-PER-DN,12:44,12:50,1111111,6,true
P-55008-PERABU-DN,55008,goods,PER-ABU-DN,12:50,13:10,1111111,6,true
P-55008-ABUAVD-DN,55008,goods,ABU-AVD-DN,13:10,13:22,1111111,6,true
P-55008-AVDTI-DN,55008,goods,AVD-TI-DN,13:22,13:38,1111111,6,true
P-55008-TITRL-DN,55008,goods,TI-TRL-DN,13:38,14:04,1111111,6,true
P-55008-TRLAJJ-DN,55008,goods,TRL-AJJ-DN,14:04,14:57,1111111,6,true
P-55009-MASBBQ-DN,55009,goods,MAS-BBQ-DN,14:15,14:19,1111111,6,true
P-55009-BBQPER-DN,55009,goods,BBQ-PER-DN,14:19,14:25,1111111,6,true
P-55009-PERABU-DN,55009,goods,PER-ABU-DN,14:25,14:45,1111111,6,true
P-55009-ABUAVD-DN,55009,goods,ABU-AVD-DN,14:45,14:57,1111111,6,true
P-55009-AVDTI-DN,55009,goods,AVD-TI-DN,14:57,15:13,1111111,6,true
P-55009-TITRL-DN,55009,goods,TI-TRL-DN,15:13,15:39,1111111,6,true
P-55009-TRLAJJ-DN,55009,goods,TRL-AJJ-DN,15:39,16:32,1111111,6,true
P-55010-MASBBQ-DN,55010,goods,MAS-BBQ-DN,15:50,15:54,1111111,6,true
P-55010-BBQPER-DN,55010,goods,BBQ-PER-DN,15:54,16:00,1111111,6,true
P-55010-PERABU-DN,55010,goods,PER-ABU-DN,16:00,16:20,1111111,6,true
P-55010-ABUAVD-DN,55010,goods,ABU-AVD-DN,16:20,16:32,1111111,6,true
P-55010-AVDTI-DN,55010,goods,AVD-TI-DN,16:32,16:48,1111111,6,true
P-55010-TITRL-DN,55010,goods,TI-TRL-DN,16:48,17:14,1111111,6,true
P-55010-TRLAJJ-DN,55010,goods,TRL-AJJ-DN,17:14,18:07,1111111,6,true
P-55011-MASBBQ-DN,55011,goods,MAS-BBQ-DN,17:25,17:29,1111111,6,true
P-55011-BBQPER-DN,55011,goods,BBQ-PER-DN,17:29,17:35,1111111,6,true
P-55011-PERABU-DN,55011,goods,PER-ABU-DN,17:35,17:55,1111111,6,true
P-55011-ABUAVD-DN,55011,goods,ABU-AVD-DN,17:55,18:07,1111111,6,true
P-55011-AVDTI-DN,55011,goods,AVD-TI-DN,18:07,18:23,1111111,6,true
P-55011-TITRL-DN,55011,goods,TI-TRL-DN,18:23,18:49,1111111,6,true
P-55011-TRLAJJ-DN,55011,goods,TRL-AJJ-DN,18:49,19:42,1111111,6,true
P-55012-MASBBQ-DN,55012,goods,MAS-BBQ-DN,19:00,19:04,1111111,6,true
P-55012-BBQPER-DN,55012,goods,BBQ-PER-DN,19:04,19:10,1111111,6,true
P-55012-PERABU-DN,55012,goods,PER-ABU-DN,19:10,19:30,1111111,6,true
P-55012-ABUAVD-DN,55012,goods,ABU-AVD-DN,19:30,19:42,1111111,6,true
P-55012-AVDTI-DN,55012,goods,AVD-TI-DN,19:42,19:58,1111111,6,true
P-55012-TITRL-DN,55012,goods,TI-TRL-DN,19:58,20:24,1111111,6,true
P-55012-TRLAJJ-DN,55012,goods,TRL-AJJ-DN,20:24,21:17,1111111,6,true
P-55013-MASBBQ-DN,55013,goods,MAS-BBQ-DN,20:35,20:39,1111111,6,true
P-55013-BBQPER-DN,55013,goods,BBQ-PER-DN,20:39,20:45,1111111,6,true
P-55013-PERABU-DN,55013,goods,PER-ABU-DN,20:45,21:05,1111111,6,true
P-55013-ABUAVD-DN,55013,goods,ABU-AVD-DN,21:05,21:17,1111111,6,true
P-55013-AVDTI-DN,55013,goods,AVD-TI-DN,21:17,21:33,1111111,6,true
P-55013-TITRL-DN,55013,goods,TI-TRL-DN,21:33,21:59,1111111,6,true
P-55013-TRLAJJ-DN,55013,goods,TRL-AJJ-DN,21:59,22:52,1111111,6,true
P-55014-MASBBQ-DN,55014,goods,MAS-BBQ-DN,22:10,22:14,1111111,6,true
P-55014-BBQPER-DN,55014,goods,BBQ-PER-DN,22:14,22:20,1111111,6,true
P-55014-PERABU-DN,55014,goods,PER-ABU-DN,22:20,22:40,1111111,6,true
P-55014-ABUAVD-DN,55014,goods,ABU-AVD-DN,22:40,22:52,1111111,6,true
P-55014-AVDTI-DN,55014,goods,AVD-TI-DN,22:52,23:08,1111111,6,true
P-55014-TITRL-DN,55014,goods,TI-TRL-DN,23:08,23:34,1111111,6,true
P-55014-TRLAJJ-DN,55014,goods,TRL-AJJ-DN,23:34,00:27,1111111,6,true
P-55015-MASBBQ-DN,55015,goods,MAS-BBQ-DN,23:45,23:49,1111111,6,true
P-55015-BBQPER-DN,55015,goods,BBQ-PER-DN,23:49,23:55,1111111,6,true
P-55015-PERABU-DN,55015,goods,PER-ABU-DN,23:55,00:15,1111111,6,true
P-55015-ABUAVD-DN,55015,goods,ABU-AVD-DN,00:15,00:27,1111111,6,true
P-55015-AVDTI-DN,55015,goods,AVD-TI-DN,00:27,00:43,1111111,6,true
P-55015-TITRL-DN,55015,goods,TI-TRL-DN,00:43,01:09,1111111,6,true
P-55015-TRLAJJ-DN,55015,goods,TRL-AJJ-DN,01:09,02:02,1111111,6,true
P-55100-TRLAJJ-UP,55100,goods,TRL-AJJ-UP,00:00,00:53,1111111,6,true
P-55100-TITRL-UP,55100,goods,TI-TRL-UP,00:53,01:19,1111111,6,true
P-55100-AVDTI-UP,55100,goods,AVD-TI-UP,01:19,01:35,1111111,6,true
P-55100-ABUAVD-UP,55100,goods,ABU-AVD-UP,01:35,01:47,1111111,6,true
P-55100-PERABU-UP,55100,goods,PER-ABU-UP,01:47,02:07,1111111,6,true
P-55100-BBQPER-UP,55100,goods,BBQ-PER-UP,02:07,02:13,1111111,6,true
P-55100-MASBBQ-UP,55100,goods,MAS-BBQ-UP,02:13,02:17,1111111,6,true
P-55101-TRLAJJ-UP,55101,goods,TRL-AJJ-UP,01:35,02:28,1111111,6,true
P-55101-TITRL-UP,55101,goods,TI-TRL-UP,02:28,02:54,1111111,6,true
P-55101-AVDTI-UP,55101,goods,AVD-TI-UP,02:54,03:10,1111111,6,true
P-55101-ABUAVD-UP,55101,goods,ABU-AVD-UP,03:10,03:22,1111111,6,true
P-55101-PERABU-UP,55101,goods,PER-ABU-UP,03:22,03:42,1111111,6,true
P-55101-BBQPER-UP,55101,goods,BBQ-PER-UP,03:42,03:48,1111111,6,true
P-55101-MASBBQ-UP,55101,goods,MAS-BBQ-UP,03:48,03:52,1111111,6,true
P-55102-TRLAJJ-UP,55102,goods,TRL-AJJ-UP,03:10,04:03,1111111,6,true
P-55102-TITRL-UP,55102,goods,TI-TRL-UP,04:03,04:29,1111111,6,true
P-55102-AVDTI-UP,55102,goods,AVD-TI-UP,04:29,04:45,1111111,6,true
P-55102-ABUAVD-UP,55102,goods,ABU-AVD-UP,04:45,04:57,1111111,6,true
P-55102-PERABU-UP,55102,goods,PER-ABU-UP,04:57,05:17,1111111,6,true
P-55102-BBQPER-UP,55102,goods,BBQ-PER-UP,05:17,05:23,1111111,6,true
P-55102-MASBBQ-UP,55102,goods,MAS-BBQ-UP,05:23,05:27,1111111,6,true
P-55103-TRLAJJ-UP,55103,goods,TRL-AJJ-UP,04:45,05:38,1111111,6,true
P-55103-TITRL-UP,55103,goods,TI-TRL-UP,05:38,06:04,1111111,6,true
P-55103-AVDTI-UP,55103,goods,AVD-TI-UP,06:04,06:20,1111111,6,true
P-55103-ABUAVD-UP,55103,goods,ABU-AVD-UP,06:20,06:32,1111111,6,true
P-55103-PERABU-UP,55103,goods,PER-ABU-UP,06:32,06:52,1111111,6,true
P-55103-BBQPER-UP,55103,goods,BBQ-PER-UP,06:52,06:58,1111111,6,true
P-55103-MASBBQ-UP,55103,goods,MAS-BBQ-UP,06:58,07:02,1111111,6,true
P-55104-TRLAJJ-UP,55104,goods,TRL-AJJ-UP,06:20,07:13,1111111,6,true
P-55104-TITRL-UP,55104,goods,TI-TRL-UP,07:13,07:39,1111111,6,true
P-55104-AVDTI-UP,55104,goods,AVD-TI-UP,07:39,07:55,1111111,6,true
P-55104-ABUAVD-UP,55104,goods,ABU-AVD-UP,07:55,08:07,1111111,6,true
P-55104-PERABU-UP,55104,goods,PER-ABU-UP,08:07,08:27,1111111,6,true
P-55104-BBQPER-UP,55104,goods,BBQ-PER-UP,08:27,08:33,1111111,6,true
P-55104-MASBBQ-UP,55104,goods,MAS-BBQ-UP,08:33,08:37,1111111,6,true
P-55105-TRLAJJ-UP,55105,goods,TRL-AJJ-UP,07:55,08:48,1111111,6,true
P-55105-TITRL-UP,55105,goods,TI-TRL-UP,08:48,09:14,1111111,6,true
P-55105-AVDTI-UP,55105,goods,AVD-TI-UP,09:14,09:30,1111111,6,true
P-55105-ABUAVD-UP,55105,goods,ABU-AVD-UP,09:30,09:42,1111111,6,true
P-55105-PERABU-UP,55105,goods,PER-ABU-UP,09:42,10:02,1111111,6,true
P-55105-BBQPER-UP,55105,goods,BBQ-PER-UP,10:02,10:08,1111111,6,true
P-55105-MASBBQ-UP,55105,goods,MAS-BBQ-UP,10:08,10:12,1111111,6,true
P-55106-TRLAJJ-UP,55106,goods,TRL-AJJ-UP,09:30,10:23,1111111,6,true
P-55106-TITRL-UP,55106,goods,TI-TRL-UP,10:23,10:49,1111111,6,true
P-55106-AVDTI-UP,55106,goods,AVD-TI-UP,10:49,11:05,1111111,6,true
P-55106-ABUAVD-UP,55106,goods,ABU-AVD-UP,11:05,11:17,1111111,6,true
P-55106-PERABU-UP,55106,goods,PER-ABU-UP,11:17,11:37,1111111,6,true
P-55106-BBQPER-UP,55106,goods,BBQ-PER-UP,11:37,11:43,1111111,6,true
P-55106-MASBBQ-UP,55106,goods,MAS-BBQ-UP,11:43,11:47,1111111,6,true
P-55107-TRLAJJ-UP,55107,goods,TRL-AJJ-UP,11:05,11:58,1111111,6,true
P-55107-TITRL-UP,55107,goods,TI-TRL-UP,11:58,12:24,1111111,6,true
P-55107-AVDTI-UP,55107,goods,AVD-TI-UP,12:24,12:40,1111111,6,true
P-55107-ABUAVD-UP,55107,goods,ABU-AVD-UP,12:40,12:52,1111111,6,true
P-55107-PERABU-UP,55107,goods,PER-ABU-UP,12:52,13:12,1111111,6,true
P-55107-BBQPER-UP,55107,goods,BBQ-PER-UP,13:12,13:18,1111111,6,true
P-55107-MASBBQ-UP,55107,goods,MAS-BBQ-UP,13:18,13:22,1111111,6,true
P-55108-TRLAJJ-UP,55108,goods,TRL-AJJ-UP,12:40,13:33,1111111,6,true
P-55108-TITRL-UP,55108,goods,TI-TRL-UP,13:33,13:59,1111111,6,true
P-55108-AVDTI-UP,55108,goods,AVD-TI-UP,13:59,14:15,1111111,6,true
P-55108-ABUAVD-UP,55108,goods,ABU-AVD-UP,14:15,14:27,1111111,6,true
P-55108-PERABU-UP,55108,goods,PER-ABU-UP,14:27,14:47,1111111,6,true
P-55108-BBQPER-UP,55108,goods,BBQ-PER-UP,14:47,14:53,1111111,6,true
P-55108-MASBBQ-UP,55108,goods,MAS-BBQ-UP,14:53,14:57,1111111,6,true
P-55109-TRLAJJ-UP,55109,goods,TRL-AJJ-UP,14:15,15:08,1111111,6,true
P-55109-TITRL-UP,55109,goods,TI-TRL-UP,15:08,15:34,1111111,6,true
P-55109-AVDTI-UP,55109,goods,AVD-TI-UP,15:34,15:50,1111111,6,true
P-55109-ABUAVD-UP,55109,goods,ABU-AVD-UP,15:50,16:02,1111111,6,true
P-55109-PERABU-UP,55109,goods,PER-ABU-UP,16:02,16:22,1111111,6,true
P-55109-BBQPER-UP,55109,goods,BBQ-PER-UP,16:22,16:28,1111111,6,true
P-55109-MASBBQ-UP,55109,goods,MAS-BBQ-UP,16:28,16:32,1111111,6,true
P-55110-TRLAJJ-UP,55110,goods,TRL-AJJ-UP,15:50,16:43,1111111,6,true
P-55110-TITRL-UP,55110,goods,TI-TRL-UP,16:43,17:09,1111111,6,true
P-55110-AVDTI-UP,55110,goods,AVD-TI-UP,17:09,17:25,1111111,6,true
P-55110-ABUAVD-UP,55110,goods,ABU-AVD-UP,17:25,17:37,1111111,6,true
P-55110-PERABU-UP,55110,goods,PER-ABU-UP,17:37,17:57,1111111,6,true
P-55110-BBQPER-UP,55110,goods,BBQ-PER-UP,17:57,18:03,1111111,6,true
P-55110-MASBBQ-UP,55110,goods,MAS-BBQ-UP,18:03,18:07,1111111,6,true
P-55111-TRLAJJ-UP,55111,goods,TRL-AJJ-UP,17:25,18:18,1111111,6,true
P-55111-TITRL-UP,55111,goods,TI-TRL-UP,18:18,18:44,1111111,6,true
P-55111-AVDTI-UP,55111,goods,AVD-TI-UP,18:44,19:00,1111111,6,true
P-55111-ABUAVD-UP,55111,goods,ABU-AVD-UP,19:00,19:12,1111111,6,true
P-55111-PERABU-UP,55111,goods,PER-ABU-UP,19:12,19:32,1111111,6,true
P-55111-BBQPER-UP,55111,goods,BBQ-PER-UP,19:32,19:38,1111111,6,true
P-55111-MASBBQ-UP,55111,goods,MAS-BBQ-UP,19:38,19:42,1111111,6,true
P-55112-TRLAJJ-UP,55112,goods,TRL-AJJ-UP,19:00,19:53,1111111,6,true
P-55112-TITRL-UP,55112,goods,TI-TRL-UP,19:53,20:19,1111111,6,true
P-55112-AVDTI-UP,55112,goods,AVD-TI-UP,20:19,20:35,1111111,6,true
P-55112-ABUAVD-UP,55112,goods,ABU-AVD-UP,20:35,20:47,1111111,6,true
P-55112-PERABU-UP,55112,goods,PER-ABU-UP,20:47,21:07,1111111,6,true
P-55112-BBQPER-UP,55112,goods,BBQ-PER-UP,21:07,21:13,1111111,6,true
P-55112-MASBBQ-UP,55112,goods,MAS-BBQ-UP,21:13,21:17,1111111,6,true
P-55113-TRLAJJ-UP,55113,goods,TRL-AJJ-UP,20:35,21:28,1111111,6,true
P-55113-TITRL-UP,55113,goods,TI-TRL-UP,21:28,21:54,1111111,6,true
P-55113-AVDTI-UP,55113,goods,AVD-TI-UP,21:54,22:10,1111111,6,true
P-55113-ABUAVD-UP,55113,goods,ABU-AVD-UP,22:10,22:22,1111111,6,true
P-55113-PERABU-UP,55113,goods,PER-ABU-UP,22:22,22:42,1111111,6,true
P-55113-BBQPER-UP,55113,goods,BBQ-PER-UP,22:42,22:48,1111111,6,true
P-55113-MASBBQ-UP,55113,goods,MAS-BBQ-UP,22:48,22:52,1111111,6,true
P-55114-TRLAJJ-UP,55114,goods,TRL-AJJ-UP,22:10,23:03,1111111,6,true
P-55114-TITRL-UP,55114,goods,TI-TRL-UP,23:03,23:29,1111111,6,true
P-55114-AVDTI-UP,55114,goods,AVD-TI-UP,23:29,23:45,1111111,6,true
P-55114-ABUAVD-UP,55114,goods,ABU-AVD-UP,23:45,23:57,1111111,6,true
P-55114-PERABU-UP,55114,goods,PER-ABU-UP,23:57,00:17,1111111,6,true
P-55114-BBQPER-UP,55114,goods,BBQ-PER-UP,00:17,00:23,1111111,6,true
P-55114-MASBBQ-UP,55114,goods,MAS-BBQ-UP,00:23,00:27,1111111,6,true
P-55115-TRLAJJ-UP,55115,goods,TRL-AJJ-UP,23:45,00:38,1111111,6,true
P-55115-TITRL-UP,55115,goods,TI-TRL-UP,00:38,01:04,1111111,6,true
P-55115-AVDTI-UP,55115,goods,AVD-TI-UP,01:04,01:20,1111111,6,true
P-55115-ABUAVD-UP,55115,goods,ABU-AVD-UP,01:20,01:32,1111111,6,true
P-55115-PERABU-UP,55115,goods,PER-ABU-UP,01:32,01:52,1111111,6,true
P-55115-BBQPER-UP,55115,goods,BBQ-PER-UP,01:52,01:58,1111111,6,true
P-55115-MASBBQ-UP,55115,goods,MAS-BBQ-UP,01:58,02:02,1111111,6,true
P-55500-MASBBQ-DN,55500,goods,MAS-BBQ-DN,00:00,00:04,1111111,6,true
P-55500-BBQTNP-DN,55500,goods,BBQ-TNP-DN,00:04,00:10,1111111,6,true
P-55500-TNPENR-DN,55500,goods,TNP-ENR-DN,00:10,00:32,1111111,6,true
P-55500-ENRMJR-DN,55500,goods,ENR-MJR-DN,00:32,00:52,1111111,6,true
P-55500-MJRPON-DN,55500,goods,MJR-PON-DN,00:52,01:10,1111111,6,true
P-55500-PONGPD-DN,55500,goods,PON-GPD-DN,01:10,01:34,1111111,6,true
P-55501-MASBBQ-DN,55501,goods,MAS-BBQ-DN,01:00,01:04,1111111,6,true
P-55501-BBQTNP-DN,55501,goods,BBQ-TNP-DN,01:04,01:10,1111111,6,true
P-55501-TNPENR-DN,55501,goods,TNP-ENR-DN,01:10,01:32,1111111,6,true
P-55501-ENRMJR-DN,55501,goods,ENR-MJR-DN,01:32,01:52,1111111,6,true
P-55501-MJRPON-DN,55501,goods,MJR-PON-DN,01:52,02:10,1111111,6,true
P-55501-PONGPD-DN,55501,goods,PON-GPD-DN,02:10,02:34,1111111,6,true
P-55502-MASBBQ-DN,55502,goods,MAS-BBQ-DN,02:00,02:04,1111111,6,true
P-55502-BBQTNP-DN,55502,goods,BBQ-TNP-DN,02:04,02:10,1111111,6,true
P-55502-TNPENR-DN,55502,goods,TNP-ENR-DN,02:10,02:32,1111111,6,true
P-55502-ENRMJR-DN,55502,goods,ENR-MJR-DN,02:32,02:52,1111111,6,true
P-55502-MJRPON-DN,55502,goods,MJR-PON-DN,02:52,03:10,1111111,6,true
P-55502-PONGPD-DN,55502,goods,PON-GPD-DN,03:10,03:34,1111111,6,true
P-55503-MASBBQ-DN,55503,goods,MAS-BBQ-DN,03:00,03:04,1111111,6,true
P-55503-BBQTNP-DN,55503,goods,BBQ-TNP-DN,03:04,03:10,1111111,6,true
P-55503-TNPENR-DN,55503,goods,TNP-ENR-DN,03:10,03:32,1111111,6,true
P-55503-ENRMJR-DN,55503,goods,ENR-MJR-DN,03:32,03:52,1111111,6,true
P-55503-MJRPON-DN,55503,goods,MJR-PON-DN,03:52,04:10,1111111,6,true
P-55503-PONGPD-DN,55503,goods,PON-GPD-DN,04:10,04:34,1111111,6,true
P-55504-MASBBQ-DN,55504,goods,MAS-BBQ-DN,04:00,04:04,1111111,6,true
P-55504-BBQTNP-DN,55504,goods,BBQ-TNP-DN,04:04,04:10,1111111,6,true
P-55504-TNPENR-DN,55504,goods,TNP-ENR-DN,04:10,04:32,1111111,6,true
P-55504-ENRMJR-DN,55504,goods,ENR-MJR-DN,04:32,04:52,1111111,6,true
P-55504-MJRPON-DN,55504,goods,MJR-PON-DN,04:52,05:10,1111111,6,true
P-55504-PONGPD-DN,55504,goods,PON-GPD-DN,05:10,05:34,1111111,6,true
P-55505-MASBBQ-DN,55505,goods,MAS-BBQ-DN,05:00,05:04,1111111,6,true
P-55505-BBQTNP-DN,55505,goods,BBQ-TNP-DN,05:04,05:10,1111111,6,true
P-55505-TNPENR-DN,55505,goods,TNP-ENR-DN,05:10,05:32,1111111,6,true
P-55505-ENRMJR-DN,55505,goods,ENR-MJR-DN,05:32,05:52,1111111,6,true
P-55505-MJRPON-DN,55505,goods,MJR-PON-DN,05:52,06:10,1111111,6,true
P-55505-PONGPD-DN,55505,goods,PON-GPD-DN,06:10,06:34,1111111,6,true
P-55506-MASBBQ-DN,55506,goods,MAS-BBQ-DN,06:00,06:04,1111111,6,true
P-55506-BBQTNP-DN,55506,goods,BBQ-TNP-DN,06:04,06:10,1111111,6,true
P-55506-TNPENR-DN,55506,goods,TNP-ENR-DN,06:10,06:32,1111111,6,true
P-55506-ENRMJR-DN,55506,goods,ENR-MJR-DN,06:32,06:52,1111111,6,true
P-55506-MJRPON-DN,55506,goods,MJR-PON-DN,06:52,07:10,1111111,6,true
P-55506-PONGPD-DN,55506,goods,PON-GPD-DN,07:10,07:34,1111111,6,true
P-55507-MASBBQ-DN,55507,goods,MAS-BBQ-DN,07:00,07:04,1111111,6,true
P-55507-BBQTNP-DN,55507,goods,BBQ-TNP-DN,07:04,07:10,1111111,6,true
P-55507-TNPENR-DN,55507,goods,TNP-ENR-DN,07:10,07:32,1111111,6,true
P-55507-ENRMJR-DN,55507,goods,ENR-MJR-DN,07:32,07:52,1111111,6,true
P-55507-MJRPON-DN,55507,goods,MJR-PON-DN,07:52,08:10,1111111,6,true
P-55507-PONGPD-DN,55507,goods,PON-GPD-DN,08:10,08:34,1111111,6,true
P-55508-MASBBQ-DN,55508,goods,MAS-BBQ-DN,08:00,08:04,1111111,6,true
P-55508-BBQTNP-DN,55508,goods,BBQ-TNP-DN,08:04,08:10,1111111,6,true
P-55508-TNPENR-DN,55508,goods,TNP-ENR-DN,08:10,08:32,1111111,6,true
P-55508-ENRMJR-DN,55508,goods,ENR-MJR-DN,08:32,08:52,1111111,6,true
P-55508-MJRPON-DN,55508,goods,MJR-PON-DN,08:52,09:10,1111111,6,true
P-55508-PONGPD-DN,55508,goods,PON-GPD-DN,09:10,09:34,1111111,6,true
P-55509-MASBBQ-DN,55509,goods,MAS-BBQ-DN,09:00,09:04,1111111,6,true
P-55509-BBQTNP-DN,55509,goods,BBQ-TNP-DN,09:04,09:10,1111111,6,true
P-55509-TNPENR-DN,55509,goods,TNP-ENR-DN,09:10,09:32,1111111,6,true
P-55509-ENRMJR-DN,55509,goods,ENR-MJR-DN,09:32,09:52,1111111,6,true
P-55509-MJRPON-DN,55509,goods,MJR-PON-DN,09:52,10:10,1111111,6,true
P-55509-PONGPD-DN,55509,goods,PON-GPD-DN,10:10,10:34,1111111,6,true
P-55510-MASBBQ-DN,55510,goods,MAS-BBQ-DN,10:00,10:04,1111111,6,true
P-55510-BBQTNP-DN,55510,goods,BBQ-TNP-DN,10:04,10:10,1111111,6,true
P-55510-TNPENR-DN,55510,goods,TNP-ENR-DN,10:10,10:32,1111111,6,true
P-55510-ENRMJR-DN,55510,goods,ENR-MJR-DN,10:32,10:52,1111111,6,true
P-55510-MJRPON-DN,55510,goods,MJR-PON-DN,10:52,11:10,1111111,6,true
P-55510-PONGPD-DN,55510,goods,PON-GPD-DN,11:10,11:34,1111111,6,true
P-55511-MASBBQ-DN,55511,goods,MAS-BBQ-DN,11:00,11:04,1111111,6,true
P-55511-BBQTNP-DN,55511,goods,BBQ-TNP-DN,11:04,11:10,1111111,6,true
P-55511-TNPENR-DN,55511,goods,TNP-ENR-DN,11:10,11:32,1111111,6,true
P-55511-ENRMJR-DN,55511,goods,ENR-MJR-DN,11:32,11:52,1111111,6,true
P-55511-MJRPON-DN,55511,goods,MJR-PON-DN,11:52,12:10,1111111,6,true
P-55511-PONGPD-DN,55511,goods,PON-GPD-DN,12:10,12:34,1111111,6,true
P-55512-MASBBQ-DN,55512,goods,MAS-BBQ-DN,12:00,12:04,1111111,6,true
P-55512-BBQTNP-DN,55512,goods,BBQ-TNP-DN,12:04,12:10,1111111,6,true
P-55512-TNPENR-DN,55512,goods,TNP-ENR-DN,12:10,12:32,1111111,6,true
P-55512-ENRMJR-DN,55512,goods,ENR-MJR-DN,12:32,12:52,1111111,6,true
P-55512-MJRPON-DN,55512,goods,MJR-PON-DN,12:52,13:10,1111111,6,true
P-55512-PONGPD-DN,55512,goods,PON-GPD-DN,13:10,13:34,1111111,6,true
P-55513-MASBBQ-DN,55513,goods,MAS-BBQ-DN,13:00,13:04,1111111,6,true
P-55513-BBQTNP-DN,55513,goods,BBQ-TNP-DN,13:04,13:10,1111111,6,true
P-55513-TNPENR-DN,55513,goods,TNP-ENR-DN,13:10,13:32,1111111,6,true
P-55513-ENRMJR-DN,55513,goods,ENR-MJR-DN,13:32,13:52,1111111,6,true
P-55513-MJRPON-DN,55513,goods,MJR-PON-DN,13:52,14:10,1111111,6,true
P-55513-PONGPD-DN,55513,goods,PON-GPD-DN,14:10,14:34,1111111,6,true
P-55514-MASBBQ-DN,55514,goods,MAS-BBQ-DN,14:00,14:04,1111111,6,true
P-55514-BBQTNP-DN,55514,goods,BBQ-TNP-DN,14:04,14:10,1111111,6,true
P-55514-TNPENR-DN,55514,goods,TNP-ENR-DN,14:10,14:32,1111111,6,true
P-55514-ENRMJR-DN,55514,goods,ENR-MJR-DN,14:32,14:52,1111111,6,true
P-55514-MJRPON-DN,55514,goods,MJR-PON-DN,14:52,15:10,1111111,6,true
P-55514-PONGPD-DN,55514,goods,PON-GPD-DN,15:10,15:34,1111111,6,true
P-55515-MASBBQ-DN,55515,goods,MAS-BBQ-DN,15:00,15:04,1111111,6,true
P-55515-BBQTNP-DN,55515,goods,BBQ-TNP-DN,15:04,15:10,1111111,6,true
P-55515-TNPENR-DN,55515,goods,TNP-ENR-DN,15:10,15:32,1111111,6,true
P-55515-ENRMJR-DN,55515,goods,ENR-MJR-DN,15:32,15:52,1111111,6,true
P-55515-MJRPON-DN,55515,goods,MJR-PON-DN,15:52,16:10,1111111,6,true
P-55515-PONGPD-DN,55515,goods,PON-GPD-DN,16:10,16:34,1111111,6,true
P-55516-MASBBQ-DN,55516,goods,MAS-BBQ-DN,16:00,16:04,1111111,6,true
P-55516-BBQTNP-DN,55516,goods,BBQ-TNP-DN,16:04,16:10,1111111,6,true
P-55516-TNPENR-DN,55516,goods,TNP-ENR-DN,16:10,16:32,1111111,6,true
P-55516-ENRMJR-DN,55516,goods,ENR-MJR-DN,16:32,16:52,1111111,6,true
P-55516-MJRPON-DN,55516,goods,MJR-PON-DN,16:52,17:10,1111111,6,true
P-55516-PONGPD-DN,55516,goods,PON-GPD-DN,17:10,17:34,1111111,6,true
P-55517-MASBBQ-DN,55517,goods,MAS-BBQ-DN,17:00,17:04,1111111,6,true
P-55517-BBQTNP-DN,55517,goods,BBQ-TNP-DN,17:04,17:10,1111111,6,true
P-55517-TNPENR-DN,55517,goods,TNP-ENR-DN,17:10,17:32,1111111,6,true
P-55517-ENRMJR-DN,55517,goods,ENR-MJR-DN,17:32,17:52,1111111,6,true
P-55517-MJRPON-DN,55517,goods,MJR-PON-DN,17:52,18:10,1111111,6,true
P-55517-PONGPD-DN,55517,goods,PON-GPD-DN,18:10,18:34,1111111,6,true
P-55518-MASBBQ-DN,55518,goods,MAS-BBQ-DN,18:00,18:04,1111111,6,true
P-55518-BBQTNP-DN,55518,goods,BBQ-TNP-DN,18:04,18:10,1111111,6,true
P-55518-TNPENR-DN,55518,goods,TNP-ENR-DN,18:10,18:32,1111111,6,true
P-55518-ENRMJR-DN,55518,goods,ENR-MJR-DN,18:32,18:52,1111111,6,true
P-55518-MJRPON-DN,55518,goods,MJR-PON-DN,18:52,19:10,1111111,6,true
P-55518-PONGPD-DN,55518,goods,PON-GPD-DN,19:10,19:34,1111111,6,true
P-55519-MASBBQ-DN,55519,goods,MAS-BBQ-DN,19:00,19:04,1111111,6,true
P-55519-BBQTNP-DN,55519,goods,BBQ-TNP-DN,19:04,19:10,1111111,6,true
P-55519-TNPENR-DN,55519,goods,TNP-ENR-DN,19:10,19:32,1111111,6,true
P-55519-ENRMJR-DN,55519,goods,ENR-MJR-DN,19:32,19:52,1111111,6,true
P-55519-MJRPON-DN,55519,goods,MJR-PON-DN,19:52,20:10,1111111,6,true
P-55519-PONGPD-DN,55519,goods,PON-GPD-DN,20:10,20:34,1111111,6,true
P-55520-MASBBQ-DN,55520,goods,MAS-BBQ-DN,20:00,20:04,1111111,6,true
P-55520-BBQTNP-DN,55520,goods,BBQ-TNP-DN,20:04,20:10,1111111,6,true
P-55520-TNPENR-DN,55520,goods,TNP-ENR-DN,20:10,20:32,1111111,6,true
P-55520-ENRMJR-DN,55520,goods,ENR-MJR-DN,20:32,20:52,1111111,6,true
P-55520-MJRPON-DN,55520,goods,MJR-PON-DN,20:52,21:10,1111111,6,true
P-55520-PONGPD-DN,55520,goods,PON-GPD-DN,21:10,21:34,1111111,6,true
P-55521-MASBBQ-DN,55521,goods,MAS-BBQ-DN,21:00,21:04,1111111,6,true
P-55521-BBQTNP-DN,55521,goods,BBQ-TNP-DN,21:04,21:10,1111111,6,true
P-55521-TNPENR-DN,55521,goods,TNP-ENR-DN,21:10,21:32,1111111,6,true
P-55521-ENRMJR-DN,55521,goods,ENR-MJR-DN,21:32,21:52,1111111,6,true
P-55521-MJRPON-DN,55521,goods,MJR-PON-DN,21:52,22:10,1111111,6,true
P-55521-PONGPD-DN,55521,goods,PON-GPD-DN,22:10,22:34,1111111,6,true
P-55522-MASBBQ-DN,55522,goods,MAS-BBQ-DN,22:00,22:04,1111111,6,true
P-55522-BBQTNP-DN,55522,goods,BBQ-TNP-DN,22:04,22:10,1111111,6,true
P-55522-TNPENR-DN,55522,goods,TNP-ENR-DN,22:10,22:32,1111111,6,true
P-55522-ENRMJR-DN,55522,goods,ENR-MJR-DN,22:32,22:52,1111111,6,true
P-55522-MJRPON-DN,55522,goods,MJR-PON-DN,22:52,23:10,1111111,6,true
P-55522-PONGPD-DN,55522,goods,PON-GPD-DN,23:10,23:34,1111111,6,true
P-55523-MASBBQ-DN,55523,goods,MAS-BBQ-DN,23:00,23:04,1111111,6,true
P-55523-BBQTNP-DN,55523,goods,BBQ-TNP-DN,23:04,23:10,1111111,6,true
P-55523-TNPENR-DN,55523,goods,TNP-ENR-DN,23:10,23:32,1111111,6,true
P-55523-ENRMJR-DN,55523,goods,ENR-MJR-DN,23:32,23:52,1111111,6,true
P-55523-MJRPON-DN,55523,goods,MJR-PON-DN,23:52,00:10,1111111,6,true
P-55523-PONGPD-DN,55523,goods,PON-GPD-DN,00:10,00:34,1111111,6,true
P-55700-PONGPD-UP,55700,goods,PON-GPD-UP,00:00,00:24,1111111,6,true
P-55700-MJRPON-UP,55700,goods,MJR-PON-UP,00:24,00:42,1111111,6,true
P-55700-ENRMJR-UP,55700,goods,ENR-MJR-UP,00:42,01:02,1111111,6,true
P-55700-TNPENR-UP,55700,goods,TNP-ENR-UP,01:02,01:24,1111111,6,true
P-55700-BBQTNP-UP,55700,goods,BBQ-TNP-UP,01:24,01:30,1111111,6,true
P-55700-MASBBQ-UP,55700,goods,MAS-BBQ-UP,01:30,01:34,1111111,6,true
P-55701-PONGPD-UP,55701,goods,PON-GPD-UP,01:00,01:24,1111111,6,true
P-55701-MJRPON-UP,55701,goods,MJR-PON-UP,01:24,01:42,1111111,6,true
P-55701-ENRMJR-UP,55701,goods,ENR-MJR-UP,01:42,02:02,1111111,6,true
P-55701-TNPENR-UP,55701,goods,TNP-ENR-UP,02:02,02:24,1111111,6,true
P-55701-BBQTNP-UP,55701,goods,BBQ-TNP-UP,02:24,02:30,1111111,6,true
P-55701-MASBBQ-UP,55701,goods,MAS-BBQ-UP,02:30,02:34,1111111,6,true
P-55702-PONGPD-UP,55702,goods,PON-GPD-UP,02:00,02:24,1111111,6,true
P-55702-MJRPON-UP,55702,goods,MJR-PON-UP,02:24,02:42,1111111,6,true
P-55702-ENRMJR-UP,55702,goods,ENR-MJR-UP,02:42,03:02,1111111,6,true
P-55702-TNPENR-UP,55702,goods,TNP-ENR-UP,03:02,03:24,1111111,6,true
P-55702-BBQTNP-UP,55702,goods,BBQ-TNP-UP,03:24,03:30,1111111,6,true
P-55702-MASBBQ-UP,55702,goods,MAS-BBQ-UP,03:30,03:34,1111111,6,true
P-55703-PONGPD-UP,55703,goods,PON-GPD-UP,03:00,03:24,1111111,6,true
P-55703-MJRPON-UP,55703,goods,MJR-PON-UP,03:24,03:42,1111111,6,true
P-55703-ENRMJR-UP,55703,goods,ENR-MJR-UP,03:42,04:02,1111111,6,true
P-55703-TNPENR-UP,55703,goods,TNP-ENR-UP,04:02,04:24,1111111,6,true
P-55703-BBQTNP-UP,55703,goods,BBQ-TNP-UP,04:24,04:30,1111111,6,true
P-55703-MASBBQ-UP,55703,goods,MAS-BBQ-UP,04:30,04:34,1111111,6,true
P-55704-PONGPD-UP,55704,goods,PON-GPD-UP,04:00,04:24,1111111,6,true
P-55704-MJRPON-UP,55704,goods,MJR-PON-UP,04:24,04:42,1111111,6,true
P-55704-ENRMJR-UP,55704,goods,ENR-MJR-UP,04:42,05:02,1111111,6,true
P-55704-TNPENR-UP,55704,goods,TNP-ENR-UP,05:02,05:24,1111111,6,true
P-55704-BBQTNP-UP,55704,goods,BBQ-TNP-UP,05:24,05:30,1111111,6,true
P-55704-MASBBQ-UP,55704,goods,MAS-BBQ-UP,05:30,05:34,1111111,6,true
P-55705-PONGPD-UP,55705,goods,PON-GPD-UP,05:00,05:24,1111111,6,true
P-55705-MJRPON-UP,55705,goods,MJR-PON-UP,05:24,05:42,1111111,6,true
P-55705-ENRMJR-UP,55705,goods,ENR-MJR-UP,05:42,06:02,1111111,6,true
P-55705-TNPENR-UP,55705,goods,TNP-ENR-UP,06:02,06:24,1111111,6,true
P-55705-BBQTNP-UP,55705,goods,BBQ-TNP-UP,06:24,06:30,1111111,6,true
P-55705-MASBBQ-UP,55705,goods,MAS-BBQ-UP,06:30,06:34,1111111,6,true
P-55706-PONGPD-UP,55706,goods,PON-GPD-UP,06:00,06:24,1111111,6,true
P-55706-MJRPON-UP,55706,goods,MJR-PON-UP,06:24,06:42,1111111,6,true
P-55706-ENRMJR-UP,55706,goods,ENR-MJR-UP,06:42,07:02,1111111,6,true
P-55706-TNPENR-UP,55706,goods,TNP-ENR-UP,07:02,07:24,1111111,6,true
P-55706-BBQTNP-UP,55706,goods,BBQ-TNP-UP,07:24,07:30,1111111,6,true
P-55706-MASBBQ-UP,55706,goods,MAS-BBQ-UP,07:30,07:34,1111111,6,true
P-55707-PONGPD-UP,55707,goods,PON-GPD-UP,07:00,07:24,1111111,6,true
P-55707-MJRPON-UP,55707,goods,MJR-PON-UP,07:24,07:42,1111111,6,true
P-55707-ENRMJR-UP,55707,goods,ENR-MJR-UP,07:42,08:02,1111111,6,true
P-55707-TNPENR-UP,55707,goods,TNP-ENR-UP,08:02,08:24,1111111,6,true
P-55707-BBQTNP-UP,55707,goods,BBQ-TNP-UP,08:24,08:30,1111111,6,true
P-55707-MASBBQ-UP,55707,goods,MAS-BBQ-UP,08:30,08:34,1111111,6,true
P-55708-PONGPD-UP,55708,goods,PON-GPD-UP,08:00,08:24,1111111,6,true
P-55708-MJRPON-UP,55708,goods,MJR-PON-UP,08:24,08:42,1111111,6,true
P-55708-ENRMJR-UP,55708,goods,ENR-MJR-UP,08:42,09:02,1111111,6,true
P-55708-TNPENR-UP,55708,goods,TNP-ENR-UP,09:02,09:24,1111111,6,true
P-55708-BBQTNP-UP,55708,goods,BBQ-TNP-UP,09:24,09:30,1111111,6,true
P-55708-MASBBQ-UP,55708,goods,MAS-BBQ-UP,09:30,09:34,1111111,6,true
P-55709-PONGPD-UP,55709,goods,PON-GPD-UP,09:00,09:24,1111111,6,true
P-55709-MJRPON-UP,55709,goods,MJR-PON-UP,09:24,09:42,1111111,6,true
P-55709-ENRMJR-UP,55709,goods,ENR-MJR-UP,09:42,10:02,1111111,6,true
P-55709-TNPENR-UP,55709,goods,TNP-ENR-UP,10:02,10:24,1111111,6,true
P-55709-BBQTNP-UP,55709,goods,BBQ-TNP-UP,10:24,10:30,1111111,6,true
P-55709-MASBBQ-UP,55709,goods,MAS-BBQ-UP,10:30,10:34,1111111,6,true
P-55710-PONGPD-UP,55710,goods,PON-GPD-UP,10:00,10:24,1111111,6,true
P-55710-MJRPON-UP,55710,goods,MJR-PON-UP,10:24,10:42,1111111,6,true
P-55710-ENRMJR-UP,55710,goods,ENR-MJR-UP,10:42,11:02,1111111,6,true
P-55710-TNPENR-UP,55710,goods,TNP-ENR-UP,11:02,11:24,1111111,6,true
P-55710-BBQTNP-UP,55710,goods,BBQ-TNP-UP,11:24,11:30,1111111,6,true
P-55710-MASBBQ-UP,55710,goods,MAS-BBQ-UP,11:30,11:34,1111111,6,true
P-55711-PONGPD-UP,55711,goods,PON-GPD-UP,11:00,11:24,1111111,6,true
P-55711-MJRPON-UP,55711,goods,MJR-PON-UP,11:24,11:42,1111111,6,true
P-55711-ENRMJR-UP,55711,goods,ENR-MJR-UP,11:42,12:02,1111111,6,true
P-55711-TNPENR-UP,55711,goods,TNP-ENR-UP,12:02,12:24,1111111,6,true
P-55711-BBQTNP-UP,55711,goods,BBQ-TNP-UP,12:24,12:30,1111111,6,true
P-55711-MASBBQ-UP,55711,goods,MAS-BBQ-UP,12:30,12:34,1111111,6,true
P-55712-PONGPD-UP,55712,goods,PON-GPD-UP,12:00,12:24,1111111,6,true
P-55712-MJRPON-UP,55712,goods,MJR-PON-UP,12:24,12:42,1111111,6,true
P-55712-ENRMJR-UP,55712,goods,ENR-MJR-UP,12:42,13:02,1111111,6,true
P-55712-TNPENR-UP,55712,goods,TNP-ENR-UP,13:02,13:24,1111111,6,true
P-55712-BBQTNP-UP,55712,goods,BBQ-TNP-UP,13:24,13:30,1111111,6,true
P-55712-MASBBQ-UP,55712,goods,MAS-BBQ-UP,13:30,13:34,1111111,6,true
P-55713-PONGPD-UP,55713,goods,PON-GPD-UP,13:00,13:24,1111111,6,true
P-55713-MJRPON-UP,55713,goods,MJR-PON-UP,13:24,13:42,1111111,6,true
P-55713-ENRMJR-UP,55713,goods,ENR-MJR-UP,13:42,14:02,1111111,6,true
P-55713-TNPENR-UP,55713,goods,TNP-ENR-UP,14:02,14:24,1111111,6,true
P-55713-BBQTNP-UP,55713,goods,BBQ-TNP-UP,14:24,14:30,1111111,6,true
P-55713-MASBBQ-UP,55713,goods,MAS-BBQ-UP,14:30,14:34,1111111,6,true
P-55714-PONGPD-UP,55714,goods,PON-GPD-UP,14:00,14:24,1111111,6,true
P-55714-MJRPON-UP,55714,goods,MJR-PON-UP,14:24,14:42,1111111,6,true
P-55714-ENRMJR-UP,55714,goods,ENR-MJR-UP,14:42,15:02,1111111,6,true
P-55714-TNPENR-UP,55714,goods,TNP-ENR-UP,15:02,15:24,1111111,6,true
P-55714-BBQTNP-UP,55714,goods,BBQ-TNP-UP,15:24,15:30,1111111,6,true
P-55714-MASBBQ-UP,55714,goods,MAS-BBQ-UP,15:30,15:34,1111111,6,true
P-55715-PONGPD-UP,55715,goods,PON-GPD-UP,15:00,15:24,1111111,6,true
P-55715-MJRPON-UP,55715,goods,MJR-PON-UP,15:24,15:42,1111111,6,true
P-55715-ENRMJR-UP,55715,goods,ENR-MJR-UP,15:42,16:02,1111111,6,true
P-55715-TNPENR-UP,55715,goods,TNP-ENR-UP,16:02,16:24,1111111,6,true
P-55715-BBQTNP-UP,55715,goods,BBQ-TNP-UP,16:24,16:30,1111111,6,true
P-55715-MASBBQ-UP,55715,goods,MAS-BBQ-UP,16:30,16:34,1111111,6,true
P-55716-PONGPD-UP,55716,goods,PON-GPD-UP,16:00,16:24,1111111,6,true
P-55716-MJRPON-UP,55716,goods,MJR-PON-UP,16:24,16:42,1111111,6,true
P-55716-ENRMJR-UP,55716,goods,ENR-MJR-UP,16:42,17:02,1111111,6,true
P-55716-TNPENR-UP,55716,goods,TNP-ENR-UP,17:02,17:24,1111111,6,true
P-55716-BBQTNP-UP,55716,goods,BBQ-TNP-UP,17:24,17:30,1111111,6,true
P-55716-MASBBQ-UP,55716,goods,MAS-BBQ-UP,17:30,17:34,1111111,6,true
P-55717-PONGPD-UP,55717,goods,PON-GPD-UP,17:00,17:24,1111111,6,true
P-55717-MJRPON-UP,55717,goods,MJR-PON-UP,17:24,17:42,1111111,6,true
P-55717-ENRMJR-UP,55717,goods,ENR-MJR-UP,17:42,18:02,1111111,6,true
P-55717-TNPENR-UP,55717,goods,TNP-ENR-UP,18:02,18:24,1111111,6,true
P-55717-BBQTNP-UP,55717,goods,BBQ-TNP-UP,18:24,18:30,1111111,6,true
P-55717-MASBBQ-UP,55717,goods,MAS-BBQ-UP,18:30,18:34,1111111,6,true
P-55718-PONGPD-UP,55718,goods,PON-GPD-UP,18:00,18:24,1111111,6,true
P-55718-MJRPON-UP,55718,goods,MJR-PON-UP,18:24,18:42,1111111,6,true
P-55718-ENRMJR-UP,55718,goods,ENR-MJR-UP,18:42,19:02,1111111,6,true
P-55718-TNPENR-UP,55718,goods,TNP-ENR-UP,19:02,19:24,1111111,6,true
P-55718-BBQTNP-UP,55718,goods,BBQ-TNP-UP,19:24,19:30,1111111,6,true
P-55718-MASBBQ-UP,55718,goods,MAS-BBQ-UP,19:30,19:34,1111111,6,true
P-55719-PONGPD-UP,55719,goods,PON-GPD-UP,19:00,19:24,1111111,6,true
P-55719-MJRPON-UP,55719,goods,MJR-PON-UP,19:24,19:42,1111111,6,true
P-55719-ENRMJR-UP,55719,goods,ENR-MJR-UP,19:42,20:02,1111111,6,true
P-55719-TNPENR-UP,55719,goods,TNP-ENR-UP,20:02,20:24,1111111,6,true
P-55719-BBQTNP-UP,55719,goods,BBQ-TNP-UP,20:24,20:30,1111111,6,true
P-55719-MASBBQ-UP,55719,goods,MAS-BBQ-UP,20:30,20:34,1111111,6,true
P-55720-PONGPD-UP,55720,goods,PON-GPD-UP,20:00,20:24,1111111,6,true
P-55720-MJRPON-UP,55720,goods,MJR-PON-UP,20:24,20:42,1111111,6,true
P-55720-ENRMJR-UP,55720,goods,ENR-MJR-UP,20:42,21:02,1111111,6,true
P-55720-TNPENR-UP,55720,goods,TNP-ENR-UP,21:02,21:24,1111111,6,true
P-55720-BBQTNP-UP,55720,goods,BBQ-TNP-UP,21:24,21:30,1111111,6,true
P-55720-MASBBQ-UP,55720,goods,MAS-BBQ-UP,21:30,21:34,1111111,6,true
P-55721-PONGPD-UP,55721,goods,PON-GPD-UP,21:00,21:24,1111111,6,true
P-55721-MJRPON-UP,55721,goods,MJR-PON-UP,21:24,21:42,1111111,6,true
P-55721-ENRMJR-UP,55721,goods,ENR-MJR-UP,21:42,22:02,1111111,6,true
P-55721-TNPENR-UP,55721,goods,TNP-ENR-UP,22:02,22:24,1111111,6,true
P-55721-BBQTNP-UP,55721,goods,BBQ-TNP-UP,22:24,22:30,1111111,6,true
P-55721-MASBBQ-UP,55721,goods,MAS-BBQ-UP,22:30,22:34,1111111,6,true
P-55722-PONGPD-UP,55722,goods,PON-GPD-UP,22:00,22:24,1111111,6,true
P-55722-MJRPON-UP,55722,goods,MJR-PON-UP,22:24,22:42,1111111,6,true
P-55722-ENRMJR-UP,55722,goods,ENR-MJR-UP,22:42,23:02,1111111,6,true
P-55722-TNPENR-UP,55722,goods,TNP-ENR-UP,23:02,23:24,1111111,6,true
P-55722-BBQTNP-UP,55722,goods,BBQ-TNP-UP,23:24,23:30,1111111,6,true
P-55722-MASBBQ-UP,55722,goods,MAS-BBQ-UP,23:30,23:34,1111111,6,true
P-55723-PONGPD-UP,55723,goods,PON-GPD-UP,23:00,23:24,1111111,6,true
P-55723-MJRPON-UP,55723,goods,MJR-PON-UP,23:24,23:42,1111111,6,true
P-55723-ENRMJR-UP,55723,goods,ENR-MJR-UP,23:42,00:02,1111111,6,true
P-55723-TNPENR-UP,55723,goods,TNP-ENR-UP,00:02,00:24,1111111,6,true
P-55723-BBQTNP-UP,55723,goods,BBQ-TNP-UP,00:24,00:30,1111111,6,true
P-55723-MASBBQ-UP,55723,goods,MAS-BBQ-UP,00:30,00:34,1111111,6,true
