asset_id,asset_type,department,block_section_id,station_code,km,criticality_class,install_date,last_overhaul_date,cumulative_tonnage_gmt,failure_count_12m
OHE-ABUAVD-01,OHE_span,TRD,ABU-AVD-DN,,16.66,C,1994-03-28,2018-09-19,,0
OHE-ABUAVD-02,OHE_span,TRD,ABU-AVD-DN,,20.79,C,2017-08-19,,,0
OHE-ABUAVD-03,OHE_span,TRD,ABU-AVD-DN,,19.32,B,2022-08-20,,,0
AC-ABUAVD-01,axle_counter,SNT,ABU-AVD-DN,,17.03,B,2017-05-03,2022-05-04,353.8,0
BL-ABUAVD-01,ballast,ENG,ABU-AVD-DN,,15.44,B,2022-08-25,,346.8,0
BL-ABUAVD-02,ballast,ENG,ABU-AVD-DN,,17.99,B,2015-09-27,2023-04-28,470.6,1
CW-ABUAVD-01,contact_wire,TRD,ABU-AVD-DN,,17.21,B,2012-08-14,2026-06-25,,0
CW-ABUAVD-02,contact_wire,TRD,ABU-AVD-DN,,18.64,B,2003-05-09,2020-01-03,,0
INS-ABUAVD-01,insulator,TRD,ABU-AVD-DN,,19.54,C,2014-09-22,2025-11-08,,0
MST-ABUAVD-01,mast,TRD,ABU-AVD-DN,,18.82,B,1990-11-04,2023-02-21,,1
MST-ABUAVD-02,mast,TRD,ABU-AVD-DN,,17.73,C,1985-01-16,2025-01-03,,1
RL-ABUAVD-01,rail,ENG,ABU-AVD-DN,,16.72,B,2008-12-08,2025-08-05,196.8,0
RL-ABUAVD-02,rail,ENG,ABU-AVD-DN,,15.85,B,2005-07-12,2023-08-29,771.9,2
RL-ABUAVD-03,rail,ENG,ABU-AVD-DN,,18.89,B,2006-02-09,2018-10-25,633.2,0
RL-ABUAVD-04,rail,ENG,ABU-AVD-DN,,17.76,B,2011-11-02,2021-12-18,827.8,2
SG-ABUAVD-01,signal,SNT,ABU-AVD-DN,,20.23,B,2011-08-19,2026-04-04,,1
SG-ABUAVD-02,signal,SNT,ABU-AVD-DN,,20.46,B,2009-06-16,2020-10-01,,1
SL-ABUAVD-01,sleeper,ENG,ABU-AVD-DN,,20.06,C,1996-03-11,2010-12-23,1213.1,3
SL-ABUAVD-02,sleeper,ENG,ABU-AVD-DN,,19.48,B,1989-12-22,2010-05-23,1645.6,3
TC-ABUAVD-01,track_circuit,SNT,ABU-AVD-DN,,15.51,B,2020-03-26,2026-01-08,579.9,1
TC-ABUAVD-02,track_circuit,SNT,ABU-AVD-DN,,19.28,B,2021-01-10,,170.9,0
OHE-ABUAVD-04,OHE_span,TRD,ABU-AVD-DN_SUB,,19.53,B,2006-06-30,2026-04-13,,0
OHE-ABUAVD-05,OHE_span,TRD,ABU-AVD-DN_SUB,,20.60,B,2000-03-06,2020-06-27,,0
OHE-ABUAVD-06,OHE_span,TRD,ABU-AVD-DN_SUB,,15.86,A,2006-03-22,2026-03-04,,0
AC-ABUAVD-02,axle_counter,SNT,ABU-AVD-DN_SUB,,18.11,A,2020-06-24,,137.2,1
BL-ABUAVD-03,ballast,ENG,ABU-AVD-DN_SUB,,15.55,B,2025-05-23,,114.3,0
BL-ABUAVD-04,ballast,ENG,ABU-AVD-DN_SUB,,19.86,B,2023-12-28,,69.4,1
CW-ABUAVD-03,contact_wire,TRD,ABU-AVD-DN_SUB,,15.81,A,2022-06-08,,,0
CW-ABUAVD-04,contact_wire,TRD,ABU-AVD-DN_SUB,,18.89,A,2008-05-25,2022-01-30,,1
INS-ABUAVD-02,insulator,TRD,ABU-AVD-DN_SUB,,19.18,B,2012-08-27,2021-02-28,,0
MST-ABUAVD-03,mast,TRD,ABU-AVD-DN_SUB,,16.09,A,1992-10-05,2017-07-06,,2
MST-ABUAVD-04,mast,TRD,ABU-AVD-DN_SUB,,16.17,A,2014-08-16,,,1
RL-ABUAVD-05,rail,ENG,ABU-AVD-DN_SUB,,19.64,A,2017-05-14,2026-01-20,224.9,0
RL-ABUAVD-06,rail,ENG,ABU-AVD-DN_SUB,,19.13,A,2017-09-08,2026-06-09,408.1,0
RL-ABUAVD-07,rail,ENG,ABU-AVD-DN_SUB,,17.61,A,2012-08-28,2025-06-26,421.0,1
RL-ABUAVD-08,rail,ENG,ABU-AVD-DN_SUB,,20.41,A,2012-08-31,2024-02-07,336.6,1
SG-ABUAVD-03,signal,SNT,ABU-AVD-DN_SUB,,17.72,A,2017-06-26,,,1
SG-ABUAVD-04,signal,SNT,ABU-AVD-DN_SUB,,20.51,A,2025-01-18,,,1
SL-ABUAVD-03,sleeper,ENG,ABU-AVD-DN_SUB,,20.48,A,2002-10-14,2023-09-05,668.6,1
SL-ABUAVD-04,sleeper,ENG,ABU-AVD-DN_SUB,,19.01,B,1995-11-16,2025-01-27,70.4,0
TC-ABUAVD-03,track_circuit,SNT,ABU-AVD-DN_SUB,,15.60,B,2016-04-14,2025-10-18,83.1,1
TC-ABUAVD-04,track_circuit,SNT,ABU-AVD-DN_SUB,,19.18,B,2024-01-03,,297.9,3
OHE-ABUAVD-07,OHE_span,TRD,ABU-AVD-UP,,16.40,B,1999-11-16,2022-08-05,,1
OHE-ABUAVD-08,OHE_span,TRD,ABU-AVD-UP,,19.32,C,2006-02-14,2026-05-12,,0
OHE-ABUAVD-09,OHE_span,TRD,ABU-AVD-UP,,15.72,B,2017-07-23,,,1
AC-ABUAVD-03,axle_counter,SNT,ABU-AVD-UP,,18.36,C,2022-11-15,,385.2,0
BL-ABUAVD-05,ballast,ENG,ABU-AVD-UP,,18.15,B,2022-04-24,2026-05-17,432.6,1
BL-ABUAVD-06,ballast,ENG,ABU-AVD-UP,,17.92,C,2022-02-23,,118.3,0
CW-ABUAVD-05,contact_wire,TRD,ABU-AVD-UP,,15.18,B,2019-05-11,,,1
CW-ABUAVD-06,contact_wire,TRD,ABU-AVD-UP,,17.26,A,2023-04-02,,,0
INS-ABUAVD-03,insulator,TRD,ABU-AVD-UP,,19.36,C,2019-12-13,,,0
MST-ABUAVD-05,mast,TRD,ABU-AVD-UP,,15.84,B,2025-03-03,,,0
MST-ABUAVD-06,mast,TRD,ABU-AVD-UP,,17.52,B,2005-05-15,,,1
RL-ABUAVD-09,rail,ENG,ABU-AVD-UP,,16.46,B,2003-03-30,2017-03-17,610.9,2
RL-ABUAVD-10,rail,ENG,ABU-AVD-UP,,18.50,B,2013-01-18,2022-11-27,748.6,1
RL-ABUAVD-11,rail,ENG,ABU-AVD-UP,,15.16,B,2016-12-12,2025-10-31,321.4,1
RL-ABUAVD-12,rail,ENG,ABU-AVD-UP,,19.36,B,2024-01-22,,853.0,1
SG-ABUAVD-05,signal,SNT,ABU-AVD-UP,,17.88,B,2010-11-11,2023-01-23,,0
SG-ABUAVD-06,signal,SNT,ABU-AVD-UP,,15.55,A,2023-12-31,,,1
SL-ABUAVD-05,sleeper,ENG,ABU-AVD-UP,,16.02,B,1994-12-10,2012-08-15,1345.2,4
SL-ABUAVD-06,sleeper,ENG,ABU-AVD-UP,,20.75,C,1993-04-09,2008-12-02,692.5,0
TC-ABUAVD-05,track_circuit,SNT,ABU-AVD-UP,,19.53,C,2013-03-09,2022-04-14,64.6,1
TC-ABUAVD-06,track_circuit,SNT,ABU-AVD-UP,,17.71,C,2013-03-16,2021-09-21,227.0,1
OHE-ABUAVD-10,OHE_span,TRD,ABU-AVD-UP_SUB,,16.44,B,2001-11-14,2022-08-27,,0
OHE-ABUAVD-11,OHE_span,TRD,ABU-AVD-UP_SUB,,17.27,B,2003-02-03,2024-10-12,,1
OHE-ABUAVD-12,OHE_span,TRD,ABU-AVD-UP_SUB,,18.93,B,2013-06-22,,,0
AC-ABUAVD-04,axle_counter,SNT,ABU-AVD-UP_SUB,,17.14,A,2015-07-21,2023-08-02,246.7,0
BL-ABUAVD-07,ballast,ENG,ABU-AVD-UP_SUB,,20.29,A,2021-01-21,,190.8,3
BL-ABUAVD-08,ballast,ENG,ABU-AVD-UP_SUB,,15.54,B,2015-12-14,2023-06-22,91.5,1
CW-ABUAVD-07,contact_wire,TRD,ABU-AVD-UP_SUB,,20.25,A,2025-10-04,,,0
CW-ABUAVD-08,contact_wire,TRD,ABU-AVD-UP_SUB,,16.38,A,2020-05-09,,,0
INS-ABUAVD-04,insulator,TRD,ABU-AVD-UP_SUB,,15.32,A,2021-08-06,,,0
MST-ABUAVD-07,mast,TRD,ABU-AVD-UP_SUB,,16.12,B,2016-07-24,,,0
MST-ABUAVD-08,mast,TRD,ABU-AVD-UP_SUB,,16.09,A,1998-08-11,2025-12-29,,0
RL-ABUAVD-13,rail,ENG,ABU-AVD-UP_SUB,,15.29,A,2003-07-10,2020-09-15,203.2,1
RL-ABUAVD-14,rail,ENG,ABU-AVD-UP_SUB,,19.89,A,2009-06-23,2020-03-20,286.3,1
RL-ABUAVD-15,rail,ENG,ABU-AVD-UP_SUB,,20.29,A,2004-05-07,2025-10-24,74.1,0
RL-ABUAVD-16,rail,ENG,ABU-AVD-UP_SUB,,17.48,A,2003-08-17,2023-07-11,306.4,0
SG-ABUAVD-07,signal,SNT,ABU-AVD-UP_SUB,,15.81,B,2014-12-03,2025-11-20,,0
SG-ABUAVD-08,signal,SNT,ABU-AVD-UP_SUB,,20.50,A,2014-09-21,2025-06-14,,1
SL-ABUAVD-07,sleeper,ENG,ABU-AVD-UP_SUB,,19.32,B,1989-08-04,2018-09-18,679.6,1
SL-ABUAVD-08,sleeper,ENG,ABU-AVD-UP_SUB,,17.37,A,2019-05-15,,431.2,1
TC-ABUAVD-07,track_circuit,SNT,ABU-AVD-UP_SUB,,18.16,A,2016-06-03,2022-08-09,267.5,0
TC-ABUAVD-08,track_circuit,SNT,ABU-AVD-UP_SUB,,15.95,B,2014-05-30,2024-07-18,45.4,0
OHE-AVDTI-01,OHE_span,TRD,AVD-TI-DN,,27.40,C,1994-05-16,2019-06-06,,0
OHE-AVDTI-02,OHE_span,TRD,AVD-TI-DN,,25.44,B,2003-11-22,2023-06-21,,1
OHE-AVDTI-03,OHE_span,TRD,AVD-TI-DN,,23.82,C,2015-02-09,,,1
OHE-AVDTI-04,OHE_span,TRD,AVD-TI-DN,,21.94,C,2023-01-15,,,0
AC-AVDTI-01,axle_counter,SNT,AVD-TI-DN,,26.92,C,2016-04-16,2024-06-21,195.6,1
AC-AVDTI-02,axle_counter,SNT,AVD-TI-DN,,27.21,B,2015-07-03,2020-11-18,578.7,2
BL-AVDTI-01,ballast,ENG,AVD-TI-DN,,23.75,B,2019-10-17,2025-11-29,226.3,0
BL-AVDTI-02,ballast,ENG,AVD-TI-DN,,25.79,B,2021-10-30,2026-01-03,300.2,0
BL-AVDTI-03,ballast,ENG,AVD-TI-DN,,23.58,B,2021-05-01,2026-05-20,303.5,1
CW-AVDTI-01,contact_wire,TRD,AVD-TI-DN,,23.92,B,2008-04-01,2024-01-08,,1
CW-AVDTI-02,contact_wire,TRD,AVD-TI-DN,,26.52,B,2021-01-17,,,0
INS-AVDTI-01,insulator,TRD,AVD-TI-DN,,27.35,B,2015-07-27,2025-03-15,,0
INS-AVDTI-02,insulator,TRD,AVD-TI-DN,,27.85,B,2025-11-23,,,0
MST-AVDTI-01,mast,TRD,AVD-TI-DN,,25.20,B,2016-01-31,,,0
MST-AVDTI-02,mast,TRD,AVD-TI-DN,,23.40,C,2006-07-22,,,1
MST-AVDTI-03,mast,TRD,AVD-TI-DN,,21.48,C,1991-01-05,2020-08-28,,1
RL-AVDTI-01,rail,ENG,AVD-TI-DN,,23.44,C,2019-03-03,,258.6,0
RL-AVDTI-02,rail,ENG,AVD-TI-DN,,27.65,B,2023-12-07,,870.0,4
RL-AVDTI-03,rail,ENG,AVD-TI-DN,,23.39,B,2024-07-26,,275.6,0
RL-AVDTI-04,rail,ENG,AVD-TI-DN,,28.21,B,2009-04-11,2025-06-23,942.2,1
RL-AVDTI-05,rail,ENG,AVD-TI-DN,,23.03,B,2005-03-31,2025-01-08,839.3,1
SG-AVDTI-01,signal,SNT,AVD-TI-DN,,26.70,A,2016-07-02,,,0
SG-AVDTI-02,signal,SNT,AVD-TI-DN,,24.85,B,2018-04-17,,,0
SG-AVDTI-03,signal,SNT,AVD-TI-DN,,22.99,B,2008-10-13,2025-11-03,,1
SL-AVDTI-01,sleeper,ENG,AVD-TI-DN,,23.79,C,2018-02-06,,1509.7,1
SL-AVDTI-02,sleeper,ENG,AVD-TI-DN,,22.79,C,1996-01-13,2017-03-19,1288.0,2
SL-AVDTI-03,sleeper,ENG,AVD-TI-DN,,23.65,C,2022-04-29,,662.5,0
TC-AVDTI-01,track_circuit,SNT,AVD-TI-DN,,28.62,C,2025-11-02,,589.4,1
TC-AVDTI-02,track_circuit,SNT,AVD-TI-DN,,27.80,B,2020-10-28,2026-05-07,533.4,2
TC-AVDTI-03,track_circuit,SNT,AVD-TI-DN,,27.82,C,2018-06-19,2026-06-19,202.7,0
OHE-AVDTI-05,OHE_span,TRD,AVD-TI-DN_SUB,,22.43,B,2014-02-01,,,0
OHE-AVDTI-06,OHE_span,TRD,AVD-TI-DN_SUB,,21.40,C,1999-04-21,2023-10-27,,0
OHE-AVDTI-07,OHE_span,TRD,AVD-TI-DN_SUB,,27.21,C,2006-03-08,2025-12-23,,2
OHE-AVDTI-08,OHE_span,TRD,AVD-TI-DN_SUB,,25.43,C,2025-02-26,,,1
AC-AVDTI-03,axle_counter,SNT,AVD-TI-DN_SUB,,26.10,C,2018-07-10,,87.8,1
AC-AVDTI-04,axle_counter,SNT,AVD-TI-DN_SUB,,27.32,B,2022-04-07,,91.3,1
BL-AVDTI-04,ballast,ENG,AVD-TI-DN_SUB,,22.61,C,2020-09-03,,94.7,0
BL-AVDTI-05,ballast,ENG,AVD-TI-DN_SUB,,24.65,C,2022-07-13,,51.3,0
BL-AVDTI-06,ballast,ENG,AVD-TI-DN_SUB,,28.04,C,2017-10-27,2024-08-10,78.6,0
CW-AVDTI-03,contact_wire,TRD,AVD-TI-DN_SUB,,26.58,C,2016-05-23,,,0
CW-AVDTI-04,contact_wire,TRD,AVD-TI-DN_SUB,,22.16,B,2013-06-03,,,0
INS-AVDTI-03,insulator,TRD,AVD-TI-DN_SUB,,26.54,C,2018-08-01,,,0
INS-AVDTI-04,insulator,TRD,AVD-TI-DN_SUB,,28.33,B,2022-08-17,,,0
MST-AVDTI-04,mast,TRD,AVD-TI-DN_SUB,,23.22,B,1995-04-13,2025-06-04,,0
MST-AVDTI-05,mast,TRD,AVD-TI-DN_SUB,,22.37,C,1995-08-03,2020-08-13,,1
MST-AVDTI-06,mast,TRD,AVD-TI-DN_SUB,,22.05,B,1989-02-23,2023-12-03,,0
RL-AVDTI-06,rail,ENG,AVD-TI-DN_SUB,,26.57,B,2015-02-02,2025-01-14,246.2,1
RL-AVDTI-07,rail,ENG,AVD-TI-DN_SUB,,22.00,A,2008-07-13,2022-03-11,187.2,1
RL-AVDTI-08,rail,ENG,AVD-TI-DN_SUB,,22.29,C,2005-06-08,2021-01-10,119.5,0
RL-AVDTI-09,rail,ENG,AVD-TI-DN_SUB,,21.20,B,2008-06-02,2022-09-06,177.0,0
RL-AVDTI-10,rail,ENG,AVD-TI-DN_SUB,,27.78,B,2015-12-30,,119.2,0
SG-AVDTI-04,signal,SNT,AVD-TI-DN_SUB,,22.14,B,2023-01-15,,,0
SG-AVDTI-05,signal,SNT,AVD-TI-DN_SUB,,22.34,B,2021-11-26,,,2
SG-AVDTI-06,signal,SNT,AVD-TI-DN_SUB,,28.71,B,2019-07-11,,,0
SL-AVDTI-04,sleeper,ENG,AVD-TI-DN_SUB,,27.56,B,1997-04-20,2022-07-08,52.2,1
SL-AVDTI-05,sleeper,ENG,AVD-TI-DN_SUB,,22.37,C,1993-11-08,2017-11-02,37.8,0
SL-AVDTI-06,sleeper,ENG,AVD-TI-DN_SUB,,21.84,C,2010-07-31,2024-11-22,335.8,0
TC-AVDTI-04,track_circuit,SNT,AVD-TI-DN_SUB,,22.16,B,2025-01-08,,31.4,0
TC-AVDTI-05,track_circuit,SNT,AVD-TI-DN_SUB,,26.19,C,2020-11-23,,65.6,0
TC-AVDTI-06,track_circuit,SNT,AVD-TI-DN_SUB,,22.63,C,2016-10-07,2026-04-06,78.9,0
OHE-AVDTI-09,OHE_span,TRD,AVD-TI-UP,,22.93,C,2015-05-04,,,0
OHE-AVDTI-10,OHE_span,TRD,AVD-TI-UP,,27.45,B,1998-04-23,2023-04-25,,1
OHE-AVDTI-11,OHE_span,TRD,AVD-TI-UP,,21.87,B,2014-08-08,,,0
OHE-AVDTI-12,OHE_span,TRD,AVD-TI-UP,,25.61,B,2007-02-19,2026-04-21,,0
AC-AVDTI-05,axle_counter,SNT,AVD-TI-UP,,24.97,C,2021-05-17,,122.4,0
AC-AVDTI-06,axle_counter,SNT,AVD-TI-UP,,27.17,C,2015-03-08,2025-02-18,47.1,1
BL-AVDTI-07,ballast,ENG,AVD-TI-UP,,28.27,C,2025-11-19,,321.1,1
BL-AVDTI-08,ballast,ENG,AVD-TI-UP,,25.52,C,2021-06-11,,73.5,0
BL-AVDTI-09,ballast,ENG,AVD-TI-UP,,26.53,C,2016-08-20,2025-02-16,87.4,1
CW-AVDTI-05,contact_wire,TRD,AVD-TI-UP,,25.09,B,2012-09-19,2026-03-11,,1
CW-AVDTI-06,contact_wire,TRD,AVD-TI-UP,,28.14,B,2013-08-13,,,0
INS-AVDTI-05,insulator,TRD,AVD-TI-UP,,27.14,B,2013-10-27,2023-08-17,,0
INS-AVDTI-06,insulator,TRD,AVD-TI-UP,,26.78,B,2014-03-16,2026-05-07,,1
MST-AVDTI-07,mast,TRD,AVD-TI-UP,,27.27,C,2024-11-24,,,0
MST-AVDTI-08,mast,TRD,AVD-TI-UP,,21.95,C,2013-01-09,,,1
MST-AVDTI-09,mast,TRD,AVD-TI-UP,,25.37,B,2025-06-03,,,0
RL-AVDTI-11,rail,ENG,AVD-TI-UP,,24.30,B,2013-06-10,2025-01-11,846.0,1
RL-AVDTI-12,rail,ENG,AVD-TI-UP,,25.76,B,2011-04-14,2025-05-25,83.7,0
RL-AVDTI-13,rail,ENG,AVD-TI-UP,,26.87,B,2005-09-22,2024-04-14,58.2,0
RL-AVDTI-14,rail,ENG,AVD-TI-UP,,26.70,A,2019-04-03,,839.8,2
RL-AVDTI-15,rail,ENG,AVD-TI-UP,,26.42,B,2010-05-02,2019-10-26,813.2,2
SG-AVDTI-07,signal,SNT,AVD-TI-UP,,26.18,B,2020-07-07,,,0
SG-AVDTI-08,signal,SNT,AVD-TI-UP,,27.41,B,2022-06-24,,,1
SG-AVDTI-09,signal,SNT,AVD-TI-UP,,21.53,B,2018-10-13,,,2
SL-AVDTI-07,sleeper,ENG,AVD-TI-UP,,22.18,C,1998-10-11,2021-07-07,93.1,0
SL-AVDTI-08,sleeper,ENG,AVD-TI-UP,,27.64,C,2010-10-27,2025-02-12,470.0,1
SL-AVDTI-09,sleeper,ENG,AVD-TI-UP,,22.82,C,2025-06-16,,1313.6,2
TC-AVDTI-07,track_circuit,SNT,AVD-TI-UP,,27.59,B,2015-12-28,2026-06-03,472.4,0
TC-AVDTI-08,track_circuit,SNT,AVD-TI-UP,,23.62,B,2024-11-10,,76.8,1
TC-AVDTI-09,track_circuit,SNT,AVD-TI-UP,,28.71,B,2024-06-21,,204.7,0
OHE-AVDTI-13,OHE_span,TRD,AVD-TI-UP_SUB,,27.34,B,1998-07-15,2026-02-21,,1
OHE-AVDTI-14,OHE_span,TRD,AVD-TI-UP_SUB,,26.28,B,2008-01-09,,,1
OHE-AVDTI-15,OHE_span,TRD,AVD-TI-UP_SUB,,22.83,B,2006-07-12,2026-06-18,,0
OHE-AVDTI-16,OHE_span,TRD,AVD-TI-UP_SUB,,21.17,C,2013-02-05,,,0
AC-AVDTI-07,axle_counter,SNT,AVD-TI-UP_SUB,,25.70,B,2024-04-03,,101.5,1
AC-AVDTI-08,axle_counter,SNT,AVD-TI-UP_SUB,,26.87,B,2016-01-23,2024-02-06,6.5,0
BL-AVDTI-10,ballast,ENG,AVD-TI-UP_SUB,,25.54,B,2020-01-12,2026-06-03,84.2,0
BL-AVDTI-11,ballast,ENG,AVD-TI-UP_SUB,,25.43,C,2024-04-01,,80.7,0
BL-AVDTI-12,ballast,ENG,AVD-TI-UP_SUB,,25.54,B,2018-08-21,2026-04-20,28.1,0
CW-AVDTI-07,contact_wire,TRD,AVD-TI-UP_SUB,,25.15,B,2016-12-20,,,0
CW-AVDTI-08,contact_wire,TRD,AVD-TI-UP_SUB,,24.98,B,2005-12-18,2023-03-21,,1
INS-AVDTI-07,insulator,TRD,AVD-TI-UP_SUB,,25.76,B,2015-08-29,2023-09-02,,1
INS-AVDTI-08,insulator,TRD,AVD-TI-UP_SUB,,21.90,C,2016-03-11,2024-03-02,,0
MST-AVDTI-10,mast,TRD,AVD-TI-UP_SUB,,28.53,B,1998-02-20,2022-12-21,,2
MST-AVDTI-11,mast,TRD,AVD-TI-UP_SUB,,21.60,C,2019-08-09,,,0
MST-AVDTI-12,mast,TRD,AVD-TI-UP_SUB,,27.26,C,2004-05-03,,,0
RL-AVDTI-16,rail,ENG,AVD-TI-UP_SUB,,24.02,B,2003-04-14,2021-03-10,246.0,1
RL-AVDTI-17,rail,ENG,AVD-TI-UP_SUB,,21.87,A,2023-09-02,,209.4,0
RL-AVDTI-18,rail,ENG,AVD-TI-UP_SUB,,26.80,C,2022-11-01,,60.4,0
RL-AVDTI-19,rail,ENG,AVD-TI-UP_SUB,,27.02,A,2020-01-22,,185.7,0
RL-AVDTI-20,rail,ENG,AVD-TI-UP_SUB,,27.12,B,2010-06-04,2024-12-16,142.8,0
SG-AVDTI-10,signal,SNT,AVD-TI-UP_SUB,,22.12,B,2019-08-27,,,0
SG-AVDTI-11,signal,SNT,AVD-TI-UP_SUB,,21.46,B,2008-06-29,2020-06-30,,0
SG-AVDTI-12,signal,SNT,AVD-TI-UP_SUB,,25.34,B,2010-02-15,2024-05-20,,0
SL-AVDTI-10,sleeper,ENG,AVD-TI-UP_SUB,,27.72,C,1999-05-27,2025-06-19,179.5,0
SL-AVDTI-11,sleeper,ENG,AVD-TI-UP_SUB,,27.92,B,2008-09-08,2026-04-05,347.5,3
SL-AVDTI-12,sleeper,ENG,AVD-TI-UP_SUB,,24.55,B,1997-06-18,2023-06-01,236.7,4
TC-AVDTI-10,track_circuit,SNT,AVD-TI-UP_SUB,,24.78,C,2016-01-17,2025-03-09,15.5,0
TC-AVDTI-11,track_circuit,SNT,AVD-TI-UP_SUB,,27.78,B,2024-04-12,,24.3,0
TC-AVDTI-12,track_circuit,SNT,AVD-TI-UP_SUB,,22.02,B,2025-12-03,,74.9,0
OHE-BBQPER-01,OHE_span,TRD,BBQ-PER-DN,,4.23,C,2007-04-03,2026-04-04,,0
OHE-BBQPER-02,OHE_span,TRD,BBQ-PER-DN,,2.76,C,1995-09-12,2025-09-20,,1
AC-BBQPER-01,axle_counter,SNT,BBQ-PER-DN,,4.82,B,2017-11-25,2023-08-05,524.6,0
BL-BBQPER-01,ballast,ENG,BBQ-PER-DN,,4.89,B,2018-04-27,2022-09-18,289.5,1
CW-BBQPER-01,contact_wire,TRD,BBQ-PER-DN,,3.84,B,2017-04-16,,,0
INS-BBQPER-01,insulator,TRD,BBQ-PER-DN,,2.92,C,2023-03-17,,,0
MST-BBQPER-01,mast,TRD,BBQ-PER-DN,,3.08,B,1997-04-29,2026-03-12,,1
RL-BBQPER-01,rail,ENG,BBQ-PER-DN,,3.01,B,2018-08-31,,218.0,0
RL-BBQPER-02,rail,ENG,BBQ-PER-DN,,2.86,B,2008-03-30,2022-01-18,388.3,0
SG-BBQPER-01,signal,SNT,BBQ-PER-DN,,3.32,A,2017-11-15,,,1
SL-BBQPER-01,sleeper,ENG,BBQ-PER-DN,,4.92,C,2015-03-26,,1743.1,0
TC-BBQPER-01,track_circuit,SNT,BBQ-PER-DN,,3.85,C,2016-10-21,2025-09-18,144.7,0
OHE-BBQPER-03,OHE_span,TRD,BBQ-PER-DN_SUB,,3.25,A,2003-09-10,2024-03-14,,0
OHE-BBQPER-04,OHE_span,TRD,BBQ-PER-DN_SUB,,4.23,A,2009-08-29,,,1
AC-BBQPER-02,axle_counter,SNT,BBQ-PER-DN_SUB,,3.54,B,2013-01-16,2024-10-11,28.4,2
BL-BBQPER-02,ballast,ENG,BBQ-PER-DN_SUB,,4.26,B,2015-07-31,2025-03-04,204.6,0
CW-BBQPER-02,contact_wire,TRD,BBQ-PER-DN_SUB,,4.44,A,2007-07-10,2021-09-27,,3
INS-BBQPER-02,insulator,TRD,BBQ-PER-DN_SUB,,2.41,A,2025-01-06,,,0
MST-BBQPER-02,mast,TRD,BBQ-PER-DN_SUB,,4.08,A,2009-02-13,,,1
RL-BBQPER-03,rail,ENG,BBQ-PER-DN_SUB,,4.26,A,2009-05-25,2024-04-11,533.0,1
RL-BBQPER-04,rail,ENG,BBQ-PER-DN_SUB,,3.32,A,2015-07-09,,132.7,0
SG-BBQPER-02,signal,SNT,BBQ-PER-DN_SUB,,4.52,A,2021-08-28,,,1
SL-BBQPER-02,sleeper,ENG,BBQ-PER-DN_SUB,,2.74,A,2009-07-23,2024-11-25,739.4,0
TC-BBQPER-02,track_circuit,SNT,BBQ-PER-DN_SUB,,4.26,A,2018-05-22,2023-12-06,277.6,1
OHE-BBQPER-05,OHE_span,TRD,BBQ-PER-UP,,4.12,C,1996-05-17,2021-08-12,,0
OHE-BBQPER-06,OHE_span,TRD,BBQ-PER-UP,,4.30,B,1997-10-16,2024-07-04,,0
AC-BBQPER-03,axle_counter,SNT,BBQ-PER-UP,,3.23,C,2023-06-12,,496.3,1
BL-BBQPER-03,ballast,ENG,BBQ-PER-UP,,4.11,C,2016-02-16,2025-03-28,156.3,2
CW-BBQPER-03,contact_wire,TRD,BBQ-PER-UP,,2.09,B,2005-12-24,2024-01-08,,1
INS-BBQPER-03,insulator,TRD,BBQ-PER-UP,,4.31,C,2019-06-14,,,0
MST-BBQPER-03,mast,TRD,BBQ-PER-UP,,4.81,C,1997-02-22,2026-06-05,,0
RL-BBQPER-05,rail,ENG,BBQ-PER-UP,,2.64,B,2008-05-09,2024-09-22,927.5,3
RL-BBQPER-06,rail,ENG,BBQ-PER-UP,,3.12,B,2025-09-14,,654.2,0
SG-BBQPER-03,signal,SNT,BBQ-PER-UP,,3.79,A,2013-09-02,2025-12-31,,0
SL-BBQPER-03,sleeper,ENG,BBQ-PER-UP,,4.12,C,2024-10-18,,1327.0,4
TC-BBQPER-03,track_circuit,SNT,BBQ-PER-UP,,3.43,B,2014-11-20,2025-08-14,170.9,0
OHE-BBQPER-07,OHE_span,TRD,BBQ-PER-UP_SUB,,2.10,B,2011-03-13,,,0
OHE-BBQPER-08,OHE_span,TRD,BBQ-PER-UP_SUB,,4.27,A,2017-12-25,,,0
AC-BBQPER-04,axle_counter,SNT,BBQ-PER-UP_SUB,,2.65,B,2016-09-13,2025-05-07,113.6,0
BL-BBQPER-04,ballast,ENG,BBQ-PER-UP_SUB,,2.73,A,2023-05-09,,51.5,0
CW-BBQPER-04,contact_wire,TRD,BBQ-PER-UP_SUB,,4.40,A,2016-08-14,,,0
INS-BBQPER-04,insulator,TRD,BBQ-PER-UP_SUB,,4.19,A,2025-02-07,,,2
MST-BBQPER-04,mast,TRD,BBQ-PER-UP_SUB,,3.33,B,1992-12-19,2017-11-14,,1
RL-BBQPER-07,rail,ENG,BBQ-PER-UP_SUB,,3.03,A,2006-11-09,2024-01-13,205.9,1
RL-BBQPER-08,rail,ENG,BBQ-PER-UP_SUB,,4.11,A,2021-02-18,,48.3,2
SG-BBQPER-04,signal,SNT,BBQ-PER-UP_SUB,,2.30,A,2025-04-21,,,0
SL-BBQPER-04,sleeper,ENG,BBQ-PER-UP_SUB,,2.90,B,2003-08-16,2018-04-30,859.0,1
TC-BBQPER-04,track_circuit,SNT,BBQ-PER-UP_SUB,,4.85,A,2020-08-21,,177.6,0
OHE-BBQTNP-01,OHE_span,TRD,BBQ-TNP-DN,,3.39,B,2004-01-09,2022-12-28,,1
OHE-BBQTNP-02,OHE_span,TRD,BBQ-TNP-DN,,2.48,C,1995-03-15,2018-12-05,,0
AC-BBQTNP-01,axle_counter,SNT,BBQ-TNP-DN,,2.12,B,2021-12-18,,598.1,0
BL-BBQTNP-01,ballast,ENG,BBQ-TNP-DN,,2.12,C,2025-07-28,,478.5,0
CW-BBQTNP-01,contact_wire,TRD,BBQ-TNP-DN,,2.94,B,2023-07-06,,,0
INS-BBQTNP-01,insulator,TRD,BBQ-TNP-DN,,4.41,B,2024-04-13,,,0
MST-BBQTNP-01,mast,TRD,BBQ-TNP-DN,,2.43,B,2007-01-13,,,0
RL-BBQTNP-01,rail,ENG,BBQ-TNP-DN,,3.08,B,2005-02-09,2014-07-13,519.6,0
RL-BBQTNP-02,rail,ENG,BBQ-TNP-DN,,3.73,B,2009-07-30,2021-01-24,1498.7,2
SG-BBQTNP-01,signal,SNT,BBQ-TNP-DN,,2.55,B,2018-02-06,,,0
SL-BBQTNP-01,sleeper,ENG,BBQ-TNP-DN,,2.12,B,2009-08-13,2024-04-20,714.7,0
TC-BBQTNP-01,track_circuit,SNT,BBQ-TNP-DN,,2.99,C,2018-02-14,2025-01-17,403.2,1
OHE-BBQTNP-03,OHE_span,TRD,BBQ-TNP-UP,,4.20,C,1996-07-18,2019-02-13,,1
OHE-BBQTNP-04,OHE_span,TRD,BBQ-TNP-UP,,3.48,C,1995-06-18,2025-04-09,,1
AC-BBQTNP-02,axle_counter,SNT,BBQ-TNP-UP,,2.37,C,2023-04-15,,476.1,0
BL-BBQTNP-02,ballast,ENG,BBQ-TNP-UP,,3.39,C,2016-09-06,2023-07-19,735.5,3
CW-BBQTNP-02,contact_wire,TRD,BBQ-TNP-UP,,2.46,B,2004-11-07,2024-04-12,,1
INS-BBQTNP-02,insulator,TRD,BBQ-TNP-UP,,3.52,C,2019-09-16,,,0
MST-BBQTNP-02,mast,TRD,BBQ-TNP-UP,,2.61,B,2008-01-10,,,0
RL-BBQTNP-03,rail,ENG,BBQ-TNP-UP,,4.61,B,2007-08-02,2018-01-20,1312.9,0
RL-BBQTNP-04,rail,ENG,BBQ-TNP-UP,,2.74,B,2017-01-31,2026-01-26,604.9,1
SG-BBQTNP-02,signal,SNT,BBQ-TNP-UP,,2.76,B,2009-12-02,2021-01-30,,0
SL-BBQTNP-02,sleeper,ENG,BBQ-TNP-UP,,3.86,C,2023-03-30,,480.2,1
TC-BBQTNP-02,track_circuit,SNT,BBQ-TNP-UP,,3.23,C,2020-04-22,2025-04-12,298.0,0
OHE-CGLWJ-01,OHE_span,TRD,CGL-WJ-SINGLE,,62.34,C,2017-11-28,,,0
OHE-CGLWJ-02,OHE_span,TRD,CGL-WJ-SINGLE,,60.69,C,2011-07-02,,,0
OHE-CGLWJ-03,OHE_span,TRD,CGL-WJ-SINGLE,,78.90,C,2000-07-21,2023-12-10,,0
OHE-CGLWJ-04,OHE_span,TRD,CGL-WJ-SINGLE,,80.07,C,2009-10-20,,,0
OHE-CGLWJ-05,OHE_span,TRD,CGL-WJ-SINGLE,,61.14,C,2012-08-05,,,2
OHE-CGLWJ-06,OHE_span,TRD,CGL-WJ-SINGLE,,63.31,C,2011-11-25,,,1
OHE-CGLWJ-07,OHE_span,TRD,CGL-WJ-SINGLE,,79.19,C,2017-03-07,,,0
OHE-CGLWJ-08,OHE_span,TRD,CGL-WJ-SINGLE,,75.88,C,2023-11-22,,,0
OHE-CGLWJ-09,OHE_span,TRD,CGL-WJ-SINGLE,,74.35,C,2008-10-10,,,0
OHE-CGLWJ-10,OHE_span,TRD,CGL-WJ-SINGLE,,76.99,C,2000-03-17,2021-04-24,,1
OHE-CGLWJ-11,OHE_span,TRD,CGL-WJ-SINGLE,,72.32,C,2008-02-27,,,0
AC-CGLWJ-01,axle_counter,SNT,CGL-WJ-SINGLE,,78.06,C,2022-01-11,,48.2,0
AC-CGLWJ-02,axle_counter,SNT,CGL-WJ-SINGLE,,80.17,C,2012-08-13,2022-08-27,49.5,1
AC-CGLWJ-03,axle_counter,SNT,CGL-WJ-SINGLE,,75.07,C,2024-11-04,,3.3,0
AC-CGLWJ-04,axle_counter,SNT,CGL-WJ-SINGLE,,65.95,C,2021-07-03,,47.0,1
BL-CGLWJ-01,ballast,ENG,CGL-WJ-SINGLE,,80.87,C,2018-09-23,2025-07-15,22.5,0
BL-CGLWJ-02,ballast,ENG,CGL-WJ-SINGLE,,68.66,C,2024-01-09,,29.1,1
BL-CGLWJ-03,ballast,ENG,CGL-WJ-SINGLE,,65.26,C,2018-01-15,2026-06-10,28.2,1
BL-CGLWJ-04,ballast,ENG,CGL-WJ-SINGLE,,60.63,C,2016-08-31,2024-12-16,15.4,1
BL-CGLWJ-05,ballast,ENG,CGL-WJ-SINGLE,,73.44,C,2019-08-05,2026-02-16,38.6,0
BL-CGLWJ-06,ballast,ENG,CGL-WJ-SINGLE,,60.28,C,2016-10-20,2026-01-22,26.5,0
BL-CGLWJ-07,ballast,ENG,CGL-WJ-SINGLE,,67.82,C,2019-06-16,2026-05-14,12.3,1
BL-CGLWJ-08,ballast,ENG,CGL-WJ-SINGLE,,62.91,C,2016-09-10,2024-01-19,28.5,0
CW-CGLWJ-01,contact_wire,TRD,CGL-WJ-SINGLE,,64.02,C,2016-06-18,,,0
CW-CGLWJ-02,contact_wire,TRD,CGL-WJ-SINGLE,,61.63,C,2014-10-08,,,0
CW-CGLWJ-03,contact_wire,TRD,CGL-WJ-SINGLE,,61.62,B,2022-04-12,,,0
CW-CGLWJ-04,contact_wire,TRD,CGL-WJ-SINGLE,,76.89,C,2004-05-22,2025-04-20,,2
CW-CGLWJ-05,contact_wire,TRD,CGL-WJ-SINGLE,,79.05,B,2019-11-17,,,0
CW-CGLWJ-06,contact_wire,TRD,CGL-WJ-SINGLE,,65.70,C,2011-04-11,2025-10-08,,0
INS-CGLWJ-01,insulator,TRD,CGL-WJ-SINGLE,,72.16,C,2023-07-25,,,0
INS-CGLWJ-02,insulator,TRD,CGL-WJ-SINGLE,,80.70,C,2022-10-31,,,0
INS-CGLWJ-03,insulator,TRD,CGL-WJ-SINGLE,,63.01,C,2012-08-24,2025-12-10,,0
INS-CGLWJ-04,insulator,TRD,CGL-WJ-SINGLE,,72.44,C,2013-01-24,2023-12-30,,1
INS-CGLWJ-05,insulator,TRD,CGL-WJ-SINGLE,,62.77,C,2015-05-05,2025-04-14,,2
MST-CGLWJ-01,mast,TRD,CGL-WJ-SINGLE,,70.53,C,2019-03-03,,,1
MST-CGLWJ-02,mast,TRD,CGL-WJ-SINGLE,,62.48,C,2024-07-05,,,0
MST-CGLWJ-03,mast,TRD,CGL-WJ-SINGLE,,67.74,C,2004-08-09,,,1
MST-CGLWJ-04,mast,TRD,CGL-WJ-SINGLE,,62.91,C,2008-08-25,,,0
MST-CGLWJ-05,mast,TRD,CGL-WJ-SINGLE,,74.49,C,1991-07-05,2022-05-10,,3
MST-CGLWJ-06,mast,TRD,CGL-WJ-SINGLE,,66.65,C,2021-02-20,,,0
MST-CGLWJ-07,mast,TRD,CGL-WJ-SINGLE,,79.58,C,2003-02-20,,,0
MST-CGLWJ-08,mast,TRD,CGL-WJ-SINGLE,,67.62,C,1998-08-04,2023-10-30,,1
MST-CGLWJ-09,mast,TRD,CGL-WJ-SINGLE,,81.05,C,2010-04-17,,,1
RL-CGLWJ-01,rail,ENG,CGL-WJ-SINGLE,,73.16,C,2009-09-18,2025-08-25,74.0,0
RL-CGLWJ-02,rail,ENG,CGL-WJ-SINGLE,,68.37,B,2004-01-15,2019-08-12,94.4,2
RL-CGLWJ-03,rail,ENG,CGL-WJ-SINGLE,,73.54,C,2017-01-08,,54.5,1
RL-CGLWJ-04,rail,ENG,CGL-WJ-SINGLE,,68.63,C,2010-07-27,2025-04-16,25.0,0
RL-CGLWJ-05,rail,ENG,CGL-WJ-SINGLE,,72.24,C,2021-06-05,,68.4,0
RL-CGLWJ-06,rail,ENG,CGL-WJ-SINGLE,,63.54,C,2020-11-30,,82.1,0
RL-CGLWJ-07,rail,ENG,CGL-WJ-SINGLE,,66.14,C,2021-10-01,,18.3,0
RL-CGLWJ-08,rail,ENG,CGL-WJ-SINGLE,,79.75,C,2017-12-31,,98.8,0
RL-CGLWJ-09,rail,ENG,CGL-WJ-SINGLE,,72.57,B,2023-11-29,,35.0,0
RL-CGLWJ-10,rail,ENG,CGL-WJ-SINGLE,,68.70,C,2024-06-23,,68.9,1
RL-CGLWJ-11,rail,ENG,CGL-WJ-SINGLE,,77.79,B,2014-08-20,,22.4,0
RL-CGLWJ-12,rail,ENG,CGL-WJ-SINGLE,,69.17,C,2006-03-03,2026-04-27,24.2,0
RL-CGLWJ-13,rail,ENG,CGL-WJ-SINGLE,,64.63,C,2007-06-14,2021-08-27,73.7,1
RL-CGLWJ-14,rail,ENG,CGL-WJ-SINGLE,,80.94,C,2009-04-02,2024-12-07,93.4,0
SG-CGLWJ-01,signal,SNT,CGL-WJ-SINGLE,,73.28,B,2008-05-15,2025-08-20,,0
SG-CGLWJ-02,signal,SNT,CGL-WJ-SINGLE,,65.20,C,2008-02-07,2023-06-05,,1
SG-CGLWJ-03,signal,SNT,CGL-WJ-SINGLE,,79.60,C,2021-04-19,,,0
SG-CGLWJ-04,signal,SNT,CGL-WJ-SINGLE,,69.20,B,2021-04-17,,,0
SG-CGLWJ-05,signal,SNT,CGL-WJ-SINGLE,,67.71,B,2010-07-10,2021-08-19,,0
SG-CGLWJ-06,signal,SNT,CGL-WJ-SINGLE,,72.73,C,2018-10-14,,,0
SG-CGLWJ-07,signal,SNT,CGL-WJ-SINGLE,,78.46,C,2025-06-15,,,2
SG-CGLWJ-08,signal,SNT,CGL-WJ-SINGLE,,67.57,C,2021-11-27,,,0
SL-CGLWJ-01,sleeper,ENG,CGL-WJ-SINGLE,,64.43,C,1996-06-06,2018-02-18,57.2,0
SL-CGLWJ-02,sleeper,ENG,CGL-WJ-SINGLE,,72.28,C,2003-04-15,2026-02-21,107.8,0
SL-CGLWJ-03,sleeper,ENG,CGL-WJ-SINGLE,,73.16,C,2012-02-06,,127.4,3
SL-CGLWJ-04,sleeper,ENG,CGL-WJ-SINGLE,,63.24,C,1993-01-29,2021-09-19,168.2,1
SL-CGLWJ-05,sleeper,ENG,CGL-WJ-SINGLE,,64.71,C,2002-03-16,2024-07-13,149.6,1
SL-CGLWJ-06,sleeper,ENG,CGL-WJ-SINGLE,,66.93,C,2013-07-25,,56.2,1
SL-CGLWJ-07,sleeper,ENG,CGL-WJ-SINGLE,,76.14,C,1998-03-01,2021-09-25,94.4,0
SL-CGLWJ-08,sleeper,ENG,CGL-WJ-SINGLE,,70.81,C,2021-09-22,,100.6,0
TC-CGLWJ-01,track_circuit,SNT,CGL-WJ-SINGLE,,69.46,C,2015-08-26,2024-09-26,7.9,0
TC-CGLWJ-02,track_circuit,SNT,CGL-WJ-SINGLE,,63.83,C,2020-10-11,,5.9,1
TC-CGLWJ-03,track_circuit,SNT,CGL-WJ-SINGLE,,76.95,C,2022-09-24,,29.5,0
TC-CGLWJ-04,track_circuit,SNT,CGL-WJ-SINGLE,,75.31,C,2022-04-22,,3.5,0
TC-CGLWJ-05,track_circuit,SNT,CGL-WJ-SINGLE,,70.98,C,2024-11-28,,8.2,0
TC-CGLWJ-06,track_circuit,SNT,CGL-WJ-SINGLE,,67.86,C,2020-02-20,,11.3,0
TC-CGLWJ-07,track_circuit,SNT,CGL-WJ-SINGLE,,70.09,C,2015-11-26,2023-11-21,49.4,0
TC-CGLWJ-08,track_circuit,SNT,CGL-WJ-SINGLE,,69.96,C,2019-02-14,,63.5,0
TC-CGLWJ-09,track_circuit,SNT,CGL-WJ-SINGLE,,72.75,C,2014-10-02,2023-05-16,11.9,0
AC-CJTMLP-01,axle_counter,SNT,CJ-TMLP-SINGLE,,102.37,C,2023-08-16,,4.8,0
AC-CJTMLP-02,axle_counter,SNT,CJ-TMLP-SINGLE,,104.98,C,2025-12-11,,41.3,0
BL-CJTMLP-01,ballast,ENG,CJ-TMLP-SINGLE,,99.74,C,2024-09-10,,15.8,2
BL-CJTMLP-02,ballast,ENG,CJ-TMLP-SINGLE,,102.57,C,2015-11-09,2024-12-16,10.5,0
BL-CJTMLP-03,ballast,ENG,CJ-TMLP-SINGLE,,104.12,C,2023-11-07,,31.6,0
RL-CJTMLP-01,rail,ENG,CJ-TMLP-SINGLE,,100.38,C,2014-07-27,,73.0,0
RL-CJTMLP-02,rail,ENG,CJ-TMLP-SINGLE,,96.36,B,2007-09-13,2021-05-02,25.8,0
RL-CJTMLP-03,rail,ENG,CJ-TMLP-SINGLE,,104.22,C,2018-09-02,,28.9,0
RL-CJTMLP-04,rail,ENG,CJ-TMLP-SINGLE,,96.04,C,2013-05-21,,72.3,0
RL-CJTMLP-05,rail,ENG,CJ-TMLP-SINGLE,,104.59,B,2006-02-03,2020-11-24,79.3,0
RL-CJTMLP-06,rail,ENG,CJ-TMLP-SINGLE,,104.50,C,2017-01-30,,70.6,0
SG-CJTMLP-01,signal,SNT,CJ-TMLP-SINGLE,,100.51,C,2013-10-22,2026-04-18,,3
SG-CJTMLP-02,signal,SNT,CJ-TMLP-SINGLE,,100.07,C,2022-12-07,,,1
SG-CJTMLP-03,signal,SNT,CJ-TMLP-SINGLE,,98.55,C,2022-02-21,,,0
SL-CJTMLP-01,sleeper,ENG,CJ-TMLP-SINGLE,,101.35,C,2006-10-22,,24.3,0
SL-CJTMLP-02,sleeper,ENG,CJ-TMLP-SINGLE,,96.22,C,2024-01-30,,54.1,1
SL-CJTMLP-03,sleeper,ENG,CJ-TMLP-SINGLE,,103.31,C,2004-05-10,2026-04-01,31.9,0
TC-CJTMLP-01,track_circuit,SNT,CJ-TMLP-SINGLE,,98.63,C,2025-10-21,,34.1,0
TC-CJTMLP-02,track_circuit,SNT,CJ-TMLP-SINGLE,,100.34,C,2018-03-15,2026-06-17,30.5,0
TC-CJTMLP-03,track_circuit,SNT,CJ-TMLP-SINGLE,,104.14,C,2020-04-25,,13.4,0
TC-CJTMLP-04,track_circuit,SNT,CJ-TMLP-SINGLE,,97.14,C,2023-05-27,,41.5,2
OHE-ENRMJR-01,OHE_span,TRD,ENR-MJR-DN,,25.17,C,2003-05-09,2023-09-10,,0
OHE-ENRMJR-02,OHE_span,TRD,ENR-MJR-DN,,20.96,C,2007-05-04,2026-06-03,,0
OHE-ENRMJR-03,OHE_span,TRD,ENR-MJR-DN,,23.54,C,1994-01-26,2020-10-20,,1
OHE-ENRMJR-04,OHE_span,TRD,ENR-MJR-DN,,24.43,C,2010-02-07,,,0
OHE-ENRMJR-05,OHE_span,TRD,ENR-MJR-DN,,21.68,C,2003-08-02,2025-03-21,,0
AC-ENRMJR-01,axle_counter,SNT,ENR-MJR-DN,,16.75,C,2017-04-21,2022-11-16,551.5,0
AC-ENRMJR-02,axle_counter,SNT,ENR-MJR-DN,,18.57,C,2017-11-29,2023-09-13,540.2,5
BL-ENRMJR-01,ballast,ENG,ENR-MJR-DN,,24.69,C,2022-11-22,,94.9,0
BL-ENRMJR-02,ballast,ENG,ENR-MJR-DN,,21.45,C,2023-03-06,,398.5,0
BL-ENRMJR-03,ballast,ENG,ENR-MJR-DN,,18.45,B,2016-12-12,2024-08-23,147.6,0
BL-ENRMJR-04,ballast,ENG,ENR-MJR-DN,,23.23,C,2025-03-08,,218.5,0
CW-ENRMJR-01,contact_wire,TRD,ENR-MJR-DN,,21.16,C,2025-07-15,,,0
CW-ENRMJR-02,contact_wire,TRD,ENR-MJR-DN,,17.58,B,2013-04-14,,,0
CW-ENRMJR-03,contact_wire,TRD,ENR-MJR-DN,,19.22,C,2022-11-28,,,0
INS-ENRMJR-01,insulator,TRD,ENR-MJR-DN,,25.23,B,2014-03-06,2023-08-05,,0
INS-ENRMJR-02,insulator,TRD,ENR-MJR-DN,,24.25,C,2025-01-13,,,1
MST-ENRMJR-01,mast,TRD,ENR-MJR-DN,,24.02,C,2004-08-09,,,2
MST-ENRMJR-02,mast,TRD,ENR-MJR-DN,,16.65,B,2004-12-22,,,3
MST-ENRMJR-03,mast,TRD,ENR-MJR-DN,,23.47,C,1987-07-21,2024-07-16,,1
MST-ENRMJR-04,mast,TRD,ENR-MJR-DN,,23.00,C,1988-06-30,2019-09-02,,0
RL-ENRMJR-01,rail,ENG,ENR-MJR-DN,,24.84,C,2019-08-15,,381.7,1
RL-ENRMJR-02,rail,ENG,ENR-MJR-DN,,20.37,C,2004-07-04,2024-07-23,639.7,1
RL-ENRMJR-03,rail,ENG,ENR-MJR-DN,,21.71,C,2005-10-13,2025-08-05,1155.7,1
RL-ENRMJR-04,rail,ENG,ENR-MJR-DN,,22.16,C,2012-09-02,2024-03-10,583.6,2
RL-ENRMJR-05,rail,ENG,ENR-MJR-DN,,24.91,C,2009-11-15,2026-03-14,556.3,1
RL-ENRMJR-06,rail,ENG,ENR-MJR-DN,,18.07,B,2024-12-10,,33.5,0
SG-ENRMJR-01,signal,SNT,ENR-MJR-DN,,21.02,B,2021-05-19,,,0
SG-ENRMJR-02,signal,SNT,ENR-MJR-DN,,22.08,C,2021-02-23,,,0
SG-ENRMJR-03,signal,SNT,ENR-MJR-DN,,16.70,B,2011-03-23,2025-05-08,,1
SG-ENRMJR-04,signal,SNT,ENR-MJR-DN,,16.83,C,2023-12-30,,,0
SL-ENRMJR-01,sleeper,ENG,ENR-MJR-DN,,16.61,C,2022-11-03,,36.1,0
SL-ENRMJR-02,sleeper,ENG,ENR-MJR-DN,,17.03,C,2024-12-18,,376.6,0
SL-ENRMJR-03,sleeper,ENG,ENR-MJR-DN,,24.16,B,2024-05-16,,378.4,1
SL-ENRMJR-04,sleeper,ENG,ENR-MJR-DN,,25.65,C,1997-04-29,2015-07-03,1450.2,2
TC-ENRMJR-01,track_circuit,SNT,ENR-MJR-DN,,22.92,C,2015-09-27,2023-05-27,256.5,0
TC-ENRMJR-02,track_circuit,SNT,ENR-MJR-DN,,21.89,C,2025-01-20,,459.5,1
TC-ENRMJR-03,track_circuit,SNT,ENR-MJR-DN,,25.64,C,2015-01-02,2023-08-12,202.4,1
TC-ENRMJR-04,track_circuit,SNT,ENR-MJR-DN,,24.64,C,2024-06-14,,140.6,0
OHE-ENRMJR-06,OHE_span,TRD,ENR-MJR-UP,,22.51,C,2013-03-03,,,0
OHE-ENRMJR-07,OHE_span,TRD,ENR-MJR-UP,,21.61,C,2023-07-07,,,0
OHE-ENRMJR-08,OHE_span,TRD,ENR-MJR-UP,,17.69,C,2020-06-22,,,1
OHE-ENRMJR-09,OHE_span,TRD,ENR-MJR-UP,,23.70,C,2014-05-14,,,0
OHE-ENRMJR-10,OHE_span,TRD,ENR-MJR-UP,,20.98,C,1996-10-14,2018-05-24,,0
AC-ENRMJR-03,axle_counter,SNT,ENR-MJR-UP,,18.73,C,2017-11-18,2026-05-31,157.6,0
AC-ENRMJR-04,axle_counter,SNT,ENR-MJR-UP,,23.92,C,2016-08-23,2024-09-09,158.5,0
BL-ENRMJR-05,ballast,ENG,ENR-MJR-UP,,21.26,C,2025-07-10,,284.4,0
BL-ENRMJR-06,ballast,ENG,ENR-MJR-UP,,18.84,B,2022-11-18,,196.7,1
BL-ENRMJR-07,ballast,ENG,ENR-MJR-UP,,19.69,C,2019-09-15,2025-08-24,320.9,1
BL-ENRMJR-08,ballast,ENG,ENR-MJR-UP,,19.58,C,2021-06-30,2025-07-22,418.2,0
CW-ENRMJR-04,contact_wire,TRD,ENR-MJR-UP,,18.03,C,2020-06-02,,,0
CW-ENRMJR-05,contact_wire,TRD,ENR-MJR-UP,,19.27,C,2025-12-23,,,0
CW-ENRMJR-06,contact_wire,TRD,ENR-MJR-UP,,18.63,C,2021-08-10,,,0
INS-ENRMJR-03,insulator,TRD,ENR-MJR-UP,,18.30,B,2024-01-22,,,0
INS-ENRMJR-04,insulator,TRD,ENR-MJR-UP,,23.13,B,2020-04-14,,,0
MST-ENRMJR-05,mast,TRD,ENR-MJR-UP,,21.91,C,2001-07-12,2026-01-19,,0
MST-ENRMJR-06,mast,TRD,ENR-MJR-UP,,25.35,C,1998-01-08,2025-11-11,,2
MST-ENRMJR-07,mast,TRD,ENR-MJR-UP,,20.67,C,2005-06-02,,,0
MST-ENRMJR-08,mast,TRD,ENR-MJR-UP,,21.99,C,1994-03-06,2026-05-20,,1
RL-ENRMJR-07,rail,ENG,ENR-MJR-UP,,19.08,C,2022-12-22,,742.4,1
RL-ENRMJR-08,rail,ENG,ENR-MJR-UP,,18.09,C,2017-01-18,2026-02-05,879.7,3
RL-ENRMJR-09,rail,ENG,ENR-MJR-UP,,23.96,C,2024-11-12,,405.5,0
RL-ENRMJR-10,rail,ENG,ENR-MJR-UP,,25.66,B,2015-04-03,2025-08-13,524.1,4
RL-ENRMJR-11,rail,ENG,ENR-MJR-UP,,18.50,C,2014-02-09,2024-12-13,496.9,0
RL-ENRMJR-12,rail,ENG,ENR-MJR-UP,,23.40,B,2005-11-02,2017-09-24,750.6,0
SG-ENRMJR-05,signal,SNT,ENR-MJR-UP,,23.83,C,2025-12-20,,,0
SG-ENRMJR-06,signal,SNT,ENR-MJR-UP,,23.41,C,2024-10-02,,,0
SG-ENRMJR-07,signal,SNT,ENR-MJR-UP,,16.50,B,2013-05-30,2025-10-12,,0
SG-ENRMJR-08,signal,SNT,ENR-MJR-UP,,18.30,C,2018-05-08,,,1
SL-ENRMJR-05,sleeper,ENG,ENR-MJR-UP,,21.78,C,2007-08-01,,191.9,0
SL-ENRMJR-06,sleeper,ENG,ENR-MJR-UP,,23.85,C,2018-08-23,,807.0,0
SL-ENRMJR-07,sleeper,ENG,ENR-MJR-UP,,18.07,C,1995-05-24,2025-03-12,1809.6,3
SL-ENRMJR-08,sleeper,ENG,ENR-MJR-UP,,24.82,C,2006-09-17,2023-04-23,716.5,1
TC-ENRMJR-05,track_circuit,SNT,ENR-MJR-UP,,17.51,C,2018-05-06,2023-12-02,559.6,1
TC-ENRMJR-06,track_circuit,SNT,ENR-MJR-UP,,23.76,C,2014-01-28,2023-06-08,555.7,5
TC-ENRMJR-07,track_circuit,SNT,ENR-MJR-UP,,16.68,C,2016-10-20,2025-12-26,656.9,1
TC-ENRMJR-08,track_circuit,SNT,ENR-MJR-UP,,17.19,C,2025-11-22,,473.6,0
OHE-GISTM-01,OHE_span,TRD,GI-STM-DN,,16.55,C,2014-01-08,,,1
AC-GISTM-01,axle_counter,SNT,GI-STM-DN,,15.92,C,2018-03-22,2023-09-20,247.4,0
BL-GISTM-01,ballast,ENG,GI-STM-DN,,15.65,B,2015-10-05,2022-02-11,50.6,0
CW-GISTM-01,contact_wire,TRD,GI-STM-DN,,15.19,C,2010-02-27,2025-10-12,,0
INS-GISTM-01,insulator,TRD,GI-STM-DN,,15.25,C,2021-06-09,,,0
MST-GISTM-01,mast,TRD,GI-STM-DN,,16.52,B,2002-01-04,,,0
RL-GISTM-01,rail,ENG,GI-STM-DN,,16.13,B,2004-05-19,2022-07-16,308.8,1
SG-GISTM-01,signal,SNT,GI-STM-DN,,15.61,A,2016-06-05,,,3
SL-GISTM-01,sleeper,ENG,GI-STM-DN,,16.55,C,2001-04-16,2019-03-15,359.7,0
TC-GISTM-01,track_circuit,SNT,GI-STM-DN,,16.42,C,2018-05-26,2026-06-05,155.2,0
OHE-GISTM-02,OHE_span,TRD,GI-STM-DN_SUB,,15.35,A,2000-12-16,2024-11-30,,1
AC-GISTM-02,axle_counter,SNT,GI-STM-DN_SUB,,15.26,A,2016-06-04,2024-01-12,210.0,3
BL-GISTM-02,ballast,ENG,GI-STM-DN_SUB,,15.90,A,2016-10-03,2023-03-19,288.3,0
CW-GISTM-02,contact_wire,TRD,GI-STM-DN_SUB,,17.04,A,2008-03-27,2023-09-21,,1
INS-GISTM-02,insulator,TRD,GI-STM-DN_SUB,,16.53,A,2018-04-12,2026-03-31,,0
MST-GISTM-02,mast,TRD,GI-STM-DN_SUB,,16.25,A,2002-03-07,,,1
RL-GISTM-02,rail,ENG,GI-STM-DN_SUB,,16.24,A,2006-11-16,2015-12-12,202.1,1
SG-GISTM-02,signal,SNT,GI-STM-DN_SUB,,15.60,A,2022-06-26,,,0
SL-GISTM-02,sleeper,ENG,GI-STM-DN_SUB,,16.32,A,2020-09-07,,1095.6,4
TC-GISTM-02,track_circuit,SNT,GI-STM-DN_SUB,,16.50,A,2022-12-13,,15.5,2
OHE-GISTM-03,OHE_span,TRD,GI-STM-UP,,16.91,C,1997-10-26,2020-11-18,,0
AC-GISTM-03,axle_counter,SNT,GI-STM-UP,,16.60,B,2020-01-09,,126.4,0
BL-GISTM-03,ballast,ENG,GI-STM-UP,,15.42,C,2017-02-12,2024-12-31,43.2,0
CW-GISTM-03,contact_wire,TRD,GI-STM-UP,,16.56,B,2012-04-28,2025-12-17,,1
INS-GISTM-03,insulator,TRD,GI-STM-UP,,15.48,C,2025-10-25,,,1
MST-GISTM-03,mast,TRD,GI-STM-UP,,16.05,C,2003-09-09,,,0
RL-GISTM-03,rail,ENG,GI-STM-UP,,17.01,B,2008-07-31,2022-02-23,358.3,2
SG-GISTM-03,signal,SNT,GI-STM-UP,,15.85,B,2025-10-24,,,0
SL-GISTM-03,sleeper,ENG,GI-STM-UP,,16.38,C,2020-02-03,,23.3,0
TC-GISTM-03,track_circuit,SNT,GI-STM-UP,,15.17,C,2017-04-29,2025-11-29,28.5,0
OHE-GISTM-04,OHE_span,TRD,GI-STM-UP_SUB,,15.59,A,2022-06-29,,,0
AC-GISTM-04,axle_counter,SNT,GI-STM-UP_SUB,,16.20,A,2013-07-24,2022-01-23,414.5,2
BL-GISTM-04,ballast,ENG,GI-STM-UP_SUB,,15.38,A,2017-02-15,2025-07-02,22.4,0
CW-GISTM-04,contact_wire,TRD,GI-STM-UP_SUB,,15.24,A,2024-02-18,,,1
INS-GISTM-04,insulator,TRD,GI-STM-UP_SUB,,16.44,A,2019-01-01,,,0
MST-GISTM-04,mast,TRD,GI-STM-UP_SUB,,15.35,A,1987-11-07,2020-05-22,,1
RL-GISTM-04,rail,ENG,GI-STM-UP_SUB,,16.97,A,2018-10-03,,194.0,1
SG-GISTM-04,signal,SNT,GI-STM-UP_SUB,,16.54,A,2008-06-17,2020-09-16,,2
SL-GISTM-04,sleeper,ENG,GI-STM-UP_SUB,,15.74,A,2009-06-22,2024-09-01,996.3,2
TC-GISTM-04,track_circuit,SNT,GI-STM-UP_SUB,,16.10,A,2019-07-25,,93.4,0
OHE-MASBBQ-01,OHE_span,TRD,MAS-BBQ-DN,,1.63,B,1997-08-11,2023-02-09,,0
AC-MASBBQ-01,axle_counter,SNT,MAS-BBQ-DN,,1.02,B,2020-10-19,2026-01-26,388.1,2
BL-MASBBQ-01,ballast,ENG,MAS-BBQ-DN,,1.73,B,2024-02-10,,235.0,2
CW-MASBBQ-01,contact_wire,TRD,MAS-BBQ-DN,,0.16,A,2018-03-09,,,2
INS-MASBBQ-01,insulator,TRD,MAS-BBQ-DN,,0.82,B,2018-08-16,,,0
MST-MASBBQ-01,mast,TRD,MAS-BBQ-DN,,0.21,B,1999-07-06,2024-07-09,,0
RL-MASBBQ-01,rail,ENG,MAS-BBQ-DN,,1.32,A,2025-02-23,,1067.0,0
SG-MASBBQ-01,signal,SNT,MAS-BBQ-DN,,0.17,A,2014-05-10,2025-02-12,,1
SL-MASBBQ-01,sleeper,ENG,MAS-BBQ-DN,,1.68,B,1989-10-05,2009-03-07,1861.2,4
TC-MASBBQ-01,track_circuit,SNT,MAS-BBQ-DN,,0.88,B,2021-01-17,,193.8,0
OHE-MASBBQ-02,OHE_span,TRD,MAS-BBQ-DN_SUB,,1.33,A,2000-02-15,2025-10-01,,1
AC-MASBBQ-02,axle_counter,SNT,MAS-BBQ-DN_SUB,,1.06,A,2020-01-29,2025-11-15,352.6,2
BL-MASBBQ-02,ballast,ENG,MAS-BBQ-DN_SUB,,1.56,B,2025-06-25,,89.2,0
CW-MASBBQ-02,contact_wire,TRD,MAS-BBQ-DN_SUB,,1.36,A,2012-09-02,2026-06-24,,2
INS-MASBBQ-02,insulator,TRD,MAS-BBQ-DN_SUB,,1.35,A,2021-12-15,,,0
MST-MASBBQ-02,mast,TRD,MAS-BBQ-DN_SUB,,1.52,A,1987-11-12,2014-04-13,,1
RL-MASBBQ-02,rail,ENG,MAS-BBQ-DN_SUB,,0.40,A,2010-04-27,2024-01-06,58.6,1
SG-MASBBQ-02,signal,SNT,MAS-BBQ-DN_SUB,,1.38,A,2014-07-06,2026-06-22,,0
SL-MASBBQ-02,sleeper,ENG,MAS-BBQ-DN_SUB,,0.40,A,1998-12-27,2016-03-20,777.1,1
TC-MASBBQ-02,track_circuit,SNT,MAS-BBQ-DN_SUB,,0.18,A,2014-08-14,2024-01-19,170.9,1
OHE-MASBBQ-03,OHE_span,TRD,MAS-BBQ-UP,,0.39,B,2004-09-19,2025-01-17,,1
AC-MASBBQ-03,axle_counter,SNT,MAS-BBQ-UP,,1.40,C,2015-09-20,2020-11-04,272.0,2
BL-MASBBQ-03,ballast,ENG,MAS-BBQ-UP,,1.03,C,2019-03-02,2025-09-03,512.5,0
CW-MASBBQ-03,contact_wire,TRD,MAS-BBQ-UP,,0.56,B,2003-07-14,2018-06-19,,0
INS-MASBBQ-03,insulator,TRD,MAS-BBQ-UP,,0.42,C,2024-10-28,,,0
MST-MASBBQ-03,mast,TRD,MAS-BBQ-UP,,0.05,B,1988-06-02,2022-09-21,,0
RL-MASBBQ-03,rail,ENG,MAS-BBQ-UP,,1.53,B,2008-11-26,2019-12-11,818.6,3
SG-MASBBQ-03,signal,SNT,MAS-BBQ-UP,,0.74,B,2025-02-16,,,0
SL-MASBBQ-03,sleeper,ENG,MAS-BBQ-UP,,1.58,B,1999-08-12,2019-01-06,1524.3,5
TC-MASBBQ-03,track_circuit,SNT,MAS-BBQ-UP,,1.27,B,2020-08-16,2025-12-18,717.2,1
OHE-MASBBQ-04,OHE_span,TRD,MAS-BBQ-UP_SUB,,0.66,A,2023-10-06,,,0
AC-MASBBQ-04,axle_counter,SNT,MAS-BBQ-UP_SUB,,1.64,A,2020-02-21,,187.9,0
BL-MASBBQ-04,ballast,ENG,MAS-BBQ-UP_SUB,,0.65,A,2021-08-26,,190.1,0
CW-MASBBQ-04,contact_wire,TRD,MAS-BBQ-UP_SUB,,1.73,A,2007-03-10,2024-06-02,,0
INS-MASBBQ-04,insulator,TRD,MAS-BBQ-UP_SUB,,1.05,A,2024-04-23,,,0
MST-MASBBQ-04,mast,TRD,MAS-BBQ-UP_SUB,,1.23,A,2002-06-28,,,3
RL-MASBBQ-04,rail,ENG,MAS-BBQ-UP_SUB,,0.33,A,2012-12-01,2021-09-15,603.3,2
SG-MASBBQ-04,signal,SNT,MAS-BBQ-UP_SUB,,0.85,A,2025-12-26,,,2
SL-MASBBQ-04,sleeper,ENG,MAS-BBQ-UP_SUB,,0.24,A,2020-04-13,,761.9,1
TC-MASBBQ-04,track_circuit,SNT,MAS-BBQ-UP_SUB,,0.09,B,2022-04-10,,278.4,0
OHE-MBMGI-01,OHE_span,TRD,MBM-GI-DN,,11.85,C,2009-12-19,,,2
OHE-MBMGI-02,OHE_span,TRD,MBM-GI-DN,,11.79,C,2015-07-13,,,1
AC-MBMGI-01,axle_counter,SNT,MBM-GI-DN,,13.56,B,2017-09-02,2024-07-31,277.9,2
BL-MBMGI-01,ballast,ENG,MBM-GI-DN,,11.66,C,2020-10-29,,187.0,0
CW-MBMGI-01,contact_wire,TRD,MBM-GI-DN,,13.53,A,2009-04-01,2024-05-24,,1
INS-MBMGI-01,insulator,TRD,MBM-GI-DN,,14.57,C,2017-03-30,2025-04-09,,0
MST-MBMGI-01,mast,TRD,MBM-GI-DN,,12.60,C,1987-02-19,2017-04-23,,1
RL-MBMGI-01,rail,ENG,MBM-GI-DN,,12.17,B,2008-03-18,2018-12-08,471.1,0
RL-MBMGI-02,rail,ENG,MBM-GI-DN,,13.44,B,2016-12-20,2025-11-25,394.4,0
SG-MBMGI-01,signal,SNT,MBM-GI-DN,,14.92,C,2017-07-24,,,0
SL-MBMGI-01,sleeper,ENG,MBM-GI-DN,,13.61,C,2014-06-16,,573.3,1
TC-MBMGI-01,track_circuit,SNT,MBM-GI-DN,,14.30,C,2024-02-12,,146.4,0
OHE-MBMGI-03,OHE_span,TRD,MBM-GI-DN_SUB,,11.46,A,1993-10-22,2018-10-23,,1
OHE-MBMGI-04,OHE_span,TRD,MBM-GI-DN_SUB,,11.58,A,2016-12-30,,,0
AC-MBMGI-02,axle_counter,SNT,MBM-GI-DN_SUB,,14.39,A,2015-03-14,2026-05-19,182.2,2
BL-MBMGI-02,ballast,ENG,MBM-GI-DN_SUB,,14.57,A,2025-07-06,,125.2,0
CW-MBMGI-02,contact_wire,TRD,MBM-GI-DN_SUB,,12.07,A,2015-11-09,,,1
INS-MBMGI-02,insulator,TRD,MBM-GI-DN_SUB,,13.47,A,2020-08-20,,,0
MST-MBMGI-02,mast,TRD,MBM-GI-DN_SUB,,14.51,A,2016-02-04,,,0
RL-MBMGI-03,rail,ENG,MBM-GI-DN_SUB,,11.88,A,2024-07-20,,375.5,1
RL-MBMGI-04,rail,ENG,MBM-GI-DN_SUB,,11.69,A,2014-05-09,2023-08-31,216.7,1
SG-MBMGI-02,signal,SNT,MBM-GI-DN_SUB,,13.93,A,2025-06-05,,,1
SL-MBMGI-02,sleeper,ENG,MBM-GI-DN_SUB,,12.10,B,2014-07-08,,904.5,1
TC-MBMGI-02,track_circuit,SNT,MBM-GI-DN_SUB,,13.51,A,2021-01-02,2026-05-28,243.8,1
OHE-MBMGI-05,OHE_span,TRD,MBM-GI-UP,,13.87,C,1999-07-12,2022-05-11,,0
OHE-MBMGI-06,OHE_span,TRD,MBM-GI-UP,,12.15,C,2017-11-25,,,0
AC-MBMGI-03,axle_counter,SNT,MBM-GI-UP,,13.14,C,2021-04-23,,43.7,2
BL-MBMGI-03,ballast,ENG,MBM-GI-UP,,11.41,C,2015-11-16,2025-12-30,143.5,0
CW-MBMGI-03,contact_wire,TRD,MBM-GI-UP,,14.40,B,2025-06-04,,,0
INS-MBMGI-03,insulator,TRD,MBM-GI-UP,,13.08,B,2018-09-23,,,1
MST-MBMGI-03,mast,TRD,MBM-GI-UP,,12.99,C,2017-05-24,,,0
RL-MBMGI-05,rail,ENG,MBM-GI-UP,,13.02,C,2008-07-06,2024-07-25,49.7,1
RL-MBMGI-06,rail,ENG,MBM-GI-UP,,12.26,B,2013-11-28,,168.9,2
SG-MBMGI-03,signal,SNT,MBM-GI-UP,,14.50,B,2018-07-08,,,1
SL-MBMGI-03,sleeper,ENG,MBM-GI-UP,,12.62,C,2012-04-08,,153.4,1
TC-MBMGI-03,track_circuit,SNT,MBM-GI-UP,,12.68,C,2013-01-02,2023-10-06,193.7,1
OHE-MBMGI-07,OHE_span,TRD,MBM-GI-UP_SUB,,13.13,A,2024-10-26,,,0
OHE-MBMGI-08,OHE_span,TRD,MBM-GI-UP_SUB,,12.56,A,2013-05-10,,,1
AC-MBMGI-04,axle_counter,SNT,MBM-GI-UP_SUB,,13.13,A,2015-05-19,2023-08-01,274.8,0
BL-MBMGI-04,ballast,ENG,MBM-GI-UP_SUB,,12.41,A,2023-09-02,,193.4,2
CW-MBMGI-04,contact_wire,TRD,MBM-GI-UP_SUB,,13.76,A,2017-04-06,,,0
INS-MBMGI-04,insulator,TRD,MBM-GI-UP_SUB,,13.60,A,2018-05-08,2026-05-24,,3
MST-MBMGI-04,mast,TRD,MBM-GI-UP_SUB,,12.18,A,2025-06-08,,,0
RL-MBMGI-07,rail,ENG,MBM-GI-UP_SUB,,14.01,A,2013-05-30,2025-08-08,496.4,1
RL-MBMGI-08,rail,ENG,MBM-GI-UP_SUB,,14.47,A,2007-10-24,2025-05-02,52.5,1
SG-MBMGI-04,signal,SNT,MBM-GI-UP_SUB,,14.46,A,2025-11-14,,,0
SL-MBMGI-04,sleeper,ENG,MBM-GI-UP_SUB,,11.60,A,2020-06-18,,844.1,3
TC-MBMGI-04,track_circuit,SNT,MBM-GI-UP_SUB,,14.86,B,2025-03-03,,273.6,0
OHE-MJRPON-01,OHE_span,TRD,MJR-PON-DN,,32.30,C,2022-04-15,,,0
OHE-MJRPON-02,OHE_span,TRD,MJR-PON-DN,,28.81,C,1999-03-21,2025-03-12,,1
OHE-MJRPON-03,OHE_span,TRD,MJR-PON-DN,,33.33,C,2013-05-20,,,0
OHE-MJRPON-04,OHE_span,TRD,MJR-PON-DN,,29.04,C,1998-08-27,2018-12-20,,1
AC-MJRPON-01,axle_counter,SNT,MJR-PON-DN,,32.03,C,2015-11-10,2025-08-21,96.0,0
AC-MJRPON-02,axle_counter,SNT,MJR-PON-DN,,29.40,C,2024-09-20,,422.4,1
BL-MJRPON-01,ballast,ENG,MJR-PON-DN,,31.28,C,2023-07-24,,314.2,1
BL-MJRPON-02,ballast,ENG,MJR-PON-DN,,29.31,C,2016-11-08,2020-12-14,237.3,0
BL-MJRPON-03,ballast,ENG,MJR-PON-DN,,29.96,C,2025-11-05,,372.4,1
CW-MJRPON-01,contact_wire,TRD,MJR-PON-DN,,31.58,C,2011-05-05,2025-05-14,,1
CW-MJRPON-02,contact_wire,TRD,MJR-PON-DN,,29.81,B,2025-05-13,,,0
CW-MJRPON-03,contact_wire,TRD,MJR-PON-DN,,34.21,C,2007-05-04,2025-10-07,,2
INS-MJRPON-01,insulator,TRD,MJR-PON-DN,,31.42,C,2020-08-31,,,0
INS-MJRPON-02,insulator,TRD,MJR-PON-DN,,32.04,C,2021-08-16,,,0
MST-MJRPON-01,mast,TRD,MJR-PON-DN,,29.57,C,2025-01-30,,,0
MST-MJRPON-02,mast,TRD,MJR-PON-DN,,30.61,C,2013-02-17,,,0
MST-MJRPON-03,mast,TRD,MJR-PON-DN,,28.86,C,2001-10-22,2026-05-12,,0
MST-MJRPON-04,mast,TRD,MJR-PON-DN,,30.26,C,2024-10-02,,,0
RL-MJRPON-01,rail,ENG,MJR-PON-DN,,33.52,B,2021-12-20,,928.2,1
RL-MJRPON-02,rail,ENG,MJR-PON-DN,,27.24,C,2010-07-18,2024-06-22,65.6,0
RL-MJRPON-03,rail,ENG,MJR-PON-DN,,34.34,B,2005-11-15,2017-11-21,585.1,0
RL-MJRPON-04,rail,ENG,MJR-PON-DN,,28.47,C,2021-10-03,,148.2,1
RL-MJRPON-05,rail,ENG,MJR-PON-DN,,26.53,B,2016-09-23,2025-08-19,285.2,0
RL-MJRPON-06,rail,ENG,MJR-PON-DN,,29.30,C,2004-06-08,2016-11-21,800.2,2
SG-MJRPON-01,signal,SNT,MJR-PON-DN,,28.71,C,2021-01-12,,,1
SG-MJRPON-02,signal,SNT,MJR-PON-DN,,33.12,B,2011-04-18,2024-05-16,,1
SG-MJRPON-03,signal,SNT,MJR-PON-DN,,29.93,C,2009-05-23,2026-05-18,,0
SL-MJRPON-01,sleeper,ENG,MJR-PON-DN,,32.43,C,1992-02-15,2025-09-20,648.3,3
SL-MJRPON-02,sleeper,ENG,MJR-PON-DN,,32.05,C,2006-01-10,2024-08-07,912.8,1
SL-MJRPON-03,sleeper,ENG,MJR-PON-DN,,30.37,C,2019-01-31,,1263.8,1
TC-MJRPON-01,track_circuit,SNT,MJR-PON-DN,,33.95,C,2025-09-25,,157.8,0
TC-MJRPON-02,track_circuit,SNT,MJR-PON-DN,,27.54,C,2024-09-29,,244.8,0
TC-MJRPON-03,track_circuit,SNT,MJR-PON-DN,,27.59,C,2025-07-27,,278.8,0
TC-MJRPON-04,track_circuit,SNT,MJR-PON-DN,,33.78,C,2017-06-04,2023-12-14,470.4,0
OHE-MJRPON-05,OHE_span,TRD,MJR-PON-UP,,27.11,C,2021-11-14,,,0
OHE-MJRPON-06,OHE_span,TRD,MJR-PON-UP,,29.98,C,2005-07-26,2025-09-14,,0
OHE-MJRPON-07,OHE_span,TRD,MJR-PON-UP,,30.35,C,2025-03-26,,,0
OHE-MJRPON-08,OHE_span,TRD,MJR-PON-UP,,27.48,C,1995-08-01,2022-07-17,,1
AC-MJRPON-03,axle_counter,SNT,MJR-PON-UP,,27.28,C,2013-12-23,2024-03-28,86.5,0
AC-MJRPON-04,axle_counter,SNT,MJR-PON-UP,,28.00,C,2016-02-12,2023-09-04,333.7,1
BL-MJRPON-04,ballast,ENG,MJR-PON-UP,,34.23,C,2017-02-02,2022-05-06,326.9,1
BL-MJRPON-05,ballast,ENG,MJR-PON-UP,,27.23,C,2020-10-07,2025-06-04,416.0,1
BL-MJRPON-06,ballast,ENG,MJR-PON-UP,,28.45,C,2016-12-15,2023-09-05,299.3,3
CW-MJRPON-04,contact_wire,TRD,MJR-PON-UP,,26.50,C,2003-11-14,2025-07-28,,2
CW-MJRPON-05,contact_wire,TRD,MJR-PON-UP,,26.97,B,2010-10-28,2026-05-27,,1
CW-MJRPON-06,contact_wire,TRD,MJR-PON-UP,,28.94,B,2014-12-23,,,0
INS-MJRPON-03,insulator,TRD,MJR-PON-UP,,31.57,C,2014-05-15,2023-08-29,,0
INS-MJRPON-04,insulator,TRD,MJR-PON-UP,,30.87,C,2023-11-06,,,0
MST-MJRPON-05,mast,TRD,MJR-PON-UP,,29.36,C,1997-07-19,2026-06-13,,2
MST-MJRPON-06,mast,TRD,MJR-PON-UP,,30.15,C,2011-10-04,,,0
MST-MJRPON-07,mast,TRD,MJR-PON-UP,,28.04,C,1986-03-08,2014-05-10,,1
MST-MJRPON-08,mast,TRD,MJR-PON-UP,,28.33,C,1996-01-05,2024-05-16,,2
RL-MJRPON-07,rail,ENG,MJR-PON-UP,,34.25,C,2023-01-16,,677.8,0
RL-MJRPON-08,rail,ENG,MJR-PON-UP,,28.08,C,2003-08-01,2022-12-10,991.8,2
RL-MJRPON-09,rail,ENG,MJR-PON-UP,,28.27,C,2023-11-09,,502.1,2
RL-MJRPON-10,rail,ENG,MJR-PON-UP,,29.95,B,2014-08-04,,123.8,1
RL-MJRPON-11,rail,ENG,MJR-PON-UP,,28.91,B,2010-10-27,2022-08-09,640.7,0
RL-MJRPON-12,rail,ENG,MJR-PON-UP,,32.34,B,2015-01-10,2025-07-15,298.2,2
SG-MJRPON-04,signal,SNT,MJR-PON-UP,,32.18,C,2008-01-06,2020-03-08,,0
SG-MJRPON-05,signal,SNT,MJR-PON-UP,,26.24,B,2008-12-01,2020-12-06,,0
SG-MJRPON-06,signal,SNT,MJR-PON-UP,,28.78,C,2019-11-02,,,0
SL-MJRPON-04,sleeper,ENG,MJR-PON-UP,,29.91,C,1995-11-14,2015-10-03,717.3,3
SL-MJRPON-05,sleeper,ENG,MJR-PON-UP,,31.64,C,1992-01-01,2024-11-01,360.0,1
SL-MJRPON-06,sleeper,ENG,MJR-PON-UP,,27.15,C,2018-12-29,,725.3,0
TC-MJRPON-05,track_circuit,SNT,MJR-PON-UP,,30.81,C,2021-10-30,,82.8,0
TC-MJRPON-06,track_circuit,SNT,MJR-PON-UP,,28.89,C,2013-12-20,2019-11-10,374.9,0
TC-MJRPON-07,track_circuit,SNT,MJR-PON-UP,,26.89,C,2023-11-03,,593.9,2
TC-MJRPON-08,track_circuit,SNT,MJR-PON-UP,,26.26,C,2020-12-06,,38.9,0
OHE-MSMBM-01,OHE_span,TRD,MS-MBM-DN,,6.61,B,2019-07-21,,,1
OHE-MSMBM-02,OHE_span,TRD,MS-MBM-DN,,10.42,C,2000-03-02,2026-02-08,,0
OHE-MSMBM-03,OHE_span,TRD,MS-MBM-DN,,5.45,C,2006-06-19,2025-12-21,,0
OHE-MSMBM-04,OHE_span,TRD,MS-MBM-DN,,5.35,C,2009-03-28,,,1
AC-MSMBM-01,axle_counter,SNT,MS-MBM-DN,,9.58,C,2023-06-11,,207.9,0
BL-MSMBM-01,ballast,ENG,MS-MBM-DN,,4.45,B,2023-02-23,,101.3,0
BL-MSMBM-02,ballast,ENG,MS-MBM-DN,,10.48,B,2022-07-26,,94.4,0
CW-MSMBM-01,contact_wire,TRD,MS-MBM-DN,,6.27,B,2005-09-28,2025-06-02,,0
CW-MSMBM-02,contact_wire,TRD,MS-MBM-DN,,10.96,B,2004-05-10,2021-09-15,,2
INS-MSMBM-01,insulator,TRD,MS-MBM-DN,,9.33,C,2021-05-10,,,0
INS-MSMBM-02,insulator,TRD,MS-MBM-DN,,5.67,B,2022-05-26,,,1
MST-MSMBM-01,mast,TRD,MS-MBM-DN,,4.84,B,1989-07-16,2015-12-01,,1
MST-MSMBM-02,mast,TRD,MS-MBM-DN,,5.18,C,1996-10-22,2024-07-03,,0
MST-MSMBM-03,mast,TRD,MS-MBM-DN,,11.03,C,2001-08-21,2026-04-15,,1
RL-MSMBM-01,rail,ENG,MS-MBM-DN,,7.45,B,2025-05-23,,364.2,0
RL-MSMBM-02,rail,ENG,MS-MBM-DN,,5.29,C,2019-05-18,,118.0,0
RL-MSMBM-03,rail,ENG,MS-MBM-DN,,6.96,B,2022-09-27,,480.4,1
RL-MSMBM-04,rail,ENG,MS-MBM-DN,,10.46,B,2003-03-12,2018-10-11,252.3,3
RL-MSMBM-05,rail,ENG,MS-MBM-DN,,9.70,C,2008-04-24,2023-12-16,362.4,2
SG-MSMBM-01,signal,SNT,MS-MBM-DN,,5.68,B,2008-08-19,2022-07-04,,1
SG-MSMBM-02,signal,SNT,MS-MBM-DN,,5.28,B,2007-10-01,2022-02-16,,2
SL-MSMBM-01,sleeper,ENG,MS-MBM-DN,,9.84,C,2006-05-20,,47.7,0
SL-MSMBM-02,sleeper,ENG,MS-MBM-DN,,8.97,B,2019-08-29,,557.2,1
TC-MSMBM-01,track_circuit,SNT,MS-MBM-DN,,4.89,C,2016-08-02,2025-12-11,79.7,0
TC-MSMBM-02,track_circuit,SNT,MS-MBM-DN,,10.27,B,2021-01-03,2025-12-21,235.9,2
TC-MSMBM-03,track_circuit,SNT,MS-MBM-DN,,11.09,B,2020-08-07,2025-08-20,212.9,2
OHE-MSMBM-05,OHE_span,TRD,MS-MBM-DN_SUB,,5.70,A,2006-12-24,2026-04-13,,1
OHE-MSMBM-06,OHE_span,TRD,MS-MBM-DN_SUB,,8.36,A,2011-05-23,,,0
OHE-MSMBM-07,OHE_span,TRD,MS-MBM-DN_SUB,,8.56,A,2007-10-22,,,0
OHE-MSMBM-08,OHE_span,TRD,MS-MBM-DN_SUB,,6.35,A,1997-01-29,2024-06-12,,0
AC-MSMBM-02,axle_counter,SNT,MS-MBM-DN_SUB,,6.64,A,2023-04-08,,279.2,3
BL-MSMBM-03,ballast,ENG,MS-MBM-DN_SUB,,8.09,A,2018-02-28,2025-09-14,253.8,0
BL-MSMBM-04,ballast,ENG,MS-MBM-DN_SUB,,6.06,A,2023-08-24,,198.6,0
CW-MSMBM-03,contact_wire,TRD,MS-MBM-DN_SUB,,7.59,A,2013-06-25,,,1
CW-MSMBM-04,contact_wire,TRD,MS-MBM-DN_SUB,,5.45,A,2007-09-13,2022-05-12,,2
INS-MSMBM-03,insulator,TRD,MS-MBM-DN_SUB,,9.10,B,2017-05-14,2026-06-22,,0
INS-MSMBM-04,insulator,TRD,MS-MBM-DN_SUB,,8.48,A,2015-08-31,2025-01-15,,1
MST-MSMBM-04,mast,TRD,MS-MBM-DN_SUB,,7.50,A,1988-11-30,2015-01-10,,1
MST-MSMBM-05,mast,TRD,MS-MBM-DN_SUB,,5.02,A,2020-09-04,,,1
MST-MSMBM-06,mast,TRD,MS-MBM-DN_SUB,,6.47,A,1986-03-08,2021-11-05,,1
RL-MSMBM-06,rail,ENG,MS-MBM-DN_SUB,,10.41,A,2018-07-04,,232.1,2
RL-MSMBM-07,rail,ENG,MS-MBM-DN_SUB,,4.88,A,2002-12-21,2011-12-07,659.5,1
RL-MSMBM-08,rail,ENG,MS-MBM-DN_SUB,,10.31,A,2020-06-20,,212.1,0
RL-MSMBM-09,rail,ENG,MS-MBM-DN_SUB,,9.80,A,2014-03-30,2026-06-22,344.5,0
RL-MSMBM-10,rail,ENG,MS-MBM-DN_SUB,,8.90,A,2018-07-22,,591.5,0
SG-MSMBM-03,signal,SNT,MS-MBM-DN_SUB,,6.08,A,2020-10-01,,,2
SG-MSMBM-04,signal,SNT,MS-MBM-DN_SUB,,10.96,A,2018-08-25,,,0
SL-MSMBM-03,sleeper,ENG,MS-MBM-DN_SUB,,6.44,A,2020-03-30,,1083.9,1
SL-MSMBM-04,sleeper,ENG,MS-MBM-DN_SUB,,7.46,B,1990-03-28,2019-12-10,583.3,1
TC-MSMBM-04,track_circuit,SNT,MS-MBM-DN_SUB,,7.47,A,2020-06-26,,42.8,0
TC-MSMBM-05,track_circuit,SNT,MS-MBM-DN_SUB,,8.14,A,2014-11-03,2021-06-17,213.7,2
TC-MSMBM-06,track_circuit,SNT,MS-MBM-DN_SUB,,8.94,A,2024-07-27,,364.4,0
OHE-MSMBM-09,OHE_span,TRD,MS-MBM-UP,,6.58,B,2011-07-03,,,0
OHE-MSMBM-10,OHE_span,TRD,MS-MBM-UP,,5.30,C,2000-05-20,2021-03-26,,0
OHE-MSMBM-11,OHE_span,TRD,MS-MBM-UP,,8.12,C,1997-05-09,2021-12-17,,3
OHE-MSMBM-12,OHE_span,TRD,MS-MBM-UP,,9.67,C,2005-10-05,2025-04-01,,0
AC-MSMBM-03,axle_counter,SNT,MS-MBM-UP,,5.71,C,2014-09-24,2026-03-21,31.2,0
BL-MSMBM-05,ballast,ENG,MS-MBM-UP,,9.57,C,2025-03-07,,212.9,0
BL-MSMBM-06,ballast,ENG,MS-MBM-UP,,9.62,C,2015-05-09,2025-04-21,164.4,0
CW-MSMBM-05,contact_wire,TRD,MS-MBM-UP,,6.48,B,2024-12-23,,,1
CW-MSMBM-06,contact_wire,TRD,MS-MBM-UP,,6.32,C,2018-12-23,,,0
INS-MSMBM-05,insulator,TRD,MS-MBM-UP,,8.03,C,2020-12-25,,,0
INS-MSMBM-06,insulator,TRD,MS-MBM-UP,,8.10,C,2013-04-07,2022-04-09,,1
MST-MSMBM-07,mast,TRD,MS-MBM-UP,,10.23,C,1993-11-17,2020-07-07,,3
MST-MSMBM-08,mast,TRD,MS-MBM-UP,,7.23,C,2007-05-18,,,0
MST-MSMBM-09,mast,TRD,MS-MBM-UP,,6.47,C,2020-06-21,,,1
RL-MSMBM-11,rail,ENG,MS-MBM-UP,,4.94,B,2016-01-03,,49.9,0
RL-MSMBM-12,rail,ENG,MS-MBM-UP,,6.32,B,2017-11-06,2026-04-30,232.5,2
RL-MSMBM-13,rail,ENG,MS-MBM-UP,,10.41,C,2006-11-08,2024-08-15,439.3,1
RL-MSMBM-14,rail,ENG,MS-MBM-UP,,9.79,C,2017-06-09,2025-12-30,509.3,3
RL-MSMBM-15,rail,ENG,MS-MBM-UP,,10.83,B,2014-12-06,2026-05-08,369.6,1
SG-MSMBM-05,signal,SNT,MS-MBM-UP,,9.30,B,2009-05-15,2022-05-05,,0
SG-MSMBM-06,signal,SNT,MS-MBM-UP,,7.50,C,2021-01-12,,,0
SL-MSMBM-05,sleeper,ENG,MS-MBM-UP,,4.58,C,2024-08-06,,801.9,0
SL-MSMBM-06,sleeper,ENG,MS-MBM-UP,,8.36,C,2004-10-24,,188.0,0
TC-MSMBM-07,track_circuit,SNT,MS-MBM-UP,,6.06,C,2016-08-03,2025-08-02,132.3,0
TC-MSMBM-08,track_circuit,SNT,MS-MBM-UP,,5.88,B,2016-09-10,2025-02-18,292.6,1
TC-MSMBM-09,track_circuit,SNT,MS-MBM-UP,,5.85,C,2020-02-09,,64.6,0
OHE-MSMBM-13,OHE_span,TRD,MS-MBM-UP_SUB,,5.54,A,2020-01-20,,,0
OHE-MSMBM-14,OHE_span,TRD,MS-MBM-UP_SUB,,6.21,A,2003-09-28,2026-01-05,,0
OHE-MSMBM-15,OHE_span,TRD,MS-MBM-UP_SUB,,5.83,A,2020-04-16,,,2
OHE-MSMBM-16,OHE_span,TRD,MS-MBM-UP_SUB,,8.60,A,1994-06-25,2025-10-06,,4
AC-MSMBM-04,axle_counter,SNT,MS-MBM-UP_SUB,,9.11,A,2017-12-28,2026-02-16,271.6,2
BL-MSMBM-07,ballast,ENG,MS-MBM-UP_SUB,,7.64,A,2018-06-09,2026-04-16,136.9,0
BL-MSMBM-08,ballast,ENG,MS-MBM-UP_SUB,,5.14,A,2025-11-17,,286.8,1
CW-MSMBM-07,contact_wire,TRD,MS-MBM-UP_SUB,,5.67,A,2021-11-08,,,1
CW-MSMBM-08,contact_wire,TRD,MS-MBM-UP_SUB,,7.12,A,2019-07-16,,,0
INS-MSMBM-07,insulator,TRD,MS-MBM-UP_SUB,,6.61,A,2017-03-16,2026-04-03,,1
INS-MSMBM-08,insulator,TRD,MS-MBM-UP_SUB,,4.51,A,2013-10-07,2022-05-29,,0
MST-MSMBM-10,mast,TRD,MS-MBM-UP_SUB,,10.03,A,1992-10-18,2020-02-08,,2
MST-MSMBM-11,mast,TRD,MS-MBM-UP_SUB,,7.09,A,2011-07-29,,,3
MST-MSMBM-12,mast,TRD,MS-MBM-UP_SUB,,5.97,A,2006-12-22,,,0
RL-MSMBM-16,rail,ENG,MS-MBM-UP_SUB,,10.53,A,2016-07-10,2024-12-24,608.8,1
RL-MSMBM-17,rail,ENG,MS-MBM-UP_SUB,,6.58,A,2020-10-17,,92.9,1
RL-MSMBM-18,rail,ENG,MS-MBM-UP_SUB,,6.57,A,2009-01-24,2020-10-15,357.3,1
RL-MSMBM-19,rail,ENG,MS-MBM-UP_SUB,,9.60,A,2013-07-17,2025-10-02,278.2,1
RL-MSMBM-20,rail,ENG,MS-MBM-UP_SUB,,4.68,A,2012-06-14,2026-01-19,155.8,0
SG-MSMBM-07,signal,SNT,MS-MBM-UP_SUB,,8.05,A,2009-04-05,2020-08-14,,0
SG-MSMBM-08,signal,SNT,MS-MBM-UP_SUB,,5.99,A,2013-02-07,2025-05-04,,0
SL-MSMBM-07,sleeper,ENG,MS-MBM-UP_SUB,,9.58,A,1995-09-30,2016-01-23,619.7,3
SL-MSMBM-08,sleeper,ENG,MS-MBM-UP_SUB,,7.11,A,1999-06-17,2024-06-07,808.1,1
TC-MSMBM-10,track_circuit,SNT,MS-MBM-UP_SUB,,9.24,A,2021-01-20,2026-03-15,281.0,1
TC-MSMBM-11,track_circuit,SNT,MS-MBM-UP_SUB,,9.73,A,2022-02-22,,162.9,0
TC-MSMBM-12,track_circuit,SNT,MS-MBM-UP_SUB,,8.15,A,2021-12-27,,118.8,0
OHE-MSBMS-01,OHE_span,TRD,MSB-MS-DN,,0.38,B,2001-04-01,2025-02-10,,0
OHE-MSBMS-02,OHE_span,TRD,MSB-MS-DN,,1.07,C,2000-04-12,2024-11-02,,1
AC-MSBMS-01,axle_counter,SNT,MSB-MS-DN,,4.20,B,2017-08-28,2026-04-04,210.4,1
BL-MSBMS-01,ballast,ENG,MSB-MS-DN,,2.92,C,2022-07-24,,35.4,0
BL-MSBMS-02,ballast,ENG,MSB-MS-DN,,2.29,B,2024-06-04,,19.5,0
CW-MSBMS-01,contact_wire,TRD,MSB-MS-DN,,1.34,C,2023-03-17,,,0
INS-MSBMS-01,insulator,TRD,MSB-MS-DN,,3.80,C,2013-12-05,2024-07-07,,1
MST-MSBMS-01,mast,TRD,MSB-MS-DN,,3.06,B,2022-11-16,,,0
MST-MSBMS-02,mast,TRD,MSB-MS-DN,,2.64,C,1999-03-12,2024-07-04,,0
RL-MSBMS-01,rail,ENG,MSB-MS-DN,,1.09,C,2010-03-07,2024-08-30,107.4,0
RL-MSBMS-02,rail,ENG,MSB-MS-DN,,3.17,B,2013-12-26,2024-11-19,257.7,0
RL-MSBMS-03,rail,ENG,MSB-MS-DN,,2.68,B,2013-04-22,2023-07-28,349.0,0
SG-MSBMS-01,signal,SNT,MSB-MS-DN,,3.01,A,2025-01-22,,,0
SG-MSBMS-02,signal,SNT,MSB-MS-DN,,1.72,B,2018-02-07,,,0
SL-MSBMS-01,sleeper,ENG,MSB-MS-DN,,0.53,C,2025-01-19,,338.4,1
SL-MSBMS-02,sleeper,ENG,MSB-MS-DN,,0.93,C,1995-06-01,2016-09-19,785.6,1
TC-MSBMS-01,track_circuit,SNT,MSB-MS-DN,,0.96,C,2025-08-06,,98.3,0
TC-MSBMS-02,track_circuit,SNT,MSB-MS-DN,,1.72,C,2025-05-17,,47.3,0
OHE-MSBMS-03,OHE_span,TRD,MSB-MS-DN_SUB,,1.08,A,1996-02-14,2024-05-04,,1
OHE-MSBMS-04,OHE_span,TRD,MSB-MS-DN_SUB,,1.70,A,2016-10-14,,,0
AC-MSBMS-02,axle_counter,SNT,MSB-MS-DN_SUB,,3.16,A,2014-11-26,2026-04-27,77.8,0
BL-MSBMS-03,ballast,ENG,MSB-MS-DN_SUB,,0.48,A,2024-07-02,,201.6,1
BL-MSBMS-04,ballast,ENG,MSB-MS-DN_SUB,,1.13,A,2019-05-30,2025-03-14,249.6,1
CW-MSBMS-02,contact_wire,TRD,MSB-MS-DN_SUB,,3.79,A,2021-02-15,,,0
INS-MSBMS-02,insulator,TRD,MSB-MS-DN_SUB,,2.30,A,2013-11-11,2023-10-25,,1
MST-MSBMS-03,mast,TRD,MSB-MS-DN_SUB,,0.66,A,1989-09-15,2018-11-17,,1
MST-MSBMS-04,mast,TRD,MSB-MS-DN_SUB,,2.94,A,1984-09-30,2025-09-03,,1
RL-MSBMS-04,rail,ENG,MSB-MS-DN_SUB,,0.62,A,2006-10-03,2015-09-20,225.8,1
RL-MSBMS-05,rail,ENG,MSB-MS-DN_SUB,,2.72,A,2016-02-19,,173.3,1
RL-MSBMS-06,rail,ENG,MSB-MS-DN_SUB,,3.10,A,2013-06-22,2023-02-05,439.4,1
SG-MSBMS-03,signal,SNT,MSB-MS-DN_SUB,,2.82,A,2009-04-12,2024-02-14,,1
SG-MSBMS-04,signal,SNT,MSB-MS-DN_SUB,,0.56,A,2020-03-31,,,0
SL-MSBMS-03,sleeper,ENG,MSB-MS-DN_SUB,,2.54,A,2009-02-23,2024-05-10,705.2,1
SL-MSBMS-04,sleeper,ENG,MSB-MS-DN_SUB,,3.92,A,2019-01-13,,798.8,2
TC-MSBMS-03,track_circuit,SNT,MSB-MS-DN_SUB,,3.78,A,2015-12-10,2021-10-05,329.8,0
TC-MSBMS-04,track_circuit,SNT,MSB-MS-DN_SUB,,3.36,A,2015-03-19,2024-08-26,124.7,1
OHE-MSBMS-05,OHE_span,TRD,MSB-MS-UP,,2.21,B,2002-09-10,2021-09-11,,0
OHE-MSBMS-06,OHE_span,TRD,MSB-MS-UP,,3.66,C,2017-01-28,,,1
AC-MSBMS-03,axle_counter,SNT,MSB-MS-UP,,3.19,B,2012-09-24,2023-03-21,34.1,0
BL-MSBMS-05,ballast,ENG,MSB-MS-UP,,3.80,C,2021-01-13,,194.4,0
BL-MSBMS-06,ballast,ENG,MSB-MS-UP,,3.01,C,2017-10-20,2026-04-27,128.9,0
CW-MSBMS-03,contact_wire,TRD,MSB-MS-UP,,3.91,B,2003-09-26,2021-12-10,,1
INS-MSBMS-03,insulator,TRD,MSB-MS-UP,,2.20,C,2023-03-25,,,1
MST-MSBMS-05,mast,TRD,MSB-MS-UP,,0.11,B,2005-10-30,,,2
MST-MSBMS-06,mast,TRD,MSB-MS-UP,,1.30,C,2005-01-05,,,1
RL-MSBMS-07,rail,ENG,MSB-MS-UP,,3.26,B,2018-08-17,,118.7,1
RL-MSBMS-08,rail,ENG,MSB-MS-UP,,2.56,B,2014-12-28,,41.6,1
RL-MSBMS-09,rail,ENG,MSB-MS-UP,,1.30,B,2016-02-23,2024-08-30,250.0,2
SG-MSBMS-05,signal,SNT,MSB-MS-UP,,4.14,B,2024-07-09,,,0
SG-MSBMS-06,signal,SNT,MSB-MS-UP,,4.07,B,2018-08-08,,,1
SL-MSBMS-05,sleeper,ENG,MSB-MS-UP,,0.78,C,2025-07-21,,678.1,0
SL-MSBMS-06,sleeper,ENG,MSB-MS-UP,,3.18,B,2022-02-04,,64.6,1
TC-MSBMS-05,track_circuit,SNT,MSB-MS-UP,,3.58,C,2025-04-15,,18.3,0
TC-MSBMS-06,track_circuit,SNT,MSB-MS-UP,,3.15,B,2020-05-25,,127.5,0
OHE-MSBMS-07,OHE_span,TRD,MSB-MS-UP_SUB,,1.00,A,2013-04-02,,,1
OHE-MSBMS-08,OHE_span,TRD,MSB-MS-UP_SUB,,0.74,A,1997-12-24,2017-12-23,,0
AC-MSBMS-04,axle_counter,SNT,MSB-MS-UP_SUB,,2.86,A,2018-03-21,2024-10-02,434.5,0
BL-MSBMS-07,ballast,ENG,MSB-MS-UP_SUB,,3.10,A,2018-12-10,2026-06-18,28.4,0
BL-MSBMS-08,ballast,ENG,MSB-MS-UP_SUB,,4.09,A,2024-05-25,,46.9,1
CW-MSBMS-04,contact_wire,TRD,MSB-MS-UP_SUB,,1.46,A,2021-11-20,,,0
INS-MSBMS-04,insulator,TRD,MSB-MS-UP_SUB,,2.20,A,2025-07-26,,,0
MST-MSBMS-07,mast,TRD,MSB-MS-UP_SUB,,0.21,A,2011-09-10,,,0
MST-MSBMS-08,mast,TRD,MSB-MS-UP_SUB,,2.06,A,1995-12-14,2022-06-07,,4
RL-MSBMS-10,rail,ENG,MSB-MS-UP_SUB,,3.60,A,2011-07-10,2023-08-25,547.2,1
RL-MSBMS-11,rail,ENG,MSB-MS-UP_SUB,,4.10,A,2017-04-16,2026-06-21,561.6,1
RL-MSBMS-12,rail,ENG,MSB-MS-UP_SUB,,4.02,A,2017-05-25,2026-03-03,638.8,3
SG-MSBMS-07,signal,SNT,MSB-MS-UP_SUB,,1.74,A,2011-06-26,2023-10-25,,1
SG-MSBMS-08,signal,SNT,MSB-MS-UP_SUB,,4.03,A,2011-09-18,2025-06-14,,1
SL-MSBMS-07,sleeper,ENG,MSB-MS-UP_SUB,,0.50,A,2022-10-05,,165.8,0
SL-MSBMS-08,sleeper,ENG,MSB-MS-UP_SUB,,1.79,A,1999-03-31,2017-12-09,875.4,0
TC-MSBMS-07,track_circuit,SNT,MSB-MS-UP_SUB,,0.69,A,2023-04-02,,30.6,0
TC-MSBMS-08,track_circuit,SNT,MSB-MS-UP_SUB,,3.40,A,2017-11-22,2025-10-23,279.4,0
OHE-PERABU-01,OHE_span,TRD,PER-ABU-DN,,11.77,B,2004-02-13,2023-05-16,,0
OHE-PERABU-02,OHE_span,TRD,PER-ABU-DN,,10.90,B,2004-06-14,2023-06-20,,1
OHE-PERABU-03,OHE_span,TRD,PER-ABU-DN,,14.28,B,2022-03-12,,,0
OHE-PERABU-04,OHE_span,TRD,PER-ABU-DN,,5.54,C,2022-07-31,,,0
OHE-PERABU-05,OHE_span,TRD,PER-ABU-DN,,9.80,B,2008-07-18,,,0
AC-PERABU-01,axle_counter,SNT,PER-ABU-DN,,10.43,B,2021-06-14,,469.6,0
AC-PERABU-02,axle_counter,SNT,PER-ABU-DN,,6.43,B,2022-12-13,,464.8,3
BL-PERABU-01,ballast,ENG,PER-ABU-DN,,13.14,C,2017-05-17,2023-07-07,233.5,0
BL-PERABU-02,ballast,ENG,PER-ABU-DN,,5.22,B,2018-01-18,2024-07-28,196.5,0
BL-PERABU-03,ballast,ENG,PER-ABU-DN,,8.89,B,2025-12-28,,397.3,1
BL-PERABU-04,ballast,ENG,PER-ABU-DN,,14.56,C,2022-11-05,,481.3,1
CW-PERABU-01,contact_wire,TRD,PER-ABU-DN,,5.41,B,2011-01-17,2025-01-09,,0
CW-PERABU-02,contact_wire,TRD,PER-ABU-DN,,10.06,A,2022-10-06,,,0
CW-PERABU-03,contact_wire,TRD,PER-ABU-DN,,6.48,B,2012-08-25,2026-04-03,,0
INS-PERABU-01,insulator,TRD,PER-ABU-DN,,5.39,C,2023-10-12,,,0
INS-PERABU-02,insulator,TRD,PER-ABU-DN,,10.81,B,2025-11-19,,,0
MST-PERABU-01,mast,TRD,PER-ABU-DN,,9.10,B,2022-09-27,,,1
MST-PERABU-02,mast,TRD,PER-ABU-DN,,10.28,B,1987-12-29,2013-03-31,,1
MST-PERABU-03,mast,TRD,PER-ABU-DN,,8.69,C,2004-06-02,,,1
MST-PERABU-04,mast,TRD,PER-ABU-DN,,9.44,B,2016-04-24,,,0
RL-PERABU-01,rail,ENG,PER-ABU-DN,,6.96,A,2022-05-30,,530.8,0
RL-PERABU-02,rail,ENG,PER-ABU-DN,,11.86,B,2011-04-10,2019-11-09,734.4,1
RL-PERABU-03,rail,ENG,PER-ABU-DN,,8.60,B,2009-12-24,2025-11-04,144.9,1
RL-PERABU-04,rail,ENG,PER-ABU-DN,,6.58,B,2006-02-18,2025-09-06,128.8,1
RL-PERABU-05,rail,ENG,PER-ABU-DN,,13.93,B,2003-03-13,2023-05-03,39.6,0
RL-PERABU-06,rail,ENG,PER-ABU-DN,,13.39,B,2020-07-01,,658.8,1
SG-PERABU-01,signal,SNT,PER-ABU-DN,,6.60,B,2012-10-07,2025-09-22,,0
SG-PERABU-02,signal,SNT,PER-ABU-DN,,9.33,B,2013-10-25,2025-09-10,,1
SG-PERABU-03,signal,SNT,PER-ABU-DN,,12.41,B,2007-10-25,2020-07-01,,0
SG-PERABU-04,signal,SNT,PER-ABU-DN,,6.52,B,2023-07-30,,,3
SL-PERABU-01,sleeper,ENG,PER-ABU-DN,,10.55,B,2007-12-20,2023-07-20,1276.6,4
SL-PERABU-02,sleeper,ENG,PER-ABU-DN,,9.74,C,1995-03-06,2013-08-10,910.1,3
SL-PERABU-03,sleeper,ENG,PER-ABU-DN,,10.46,B,1994-05-28,2025-04-01,1285.9,4
SL-PERABU-04,sleeper,ENG,PER-ABU-DN,,7.91,B,1993-06-12,2007-08-31,515.4,1
TC-PERABU-01,track_circuit,SNT,PER-ABU-DN,,7.46,B,2016-03-16,2021-12-10,443.0,1
TC-PERABU-02,track_circuit,SNT,PER-ABU-DN,,11.45,B,2019-05-10,,143.7,1
TC-PERABU-03,track_circuit,SNT,PER-ABU-DN,,9.01,B,2016-02-12,2022-08-11,614.0,0
TC-PERABU-04,track_circuit,SNT,PER-ABU-DN,,13.57,C,2021-05-01,2026-05-24,405.0,0
OHE-PERABU-06,OHE_span,TRD,PER-ABU-DN_SUB,,5.93,B,2016-05-09,,,1
OHE-PERABU-07,OHE_span,TRD,PER-ABU-DN_SUB,,13.94,A,2002-07-24,2026-03-07,,4
OHE-PERABU-08,OHE_span,TRD,PER-ABU-DN_SUB,,14.72,A,2017-09-20,,,1
OHE-PERABU-09,OHE_span,TRD,PER-ABU-DN_SUB,,12.86,A,2014-05-26,,,2
OHE-PERABU-10,OHE_span,TRD,PER-ABU-DN_SUB,,13.68,A,2006-11-23,2025-12-22,,3
AC-PERABU-03,axle_counter,SNT,PER-ABU-DN_SUB,,10.33,A,2026-01-03,,33.1,0
AC-PERABU-04,axle_counter,SNT,PER-ABU-DN_SUB,,12.67,A,2025-03-22,,258.0,0
BL-PERABU-05,ballast,ENG,PER-ABU-DN_SUB,,12.78,A,2016-01-27,2023-05-31,152.3,0
BL-PERABU-06,ballast,ENG,PER-ABU-DN_SUB,,12.96,B,2026-01-10,,206.0,0
BL-PERABU-07,ballast,ENG,PER-ABU-DN_SUB,,14.21,A,2016-10-04,2023-08-15,204.7,0
BL-PERABU-08,ballast,ENG,PER-ABU-DN_SUB,,9.29,B,2023-03-25,,36.9,0
CW-PERABU-04,contact_wire,TRD,PER-ABU-DN_SUB,,12.52,A,2003-12-04,2024-10-17,,1
CW-PERABU-05,contact_wire,TRD,PER-ABU-DN_SUB,,11.10,A,2011-05-30,2026-01-17,,1
CW-PERABU-06,contact_wire,TRD,PER-ABU-DN_SUB,,8.46,A,2017-12-25,,,0
INS-PERABU-03,insulator,TRD,PER-ABU-DN_SUB,,10.02,A,2020-12-14,,,0
INS-PERABU-04,insulator,TRD,PER-ABU-DN_SUB,,5.29,B,2025-04-22,,,0
MST-PERABU-05,mast,TRD,PER-ABU-DN_SUB,,11.85,B,2007-11-19,,,0
MST-PERABU-06,mast,TRD,PER-ABU-DN_SUB,,14.62,A,1989-09-20,2025-01-10,,3
MST-PERABU-07,mast,TRD,PER-ABU-DN_SUB,,7.49,A,1989-11-28,2014-11-04,,2
MST-PERABU-08,mast,TRD,PER-ABU-DN_SUB,,8.56,A,2003-03-11,,,1
RL-PERABU-07,rail,ENG,PER-ABU-DN_SUB,,8.03,A,2021-10-15,,34.3,1
RL-PERABU-08,rail,ENG,PER-ABU-DN_SUB,,8.80,A,2008-06-23,2022-07-18,463.9,2
RL-PERABU-09,rail,ENG,PER-ABU-DN_SUB,,11.36,A,2005-10-16,2026-06-03,60.9,2
RL-PERABU-10,rail,ENG,PER-ABU-DN_SUB,,5.66,A,2020-02-23,,222.4,0
RL-PERABU-11,rail,ENG,PER-ABU-DN_SUB,,6.74,A,2009-02-23,2022-09-27,39.8,1
RL-PERABU-12,rail,ENG,PER-ABU-DN_SUB,,8.70,A,2014-01-09,2023-06-14,284.4,1
SG-PERABU-05,signal,SNT,PER-ABU-DN_SUB,,10.21,A,2011-06-17,2024-11-12,,1
SG-PERABU-06,signal,SNT,PER-ABU-DN_SUB,,12.34,A,2016-02-28,,,1
SG-PERABU-07,signal,SNT,PER-ABU-DN_SUB,,12.23,A,2025-11-14,,,0
SG-PERABU-08,signal,SNT,PER-ABU-DN_SUB,,11.00,A,2010-09-30,2025-07-15,,1
SL-PERABU-05,sleeper,ENG,PER-ABU-DN_SUB,,5.55,A,2011-01-07,,101.9,0
SL-PERABU-06,sleeper,ENG,PER-ABU-DN_SUB,,11.53,B,1991-08-13,2019-02-04,321.4,0
SL-PERABU-07,sleeper,ENG,PER-ABU-DN_SUB,,9.91,A,1995-08-15,2021-04-08,602.9,0
SL-PERABU-08,sleeper,ENG,PER-ABU-DN_SUB,,13.34,A,2024-07-11,,913.5,1
TC-PERABU-05,track_circuit,SNT,PER-ABU-DN_SUB,,6.23,B,2023-08-02,,81.8,0
TC-PERABU-06,track_circuit,SNT,PER-ABU-DN_SUB,,5.53,B,2025-02-15,,299.2,0
TC-PERABU-07,track_circuit,SNT,PER-ABU-DN_SUB,,7.38,B,2024-12-16,,215.3,1
TC-PERABU-08,track_circuit,SNT,PER-ABU-DN_SUB,,6.24,A,2024-06-04,,323.4,1
OHE-PERABU-11,OHE_span,TRD,PER-ABU-UP,,5.38,B,2014-11-11,,,1
OHE-PERABU-12,OHE_span,TRD,PER-ABU-UP,,13.16,B,2012-02-27,,,0
OHE-PERABU-13,OHE_span,TRD,PER-ABU-UP,,12.24,C,2015-06-22,,,0
OHE-PERABU-14,OHE_span,TRD,PER-ABU-UP,,13.54,B,2002-09-06,2025-04-05,,1
OHE-PERABU-15,OHE_span,TRD,PER-ABU-UP,,10.75,C,2025-01-05,,,1
AC-PERABU-05,axle_counter,SNT,PER-ABU-UP,,11.87,C,2014-02-20,2021-06-05,430.8,0
AC-PERABU-06,axle_counter,SNT,PER-ABU-UP,,8.38,B,2025-12-07,,235.0,0
BL-PERABU-09,ballast,ENG,PER-ABU-UP,,10.94,C,2017-11-04,2024-05-24,170.4,1
BL-PERABU-10,ballast,ENG,PER-ABU-UP,,14.36,C,2023-07-14,,273.4,0
BL-PERABU-11,ballast,ENG,PER-ABU-UP,,8.59,B,2020-12-27,,167.2,0
BL-PERABU-12,ballast,ENG,PER-ABU-UP,,9.40,C,2021-06-06,,39.2,0
CW-PERABU-07,contact_wire,TRD,PER-ABU-UP,,5.36,B,2003-04-20,2024-11-10,,0
CW-PERABU-08,contact_wire,TRD,PER-ABU-UP,,5.59,C,2010-10-22,2025-04-17,,0
CW-PERABU-09,contact_wire,TRD,PER-ABU-UP,,13.87,B,2009-05-10,2022-11-08,,2
INS-PERABU-05,insulator,TRD,PER-ABU-UP,,5.69,B,2013-11-24,2022-01-01,,0
INS-PERABU-06,insulator,TRD,PER-ABU-UP,,7.01,B,2012-10-26,2023-08-20,,0
MST-PERABU-09,mast,TRD,PER-ABU-UP,,13.75,B,1986-08-27,2016-09-10,,2
MST-PERABU-10,mast,TRD,PER-ABU-UP,,5.69,C,2026-02-01,,,0
MST-PERABU-11,mast,TRD,PER-ABU-UP,,7.10,C,2004-06-10,,,0
MST-PERABU-12,mast,TRD,PER-ABU-UP,,14.37,C,1998-11-20,2025-10-29,,1
RL-PERABU-13,rail,ENG,PER-ABU-UP,,14.37,B,2005-06-15,2018-11-26,426.7,0
RL-PERABU-14,rail,ENG,PER-ABU-UP,,7.41,B,2005-02-04,2025-10-10,176.0,0
RL-PERABU-15,rail,ENG,PER-ABU-UP,,10.33,A,2015-07-25,2025-08-25,484.4,2
RL-PERABU-16,rail,ENG,PER-ABU-UP,,10.88,C,2004-01-14,2014-12-21,845.2,3
RL-PERABU-17,rail,ENG,PER-ABU-UP,,5.35,B,2023-12-04,,583.4,1
RL-PERABU-18,rail,ENG,PER-ABU-UP,,5.85,B,2010-04-12,2025-01-18,579.0,0
SG-PERABU-09,signal,SNT,PER-ABU-UP,,10.36,B,2014-02-07,2026-02-17,,0
SG-PERABU-10,signal,SNT,PER-ABU-UP,,8.00,B,2012-02-07,2024-11-14,,0
SG-PERABU-11,signal,SNT,PER-ABU-UP,,13.66,B,2023-01-16,,,0
SG-PERABU-12,signal,SNT,PER-ABU-UP,,11.27,B,2009-03-09,2025-06-13,,1
SL-PERABU-09,sleeper,ENG,PER-ABU-UP,,10.46,B,1994-09-28,2016-03-21,306.1,1
SL-PERABU-10,sleeper,ENG,PER-ABU-UP,,9.25,C,2021-12-26,,1628.4,1
SL-PERABU-11,sleeper,ENG,PER-ABU-UP,,7.60,C,1995-11-26,2013-12-02,1666.9,1
SL-PERABU-12,sleeper,ENG,PER-ABU-UP,,11.54,C,2007-09-15,2022-09-09,460.8,1
TC-PERABU-09,track_circuit,SNT,PER-ABU-UP,,14.43,C,2023-09-29,,599.8,1
TC-PERABU-10,track_circuit,SNT,PER-ABU-UP,,13.08,C,2013-06-14,2024-03-08,484.9,0
TC-PERABU-11,track_circuit,SNT,PER-ABU-UP,,10.76,B,2022-12-30,,450.3,1
TC-PERABU-12,track_circuit,SNT,PER-ABU-UP,,9.49,C,2013-04-06,2022-09-12,589.5,2
OHE-PERABU-16,OHE_span,TRD,PER-ABU-UP_SUB,,6.14,B,2008-04-01,,,0
OHE-PERABU-17,OHE_span,TRD,PER-ABU-UP_SUB,,10.66,A,2018-02-11,,,0
OHE-PERABU-18,OHE_span,TRD,PER-ABU-UP_SUB,,8.01,B,2020-05-16,,,0
OHE-PERABU-19,OHE_span,TRD,PER-ABU-UP_SUB,,7.93,A,2001-06-12,2021-06-06,,1
OHE-PERABU-20,OHE_span,TRD,PER-ABU-UP_SUB,,8.19,A,1993-12-31,2022-05-05,,0
AC-PERABU-07,axle_counter,SNT,PER-ABU-UP_SUB,,9.09,A,2022-05-21,,37.2,2
AC-PERABU-08,axle_counter,SNT,PER-ABU-UP_SUB,,6.21,B,2019-01-24,,195.3,1
BL-PERABU-13,ballast,ENG,PER-ABU-UP_SUB,,11.70,B,2016-07-10,2023-02-22,105.6,1
BL-PERABU-14,ballast,ENG,PER-ABU-UP_SUB,,6.38,A,2026-01-18,,212.5,0
BL-PERABU-15,ballast,ENG,PER-ABU-UP_SUB,,6.89,A,2021-10-07,,187.4,0
BL-PERABU-16,ballast,ENG,PER-ABU-UP_SUB,,7.61,B,2025-05-10,,176.5,1
CW-PERABU-10,contact_wire,TRD,PER-ABU-UP_SUB,,5.91,A,2015-06-18,,,1
CW-PERABU-11,contact_wire,TRD,PER-ABU-UP_SUB,,11.65,A,2006-12-30,2023-08-29,,0
CW-PERABU-12,contact_wire,TRD,PER-ABU-UP_SUB,,9.77,A,2011-02-20,2024-08-26,,1
INS-PERABU-07,insulator,TRD,PER-ABU-UP_SUB,,10.07,A,2023-03-12,,,2
INS-PERABU-08,insulator,TRD,PER-ABU-UP_SUB,,11.36,A,2024-03-28,,,0
MST-PERABU-13,mast,TRD,PER-ABU-UP_SUB,,10.80,A,2004-12-21,,,1
MST-PERABU-14,mast,TRD,PER-ABU-UP_SUB,,12.77,A,1998-05-30,2026-02-04,,0
MST-PERABU-15,mast,TRD,PER-ABU-UP_SUB,,10.84,A,1991-01-11,2020-05-01,,1
MST-PERABU-16,mast,TRD,PER-ABU-UP_SUB,,7.90,A,1988-10-24,2024-05-18,,2
RL-PERABU-19,rail,ENG,PER-ABU-UP_SUB,,6.49,A,2016-03-21,2025-03-19,472.2,0
RL-PERABU-20,rail,ENG,PER-ABU-UP_SUB,,13.38,A,2019-03-18,,321.9,1
RL-PERABU-21,rail,ENG,PER-ABU-UP_SUB,,9.72,A,2017-10-18,2026-05-17,511.1,0
RL-PERABU-22,rail,ENG,PER-ABU-UP_SUB,,7.07,A,2020-02-28,,76.0,0
RL-PERABU-23,rail,ENG,PER-ABU-UP_SUB,,13.11,A,2023-07-08,,428.1,1
RL-PERABU-24,rail,ENG,PER-ABU-UP_SUB,,5.60,A,2017-06-01,2026-06-17,537.6,0
SG-PERABU-13,signal,SNT,PER-ABU-UP_SUB,,8.66,A,2024-04-29,,,0
SG-PERABU-14,signal,SNT,PER-ABU-UP_SUB,,7.41,A,2014-05-06,2025-09-14,,1
SG-PERABU-15,signal,SNT,PER-ABU-UP_SUB,,9.76,A,2016-09-26,,,0
SG-PERABU-16,signal,SNT,PER-ABU-UP_SUB,,9.20,A,2009-04-30,2025-08-25,,0
SL-PERABU-13,sleeper,ENG,PER-ABU-UP_SUB,,6.52,A,2001-09-08,2024-01-11,485.3,0
SL-PERABU-14,sleeper,ENG,PER-ABU-UP_SUB,,5.20,A,2023-10-11,,395.9,1
SL-PERABU-15,sleeper,ENG,PER-ABU-UP_SUB,,9.07,A,2015-11-11,,749.9,2
SL-PERABU-16,sleeper,ENG,PER-ABU-UP_SUB,,9.76,A,1999-06-17,2025-12-27,356.8,2
TC-PERABU-13,track_circuit,SNT,PER-ABU-UP_SUB,,11.16,A,2022-03-16,,81.8,2
TC-PERABU-14,track_circuit,SNT,PER-ABU-UP_SUB,,5.57,A,2025-10-02,,235.3,2
TC-PERABU-15,track_circuit,SNT,PER-ABU-UP_SUB,,7.21,B,2018-04-13,2025-11-19,206.8,0
TC-PERABU-16,track_circuit,SNT,PER-ABU-UP_SUB,,12.78,A,2017-08-02,2025-07-21,17.6,0
OHE-PONGPD-01,OHE_span,TRD,PON-GPD-DN,,46.46,C,2022-05-17,,,1
OHE-PONGPD-02,OHE_span,TRD,PON-GPD-DN,,35.51,C,2006-07-21,2025-09-26,,0
OHE-PONGPD-03,OHE_span,TRD,PON-GPD-DN,,41.96,C,2026-01-02,,,0
OHE-PONGPD-04,OHE_span,TRD,PON-GPD-DN,,44.12,C,2007-01-13,2026-04-27,,0
OHE-PONGPD-05,OHE_span,TRD,PON-GPD-DN,,39.94,C,2006-04-09,2025-04-21,,0
OHE-PONGPD-06,OHE_span,TRD,PON-GPD-DN,,46.17,C,1996-10-27,2021-06-04,,1
AC-PONGPD-01,axle_counter,SNT,PON-GPD-DN,,44.64,C,2015-06-12,2021-03-20,418.4,0
AC-PONGPD-02,axle_counter,SNT,PON-GPD-DN,,37.92,C,2021-09-02,,540.0,1
BL-PONGPD-01,ballast,ENG,PON-GPD-DN,,44.70,C,2015-07-04,2024-05-12,260.3,1
BL-PONGPD-02,ballast,ENG,PON-GPD-DN,,45.50,C,2022-05-26,2026-06-23,216.4,0
BL-PONGPD-03,ballast,ENG,PON-GPD-DN,,38.73,C,2019-06-23,2026-04-18,132.0,0
BL-PONGPD-04,ballast,ENG,PON-GPD-DN,,35.64,C,2019-11-17,2026-05-20,228.2,1
CW-PONGPD-01,contact_wire,TRD,PON-GPD-DN,,43.09,B,2014-08-13,,,1
CW-PONGPD-02,contact_wire,TRD,PON-GPD-DN,,35.35,B,2023-12-06,,,0
CW-PONGPD-03,contact_wire,TRD,PON-GPD-DN,,43.16,B,2017-03-05,,,0
INS-PONGPD-01,insulator,TRD,PON-GPD-DN,,40.75,C,2025-01-30,,,1
INS-PONGPD-02,insulator,TRD,PON-GPD-DN,,44.65,C,2019-07-29,,,0
INS-PONGPD-03,insulator,TRD,PON-GPD-DN,,35.83,C,2021-08-24,,,0
MST-PONGPD-01,mast,TRD,PON-GPD-DN,,39.36,C,1998-05-07,2023-11-22,,0
MST-PONGPD-02,mast,TRD,PON-GPD-DN,,35.33,C,1991-09-12,2021-10-19,,2
MST-PONGPD-03,mast,TRD,PON-GPD-DN,,43.34,C,2007-01-30,,,0
MST-PONGPD-04,mast,TRD,PON-GPD-DN,,35.63,C,1996-01-28,2025-07-29,,0
MST-PONGPD-05,mast,TRD,PON-GPD-DN,,38.26,C,2017-06-28,,,0
RL-PONGPD-01,rail,ENG,PON-GPD-DN,,43.39,C,2004-10-27,2014-11-06,273.9,1
RL-PONGPD-02,rail,ENG,PON-GPD-DN,,35.46,C,2017-04-14,2025-10-21,267.8,0
RL-PONGPD-03,rail,ENG,PON-GPD-DN,,40.21,C,2006-08-05,2015-02-24,991.1,1
RL-PONGPD-04,rail,ENG,PON-GPD-DN,,38.84,B,2013-04-23,2026-06-19,443.5,1
RL-PONGPD-05,rail,ENG,PON-GPD-DN,,41.60,B,2002-12-28,2020-05-08,651.9,3
RL-PONGPD-06,rail,ENG,PON-GPD-DN,,41.92,B,2024-02-19,,283.8,0
RL-PONGPD-07,rail,ENG,PON-GPD-DN,,36.03,B,2008-07-17,2019-04-20,411.3,1
RL-PONGPD-08,rail,ENG,PON-GPD-DN,,43.67,B,2018-10-16,,516.1,1
SG-PONGPD-01,signal,SNT,PON-GPD-DN,,36.13,B,2012-03-09,2026-05-31,,0
SG-PONGPD-02,signal,SNT,PON-GPD-DN,,46.40,C,2015-03-18,2026-06-10,,1
SG-PONGPD-03,signal,SNT,PON-GPD-DN,,40.81,B,2008-09-13,2021-08-31,,1
SG-PONGPD-04,signal,SNT,PON-GPD-DN,,45.76,C,2009-08-05,2020-05-13,,0
SL-PONGPD-01,sleeper,ENG,PON-GPD-DN,,43.93,C,2001-01-06,2021-10-28,860.9,3
SL-PONGPD-02,sleeper,ENG,PON-GPD-DN,,39.82,C,2010-10-16,2026-05-30,1513.2,2
SL-PONGPD-03,sleeper,ENG,PON-GPD-DN,,41.85,C,1995-06-05,2017-10-06,1503.2,2
SL-PONGPD-04,sleeper,ENG,PON-GPD-DN,,40.03,C,1994-01-28,2026-02-09,37.6,0
TC-PONGPD-01,track_circuit,SNT,PON-GPD-DN,,44.33,C,2025-03-15,,325.0,1
TC-PONGPD-02,track_circuit,SNT,PON-GPD-DN,,37.45,C,2013-05-31,2023-06-24,93.2,1
TC-PONGPD-03,track_circuit,SNT,PON-GPD-DN,,39.79,C,2015-01-20,2022-03-17,371.1,0
TC-PONGPD-04,track_circuit,SNT,PON-GPD-DN,,39.37,C,2025-03-22,,201.2,0
TC-PONGPD-05,track_circuit,SNT,PON-GPD-DN,,46.64,C,2017-03-09,2025-05-25,175.4,0
OHE-PONGPD-07,OHE_span,TRD,PON-GPD-UP,,41.32,C,1993-09-14,2013-07-26,,2
OHE-PONGPD-08,OHE_span,TRD,PON-GPD-UP,,42.90,C,2020-10-14,,,0
OHE-PONGPD-09,OHE_span,TRD,PON-GPD-UP,,37.67,C,2017-08-05,,,0
OHE-PONGPD-10,OHE_span,TRD,PON-GPD-UP,,36.14,C,2019-03-20,,,0
OHE-PONGPD-11,OHE_span,TRD,PON-GPD-UP,,36.31,C,2021-04-14,,,1
OHE-PONGPD-12,OHE_span,TRD,PON-GPD-UP,,36.55,C,2010-12-23,,,0
AC-PONGPD-03,axle_counter,SNT,PON-GPD-UP,,44.76,C,2014-11-15,2019-11-02,259.6,2
AC-PONGPD-04,axle_counter,SNT,PON-GPD-UP,,43.57,C,2018-07-02,2024-03-10,363.5,0
BL-PONGPD-05,ballast,ENG,PON-GPD-UP,,38.11,B,2019-08-11,2024-10-17,423.4,0
BL-PONGPD-06,ballast,ENG,PON-GPD-UP,,41.36,B,2017-10-25,2024-02-17,389.0,0
BL-PONGPD-07,ballast,ENG,PON-GPD-UP,,46.60,C,2016-09-08,2023-08-02,80.6,0
BL-PONGPD-08,ballast,ENG,PON-GPD-UP,,38.27,C,2019-11-17,2025-01-11,393.3,0
CW-PONGPD-04,contact_wire,TRD,PON-GPD-UP,,40.22,B,2024-11-10,,,1
CW-PONGPD-05,contact_wire,TRD,PON-GPD-UP,,36.53,B,2003-09-15,2021-07-03,,1
CW-PONGPD-06,contact_wire,TRD,PON-GPD-UP,,46.55,B,2022-09-20,,,0
INS-PONGPD-04,insulator,TRD,PON-GPD-UP,,36.55,C,2020-05-27,,,0
INS-PONGPD-05,insulator,TRD,PON-GPD-UP,,46.48,C,2021-01-30,,,0
INS-PONGPD-06,insulator,TRD,PON-GPD-UP,,35.67,C,2021-12-11,,,0
MST-PONGPD-06,mast,TRD,PON-GPD-UP,,35.97,B,1998-05-14,2025-12-26,,0
MST-PONGPD-07,mast,TRD,PON-GPD-UP,,45.44,C,1990-07-10,2023-04-11,,0
MST-PONGPD-08,mast,TRD,PON-GPD-UP,,44.87,C,1998-01-29,2022-08-26,,0
MST-PONGPD-09,mast,TRD,PON-GPD-UP,,38.52,C,1985-03-04,2018-02-24,,0
MST-PONGPD-10,mast,TRD,PON-GPD-UP,,42.49,C,1999-11-19,2024-09-21,,1
RL-PONGPD-09,rail,ENG,PON-GPD-UP,,41.43,B,2003-02-11,2016-05-21,376.7,1
RL-PONGPD-10,rail,ENG,PON-GPD-UP,,46.65,C,2019-11-13,,335.2,1
RL-PONGPD-11,rail,ENG,PON-GPD-UP,,36.08,C,2023-03-13,,539.0,0
RL-PONGPD-12,rail,ENG,PON-GPD-UP,,42.89,B,2026-01-16,,78.3,0
RL-PONGPD-13,rail,ENG,PON-GPD-UP,,37.25,B,2010-07-16,2022-02-23,454.7,1
RL-PONGPD-14,rail,ENG,PON-GPD-UP,,36.24,B,2019-08-14,,369.6,1
RL-PONGPD-15,rail,ENG,PON-GPD-UP,,36.63,B,2016-03-01,2024-12-02,764.7,0
RL-PONGPD-16,rail,ENG,PON-GPD-UP,,42.15,B,2025-02-09,,933.7,2
SG-PONGPD-05,signal,SNT,PON-GPD-UP,,38.76,C,2021-06-03,,,0
SG-PONGPD-06,signal,SNT,PON-GPD-UP,,46.55,C,2019-02-08,,,0
SG-PONGPD-07,signal,SNT,PON-GPD-UP,,39.32,C,2013-01-29,2025-01-21,,0
SG-PONGPD-08,signal,SNT,PON-GPD-UP,,45.60,C,2021-05-09,,,1
SL-PONGPD-05,sleeper,ENG,PON-GPD-UP,,44.70,C,2015-10-28,,150.9,0
SL-PONGPD-06,sleeper,ENG,PON-GPD-UP,,40.53,C,1997-06-19,2015-12-08,1145.5,3
SL-PONGPD-07,sleeper,ENG,PON-GPD-UP,,44.90,C,2002-01-17,2025-07-24,271.7,2
SL-PONGPD-08,sleeper,ENG,PON-GPD-UP,,45.13,C,1993-09-22,2014-01-07,260.8,1
TC-PONGPD-06,track_circuit,SNT,PON-GPD-UP,,35.56,C,2021-08-05,,363.0,2
TC-PONGPD-07,track_circuit,SNT,PON-GPD-UP,,44.89,C,2020-10-18,2026-03-14,285.1,1
TC-PONGPD-08,track_circuit,SNT,PON-GPD-UP,,42.75,C,2018-06-19,,161.5,0
TC-PONGPD-09,track_circuit,SNT,PON-GPD-UP,,43.61,C,2016-12-21,2023-04-26,228.1,1
TC-PONGPD-10,track_circuit,SNT,PON-GPD-UP,,37.77,C,2013-01-01,2024-11-17,198.3,3
OHE-PVTBM-01,OHE_span,TRD,PV-TBM-DN,,28.13,C,2000-02-24,2026-06-10,,1
OHE-PVTBM-02,OHE_span,TRD,PV-TBM-DN,,28.67,C,2005-08-21,2025-11-16,,2
OHE-PVTBM-03,OHE_span,TRD,PV-TBM-DN,,24.97,C,1997-10-09,2021-06-10,,2
AC-PVTBM-01,axle_counter,SNT,PV-TBM-DN,,28.88,C,2021-06-15,,67.3,0
BL-PVTBM-01,ballast,ENG,PV-TBM-DN,,27.64,C,2023-09-02,,143.2,0
BL-PVTBM-02,ballast,ENG,PV-TBM-DN,,27.25,B,2023-12-15,,219.0,0
CW-PVTBM-01,contact_wire,TRD,PV-TBM-DN,,23.61,B,2011-08-17,2026-02-21,,0
CW-PVTBM-02,contact_wire,TRD,PV-TBM-DN,,27.97,C,2016-08-03,,,0
INS-PVTBM-01,insulator,TRD,PV-TBM-DN,,27.94,C,2020-08-18,,,1
MST-PVTBM-01,mast,TRD,PV-TBM-DN,,25.64,C,2012-11-12,,,0
MST-PVTBM-02,mast,TRD,PV-TBM-DN,,27.58,B,2016-09-20,,,0
RL-PVTBM-01,rail,ENG,PV-TBM-DN,,23.32,B,2022-12-05,,78.4,0
RL-PVTBM-02,rail,ENG,PV-TBM-DN,,25.49,B,2017-04-08,2026-03-28,325.7,3
RL-PVTBM-03,rail,ENG,PV-TBM-DN,,24.25,B,2015-12-18,,72.9,0
RL-PVTBM-04,rail,ENG,PV-TBM-DN,,26.49,B,2019-05-10,,316.0,1
SG-PVTBM-01,signal,SNT,PV-TBM-DN,,24.22,C,2017-07-30,,,0
SG-PVTBM-02,signal,SNT,PV-TBM-DN,,24.09,B,2025-01-28,,,0
SL-PVTBM-01,sleeper,ENG,PV-TBM-DN,,26.21,C,2010-03-22,2025-04-03,410.9,1
SL-PVTBM-02,sleeper,ENG,PV-TBM-DN,,25.85,C,2021-04-30,,578.5,2
TC-PVTBM-01,track_circuit,SNT,PV-TBM-DN,,23.44,B,2025-11-03,,253.1,0
TC-PVTBM-02,track_circuit,SNT,PV-TBM-DN,,24.07,B,2013-09-13,2025-07-13,104.7,1
OHE-PVTBM-04,OHE_span,TRD,PV-TBM-DN_SUB,,28.95,A,2008-05-21,,,1
OHE-PVTBM-05,OHE_span,TRD,PV-TBM-DN_SUB,,28.42,B,1994-03-19,2017-08-08,,1
OHE-PVTBM-06,OHE_span,TRD,PV-TBM-DN_SUB,,28.06,A,2020-04-07,,,0
AC-PVTBM-02,axle_counter,SNT,PV-TBM-DN_SUB,,28.44,B,2022-06-28,,147.4,0
BL-PVTBM-03,ballast,ENG,PV-TBM-DN_SUB,,26.44,A,2020-06-07,,164.4,2
BL-PVTBM-04,ballast,ENG,PV-TBM-DN_SUB,,24.96,A,2015-11-30,2026-06-12,70.3,3
CW-PVTBM-03,contact_wire,TRD,PV-TBM-DN_SUB,,28.68,A,2021-09-10,,,0
CW-PVTBM-04,contact_wire,TRD,PV-TBM-DN_SUB,,25.45,A,2020-08-27,,,0
INS-PVTBM-02,insulator,TRD,PV-TBM-DN_SUB,,24.51,A,2016-03-01,2025-11-24,,1
MST-PVTBM-03,mast,TRD,PV-TBM-DN_SUB,,27.65,A,1997-10-26,2022-10-13,,1
MST-PVTBM-04,mast,TRD,PV-TBM-DN_SUB,,25.46,A,1993-05-04,2022-07-06,,1
RL-PVTBM-05,rail,ENG,PV-TBM-DN_SUB,,28.80,A,2006-03-08,2024-08-07,41.5,0
RL-PVTBM-06,rail,ENG,PV-TBM-DN_SUB,,24.45,A,2011-05-22,2025-04-04,346.9,1
RL-PVTBM-07,rail,ENG,PV-TBM-DN_SUB,,23.66,A,2018-02-19,,566.6,2
RL-PVTBM-08,rail,ENG,PV-TBM-DN_SUB,,27.87,A,2022-05-21,,432.1,1
SG-PVTBM-03,signal,SNT,PV-TBM-DN_SUB,,25.70,A,2019-05-17,,,2
SG-PVTBM-04,signal,SNT,PV-TBM-DN_SUB,,26.71,A,2012-03-18,2023-03-31,,1
SL-PVTBM-03,sleeper,ENG,PV-TBM-DN_SUB,,27.22,A,2000-10-16,2016-06-01,853.4,2
SL-PVTBM-04,sleeper,ENG,PV-TBM-DN_SUB,,27.05,A,2012-09-15,,408.5,1
TC-PVTBM-03,track_circuit,SNT,PV-TBM-DN_SUB,,28.53,A,2019-01-19,2025-12-06,238.8,0
TC-PVTBM-04,track_circuit,SNT,PV-TBM-DN_SUB,,25.81,B,2023-09-09,,375.2,0
OHE-PVTBM-07,OHE_span,TRD,PV-TBM-UP,,25.56,B,2020-03-09,,,0
OHE-PVTBM-08,OHE_span,TRD,PV-TBM-UP,,24.05,C,2007-06-27,,,2
OHE-PVTBM-09,OHE_span,TRD,PV-TBM-UP,,26.59,B,2022-06-23,,,0
AC-PVTBM-03,axle_counter,SNT,PV-TBM-UP,,25.09,C,2014-12-22,2024-03-18,92.5,0
BL-PVTBM-05,ballast,ENG,PV-TBM-UP,,28.94,C,2022-03-27,,174.5,0
BL-PVTBM-06,ballast,ENG,PV-TBM-UP,,27.53,C,2024-10-10,,55.9,0
CW-PVTBM-05,contact_wire,TRD,PV-TBM-UP,,24.06,B,2013-11-07,,,0
CW-PVTBM-06,contact_wire,TRD,PV-TBM-UP,,27.11,B,2023-12-01,,,1
INS-PVTBM-03,insulator,TRD,PV-TBM-UP,,28.79,C,2018-05-29,2026-06-14,,0
MST-PVTBM-05,mast,TRD,PV-TBM-UP,,24.43,B,2012-03-29,,,1
MST-PVTBM-06,mast,TRD,PV-TBM-UP,,26.29,C,1994-03-06,2025-06-30,,0
RL-PVTBM-09,rail,ENG,PV-TBM-UP,,26.54,B,2024-01-06,,96.7,0
RL-PVTBM-10,rail,ENG,PV-TBM-UP,,28.73,B,2020-07-12,,62.1,0
RL-PVTBM-11,rail,ENG,PV-TBM-UP,,26.98,B,2015-02-14,,146.8,1
RL-PVTBM-12,rail,ENG,PV-TBM-UP,,28.91,C,2015-08-28,2026-04-11,210.7,1
SG-PVTBM-05,signal,SNT,PV-TBM-UP,,26.87,B,2013-10-13,2025-06-28,,0
SG-PVTBM-06,signal,SNT,PV-TBM-UP,,23.64,B,2017-10-05,,,0
SL-PVTBM-05,sleeper,ENG,PV-TBM-UP,,25.62,C,2008-07-09,2026-02-20,470.3,1
SL-PVTBM-06,sleeper,ENG,PV-TBM-UP,,23.23,C,1992-02-05,2009-07-10,403.7,2
TC-PVTBM-05,track_circuit,SNT,PV-TBM-UP,,28.21,C,2024-09-22,,127.3,0
TC-PVTBM-06,track_circuit,SNT,PV-TBM-UP,,28.64,C,2017-08-02,2026-05-10,36.7,1
OHE-PVTBM-10,OHE_span,TRD,PV-TBM-UP_SUB,,26.53,B,2006-12-21,2026-01-23,,0
OHE-PVTBM-11,OHE_span,TRD,PV-TBM-UP_SUB,,23.98,A,2025-09-09,,,0
OHE-PVTBM-12,OHE_span,TRD,PV-TBM-UP_SUB,,23.64,A,2005-10-06,2025-10-06,,1
AC-PVTBM-04,axle_counter,SNT,PV-TBM-UP_SUB,,28.07,A,2014-11-20,2021-12-04,360.8,0
BL-PVTBM-07,ballast,ENG,PV-TBM-UP_SUB,,28.79,B,2018-10-08,2024-08-28,306.6,0
BL-PVTBM-08,ballast,ENG,PV-TBM-UP_SUB,,27.89,A,2021-02-24,,154.0,1
CW-PVTBM-07,contact_wire,TRD,PV-TBM-UP_SUB,,24.34,A,2012-12-21,,,0
CW-PVTBM-08,contact_wire,TRD,PV-TBM-UP_SUB,,25.83,A,2024-08-04,,,0
INS-PVTBM-04,insulator,TRD,PV-TBM-UP_SUB,,27.55,A,2022-01-24,,,1
MST-PVTBM-07,mast,TRD,PV-TBM-UP_SUB,,27.26,B,1998-10-20,2024-04-30,,0
MST-PVTBM-08,mast,TRD,PV-TBM-UP_SUB,,27.63,A,2016-04-06,,,0
RL-PVTBM-13,rail,ENG,PV-TBM-UP_SUB,,27.33,A,2015-12-14,2024-07-18,536.0,1
RL-PVTBM-14,rail,ENG,PV-TBM-UP_SUB,,28.19,A,2023-08-27,,400.0,1
RL-PVTBM-15,rail,ENG,PV-TBM-UP_SUB,,26.63,A,2020-07-04,,298.1,0
RL-PVTBM-16,rail,ENG,PV-TBM-UP_SUB,,23.86,A,2022-07-25,,606.3,1
SG-PVTBM-07,signal,SNT,PV-TBM-UP_SUB,,28.94,A,2025-02-14,,,1
SG-PVTBM-08,signal,SNT,PV-TBM-UP_SUB,,24.23,A,2019-11-07,,,0
SL-PVTBM-07,sleeper,ENG,PV-TBM-UP_SUB,,28.62,A,1993-04-10,2023-08-25,915.1,1
SL-PVTBM-08,sleeper,ENG,PV-TBM-UP_SUB,,27.00,A,2013-02-22,,835.1,0
TC-PVTBM-07,track_circuit,SNT,PV-TBM-UP_SUB,,28.16,A,2019-10-25,2025-07-26,254.2,2
TC-PVTBM-08,track_circuit,SNT,PV-TBM-UP_SUB,,27.82,A,2025-01-16,,134.8,0
OHE-STMPV-01,OHE_span,TRD,STM-PV-DN,,21.16,C,2011-04-19,,,0
OHE-STMPV-02,OHE_span,TRD,STM-PV-DN,,18.55,C,2010-01-19,,,2
OHE-STMPV-03,OHE_span,TRD,STM-PV-DN,,18.39,C,2014-08-23,,,0
AC-STMPV-01,axle_counter,SNT,STM-PV-DN,,18.26,B,2022-08-19,,97.6,0
BL-STMPV-01,ballast,ENG,STM-PV-DN,,18.50,C,2021-12-19,,19.4,0
BL-STMPV-02,ballast,ENG,STM-PV-DN,,22.00,C,2021-02-11,2025-11-26,219.1,1
CW-STMPV-01,contact_wire,TRD,STM-PV-DN,,18.54,B,2003-02-01,2017-01-05,,0
CW-STMPV-02,contact_wire,TRD,STM-PV-DN,,19.94,C,2010-03-08,2024-07-29,,1
INS-STMPV-01,insulator,TRD,STM-PV-DN,,18.09,B,2021-01-10,,,1
MST-STMPV-01,mast,TRD,STM-PV-DN,,21.76,B,1983-12-24,2017-06-22,,1
MST-STMPV-02,mast,TRD,STM-PV-DN,,22.39,C,2020-03-13,,,2
RL-STMPV-01,rail,ENG,STM-PV-DN,,18.51,B,2008-06-26,2023-09-04,41.8,1
RL-STMPV-02,rail,ENG,STM-PV-DN,,18.20,C,2014-07-30,2023-11-13,253.8,1
RL-STMPV-03,rail,ENG,STM-PV-DN,,17.38,C,2013-03-11,2022-07-06,405.6,1
RL-STMPV-04,rail,ENG,STM-PV-DN,,19.56,C,2023-05-04,,272.2,0
SG-STMPV-01,signal,SNT,STM-PV-DN,,22.92,B,2017-03-06,,,1
SG-STMPV-02,signal,SNT,STM-PV-DN,,20.78,B,2009-11-04,2026-04-19,,0
SL-STMPV-01,sleeper,ENG,STM-PV-DN,,20.38,C,2002-06-17,2024-12-22,151.1,1
SL-STMPV-02,sleeper,ENG,STM-PV-DN,,20.38,B,1999-10-02,2026-06-17,49.2,3
TC-STMPV-01,track_circuit,SNT,STM-PV-DN,,22.43,C,2020-04-07,,163.8,2
TC-STMPV-02,track_circuit,SNT,STM-PV-DN,,19.08,C,2020-03-27,,188.2,0
OHE-STMPV-04,OHE_span,TRD,STM-PV-DN_SUB,,17.70,A,2022-12-10,,,2
OHE-STMPV-05,OHE_span,TRD,STM-PV-DN_SUB,,17.71,A,2014-05-07,,,0
OHE-STMPV-06,OHE_span,TRD,STM-PV-DN_SUB,,18.28,A,2011-12-10,,,0
AC-STMPV-02,axle_counter,SNT,STM-PV-DN_SUB,,18.43,A,2012-08-06,2021-01-15,205.2,1
BL-STMPV-03,ballast,ENG,STM-PV-DN_SUB,,18.26,A,2015-10-01,2023-06-22,79.2,1
BL-STMPV-04,ballast,ENG,STM-PV-DN_SUB,,17.56,B,2018-03-29,2023-10-05,201.1,2
CW-STMPV-03,contact_wire,TRD,STM-PV-DN_SUB,,21.02,A,2012-10-05,2026-05-26,,0
CW-STMPV-04,contact_wire,TRD,STM-PV-DN_SUB,,22.73,A,2018-08-07,,,1
INS-STMPV-02,insulator,TRD,STM-PV-DN_SUB,,22.33,A,2019-07-08,,,1
MST-STMPV-03,mast,TRD,STM-PV-DN_SUB,,22.87,B,2023-04-21,,,0
MST-STMPV-04,mast,TRD,STM-PV-DN_SUB,,18.40,A,2016-04-20,,,0
RL-STMPV-05,rail,ENG,STM-PV-DN_SUB,,21.57,A,2015-05-22,2025-07-05,632.9,1
RL-STMPV-06,rail,ENG,STM-PV-DN_SUB,,20.21,A,2002-12-29,2022-12-02,216.9,0
RL-STMPV-07,rail,ENG,STM-PV-DN_SUB,,19.95,A,2017-06-06,2025-12-29,475.8,0
RL-STMPV-08,rail,ENG,STM-PV-DN_SUB,,21.41,A,2017-04-12,,175.6,1
SG-STMPV-03,signal,SNT,STM-PV-DN_SUB,,19.92,A,2016-01-13,,,0
SG-STMPV-04,signal,SNT,STM-PV-DN_SUB,,18.27,A,2013-11-14,2025-07-29,,0
SL-STMPV-03,sleeper,ENG,STM-PV-DN_SUB,,19.62,B,1989-08-25,2015-10-21,850.0,3
SL-STMPV-04,sleeper,ENG,STM-PV-DN_SUB,,19.54,B,2015-06-20,,929.2,4
TC-STMPV-03,track_circuit,SNT,STM-PV-DN_SUB,,18.38,A,2023-11-01,,34.0,0
TC-STMPV-04,track_circuit,SNT,STM-PV-DN_SUB,,17.66,B,2017-08-02,2025-08-14,351.5,0
OHE-STMPV-07,OHE_span,TRD,STM-PV-UP,,17.51,C,1995-10-27,2018-05-12,,2
OHE-STMPV-08,OHE_span,TRD,STM-PV-UP,,19.12,B,2015-05-30,,,1
OHE-STMPV-09,OHE_span,TRD,STM-PV-UP,,20.03,B,2012-10-23,,,0
AC-STMPV-03,axle_counter,SNT,STM-PV-UP,,21.95,C,2017-08-30,2026-05-13,20.7,0
BL-STMPV-05,ballast,ENG,STM-PV-UP,,17.54,C,2016-01-15,2022-07-21,18.8,1
BL-STMPV-06,ballast,ENG,STM-PV-UP,,18.63,B,2020-05-06,,91.5,0
CW-STMPV-05,contact_wire,TRD,STM-PV-UP,,21.94,B,2021-07-28,,,1
CW-STMPV-06,contact_wire,TRD,STM-PV-UP,,21.37,C,2018-09-27,,,0
INS-STMPV-03,insulator,TRD,STM-PV-UP,,21.23,C,2013-09-17,2026-05-20,,0
MST-STMPV-05,mast,TRD,STM-PV-UP,,18.87,B,1997-06-10,2023-04-16,,0
MST-STMPV-06,mast,TRD,STM-PV-UP,,22.20,C,2012-01-25,,,0
RL-STMPV-09,rail,ENG,STM-PV-UP,,17.35,B,2008-07-10,2020-11-06,219.0,0
RL-STMPV-10,rail,ENG,STM-PV-UP,,19.31,C,2011-10-26,2021-02-23,398.4,1
RL-STMPV-11,rail,ENG,STM-PV-UP,,22.90,B,2025-09-26,,306.3,2
RL-STMPV-12,rail,ENG,STM-PV-UP,,18.31,B,2025-01-12,,339.6,0
SG-STMPV-05,signal,SNT,STM-PV-UP,,17.95,B,2024-10-02,,,0
SG-STMPV-06,signal,SNT,STM-PV-UP,,17.42,B,2012-03-14,2025-12-23,,2
SL-STMPV-05,sleeper,ENG,STM-PV-UP,,21.34,C,2010-06-30,2024-03-20,442.3,2
SL-STMPV-06,sleeper,ENG,STM-PV-UP,,21.69,C,1994-06-30,2009-09-10,729.0,1
TC-STMPV-05,track_circuit,SNT,STM-PV-UP,,18.75,C,2024-12-22,,116.5,0
TC-STMPV-06,track_circuit,SNT,STM-PV-UP,,19.99,C,2014-09-03,2025-09-17,57.1,0
OHE-STMPV-10,OHE_span,TRD,STM-PV-UP_SUB,,22.53,B,2001-07-02,2025-04-20,,1
OHE-STMPV-11,OHE_span,TRD,STM-PV-UP_SUB,,22.21,A,2023-01-19,,,1
OHE-STMPV-12,OHE_span,TRD,STM-PV-UP_SUB,,21.71,A,2017-02-24,,,0
AC-STMPV-04,axle_counter,SNT,STM-PV-UP_SUB,,22.33,B,2020-04-21,2025-11-28,302.4,2
BL-STMPV-07,ballast,ENG,STM-PV-UP_SUB,,21.84,A,2024-01-09,,207.8,0
BL-STMPV-08,ballast,ENG,STM-PV-UP_SUB,,17.53,A,2025-01-07,,203.5,2
CW-STMPV-07,contact_wire,TRD,STM-PV-UP_SUB,,18.05,A,2008-12-23,2024-05-16,,1
CW-STMPV-08,contact_wire,TRD,STM-PV-UP_SUB,,17.65,A,2009-05-15,2026-06-22,,1
INS-STMPV-04,insulator,TRD,STM-PV-UP_SUB,,21.94,B,2016-12-31,2025-06-22,,0
MST-STMPV-07,mast,TRD,STM-PV-UP_SUB,,18.68,A,2022-04-08,,,0
MST-STMPV-08,mast,TRD,STM-PV-UP_SUB,,19.31,A,2017-12-17,,,1
RL-STMPV-13,rail,ENG,STM-PV-UP_SUB,,19.94,A,2019-05-13,,445.4,0
RL-STMPV-14,rail,ENG,STM-PV-UP_SUB,,17.74,A,2016-03-02,2025-06-12,228.7,0
RL-STMPV-15,rail,ENG,STM-PV-UP_SUB,,19.06,A,2011-03-24,2022-10-16,613.7,0
RL-STMPV-16,rail,ENG,STM-PV-UP_SUB,,21.32,A,2006-05-08,2024-12-03,551.0,0
SG-STMPV-07,signal,SNT,STM-PV-UP_SUB,,18.75,A,2009-08-03,2022-05-09,,1
SG-STMPV-08,signal,SNT,STM-PV-UP_SUB,,21.56,A,2011-09-24,2024-08-16,,1
SL-STMPV-07,sleeper,ENG,STM-PV-UP_SUB,,22.79,A,2005-08-26,2022-12-30,994.7,4
SL-STMPV-08,sleeper,ENG,STM-PV-UP_SUB,,22.04,A,1989-07-06,2009-05-11,377.9,2
TC-STMPV-07,track_circuit,SNT,STM-PV-UP_SUB,,20.28,A,2025-02-20,,222.0,1
TC-STMPV-08,track_circuit,SNT,STM-PV-UP_SUB,,17.67,A,2013-12-01,2025-10-31,308.8,2
OHE-TITRL-01,OHE_span,TRD,TI-TRL-DN,,40.16,C,2015-01-10,,,0
OHE-TITRL-02,OHE_span,TRD,TI-TRL-DN,,34.62,B,2022-09-02,,,0
OHE-TITRL-03,OHE_span,TRD,TI-TRL-DN,,32.61,C,1996-03-27,2019-07-09,,0
OHE-TITRL-04,OHE_span,TRD,TI-TRL-DN,,31.34,B,2018-05-01,,,0
OHE-TITRL-05,OHE_span,TRD,TI-TRL-DN,,35.50,B,1997-05-30,2018-03-04,,1
OHE-TITRL-06,OHE_span,TRD,TI-TRL-DN,,36.18,C,2006-11-30,2026-05-12,,2
AC-TITRL-01,axle_counter,SNT,TI-TRL-DN,,37.97,B,2015-01-04,2025-10-18,435.5,0
AC-TITRL-02,axle_counter,SNT,TI-TRL-DN,,37.88,B,2014-04-30,2022-12-14,339.8,2
AC-TITRL-03,axle_counter,SNT,TI-TRL-DN,,32.78,C,2018-11-30,,193.3,1
BL-TITRL-01,ballast,ENG,TI-TRL-DN,,37.77,C,2024-01-20,,415.2,1
BL-TITRL-02,ballast,ENG,TI-TRL-DN,,30.44,C,2024-01-28,,167.2,0
BL-TITRL-03,ballast,ENG,TI-TRL-DN,,33.16,C,2022-10-21,,198.7,1
BL-TITRL-04,ballast,ENG,TI-TRL-DN,,29.97,C,2016-01-03,2021-01-13,370.4,2
BL-TITRL-05,ballast,ENG,TI-TRL-DN,,33.13,C,2022-04-13,,46.2,0
CW-TITRL-01,contact_wire,TRD,TI-TRL-DN,,31.95,B,2012-07-27,2026-04-26,,1
CW-TITRL-02,contact_wire,TRD,TI-TRL-DN,,40.55,B,2006-09-15,2021-09-28,,1
CW-TITRL-03,contact_wire,TRD,TI-TRL-DN,,38.14,B,2007-02-27,2021-11-24,,1
CW-TITRL-04,contact_wire,TRD,TI-TRL-DN,,34.24,A,2004-10-27,2019-08-16,,1
INS-TITRL-01,insulator,TRD,TI-TRL-DN,,32.56,C,2017-01-07,2025-06-13,,0
INS-TITRL-02,insulator,TRD,TI-TRL-DN,,41.51,C,2015-10-29,2025-11-12,,1
INS-TITRL-03,insulator,TRD,TI-TRL-DN,,37.06,B,2019-06-20,,,1
MST-TITRL-01,mast,TRD,TI-TRL-DN,,37.76,C,1997-12-05,2023-06-09,,1
MST-TITRL-02,mast,TRD,TI-TRL-DN,,33.56,B,1986-05-13,2014-08-26,,0
MST-TITRL-03,mast,TRD,TI-TRL-DN,,40.35,B,1992-02-07,2025-03-24,,0
MST-TITRL-04,mast,TRD,TI-TRL-DN,,38.79,B,1985-10-24,2024-10-18,,1
MST-TITRL-05,mast,TRD,TI-TRL-DN,,39.34,C,2008-11-10,,,0
RL-TITRL-01,rail,ENG,TI-TRL-DN,,36.48,B,2023-08-01,,259.5,0
RL-TITRL-02,rail,ENG,TI-TRL-DN,,34.53,C,2005-06-28,2022-09-10,287.0,1
RL-TITRL-03,rail,ENG,TI-TRL-DN,,32.22,B,2023-08-15,,140.5,0
RL-TITRL-04,rail,ENG,TI-TRL-DN,,35.65,B,2023-06-29,,595.1,0
RL-TITRL-05,rail,ENG,TI-TRL-DN,,35.80,C,2007-03-24,2026-01-20,790.5,0
RL-TITRL-06,rail,ENG,TI-TRL-DN,,37.71,B,2011-12-27,2023-10-16,271.7,0
RL-TITRL-07,rail,ENG,TI-TRL-DN,,32.84,B,2009-11-27,2020-08-29,815.8,2
RL-TITRL-08,rail,ENG,TI-TRL-DN,,36.43,B,2015-06-21,2023-12-17,389.1,2
SG-TITRL-01,signal,SNT,TI-TRL-DN,,31.19,B,2013-09-24,2024-11-12,,1
SG-TITRL-02,signal,SNT,TI-TRL-DN,,32.51,B,2021-03-19,,,2
SG-TITRL-03,signal,SNT,TI-TRL-DN,,31.13,B,2026-01-22,,,0
SG-TITRL-04,signal,SNT,TI-TRL-DN,,33.66,B,2009-04-23,2021-03-24,,1
SG-TITRL-05,signal,SNT,TI-TRL-DN,,31.20,A,2017-06-13,,,0
SL-TITRL-01,sleeper,ENG,TI-TRL-DN,,33.58,B,2012-01-09,2026-04-15,588.4,1
SL-TITRL-02,sleeper,ENG,TI-TRL-DN,,35.13,B,2025-04-29,,210.9,3
SL-TITRL-03,sleeper,ENG,TI-TRL-DN,,34.44,C,1992-05-04,2015-03-15,110.2,0
SL-TITRL-04,sleeper,ENG,TI-TRL-DN,,31.91,C,2004-03-18,2022-10-20,707.6,0
SL-TITRL-05,sleeper,ENG,TI-TRL-DN,,34.18,B,2025-08-06,,1408.2,3
TC-TITRL-01,track_circuit,SNT,TI-TRL-DN,,36.47,C,2018-04-08,2026-06-05,563.6,0
TC-TITRL-02,track_circuit,SNT,TI-TRL-DN,,38.21,B,2021-06-26,,113.5,2
TC-TITRL-03,track_circuit,SNT,TI-TRL-DN,,33.08,B,2016-10-10,2026-04-09,121.6,1
TC-TITRL-04,track_circuit,SNT,TI-TRL-DN,,33.08,C,2020-12-05,2026-05-08,210.9,0
TC-TITRL-05,track_circuit,SNT,TI-TRL-DN,,41.37,B,2024-01-08,,540.4,0
OHE-TITRL-07,OHE_span,TRD,TI-TRL-DN_SUB,,37.78,C,2025-03-06,,,0
OHE-TITRL-08,OHE_span,TRD,TI-TRL-DN_SUB,,40.10,C,2000-12-22,2023-05-25,,1
OHE-TITRL-09,OHE_span,TRD,TI-TRL-DN_SUB,,39.53,B,1995-09-15,2022-08-03,,1
OHE-TITRL-10,OHE_span,TRD,TI-TRL-DN_SUB,,36.73,C,2000-12-03,2025-01-27,,1
OHE-TITRL-11,OHE_span,TRD,TI-TRL-DN_SUB,,34.95,C,2014-05-08,,,0
OHE-TITRL-12,OHE_span,TRD,TI-TRL-DN_SUB,,39.27,C,1996-11-19,2017-02-12,,2
AC-TITRL-04,axle_counter,SNT,TI-TRL-DN_SUB,,36.37,C,2022-04-15,,94.7,1
AC-TITRL-05,axle_counter,SNT,TI-TRL-DN_SUB,,33.94,C,2022-10-09,,72.5,1
AC-TITRL-06,axle_counter,SNT,TI-TRL-DN_SUB,,41.24,C,2012-09-01,2025-03-03,50.2,0
BL-TITRL-06,ballast,ENG,TI-TRL-DN_SUB,,36.16,C,2021-01-17,,52.7,0
BL-TITRL-07,ballast,ENG,TI-TRL-DN_SUB,,35.67,C,2024-01-08,,10.4,0
BL-TITRL-08,ballast,ENG,TI-TRL-DN_SUB,,35.21,C,2022-04-27,,33.7,0
BL-TITRL-09,ballast,ENG,TI-TRL-DN_SUB,,37.44,C,2017-09-26,2025-09-11,75.9,0
BL-TITRL-10,ballast,ENG,TI-TRL-DN_SUB,,29.88,C,2019-08-14,2026-06-14,92.7,0
CW-TITRL-05,contact_wire,TRD,TI-TRL-DN_SUB,,33.33,B,2008-03-13,2025-09-16,,1
CW-TITRL-06,contact_wire,TRD,TI-TRL-DN_SUB,,36.57,C,2016-09-20,,,2
CW-TITRL-07,contact_wire,TRD,TI-TRL-DN_SUB,,37.91,B,2012-06-23,2026-03-19,,1
CW-TITRL-08,contact_wire,TRD,TI-TRL-DN_SUB,,34.60,B,2021-04-30,,,1
INS-TITRL-04,insulator,TRD,TI-TRL-DN_SUB,,34.33,C,2020-01-19,,,0
INS-TITRL-05,insulator,TRD,TI-TRL-DN_SUB,,37.18,C,2024-03-30,,,0
INS-TITRL-06,insulator,TRD,TI-TRL-DN_SUB,,40.44,B,2020-01-04,,,1
MST-TITRL-06,mast,TRD,TI-TRL-DN_SUB,,40.32,B,1985-12-04,2014-02-08,,3
MST-TITRL-07,mast,TRD,TI-TRL-DN_SUB,,38.48,C,2022-03-15,,,0
MST-TITRL-08,mast,TRD,TI-TRL-DN_SUB,,40.06,C,1989-08-16,2022-12-03,,0
MST-TITRL-09,mast,TRD,TI-TRL-DN_SUB,,37.10,C,1996-07-31,2021-06-24,,2
MST-TITRL-10,mast,TRD,TI-TRL-DN_SUB,,39.97,C,2019-12-09,,,0
RL-TITRL-09,rail,ENG,TI-TRL-DN_SUB,,41.72,C,2020-04-07,,122.8,4
RL-TITRL-10,rail,ENG,TI-TRL-DN_SUB,,33.21,B,2010-11-26,2025-12-11,99.7,0
RL-TITRL-11,rail,ENG,TI-TRL-DN_SUB,,30.01,B,2016-08-31,,26.3,0
RL-TITRL-12,rail,ENG,TI-TRL-DN_SUB,,29.89,C,2017-01-01,,59.9,0
RL-TITRL-13,rail,ENG,TI-TRL-DN_SUB,,39.86,B,2020-10-05,,137.7,0
RL-TITRL-14,rail,ENG,TI-TRL-DN_SUB,,35.60,B,2023-10-07,,123.8,0
RL-TITRL-15,rail,ENG,TI-TRL-DN_SUB,,38.65,B,2014-03-01,,7.6,0
RL-TITRL-16,rail,ENG,TI-TRL-DN_SUB,,37.69,B,2021-10-01,,53.2,0
SG-TITRL-06,signal,SNT,TI-TRL-DN_SUB,,38.42,C,2009-01-19,2025-10-19,,0
SG-TITRL-07,signal,SNT,TI-TRL-DN_SUB,,37.37,B,2024-11-11,,,2
SG-TITRL-08,signal,SNT,TI-TRL-DN_SUB,,31.54,B,2007-12-31,2025-06-18,,0
SG-TITRL-09,signal,SNT,TI-TRL-DN_SUB,,37.88,C,2017-07-02,,,0
SG-TITRL-10,signal,SNT,TI-TRL-DN_SUB,,35.96,B,2009-09-11,2022-09-27,,1
SL-TITRL-06,sleeper,ENG,TI-TRL-DN_SUB,,37.94,B,2025-07-14,,40.4,0
SL-TITRL-07,sleeper,ENG,TI-TRL-DN_SUB,,39.62,C,1997-06-20,2024-02-26,236.0,1
SL-TITRL-08,sleeper,ENG,TI-TRL-DN_SUB,,35.16,C,2010-01-25,,122.9,1
SL-TITRL-09,sleeper,ENG,TI-TRL-DN_SUB,,40.78,C,1999-12-01,2014-07-13,297.6,1
SL-TITRL-10,sleeper,ENG,TI-TRL-DN_SUB,,40.64,C,2021-12-10,,133.2,0
TC-TITRL-06,track_circuit,SNT,TI-TRL-DN_SUB,,35.35,C,2013-03-20,2021-12-09,41.1,0
TC-TITRL-07,track_circuit,SNT,TI-TRL-DN_SUB,,30.78,C,2016-06-20,2026-05-05,84.0,0
TC-TITRL-08,track_circuit,SNT,TI-TRL-DN_SUB,,36.46,C,2015-10-21,2025-08-12,103.1,1
TC-TITRL-09,track_circuit,SNT,TI-TRL-DN_SUB,,40.05,C,2013-05-11,2025-06-22,13.2,1
TC-TITRL-10,track_circuit,SNT,TI-TRL-DN_SUB,,40.11,C,2025-05-14,,36.9,0
OHE-TITRL-13,OHE_span,TRD,TI-TRL-UP,,30.31,B,2024-01-29,,,0
OHE-TITRL-14,OHE_span,TRD,TI-TRL-UP,,30.69,B,2010-03-23,,,1
OHE-TITRL-15,OHE_span,TRD,TI-TRL-UP,,33.76,B,2007-01-22,2026-01-12,,2
OHE-TITRL-16,OHE_span,TRD,TI-TRL-UP,,33.64,C,1997-08-15,2023-02-18,,1
OHE-TITRL-17,OHE_span,TRD,TI-TRL-UP,,39.32,C,2019-07-17,,,0
OHE-TITRL-18,OHE_span,TRD,TI-TRL-UP,,36.30,C,2018-06-03,,,0
AC-TITRL-07,axle_counter,SNT,TI-TRL-UP,,37.07,C,2012-10-29,2021-04-25,194.1,0
AC-TITRL-08,axle_counter,SNT,TI-TRL-UP,,33.31,C,2023-06-09,,434.0,1
AC-TITRL-09,axle_counter,SNT,TI-TRL-UP,,36.51,C,2021-04-21,2026-06-08,221.1,1
BL-TITRL-11,ballast,ENG,TI-TRL-UP,,32.42,C,2024-09-27,,298.9,2
BL-TITRL-12,ballast,ENG,TI-TRL-UP,,30.44,B,2017-09-12,2025-08-07,160.8,2
BL-TITRL-13,ballast,ENG,TI-TRL-UP,,30.85,C,2024-05-05,,407.1,0
BL-TITRL-14,ballast,ENG,TI-TRL-UP,,41.37,C,2021-01-19,2025-07-27,226.9,0
BL-TITRL-15,ballast,ENG,TI-TRL-UP,,39.42,C,2020-04-28,,119.4,2
CW-TITRL-09,contact_wire,TRD,TI-TRL-UP,,36.25,B,2015-02-02,,,1
CW-TITRL-10,contact_wire,TRD,TI-TRL-UP,,31.78,B,2023-08-31,,,1
CW-TITRL-11,contact_wire,TRD,TI-TRL-UP,,38.53,B,2010-12-17,2025-04-28,,0
CW-TITRL-12,contact_wire,TRD,TI-TRL-UP,,32.55,C,2021-08-13,,,0
INS-TITRL-07,insulator,TRD,TI-TRL-UP,,37.63,B,2020-01-11,,,1
INS-TITRL-08,insulator,TRD,TI-TRL-UP,,32.76,B,2024-07-29,,,0
INS-TITRL-09,insulator,TRD,TI-TRL-UP,,32.08,C,2025-03-28,,,0
MST-TITRL-11,mast,TRD,TI-TRL-UP,,35.67,B,2020-01-03,,,0
MST-TITRL-12,mast,TRD,TI-TRL-UP,,34.35,B,1985-09-02,2024-06-13,,0
MST-TITRL-13,mast,TRD,TI-TRL-UP,,34.01,C,1999-04-14,2025-04-17,,1
MST-TITRL-14,mast,TRD,TI-TRL-UP,,38.39,C,2007-10-06,,,1
MST-TITRL-15,mast,TRD,TI-TRL-UP,,30.16,B,2003-05-08,,,0
RL-TITRL-17,rail,ENG,TI-TRL-UP,,36.67,B,2017-08-19,2026-02-03,402.9,1
RL-TITRL-18,rail,ENG,TI-TRL-UP,,37.60,C,2017-10-17,2026-04-27,921.8,2
RL-TITRL-19,rail,ENG,TI-TRL-UP,,40.52,B,2023-07-09,,150.7,1
RL-TITRL-20,rail,ENG,TI-TRL-UP,,40.17,C,2011-12-01,2021-04-12,899.4,1
RL-TITRL-21,rail,ENG,TI-TRL-UP,,30.23,A,2025-01-23,,92.2,0
RL-TITRL-22,rail,ENG,TI-TRL-UP,,33.46,B,2003-11-09,2020-09-25,891.6,0
RL-TITRL-23,rail,ENG,TI-TRL-UP,,39.80,C,2010-04-30,2025-08-21,784.6,1
RL-TITRL-24,rail,ENG,TI-TRL-UP,,39.47,B,2026-02-27,,816.8,1
SG-TITRL-11,signal,SNT,TI-TRL-UP,,35.66,B,2016-07-20,,,0
SG-TITRL-12,signal,SNT,TI-TRL-UP,,41.46,B,2010-03-03,2021-08-15,,2
SG-TITRL-13,signal,SNT,TI-TRL-UP,,37.74,A,2014-06-27,2025-05-13,,1
SG-TITRL-14,signal,SNT,TI-TRL-UP,,31.44,B,2023-10-15,,,0
SG-TITRL-15,signal,SNT,TI-TRL-UP,,32.06,B,2019-05-27,,,1
SL-TITRL-11,sleeper,ENG,TI-TRL-UP,,33.27,B,1991-12-08,2024-10-12,551.8,2
SL-TITRL-12,sleeper,ENG,TI-TRL-UP,,37.01,C,2020-08-08,,1030.3,4
SL-TITRL-13,sleeper,ENG,TI-TRL-UP,,37.43,C,1988-09-14,2023-03-17,604.4,1
SL-TITRL-14,sleeper,ENG,TI-TRL-UP,,29.86,B,2010-07-06,2025-08-02,1129.0,3
SL-TITRL-15,sleeper,ENG,TI-TRL-UP,,40.20,B,2015-02-01,,1289.0,1
TC-TITRL-11,track_circuit,SNT,TI-TRL-UP,,35.64,C,2017-04-17,2023-07-14,568.2,0
TC-TITRL-12,track_circuit,SNT,TI-TRL-UP,,34.87,C,2023-04-07,,149.9,0
TC-TITRL-13,track_circuit,SNT,TI-TRL-UP,,32.98,C,2019-04-04,,79.1,0
TC-TITRL-14,track_circuit,SNT,TI-TRL-UP,,38.31,B,2014-09-22,2026-06-11,468.3,1
TC-TITRL-15,track_circuit,SNT,TI-TRL-UP,,41.06,C,2020-12-01,2026-06-11,528.6,1
OHE-TITRL-19,OHE_span,TRD,TI-TRL-UP_SUB,,38.56,C,2003-01-15,2023-08-07,,1
OHE-TITRL-20,OHE_span,TRD,TI-TRL-UP_SUB,,29.53,B,2010-03-26,,,1
OHE-TITRL-21,OHE_span,TRD,TI-TRL-UP_SUB,,30.29,C,2004-03-19,2023-05-01,,0
OHE-TITRL-22,OHE_span,TRD,TI-TRL-UP_SUB,,39.50,C,2021-02-21,,,0
OHE-TITRL-23,OHE_span,TRD,TI-TRL-UP_SUB,,30.91,C,1997-11-10,2024-01-29,,0
OHE-TITRL-24,OHE_span,TRD,TI-TRL-UP_SUB,,29.39,C,2006-12-30,2026-01-15,,0
AC-TITRL-10,axle_counter,SNT,TI-TRL-UP_SUB,,34.47,B,2022-01-13,,49.6,0
AC-TITRL-11,axle_counter,SNT,TI-TRL-UP_SUB,,31.59,B,2020-05-12,,100.6,0
AC-TITRL-12,axle_counter,SNT,TI-TRL-UP_SUB,,41.61,C,2019-08-26,,33.6,1
BL-TITRL-16,ballast,ENG,TI-TRL-UP_SUB,,35.19,B,2023-11-30,,96.1,0
BL-TITRL-17,ballast,ENG,TI-TRL-UP_SUB,,33.79,B,2025-07-14,,16.1,0
BL-TITRL-18,ballast,ENG,TI-TRL-UP_SUB,,31.09,C,2019-05-16,2026-05-31,67.5,0
BL-TITRL-19,ballast,ENG,TI-TRL-UP_SUB,,40.70,B,2025-09-13,,93.5,0
BL-TITRL-20,ballast,ENG,TI-TRL-UP_SUB,,33.48,B,2017-04-15,2025-03-16,61.3,0
CW-TITRL-13,contact_wire,TRD,TI-TRL-UP_SUB,,33.19,B,2005-05-15,2024-10-05,,0
CW-TITRL-14,contact_wire,TRD,TI-TRL-UP_SUB,,34.63,B,2024-11-26,,,0
CW-TITRL-15,contact_wire,TRD,TI-TRL-UP_SUB,,40.50,B,2017-07-16,,,1
CW-TITRL-16,contact_wire,TRD,TI-TRL-UP_SUB,,35.91,B,2010-03-14,2026-01-31,,0
INS-TITRL-10,insulator,TRD,TI-TRL-UP_SUB,,29.39,C,2015-06-17,2024-03-01,,0
INS-TITRL-11,insulator,TRD,TI-TRL-UP_SUB,,34.56,C,2016-04-18,2025-02-01,,1
INS-TITRL-12,insulator,TRD,TI-TRL-UP_SUB,,34.96,C,2018-09-03,,,0
MST-TITRL-16,mast,TRD,TI-TRL-UP_SUB,,29.68,B,2023-11-28,,,1
MST-TITRL-17,mast,TRD,TI-TRL-UP_SUB,,41.72,C,2020-07-24,,,1
MST-TITRL-18,mast,TRD,TI-TRL-UP_SUB,,32.79,C,2011-09-09,,,0
MST-TITRL-19,mast,TRD,TI-TRL-UP_SUB,,32.60,B,2023-12-30,,,0
MST-TITRL-20,mast,TRD,TI-TRL-UP_SUB,,30.66,C,1998-05-09,2024-03-30,,1
RL-TITRL-25,rail,ENG,TI-TRL-UP_SUB,,38.57,C,2018-08-12,,128.5,0
RL-TITRL-26,rail,ENG,TI-TRL-UP_SUB,,36.65,C,2009-08-29,2024-04-28,77.1,0
RL-TITRL-27,rail,ENG,TI-TRL-UP_SUB,,36.86,C,2009-01-09,2022-07-28,103.9,1
RL-TITRL-28,rail,ENG,TI-TRL-UP_SUB,,38.91,B,2020-07-09,,6.8,2
RL-TITRL-29,rail,ENG,TI-TRL-UP_SUB,,31.84,C,2017-03-13,,42.3,0
RL-TITRL-30,rail,ENG,TI-TRL-UP_SUB,,34.13,B,2011-05-31,2025-06-15,179.4,1
RL-TITRL-31,rail,ENG,TI-TRL-UP_SUB,,38.61,C,2022-04-27,,177.1,0
RL-TITRL-32,rail,ENG,TI-TRL-UP_SUB,,34.56,B,2019-03-02,,143.1,0
SG-TITRL-16,signal,SNT,TI-TRL-UP_SUB,,33.49,B,2008-06-21,2019-10-12,,0
SG-TITRL-17,signal,SNT,TI-TRL-UP_SUB,,37.92,B,2022-08-22,,,0
SG-TITRL-18,signal,SNT,TI-TRL-UP_SUB,,29.35,C,2021-11-22,,,0
SG-TITRL-19,signal,SNT,TI-TRL-UP_SUB,,31.54,C,2018-11-03,,,0
SG-TITRL-20,signal,SNT,TI-TRL-UP_SUB,,30.80,B,2022-03-06,,,0
SL-TITRL-16,sleeper,ENG,TI-TRL-UP_SUB,,36.99,C,2023-05-05,,80.8,0
SL-TITRL-17,sleeper,ENG,TI-TRL-UP_SUB,,36.10,C,2020-11-09,,176.2,0
SL-TITRL-18,sleeper,ENG,TI-TRL-UP_SUB,,38.71,B,1989-05-01,2024-12-16,80.3,2
SL-TITRL-19,sleeper,ENG,TI-TRL-UP_SUB,,40.07,C,1993-07-15,2017-01-24,47.3,0
SL-TITRL-20,sleeper,ENG,TI-TRL-UP_SUB,,37.41,C,1994-09-16,2021-01-29,13.4,0
TC-TITRL-16,track_circuit,SNT,TI-TRL-UP_SUB,,33.01,C,2015-05-04,2025-02-06,46.5,1
TC-TITRL-17,track_circuit,SNT,TI-TRL-UP_SUB,,31.65,C,2016-07-27,2025-07-10,72.9,1
TC-TITRL-18,track_circuit,SNT,TI-TRL-UP_SUB,,35.32,C,2025-08-30,,27.2,0
TC-TITRL-19,track_circuit,SNT,TI-TRL-UP_SUB,,39.29,B,2022-08-15,,97.2,0
TC-TITRL-20,track_circuit,SNT,TI-TRL-UP_SUB,,30.84,C,2024-08-20,,37.9,0
AC-TKOAJJ-01,axle_counter,SNT,TKO-AJJ-SINGLE,,119.64,C,2014-07-02,2025-11-16,41.1,0
AC-TKOAJJ-02,axle_counter,SNT,TKO-AJJ-SINGLE,,112.83,C,2013-03-13,2021-06-17,27.4,0
BL-TKOAJJ-01,ballast,ENG,TKO-AJJ-SINGLE,,118.62,C,2025-03-17,,36.6,0
BL-TKOAJJ-02,ballast,ENG,TKO-AJJ-SINGLE,,113.75,C,2015-09-06,2022-08-24,36.8,0
BL-TKOAJJ-03,ballast,ENG,TKO-AJJ-SINGLE,,121.58,C,2017-03-18,2024-09-25,17.1,0
BL-TKOAJJ-04,ballast,ENG,TKO-AJJ-SINGLE,,117.82,C,2017-03-27,2026-02-03,38.8,0
RL-TKOAJJ-01,rail,ENG,TKO-AJJ-SINGLE,,114.52,C,2003-03-17,2019-12-01,73.7,0
RL-TKOAJJ-02,rail,ENG,TKO-AJJ-SINGLE,,119.46,B,2024-08-13,,53.0,0
RL-TKOAJJ-03,rail,ENG,TKO-AJJ-SINGLE,,112.49,B,2016-06-05,,34.4,0
RL-TKOAJJ-04,rail,ENG,TKO-AJJ-SINGLE,,116.27,B,2003-05-27,2017-01-24,18.9,1
RL-TKOAJJ-05,rail,ENG,TKO-AJJ-SINGLE,,116.38,C,2005-08-22,2021-09-23,8.1,0
RL-TKOAJJ-06,rail,ENG,TKO-AJJ-SINGLE,,118.14,B,2009-11-06,2026-03-10,37.8,2
RL-TKOAJJ-07,rail,ENG,TKO-AJJ-SINGLE,,121.88,C,2015-09-16,,40.1,1
SG-TKOAJJ-01,signal,SNT,TKO-AJJ-SINGLE,,116.93,C,2010-12-22,2023-11-16,,0
SG-TKOAJJ-02,signal,SNT,TKO-AJJ-SINGLE,,112.73,C,2026-01-20,,,0
SG-TKOAJJ-03,signal,SNT,TKO-AJJ-SINGLE,,121.66,B,2020-02-20,,,0
SG-TKOAJJ-04,signal,SNT,TKO-AJJ-SINGLE,,119.95,C,2024-10-25,,,0
SL-TKOAJJ-01,sleeper,ENG,TKO-AJJ-SINGLE,,113.62,C,2009-03-24,,6.1,0
SL-TKOAJJ-02,sleeper,ENG,TKO-AJJ-SINGLE,,116.49,C,2005-04-06,,34.4,0
SL-TKOAJJ-03,sleeper,ENG,TKO-AJJ-SINGLE,,115.53,C,2005-09-23,,118.1,0
SL-TKOAJJ-04,sleeper,ENG,TKO-AJJ-SINGLE,,116.62,C,1992-06-18,2016-06-24,102.9,2
TC-TKOAJJ-01,track_circuit,SNT,TKO-AJJ-SINGLE,,118.46,C,2021-05-04,,31.4,1
TC-TKOAJJ-02,track_circuit,SNT,TKO-AJJ-SINGLE,,113.60,C,2014-05-30,2024-03-31,9.7,2
TC-TKOAJJ-03,track_circuit,SNT,TKO-AJJ-SINGLE,,114.63,C,2022-11-26,,20.5,0
TC-TKOAJJ-04,track_circuit,SNT,TKO-AJJ-SINGLE,,117.47,C,2023-01-28,,33.8,0
AC-TMLPTKO-01,axle_counter,SNT,TMLP-TKO-SINGLE,,111.79,C,2017-12-22,2026-02-20,21.4,0
BL-TMLPTKO-01,ballast,ENG,TMLP-TKO-SINGLE,,105.78,C,2025-10-12,,4.3,0
BL-TMLPTKO-02,ballast,ENG,TMLP-TKO-SINGLE,,110.97,C,2017-05-21,2025-11-23,38.8,0
RL-TMLPTKO-01,rail,ENG,TMLP-TKO-SINGLE,,107.02,C,2020-01-20,,27.3,0
RL-TMLPTKO-02,rail,ENG,TMLP-TKO-SINGLE,,108.52,C,2021-11-05,,81.4,0
RL-TMLPTKO-03,rail,ENG,TMLP-TKO-SINGLE,,105.85,B,2015-09-24,,52.3,1
RL-TMLPTKO-04,rail,ENG,TMLP-TKO-SINGLE,,110.98,C,2012-04-12,2026-02-01,53.1,1
SG-TMLPTKO-01,signal,SNT,TMLP-TKO-SINGLE,,108.30,C,2022-09-02,,,0
SG-TMLPTKO-02,signal,SNT,TMLP-TKO-SINGLE,,107.93,C,2021-02-13,,,0
SL-TMLPTKO-01,sleeper,ENG,TMLP-TKO-SINGLE,,106.70,C,2011-09-12,,98.6,0
SL-TMLPTKO-02,sleeper,ENG,TMLP-TKO-SINGLE,,107.05,C,2017-05-08,,21.8,0
TC-TMLPTKO-01,track_circuit,SNT,TMLP-TKO-SINGLE,,109.32,C,2025-04-23,,33.2,0
TC-TMLPTKO-02,track_circuit,SNT,TMLP-TKO-SINGLE,,106.76,C,2023-11-15,,13.0,0
TC-TMLPTKO-03,track_circuit,SNT,TMLP-TKO-SINGLE,,107.60,C,2015-11-01,2024-02-04,23.7,3
OHE-TNPENR-01,OHE_span,TRD,TNP-ENR-DN,,9.19,C,2012-04-21,,,0
OHE-TNPENR-02,OHE_span,TRD,TNP-ENR-DN,,14.87,C,2018-10-20,,,0
OHE-TNPENR-03,OHE_span,TRD,TNP-ENR-DN,,7.64,C,1996-06-20,2023-05-10,,0
OHE-TNPENR-04,OHE_span,TRD,TNP-ENR-DN,,11.65,C,2011-01-08,,,0
OHE-TNPENR-05,OHE_span,TRD,TNP-ENR-DN,,7.48,C,2011-01-11,,,1
OHE-TNPENR-06,OHE_span,TRD,TNP-ENR-DN,,11.04,C,2017-01-08,,,0
AC-TNPENR-01,axle_counter,SNT,TNP-ENR-DN,,7.97,C,2012-08-24,2025-10-23,685.2,2
AC-TNPENR-02,axle_counter,SNT,TNP-ENR-DN,,8.59,C,2015-09-07,2021-03-24,441.0,1
BL-TNPENR-01,ballast,ENG,TNP-ENR-DN,,15.29,B,2021-05-27,2025-12-05,391.5,0
BL-TNPENR-02,ballast,ENG,TNP-ENR-DN,,5.97,C,2024-03-19,,443.8,1
BL-TNPENR-03,ballast,ENG,TNP-ENR-DN,,15.66,B,2025-04-30,,426.5,0
BL-TNPENR-04,ballast,ENG,TNP-ENR-DN,,7.51,C,2022-09-27,,229.8,0
CW-TNPENR-01,contact_wire,TRD,TNP-ENR-DN,,14.92,C,2003-01-15,2021-07-25,,1
CW-TNPENR-02,contact_wire,TRD,TNP-ENR-DN,,8.52,C,2016-06-27,,,0
CW-TNPENR-03,contact_wire,TRD,TNP-ENR-DN,,6.50,C,2012-05-11,2026-04-30,,1
INS-TNPENR-01,insulator,TRD,TNP-ENR-DN,,5.76,C,2023-07-28,,,0
INS-TNPENR-02,insulator,TRD,TNP-ENR-DN,,10.41,C,2014-11-14,2025-07-15,,0
MST-TNPENR-01,mast,TRD,TNP-ENR-DN,,8.27,C,1994-10-28,2022-06-03,,0
MST-TNPENR-02,mast,TRD,TNP-ENR-DN,,9.26,C,2008-12-13,,,0
MST-TNPENR-03,mast,TRD,TNP-ENR-DN,,12.88,C,1995-03-11,2023-04-24,,0
MST-TNPENR-04,mast,TRD,TNP-ENR-DN,,15.75,C,1993-05-04,2021-10-26,,1
RL-TNPENR-01,rail,ENG,TNP-ENR-DN,,6.27,B,2024-08-05,,154.1,1
RL-TNPENR-02,rail,ENG,TNP-ENR-DN,,11.28,C,2023-10-14,,174.1,0
RL-TNPENR-03,rail,ENG,TNP-ENR-DN,,9.35,B,2015-04-23,2026-03-06,1260.0,4
RL-TNPENR-04,rail,ENG,TNP-ENR-DN,,11.66,B,2013-05-12,,167.7,1
RL-TNPENR-05,rail,ENG,TNP-ENR-DN,,6.45,C,2008-09-17,2023-12-08,1195.8,1
RL-TNPENR-06,rail,ENG,TNP-ENR-DN,,11.59,C,2024-09-04,,686.0,0
RL-TNPENR-07,rail,ENG,TNP-ENR-DN,,15.48,C,2022-12-21,,772.4,0
SG-TNPENR-01,signal,SNT,TNP-ENR-DN,,11.39,B,2008-08-09,2025-10-07,,0
SG-TNPENR-02,signal,SNT,TNP-ENR-DN,,6.58,B,2009-08-22,2023-12-15,,0
SG-TNPENR-03,signal,SNT,TNP-ENR-DN,,10.46,B,2025-09-22,,,0
SG-TNPENR-04,signal,SNT,TNP-ENR-DN,,9.64,C,2010-12-15,2024-07-26,,0
SL-TNPENR-01,sleeper,ENG,TNP-ENR-DN,,12.53,C,2005-08-01,2026-02-15,1498.4,7
SL-TNPENR-02,sleeper,ENG,TNP-ENR-DN,,13.33,C,1998-08-27,2021-12-09,1386.8,2
SL-TNPENR-03,sleeper,ENG,TNP-ENR-DN,,13.82,C,1998-03-21,2021-12-13,1497.0,2
SL-TNPENR-04,sleeper,ENG,TNP-ENR-DN,,14.07,C,2003-11-24,2019-12-08,1333.2,1
TC-TNPENR-01,track_circuit,SNT,TNP-ENR-DN,,13.04,C,2014-12-12,2023-04-13,168.4,0
TC-TNPENR-02,track_circuit,SNT,TNP-ENR-DN,,14.62,C,2020-05-16,2025-07-06,559.8,0
TC-TNPENR-03,track_circuit,SNT,TNP-ENR-DN,,11.07,C,2025-08-11,,756.1,2
TC-TNPENR-04,track_circuit,SNT,TNP-ENR-DN,,15.61,C,2020-08-01,2026-03-15,310.9,1
OHE-TNPENR-07,OHE_span,TRD,TNP-ENR-UP,,7.01,C,1997-09-01,2017-01-09,,2
OHE-TNPENR-08,OHE_span,TRD,TNP-ENR-UP,,8.02,C,2019-11-13,,,0
OHE-TNPENR-09,OHE_span,TRD,TNP-ENR-UP,,11.75,C,1997-02-02,2017-08-23,,0
OHE-TNPENR-10,OHE_span,TRD,TNP-ENR-UP,,5.95,B,1997-04-16,2025-11-14,,0
OHE-TNPENR-11,OHE_span,TRD,TNP-ENR-UP,,13.49,C,2006-02-04,2025-03-28,,0
OHE-TNPENR-12,OHE_span,TRD,TNP-ENR-UP,,12.65,C,2017-02-09,,,0
AC-TNPENR-03,axle_counter,SNT,TNP-ENR-UP,,8.10,C,2017-10-02,2026-02-15,847.8,1
AC-TNPENR-04,axle_counter,SNT,TNP-ENR-UP,,15.55,C,2023-05-16,,92.9,1
BL-TNPENR-05,ballast,ENG,TNP-ENR-UP,,8.70,C,2019-05-13,2025-03-11,367.1,0
BL-TNPENR-06,ballast,ENG,TNP-ENR-UP,,10.39,C,2016-03-18,2026-06-23,565.1,3
BL-TNPENR-07,ballast,ENG,TNP-ENR-UP,,8.82,B,2024-11-18,,482.4,0
BL-TNPENR-08,ballast,ENG,TNP-ENR-UP,,10.75,C,2019-08-25,2025-01-20,677.2,0
CW-TNPENR-04,contact_wire,TRD,TNP-ENR-UP,,8.79,C,2024-07-06,,,0
CW-TNPENR-05,contact_wire,TRD,TNP-ENR-UP,,9.85,C,2024-08-01,,,0
CW-TNPENR-06,contact_wire,TRD,TNP-ENR-UP,,15.66,C,2008-06-22,2022-01-18,,0
INS-TNPENR-03,insulator,TRD,TNP-ENR-UP,,11.98,B,2025-09-03,,,0
INS-TNPENR-04,insulator,TRD,TNP-ENR-UP,,10.65,C,2016-08-21,2024-09-27,,0
MST-TNPENR-05,mast,TRD,TNP-ENR-UP,,9.37,C,2014-11-14,,,0
MST-TNPENR-06,mast,TRD,TNP-ENR-UP,,10.78,C,2012-01-09,,,0
MST-TNPENR-07,mast,TRD,TNP-ENR-UP,,8.34,C,2020-06-05,,,0
MST-TNPENR-08,mast,TRD,TNP-ENR-UP,,8.17,B,2016-04-12,,,0
RL-TNPENR-08,rail,ENG,TNP-ENR-UP,,12.52,C,2005-04-08,2021-09-24,994.3,3
RL-TNPENR-09,rail,ENG,TNP-ENR-UP,,11.72,B,2013-04-09,2025-08-08,434.7,0
RL-TNPENR-10,rail,ENG,TNP-ENR-UP,,6.80,C,2007-04-22,2019-10-21,781.3,2
RL-TNPENR-11,rail,ENG,TNP-ENR-UP,,10.12,B,2012-06-09,2025-12-01,211.9,1
RL-TNPENR-12,rail,ENG,TNP-ENR-UP,,8.70,B,2011-03-23,2026-04-26,614.7,1
RL-TNPENR-13,rail,ENG,TNP-ENR-UP,,10.34,B,2010-07-20,2024-04-11,69.9,0
RL-TNPENR-14,rail,ENG,TNP-ENR-UP,,9.38,B,2012-06-13,2021-01-18,1057.5,4
SG-TNPENR-05,signal,SNT,TNP-ENR-UP,,8.16,C,2015-01-05,2026-01-14,,0
SG-TNPENR-06,signal,SNT,TNP-ENR-UP,,10.69,B,2011-11-09,2026-06-20,,0
SG-TNPENR-07,signal,SNT,TNP-ENR-UP,,12.81,B,2016-03-23,,,3
SG-TNPENR-08,signal,SNT,TNP-ENR-UP,,15.38,B,2010-05-06,2021-10-28,,1
SL-TNPENR-05,sleeper,ENG,TNP-ENR-UP,,9.81,C,2011-05-31,2025-02-11,1199.1,1
SL-TNPENR-06,sleeper,ENG,TNP-ENR-UP,,8.76,C,1995-12-13,2010-10-03,1341.9,1
SL-TNPENR-07,sleeper,ENG,TNP-ENR-UP,,14.74,C,2000-05-20,2019-12-21,1687.4,2
SL-TNPENR-08,sleeper,ENG,TNP-ENR-UP,,7.41,C,2002-11-07,2026-02-18,1524.2,3
TC-TNPENR-05,track_circuit,SNT,TNP-ENR-UP,,15.24,C,2013-11-03,2018-12-26,321.6,0
TC-TNPENR-06,track_circuit,SNT,TNP-ENR-UP,,14.94,C,2024-06-19,,94.7,0
TC-TNPENR-07,track_circuit,SNT,TNP-ENR-UP,,6.72,C,2012-07-29,2025-05-10,236.3,1
TC-TNPENR-08,track_circuit,SNT,TNP-ENR-UP,,12.11,C,2025-10-13,,573.0,1
OHE-TRLAJJ-01,OHE_span,TRD,TRL-AJJ-DN,,60.45,B,2006-01-05,2025-04-03,,1
OHE-TRLAJJ-02,OHE_span,TRD,TRL-AJJ-DN,,56.41,B,2003-08-14,2023-10-04,,1
OHE-TRLAJJ-03,OHE_span,TRD,TRL-AJJ-DN,,53.59,C,2007-02-07,2026-05-17,,0
OHE-TRLAJJ-04,OHE_span,TRD,TRL-AJJ-DN,,43.84,B,2014-04-22,,,0
OHE-TRLAJJ-05,OHE_span,TRD,TRL-AJJ-DN,,58.70,C,2021-03-18,,,0
OHE-TRLAJJ-06,OHE_span,TRD,TRL-AJJ-DN,,65.19,C,2022-01-19,,,0
OHE-TRLAJJ-07,OHE_span,TRD,TRL-AJJ-DN,,57.31,C,2025-01-19,,,1
OHE-TRLAJJ-08,OHE_span,TRD,TRL-AJJ-DN,,47.32,B,2008-09-02,,,0
OHE-TRLAJJ-09,OHE_span,TRD,TRL-AJJ-DN,,60.59,C,2023-11-22,,,0
OHE-TRLAJJ-10,OHE_span,TRD,TRL-AJJ-DN,,51.03,C,2016-05-05,,,0
OHE-TRLAJJ-11,OHE_span,TRD,TRL-AJJ-DN,,62.76,C,2016-01-18,,,0
OHE-TRLAJJ-12,OHE_span,TRD,TRL-AJJ-DN,,48.83,C,1997-01-24,2024-10-13,,1
OHE-TRLAJJ-13,OHE_span,TRD,TRL-AJJ-DN,,47.01,B,2015-10-21,,,0
AC-TRLAJJ-01,axle_counter,SNT,TRL-AJJ-DN,,63.58,B,2019-06-20,2025-08-03,471.4,0
AC-TRLAJJ-02,axle_counter,SNT,TRL-AJJ-DN,,53.48,B,2023-04-24,,167.5,0
AC-TRLAJJ-03,axle_counter,SNT,TRL-AJJ-DN,,60.36,B,2024-09-10,,217.8,0
AC-TRLAJJ-04,axle_counter,SNT,TRL-AJJ-DN,,51.79,B,2020-07-04,,106.8,0
AC-TRLAJJ-05,axle_counter,SNT,TRL-AJJ-DN,,62.43,C,2025-05-17,,353.1,1
BL-TRLAJJ-01,ballast,ENG,TRL-AJJ-DN,,54.23,B,2022-03-11,,29.4,0
BL-TRLAJJ-02,ballast,ENG,TRL-AJJ-DN,,52.00,B,2016-03-14,2025-01-26,151.0,0
BL-TRLAJJ-03,ballast,ENG,TRL-AJJ-DN,,62.14,C,2023-10-10,,432.2,0
BL-TRLAJJ-04,ballast,ENG,TRL-AJJ-DN,,49.96,B,2018-05-10,2025-02-06,410.9,0
BL-TRLAJJ-05,ballast,ENG,TRL-AJJ-DN,,47.37,C,2020-10-28,,177.0,1
BL-TRLAJJ-06,ballast,ENG,TRL-AJJ-DN,,61.78,C,2025-08-25,,264.7,0
BL-TRLAJJ-07,ballast,ENG,TRL-AJJ-DN,,55.32,C,2025-05-18,,148.2,0
BL-TRLAJJ-08,ballast,ENG,TRL-AJJ-DN,,54.82,C,2025-07-19,,364.6,0
BL-TRLAJJ-09,ballast,ENG,TRL-AJJ-DN,,56.70,C,2017-09-16,2024-05-15,94.1,1
CW-TRLAJJ-01,contact_wire,TRD,TRL-AJJ-DN,,63.34,B,2021-07-19,,,0
CW-TRLAJJ-02,contact_wire,TRD,TRL-AJJ-DN,,50.75,B,2006-02-07,2021-03-23,,1
CW-TRLAJJ-03,contact_wire,TRD,TRL-AJJ-DN,,67.30,B,2025-02-26,,,0
CW-TRLAJJ-04,contact_wire,TRD,TRL-AJJ-DN,,54.22,B,2013-03-10,,,0
CW-TRLAJJ-05,contact_wire,TRD,TRL-AJJ-DN,,60.52,A,2024-10-11,,,1
CW-TRLAJJ-06,contact_wire,TRD,TRL-AJJ-DN,,58.58,B,2013-04-19,,,0
CW-TRLAJJ-07,contact_wire,TRD,TRL-AJJ-DN,,51.57,B,2012-10-04,2026-05-04,,0
INS-TRLAJJ-01,insulator,TRD,TRL-AJJ-DN,,49.85,C,2018-07-20,,,1
INS-TRLAJJ-02,insulator,TRD,TRL-AJJ-DN,,50.96,C,2017-10-06,2026-03-14,,0
INS-TRLAJJ-03,insulator,TRD,TRL-AJJ-DN,,56.04,B,2020-07-09,,,1
INS-TRLAJJ-04,insulator,TRD,TRL-AJJ-DN,,67.30,C,2017-09-02,2026-04-17,,0
INS-TRLAJJ-05,insulator,TRD,TRL-AJJ-DN,,50.18,C,2023-10-26,,,0
INS-TRLAJJ-06,insulator,TRD,TRL-AJJ-DN,,54.21,B,2022-06-25,,,1
MST-TRLAJJ-01,mast,TRD,TRL-AJJ-DN,,52.00,C,2001-11-02,2026-05-12,,1
MST-TRLAJJ-02,mast,TRD,TRL-AJJ-DN,,55.57,C,1994-02-22,2021-07-29,,0
MST-TRLAJJ-03,mast,TRD,TRL-AJJ-DN,,65.09,C,1986-10-13,2025-11-05,,0
MST-TRLAJJ-04,mast,TRD,TRL-AJJ-DN,,65.68,C,2012-01-19,,,1
MST-TRLAJJ-05,mast,TRD,TRL-AJJ-DN,,47.06,C,2005-03-21,,,0
MST-TRLAJJ-06,mast,TRD,TRL-AJJ-DN,,52.98,B,2019-06-26,,,0
MST-TRLAJJ-07,mast,TRD,TRL-AJJ-DN,,64.65,B,1994-08-06,2023-12-15,,2
MST-TRLAJJ-08,mast,TRD,TRL-AJJ-DN,,64.36,C,2016-09-03,,,0
MST-TRLAJJ-09,mast,TRD,TRL-AJJ-DN,,55.11,C,2002-04-01,,,1
MST-TRLAJJ-10,mast,TRD,TRL-AJJ-DN,,53.69,C,1986-02-24,2024-02-24,,1
MST-TRLAJJ-11,mast,TRD,TRL-AJJ-DN,,60.67,C,2025-06-23,,,1
RL-TRLAJJ-01,rail,ENG,TRL-AJJ-DN,,59.60,B,2021-07-26,,245.1,0
RL-TRLAJJ-02,rail,ENG,TRL-AJJ-DN,,58.74,B,2025-04-13,,896.8,1
RL-TRLAJJ-03,rail,ENG,TRL-AJJ-DN,,50.44,B,2015-03-23,2024-12-25,298.1,1
RL-TRLAJJ-04,rail,ENG,TRL-AJJ-DN,,58.81,B,2023-06-14,,348.4,1
RL-TRLAJJ-05,rail,ENG,TRL-AJJ-DN,,48.77,B,2025-11-10,,707.1,0
RL-TRLAJJ-06,rail,ENG,TRL-AJJ-DN,,54.19,B,2016-03-19,2025-08-31,723.4,0
RL-TRLAJJ-07,rail,ENG,TRL-AJJ-DN,,51.68,B,2009-07-17,2021-09-16,250.4,1
RL-TRLAJJ-08,rail,ENG,TRL-AJJ-DN,,65.97,C,2011-08-30,2022-05-07,553.3,1
RL-TRLAJJ-09,rail,ENG,TRL-AJJ-DN,,54.88,B,2003-01-07,2011-11-20,321.2,1
RL-TRLAJJ-10,rail,ENG,TRL-AJJ-DN,,55.74,B,2003-01-01,2025-10-16,573.6,0
RL-TRLAJJ-11,rail,ENG,TRL-AJJ-DN,,52.02,B,2021-11-02,,391.8,0
RL-TRLAJJ-12,rail,ENG,TRL-AJJ-DN,,62.08,B,2022-05-15,,79.7,1
RL-TRLAJJ-13,rail,ENG,TRL-AJJ-DN,,49.36,A,2004-10-19,2021-11-02,42.3,0
RL-TRLAJJ-14,rail,ENG,TRL-AJJ-DN,,49.43,B,2016-04-05,2026-04-23,863.5,1
RL-TRLAJJ-15,rail,ENG,TRL-AJJ-DN,,50.61,B,2013-10-03,,114.9,1
RL-TRLAJJ-16,rail,ENG,TRL-AJJ-DN,,57.75,B,2008-04-04,2025-03-16,878.6,0
RL-TRLAJJ-17,rail,ENG,TRL-AJJ-DN,,47.96,A,2026-01-13,,905.3,3
SG-TRLAJJ-01,signal,SNT,TRL-AJJ-DN,,50.66,A,2023-11-27,,,1
SG-TRLAJJ-02,signal,SNT,TRL-AJJ-DN,,59.49,B,2021-08-03,,,0
SG-TRLAJJ-03,signal,SNT,TRL-AJJ-DN,,65.69,A,2009-02-20,2020-03-11,,1
SG-TRLAJJ-04,signal,SNT,TRL-AJJ-DN,,66.46,B,2008-03-24,2025-04-12,,3
SG-TRLAJJ-05,signal,SNT,TRL-AJJ-DN,,59.28,B,2022-05-24,,,1
SG-TRLAJJ-06,signal,SNT,TRL-AJJ-DN,,45.30,B,2018-12-10,,,0
SG-TRLAJJ-07,signal,SNT,TRL-AJJ-DN,,42.84,C,2022-09-18,,,0
SG-TRLAJJ-08,signal,SNT,TRL-AJJ-DN,,48.42,B,2025-04-24,,,0
SG-TRLAJJ-09,signal,SNT,TRL-AJJ-DN,,67.76,B,2010-07-03,2024-04-14,,0
SL-TRLAJJ-01,sleeper,ENG,TRL-AJJ-DN,,45.50,C,2016-03-08,,100.9,1
SL-TRLAJJ-02,sleeper,ENG,TRL-AJJ-DN,,47.26,C,1999-02-05,2024-03-18,1338.6,5
SL-TRLAJJ-03,sleeper,ENG,TRL-AJJ-DN,,50.21,B,2018-05-27,,936.0,1
SL-TRLAJJ-04,sleeper,ENG,TRL-AJJ-DN,,66.91,C,1990-07-11,2025-02-27,698.1,1
SL-TRLAJJ-05,sleeper,ENG,TRL-AJJ-DN,,62.43,B,1991-07-30,2006-03-07,1417.9,1
SL-TRLAJJ-06,sleeper,ENG,TRL-AJJ-DN,,45.45,B,2025-03-16,,357.8,1
SL-TRLAJJ-07,sleeper,ENG,TRL-AJJ-DN,,63.92,C,2014-12-17,,939.3,3
SL-TRLAJJ-08,sleeper,ENG,TRL-AJJ-DN,,64.28,B,2008-01-25,2022-03-29,585.7,2
SL-TRLAJJ-09,sleeper,ENG,TRL-AJJ-DN,,51.67,C,2013-08-31,,216.9,0
TC-TRLAJJ-01,track_circuit,SNT,TRL-AJJ-DN,,50.54,C,2021-05-20,2026-06-02,526.6,0
TC-TRLAJJ-02,track_circuit,SNT,TRL-AJJ-DN,,48.29,B,2014-10-11,2021-01-14,389.7,3
TC-TRLAJJ-03,track_circuit,SNT,TRL-AJJ-DN,,48.39,C,2016-07-07,2022-05-25,425.1,1
TC-TRLAJJ-04,track_circuit,SNT,TRL-AJJ-DN,,57.01,C,2025-10-04,,400.2,1
TC-TRLAJJ-05,track_circuit,SNT,TRL-AJJ-DN,,64.91,B,2019-09-07,,168.6,1
TC-TRLAJJ-06,track_circuit,SNT,TRL-AJJ-DN,,54.28,C,2018-04-26,2026-05-04,23.7,0
TC-TRLAJJ-07,track_circuit,SNT,TRL-AJJ-DN,,63.58,C,2017-04-26,2025-07-01,523.5,0
TC-TRLAJJ-08,track_circuit,SNT,TRL-AJJ-DN,,45.33,C,2022-01-29,,96.5,0
TC-TRLAJJ-09,track_circuit,SNT,TRL-AJJ-DN,,49.29,C,2020-03-03,2026-02-14,248.6,0
TC-TRLAJJ-10,track_circuit,SNT,TRL-AJJ-DN,,45.36,C,2020-11-04,2026-03-27,288.0,0
TC-TRLAJJ-11,track_circuit,SNT,TRL-AJJ-DN,,49.06,B,2016-08-08,2026-01-19,480.4,1
OHE-TRLAJJ-14,OHE_span,TRD,TRL-AJJ-DN_SUB,,53.23,C,2015-04-07,,,0
OHE-TRLAJJ-15,OHE_span,TRD,TRL-AJJ-DN_SUB,,52.70,C,2007-08-13,,,0
OHE-TRLAJJ-16,OHE_span,TRD,TRL-AJJ-DN_SUB,,49.82,C,2011-05-01,,,0
OHE-TRLAJJ-17,OHE_span,TRD,TRL-AJJ-DN_SUB,,43.76,C,2017-11-19,,,0
OHE-TRLAJJ-18,OHE_span,TRD,TRL-AJJ-DN_SUB,,48.70,B,2014-10-18,,,1
OHE-TRLAJJ-19,OHE_span,TRD,TRL-AJJ-DN_SUB,,47.55,C,2008-02-22,,,0
OHE-TRLAJJ-20,OHE_span,TRD,TRL-AJJ-DN_SUB,,64.40,C,2014-07-14,,,0
OHE-TRLAJJ-21,OHE_span,TRD,TRL-AJJ-DN_SUB,,47.96,C,2008-10-22,,,1
OHE-TRLAJJ-22,OHE_span,TRD,TRL-AJJ-DN_SUB,,50.64,C,2021-11-27,,,0
OHE-TRLAJJ-23,OHE_span,TRD,TRL-AJJ-DN_SUB,,45.03,C,2001-10-31,2025-02-09,,0
OHE-TRLAJJ-24,OHE_span,TRD,TRL-AJJ-DN_SUB,,62.35,C,2002-07-19,2022-06-23,,0
OHE-TRLAJJ-25,OHE_span,TRD,TRL-AJJ-DN_SUB,,65.31,C,2003-03-30,2024-04-14,,0
OHE-TRLAJJ-26,OHE_span,TRD,TRL-AJJ-DN_SUB,,60.79,C,2017-08-10,,,0
AC-TRLAJJ-06,axle_counter,SNT,TRL-AJJ-DN_SUB,,49.97,C,2022-04-10,,69.6,0
AC-TRLAJJ-07,axle_counter,SNT,TRL-AJJ-DN_SUB,,66.91,C,2020-01-20,,29.7,0
AC-TRLAJJ-08,axle_counter,SNT,TRL-AJJ-DN_SUB,,67.96,C,2024-05-25,,42.0,0
AC-TRLAJJ-09,axle_counter,SNT,TRL-AJJ-DN_SUB,,67.69,C,2017-05-15,2025-12-24,69.1,1
AC-TRLAJJ-10,axle_counter,SNT,TRL-AJJ-DN_SUB,,67.85,C,2018-01-31,2026-04-06,17.0,0
BL-TRLAJJ-10,ballast,ENG,TRL-AJJ-DN_SUB,,64.26,C,2020-10-11,,34.1,0
BL-TRLAJJ-11,ballast,ENG,TRL-AJJ-DN_SUB,,66.41,C,2024-03-28,,8.0,0
BL-TRLAJJ-12,ballast,ENG,TRL-AJJ-DN_SUB,,56.03,C,2024-08-14,,24.6,1
BL-TRLAJJ-13,ballast,ENG,TRL-AJJ-DN_SUB,,51.06,C,2020-02-03,,47.1,0
BL-TRLAJJ-14,ballast,ENG,TRL-AJJ-DN_SUB,,56.61,C,2020-06-17,,50.3,0
BL-TRLAJJ-15,ballast,ENG,TRL-AJJ-DN_SUB,,60.68,C,2020-12-29,,41.0,0
BL-TRLAJJ-16,ballast,ENG,TRL-AJJ-DN_SUB,,45.26,C,2017-02-11,2023-12-02,30.8,0
BL-TRLAJJ-17,ballast,ENG,TRL-AJJ-DN_SUB,,51.05,C,2020-06-03,,18.6,1
BL-TRLAJJ-18,ballast,ENG,TRL-AJJ-DN_SUB,,58.83,C,2022-05-11,,26.9,0
CW-TRLAJJ-08,contact_wire,TRD,TRL-AJJ-DN_SUB,,58.72,C,2025-12-16,,,0
CW-TRLAJJ-09,contact_wire,TRD,TRL-AJJ-DN_SUB,,42.53,C,2013-04-20,,,1
CW-TRLAJJ-10,contact_wire,TRD,TRL-AJJ-DN_SUB,,57.69,C,2011-10-30,2026-01-12,,0
CW-TRLAJJ-11,contact_wire,TRD,TRL-AJJ-DN_SUB,,65.07,C,2025-04-24,,,1
CW-TRLAJJ-12,contact_wire,TRD,TRL-AJJ-DN_SUB,,64.64,C,2022-11-15,,,1
CW-TRLAJJ-13,contact_wire,TRD,TRL-AJJ-DN_SUB,,58.05,B,2011-05-24,2025-10-25,,2
CW-TRLAJJ-14,contact_wire,TRD,TRL-AJJ-DN_SUB,,46.06,B,2012-01-14,2026-03-31,,1
INS-TRLAJJ-07,insulator,TRD,TRL-AJJ-DN_SUB,,67.12,C,2020-03-20,,,1
INS-TRLAJJ-08,insulator,TRD,TRL-AJJ-DN_SUB,,46.12,C,2019-07-20,,,0
INS-TRLAJJ-09,insulator,TRD,TRL-AJJ-DN_SUB,,44.32,C,2014-04-18,2024-03-26,,0
INS-TRLAJJ-10,insulator,TRD,TRL-AJJ-DN_SUB,,52.67,C,2022-01-14,,,0
INS-TRLAJJ-11,insulator,TRD,TRL-AJJ-DN_SUB,,60.83,C,2023-08-16,,,0
INS-TRLAJJ-12,insulator,TRD,TRL-AJJ-DN_SUB,,61.56,C,2021-03-28,,,0
MST-TRLAJJ-12,mast,TRD,TRL-AJJ-DN_SUB,,59.31,C,2020-12-14,,,0
MST-TRLAJJ-13,mast,TRD,TRL-AJJ-DN_SUB,,62.89,C,2018-06-18,,,1
MST-TRLAJJ-14,mast,TRD,TRL-AJJ-DN_SUB,,44.08,C,1994-12-01,2021-08-02,,2
MST-TRLAJJ-15,mast,TRD,TRL-AJJ-DN_SUB,,52.21,B,2007-02-08,,,1
MST-TRLAJJ-16,mast,TRD,TRL-AJJ-DN_SUB,,67.68,C,1995-10-22,2025-12-12,,1
MST-TRLAJJ-17,mast,TRD,TRL-AJJ-DN_SUB,,54.51,C,2004-09-29,,,0
MST-TRLAJJ-18,mast,TRD,TRL-AJJ-DN_SUB,,60.67,C,2022-11-01,,,0
MST-TRLAJJ-19,mast,TRD,TRL-AJJ-DN_SUB,,62.19,C,2011-03-02,,,0
MST-TRLAJJ-20,mast,TRD,TRL-AJJ-DN_SUB,,44.86,C,2010-11-09,,,1
MST-TRLAJJ-21,mast,TRD,TRL-AJJ-DN_SUB,,67.33,C,1989-05-29,2022-03-07,,0
MST-TRLAJJ-22,mast,TRD,TRL-AJJ-DN_SUB,,48.48,C,2016-12-08,,,0
RL-TRLAJJ-18,rail,ENG,TRL-AJJ-DN_SUB,,59.84,C,2013-06-29,,71.4,0
RL-TRLAJJ-19,rail,ENG,TRL-AJJ-DN_SUB,,42.64,C,2009-04-07,2025-08-06,25.2,2
RL-TRLAJJ-20,rail,ENG,TRL-AJJ-DN_SUB,,54.80,C,2023-09-27,,78.5,0
RL-TRLAJJ-21,rail,ENG,TRL-AJJ-DN_SUB,,59.05,C,2015-10-13,,12.3,0
RL-TRLAJJ-22,rail,ENG,TRL-AJJ-DN_SUB,,51.15,C,2016-04-24,,86.9,0
RL-TRLAJJ-23,rail,ENG,TRL-AJJ-DN_SUB,,57.75,B,2014-06-17,,112.4,1
RL-TRLAJJ-24,rail,ENG,TRL-AJJ-DN_SUB,,44.20,C,2013-08-19,,93.1,2
RL-TRLAJJ-25,rail,ENG,TRL-AJJ-DN_SUB,,51.69,C,2014-01-18,,76.2,0
RL-TRLAJJ-26,rail,ENG,TRL-AJJ-DN_SUB,,66.64,C,2008-11-17,2025-09-10,53.1,0
RL-TRLAJJ-27,rail,ENG,TRL-AJJ-DN_SUB,,47.74,C,2021-11-04,,61.5,0
RL-TRLAJJ-28,rail,ENG,TRL-AJJ-DN_SUB,,50.12,C,2004-11-05,2020-05-13,120.5,0
RL-TRLAJJ-29,rail,ENG,TRL-AJJ-DN_SUB,,59.66,C,2020-11-17,,114.9,0
RL-TRLAJJ-30,rail,ENG,TRL-AJJ-DN_SUB,,59.82,B,2010-06-02,2025-12-09,44.3,0
RL-TRLAJJ-31,rail,ENG,TRL-AJJ-DN_SUB,,43.07,B,2011-08-01,2025-12-16,75.6,1
RL-TRLAJJ-32,rail,ENG,TRL-AJJ-DN_SUB,,50.20,C,2003-03-22,2022-07-12,23.5,0
RL-TRLAJJ-33,rail,ENG,TRL-AJJ-DN_SUB,,45.95,B,2015-04-18,,8.8,0
RL-TRLAJJ-34,rail,ENG,TRL-AJJ-DN_SUB,,43.62,C,2008-03-29,2023-10-12,49.0,0
SG-TRLAJJ-10,signal,SNT,TRL-AJJ-DN_SUB,,55.27,C,2007-11-25,2021-09-22,,0
SG-TRLAJJ-11,signal,SNT,TRL-AJJ-DN_SUB,,58.45,B,2010-04-18,2022-04-30,,4
SG-TRLAJJ-12,signal,SNT,TRL-AJJ-DN_SUB,,48.87,C,2025-05-24,,,0
SG-TRLAJJ-13,signal,SNT,TRL-AJJ-DN_SUB,,64.52,C,2012-07-03,2024-05-23,,1
SG-TRLAJJ-14,signal,SNT,TRL-AJJ-DN_SUB,,53.64,B,2014-07-20,2025-09-18,,0
SG-TRLAJJ-15,signal,SNT,TRL-AJJ-DN_SUB,,48.56,B,2008-04-15,2024-05-12,,0
SG-TRLAJJ-16,signal,SNT,TRL-AJJ-DN_SUB,,53.17,C,2012-07-11,2025-09-05,,0
SG-TRLAJJ-17,signal,SNT,TRL-AJJ-DN_SUB,,58.52,B,2015-05-07,2026-01-27,,1
SG-TRLAJJ-18,signal,SNT,TRL-AJJ-DN_SUB,,67.41,C,2010-10-19,2026-02-23,,0
SL-TRLAJJ-10,sleeper,ENG,TRL-AJJ-DN_SUB,,52.98,C,1995-07-27,2020-01-15,60.4,0
SL-TRLAJJ-11,sleeper,ENG,TRL-AJJ-DN_SUB,,55.86,C,1991-03-04,2015-01-05,38.7,0
SL-TRLAJJ-12,sleeper,ENG,TRL-AJJ-DN_SUB,,66.38,C,2002-01-01,2026-01-05,146.3,2
SL-TRLAJJ-13,sleeper,ENG,TRL-AJJ-DN_SUB,,51.72,C,1991-09-26,2025-12-07,169.9,0
SL-TRLAJJ-14,sleeper,ENG,TRL-AJJ-DN_SUB,,42.96,C,2011-01-04,,53.0,1
SL-TRLAJJ-15,sleeper,ENG,TRL-AJJ-DN_SUB,,63.88,C,2015-09-22,,85.5,0
SL-TRLAJJ-16,sleeper,ENG,TRL-AJJ-DN_SUB,,67.57,C,1998-12-29,2025-09-04,60.0,0
SL-TRLAJJ-17,sleeper,ENG,TRL-AJJ-DN_SUB,,55.71,C,2024-03-30,,106.4,0
SL-TRLAJJ-18,sleeper,ENG,TRL-AJJ-DN_SUB,,56.71,C,2014-05-19,,151.8,0
TC-TRLAJJ-12,track_circuit,SNT,TRL-AJJ-DN_SUB,,57.24,C,2024-11-11,,56.4,0
TC-TRLAJJ-13,track_circuit,SNT,TRL-AJJ-DN_SUB,,43.00,C,2016-09-03,2026-01-04,27.9,0
TC-TRLAJJ-14,track_circuit,SNT,TRL-AJJ-DN_SUB,,60.26,C,2014-10-18,2024-07-23,18.3,0
TC-TRLAJJ-15,track_circuit,SNT,TRL-AJJ-DN_SUB,,46.25,C,2020-06-03,,31.0,0
TC-TRLAJJ-16,track_circuit,SNT,TRL-AJJ-DN_SUB,,45.26,C,2021-10-23,,47.1,1
TC-TRLAJJ-17,track_circuit,SNT,TRL-AJJ-DN_SUB,,48.60,C,2012-12-12,2023-01-14,50.4,1
TC-TRLAJJ-18,track_circuit,SNT,TRL-AJJ-DN_SUB,,59.47,C,2024-09-09,,30.1,0
TC-TRLAJJ-19,track_circuit,SNT,TRL-AJJ-DN_SUB,,60.43,C,2020-11-12,,21.0,0
TC-TRLAJJ-20,track_circuit,SNT,TRL-AJJ-DN_SUB,,57.00,C,2025-06-28,,64.6,1
TC-TRLAJJ-21,track_circuit,SNT,TRL-AJJ-DN_SUB,,48.37,C,2014-09-17,2025-11-24,46.6,0
TC-TRLAJJ-22,track_circuit,SNT,TRL-AJJ-DN_SUB,,47.80,C,2023-07-20,,52.7,1
OHE-TRLAJJ-27,OHE_span,TRD,TRL-AJJ-UP,,57.26,B,2010-03-05,,,0
OHE-TRLAJJ-28,OHE_span,TRD,TRL-AJJ-UP,,51.58,B,2001-09-30,2022-01-11,,1
OHE-TRLAJJ-29,OHE_span,TRD,TRL-AJJ-UP,,55.75,C,1996-07-20,2019-11-01,,0
OHE-TRLAJJ-30,OHE_span,TRD,TRL-AJJ-UP,,57.11,C,2007-07-30,,,1
OHE-TRLAJJ-31,OHE_span,TRD,TRL-AJJ-UP,,65.97,C,2021-11-28,,,1
OHE-TRLAJJ-32,OHE_span,TRD,TRL-AJJ-UP,,67.47,B,2006-04-30,2026-01-27,,2
OHE-TRLAJJ-33,OHE_span,TRD,TRL-AJJ-UP,,45.80,C,2014-12-25,,,1
OHE-TRLAJJ-34,OHE_span,TRD,TRL-AJJ-UP,,54.68,B,2011-01-30,,,1
OHE-TRLAJJ-35,OHE_span,TRD,TRL-AJJ-UP,,54.33,C,2000-12-26,2024-07-16,,0
OHE-TRLAJJ-36,OHE_span,TRD,TRL-AJJ-UP,,58.30,C,2001-01-05,2021-01-12,,1
OHE-TRLAJJ-37,OHE_span,TRD,TRL-AJJ-UP,,47.07,B,2025-04-12,,,0
OHE-TRLAJJ-38,OHE_span,TRD,TRL-AJJ-UP,,45.89,B,1995-03-27,2021-02-10,,0
OHE-TRLAJJ-39,OHE_span,TRD,TRL-AJJ-UP,,54.99,C,1993-08-28,2024-11-17,,0
AC-TRLAJJ-11,axle_counter,SNT,TRL-AJJ-UP,,54.56,B,2022-10-17,,367.6,1
AC-TRLAJJ-12,axle_counter,SNT,TRL-AJJ-UP,,43.04,C,2014-04-15,2026-06-16,283.3,0
AC-TRLAJJ-13,axle_counter,SNT,TRL-AJJ-UP,,60.20,C,2014-07-24,2020-05-14,273.0,0
AC-TRLAJJ-14,axle_counter,SNT,TRL-AJJ-UP,,55.85,B,2021-01-03,,127.1,2
AC-TRLAJJ-15,axle_counter,SNT,TRL-AJJ-UP,,65.91,B,2014-04-15,2023-11-13,185.7,0
BL-TRLAJJ-19,ballast,ENG,TRL-AJJ-UP,,54.20,C,2022-07-20,,178.7,1
BL-TRLAJJ-20,ballast,ENG,TRL-AJJ-UP,,66.19,B,2016-10-16,2025-02-23,329.0,0
BL-TRLAJJ-21,ballast,ENG,TRL-AJJ-UP,,51.26,B,2023-04-18,,42.6,1
BL-TRLAJJ-22,ballast,ENG,TRL-AJJ-UP,,53.02,C,2020-09-13,2024-12-03,292.9,1
BL-TRLAJJ-23,ballast,ENG,TRL-AJJ-UP,,59.34,B,2021-10-12,2025-10-24,319.4,0
BL-TRLAJJ-24,ballast,ENG,TRL-AJJ-UP,,61.53,B,2016-09-27,2025-09-20,76.6,0
BL-TRLAJJ-25,ballast,ENG,TRL-AJJ-UP,,57.41,C,2018-01-31,2026-01-04,375.0,1
BL-TRLAJJ-26,ballast,ENG,TRL-AJJ-UP,,65.02,B,2016-08-20,2022-06-07,423.4,0
BL-TRLAJJ-27,ballast,ENG,TRL-AJJ-UP,,44.40,C,2018-11-15,2025-07-24,56.4,0
CW-TRLAJJ-15,contact_wire,TRD,TRL-AJJ-UP,,46.04,B,2025-12-31,,,0
CW-TRLAJJ-16,contact_wire,TRD,TRL-AJJ-UP,,47.48,B,2022-06-23,,,0
CW-TRLAJJ-17,contact_wire,TRD,TRL-AJJ-UP,,64.63,C,2010-09-15,2026-01-22,,0
CW-TRLAJJ-18,contact_wire,TRD,TRL-AJJ-UP,,64.40,B,2019-04-15,,,1
CW-TRLAJJ-19,contact_wire,TRD,TRL-AJJ-UP,,67.29,B,2019-03-17,,,0
CW-TRLAJJ-20,contact_wire,TRD,TRL-AJJ-UP,,53.37,B,2003-10-31,2018-11-10,,1
CW-TRLAJJ-21,contact_wire,TRD,TRL-AJJ-UP,,56.26,B,2004-04-08,2019-03-04,,3
INS-TRLAJJ-13,insulator,TRD,TRL-AJJ-UP,,54.04,B,2022-03-21,,,0
INS-TRLAJJ-14,insulator,TRD,TRL-AJJ-UP,,59.96,B,2019-01-13,,,0
INS-TRLAJJ-15,insulator,TRD,TRL-AJJ-UP,,54.22,B,2014-10-31,2025-01-26,,0
INS-TRLAJJ-16,insulator,TRD,TRL-AJJ-UP,,46.02,C,2019-12-25,,,0
INS-TRLAJJ-17,insulator,TRD,TRL-AJJ-UP,,67.45,C,2012-09-15,2025-12-21,,1
INS-TRLAJJ-18,insulator,TRD,TRL-AJJ-UP,,62.30,C,2015-05-09,2025-10-21,,1
MST-TRLAJJ-23,mast,TRD,TRL-AJJ-UP,,59.77,B,2017-11-04,,,0
MST-TRLAJJ-24,mast,TRD,TRL-AJJ-UP,,63.98,C,2015-01-25,,,1
MST-TRLAJJ-25,mast,TRD,TRL-AJJ-UP,,59.10,B,1998-07-16,2023-03-12,,1
MST-TRLAJJ-26,mast,TRD,TRL-AJJ-UP,,43.09,C,1990-12-19,2025-02-22,,0
MST-TRLAJJ-27,mast,TRD,TRL-AJJ-UP,,48.71,B,2015-09-02,,,1
MST-TRLAJJ-28,mast,TRD,TRL-AJJ-UP,,50.31,C,2024-05-14,,,0
MST-TRLAJJ-29,mast,TRD,TRL-AJJ-UP,,57.75,B,2015-02-04,,,0
MST-TRLAJJ-30,mast,TRD,TRL-AJJ-UP,,47.33,C,1986-06-17,2024-09-24,,0
MST-TRLAJJ-31,mast,TRD,TRL-AJJ-UP,,65.96,C,2004-05-21,,,0
MST-TRLAJJ-32,mast,TRD,TRL-AJJ-UP,,54.79,C,2021-02-01,,,0
MST-TRLAJJ-33,mast,TRD,TRL-AJJ-UP,,43.53,B,2026-01-28,,,0
RL-TRLAJJ-35,rail,ENG,TRL-AJJ-UP,,54.67,B,2017-07-30,,55.9,2
RL-TRLAJJ-36,rail,ENG,TRL-AJJ-UP,,58.20,B,2012-10-02,2025-07-10,797.5,1
RL-TRLAJJ-37,rail,ENG,TRL-AJJ-UP,,62.96,B,2015-01-22,2025-09-14,313.1,0
RL-TRLAJJ-38,rail,ENG,TRL-AJJ-UP,,47.28,C,2003-07-06,2018-12-27,117.5,0
RL-TRLAJJ-39,rail,ENG,TRL-AJJ-UP,,52.49,B,2022-07-13,,153.2,0
RL-TRLAJJ-40,rail,ENG,TRL-AJJ-UP,,49.23,B,2021-05-31,,199.8,1
RL-TRLAJJ-41,rail,ENG,TRL-AJJ-UP,,65.61,B,2024-05-11,,517.2,0
RL-TRLAJJ-42,rail,ENG,TRL-AJJ-UP,,59.99,B,2003-03-01,2014-02-28,402.4,0
RL-TRLAJJ-43,rail,ENG,TRL-AJJ-UP,,61.41,C,2022-08-21,,827.1,4
RL-TRLAJJ-44,rail,ENG,TRL-AJJ-UP,,65.44,B,2007-11-23,2022-09-27,221.6,0
RL-TRLAJJ-45,rail,ENG,TRL-AJJ-UP,,63.95,C,2019-10-08,,112.7,0
RL-TRLAJJ-46,rail,ENG,TRL-AJJ-UP,,60.65,A,2023-07-06,,557.5,1
RL-TRLAJJ-47,rail,ENG,TRL-AJJ-UP,,52.42,B,2006-02-04,2017-09-05,409.5,0
RL-TRLAJJ-48,rail,ENG,TRL-AJJ-UP,,55.10,B,2005-06-06,2014-10-19,839.1,1
RL-TRLAJJ-49,rail,ENG,TRL-AJJ-UP,,57.36,B,2016-06-25,2026-03-13,475.8,1
RL-TRLAJJ-50,rail,ENG,TRL-AJJ-UP,,60.96,B,2016-05-16,2026-02-14,713.6,2
RL-TRLAJJ-51,rail,ENG,TRL-AJJ-UP,,49.08,B,2016-01-19,2025-06-04,275.6,0
SG-TRLAJJ-19,signal,SNT,TRL-AJJ-UP,,66.04,B,2025-06-06,,,1
SG-TRLAJJ-20,signal,SNT,TRL-AJJ-UP,,46.98,B,2024-12-26,,,0
SG-TRLAJJ-21,signal,SNT,TRL-AJJ-UP,,43.73,B,2016-05-20,,,0
SG-TRLAJJ-22,signal,SNT,TRL-AJJ-UP,,52.95,B,2013-09-10,2024-08-27,,2
SG-TRLAJJ-23,signal,SNT,TRL-AJJ-UP,,50.86,A,2017-04-23,,,0
SG-TRLAJJ-24,signal,SNT,TRL-AJJ-UP,,60.01,C,2018-12-15,,,1
SG-TRLAJJ-25,signal,SNT,TRL-AJJ-UP,,56.59,B,2010-11-22,2025-10-02,,2
SG-TRLAJJ-26,signal,SNT,TRL-AJJ-UP,,62.73,B,2011-06-13,2022-10-04,,0
SG-TRLAJJ-27,signal,SNT,TRL-AJJ-UP,,56.31,C,2009-12-13,2025-11-01,,0
SL-TRLAJJ-19,sleeper,ENG,TRL-AJJ-UP,,57.58,B,2025-07-11,,22.7,0
SL-TRLAJJ-20,sleeper,ENG,TRL-AJJ-UP,,55.28,C,2021-05-07,,685.9,0
SL-TRLAJJ-21,sleeper,ENG,TRL-AJJ-UP,,65.76,C,1993-12-28,2014-07-03,562.8,0
SL-TRLAJJ-22,sleeper,ENG,TRL-AJJ-UP,,49.80,B,2010-11-26,2025-06-06,945.0,1
SL-TRLAJJ-23,sleeper,ENG,TRL-AJJ-UP,,57.83,B,2021-07-03,,447.5,1
SL-TRLAJJ-24,sleeper,ENG,TRL-AJJ-UP,,61.53,B,2013-03-15,,821.6,2
SL-TRLAJJ-25,sleeper,ENG,TRL-AJJ-UP,,53.58,B,2013-07-28,,439.7,2
SL-TRLAJJ-26,sleeper,ENG,TRL-AJJ-UP,,60.53,C,2024-05-29,,852.6,1
SL-TRLAJJ-27,sleeper,ENG,TRL-AJJ-UP,,60.97,C,2023-02-06,,1382.6,2
TC-TRLAJJ-23,track_circuit,SNT,TRL-AJJ-UP,,53.07,C,2013-02-12,2026-05-19,58.0,0
TC-TRLAJJ-24,track_circuit,SNT,TRL-AJJ-UP,,50.28,C,2024-06-20,,164.7,1
TC-TRLAJJ-25,track_circuit,SNT,TRL-AJJ-UP,,57.78,C,2016-04-03,2025-12-09,114.7,0
TC-TRLAJJ-26,track_circuit,SNT,TRL-AJJ-UP,,60.01,B,2025-04-19,,282.5,0
TC-TRLAJJ-27,track_circuit,SNT,TRL-AJJ-UP,,44.38,C,2015-04-30,2024-12-12,68.6,0
TC-TRLAJJ-28,track_circuit,SNT,TRL-AJJ-UP,,60.83,B,2022-09-12,,38.5,0
TC-TRLAJJ-29,track_circuit,SNT,TRL-AJJ-UP,,46.07,C,2016-04-18,2024-08-12,536.3,0
TC-TRLAJJ-30,track_circuit,SNT,TRL-AJJ-UP,,66.03,B,2012-06-25,2021-04-09,74.0,0
TC-TRLAJJ-31,track_circuit,SNT,TRL-AJJ-UP,,61.83,B,2024-11-11,,224.6,0
TC-TRLAJJ-32,track_circuit,SNT,TRL-AJJ-UP,,50.33,C,2013-09-11,2021-11-03,362.6,0
TC-TRLAJJ-33,track_circuit,SNT,TRL-AJJ-UP,,44.58,B,2013-02-02,2022-09-29,129.2,0
OHE-TRLAJJ-40,OHE_span,TRD,TRL-AJJ-UP_SUB,,52.21,C,2014-10-21,,,1
OHE-TRLAJJ-41,OHE_span,TRD,TRL-AJJ-UP_SUB,,60.05,C,1994-04-19,2019-11-30,,0
OHE-TRLAJJ-42,OHE_span,TRD,TRL-AJJ-UP_SUB,,66.50,C,2019-05-22,,,0
OHE-TRLAJJ-43,OHE_span,TRD,TRL-AJJ-UP_SUB,,64.41,C,2004-09-14,2023-12-06,,2
OHE-TRLAJJ-44,OHE_span,TRD,TRL-AJJ-UP_SUB,,55.76,C,1993-10-28,2017-12-05,,0
OHE-TRLAJJ-45,OHE_span,TRD,TRL-AJJ-UP_SUB,,62.48,B,2022-11-12,,,0
OHE-TRLAJJ-46,OHE_span,TRD,TRL-AJJ-UP_SUB,,49.05,C,2008-07-01,,,0
OHE-TRLAJJ-47,OHE_span,TRD,TRL-AJJ-UP_SUB,,49.19,C,2024-05-17,,,0
OHE-TRLAJJ-48,OHE_span,TRD,TRL-AJJ-UP_SUB,,46.79,C,2024-10-23,,,0
OHE-TRLAJJ-49,OHE_span,TRD,TRL-AJJ-UP_SUB,,55.29,C,1997-11-22,2018-07-29,,1
OHE-TRLAJJ-50,OHE_span,TRD,TRL-AJJ-UP_SUB,,51.35,C,2017-03-20,,,2
OHE-TRLAJJ-51,OHE_span,TRD,TRL-AJJ-UP_SUB,,55.16,C,1996-09-26,2018-10-14,,1
OHE-TRLAJJ-52,OHE_span,TRD,TRL-AJJ-UP_SUB,,64.21,C,2010-08-06,,,0
AC-TRLAJJ-16,axle_counter,SNT,TRL-AJJ-UP_SUB,,67.09,C,2015-08-14,2024-06-04,45.2,0
AC-TRLAJJ-17,axle_counter,SNT,TRL-AJJ-UP_SUB,,48.57,B,2014-11-02,2026-06-16,12.8,1
AC-TRLAJJ-18,axle_counter,SNT,TRL-AJJ-UP_SUB,,55.08,C,2021-01-18,,6.5,1
AC-TRLAJJ-19,axle_counter,SNT,TRL-AJJ-UP_SUB,,61.77,B,2019-11-29,,73.4,0
AC-TRLAJJ-20,axle_counter,SNT,TRL-AJJ-UP_SUB,,65.85,C,2025-08-29,,75.0,1
BL-TRLAJJ-28,ballast,ENG,TRL-AJJ-UP_SUB,,54.01,C,2017-03-22,2026-05-13,38.5,0
BL-TRLAJJ-29,ballast,ENG,TRL-AJJ-UP_SUB,,55.87,C,2018-09-27,2025-07-06,6.4,0
BL-TRLAJJ-30,ballast,ENG,TRL-AJJ-UP_SUB,,65.70,C,2023-07-09,,30.2,0
BL-TRLAJJ-31,ballast,ENG,TRL-AJJ-UP_SUB,,43.96,C,2022-08-25,,49.4,0
BL-TRLAJJ-32,ballast,ENG,TRL-AJJ-UP_SUB,,67.04,C,2019-01-03,2026-01-01,37.2,1
BL-TRLAJJ-33,ballast,ENG,TRL-AJJ-UP_SUB,,60.00,C,2016-08-04,2023-12-25,4.3,0
BL-TRLAJJ-34,ballast,ENG,TRL-AJJ-UP_SUB,,67.65,C,2015-09-11,2024-01-31,6.8,0
BL-TRLAJJ-35,ballast,ENG,TRL-AJJ-UP_SUB,,63.35,C,2017-04-11,2023-09-04,11.0,1
BL-TRLAJJ-36,ballast,ENG,TRL-AJJ-UP_SUB,,53.57,C,2021-05-17,,57.0,0
CW-TRLAJJ-22,contact_wire,TRD,TRL-AJJ-UP_SUB,,43.46,B,2005-09-18,2020-05-17,,0
CW-TRLAJJ-23,contact_wire,TRD,TRL-AJJ-UP_SUB,,57.63,C,2013-02-11,,,0
CW-TRLAJJ-24,contact_wire,TRD,TRL-AJJ-UP_SUB,,51.81,B,2009-05-09,2025-05-26,,0
CW-TRLAJJ-25,contact_wire,TRD,TRL-AJJ-UP_SUB,,44.03,C,2007-04-01,2021-12-03,,1
CW-TRLAJJ-26,contact_wire,TRD,TRL-AJJ-UP_SUB,,53.88,B,2007-02-27,2025-03-08,,0
CW-TRLAJJ-27,contact_wire,TRD,TRL-AJJ-UP_SUB,,51.97,B,2004-12-27,2019-07-20,,1
CW-TRLAJJ-28,contact_wire,TRD,TRL-AJJ-UP_SUB,,66.28,B,2009-11-01,2023-05-12,,0
INS-TRLAJJ-19,insulator,TRD,TRL-AJJ-UP_SUB,,62.93,C,2025-03-29,,,0
INS-TRLAJJ-20,insulator,TRD,TRL-AJJ-UP_SUB,,58.63,C,2014-12-12,2024-09-16,,0
INS-TRLAJJ-21,insulator,TRD,TRL-AJJ-UP_SUB,,61.87,C,2015-09-23,2026-03-29,,0
INS-TRLAJJ-22,insulator,TRD,TRL-AJJ-UP_SUB,,60.31,C,2023-08-08,,,1
INS-TRLAJJ-23,insulator,TRD,TRL-AJJ-UP_SUB,,47.98,C,2018-01-28,2026-05-13,,1
INS-TRLAJJ-24,insulator,TRD,TRL-AJJ-UP_SUB,,47.04,C,2016-09-26,2025-07-04,,0
MST-TRLAJJ-34,mast,TRD,TRL-AJJ-UP_SUB,,48.58,C,2005-04-08,,,0
MST-TRLAJJ-35,mast,TRD,TRL-AJJ-UP_SUB,,46.24,C,2022-10-30,,,0
MST-TRLAJJ-36,mast,TRD,TRL-AJJ-UP_SUB,,50.94,C,2023-03-06,,,0
MST-TRLAJJ-37,mast,TRD,TRL-AJJ-UP_SUB,,55.19,C,1989-01-21,2020-10-28,,0
MST-TRLAJJ-38,mast,TRD,TRL-AJJ-UP_SUB,,47.82,C,2002-12-10,,,1
MST-TRLAJJ-39,mast,TRD,TRL-AJJ-UP_SUB,,50.14,B,2009-10-04,,,1
MST-TRLAJJ-40,mast,TRD,TRL-AJJ-UP_SUB,,56.54,C,1988-11-27,2017-05-26,,1
MST-TRLAJJ-41,mast,TRD,TRL-AJJ-UP_SUB,,58.74,C,1997-06-02,2023-09-09,,3
MST-TRLAJJ-42,mast,TRD,TRL-AJJ-UP_SUB,,57.25,C,1983-12-21,2021-06-19,,0
MST-TRLAJJ-43,mast,TRD,TRL-AJJ-UP_SUB,,48.82,C,2018-05-24,,,0
MST-TRLAJJ-44,mast,TRD,TRL-AJJ-UP_SUB,,49.11,C,2006-04-22,,,0
RL-TRLAJJ-52,rail,ENG,TRL-AJJ-UP_SUB,,62.83,B,2014-04-11,,44.8,2
RL-TRLAJJ-53,rail,ENG,TRL-AJJ-UP_SUB,,59.53,C,2010-06-10,2025-07-15,9.0,0
RL-TRLAJJ-54,rail,ENG,TRL-AJJ-UP_SUB,,64.43,B,2006-07-22,2024-10-17,87.0,0
RL-TRLAJJ-55,rail,ENG,TRL-AJJ-UP_SUB,,50.74,C,2016-06-25,,116.9,0
RL-TRLAJJ-56,rail,ENG,TRL-AJJ-UP_SUB,,46.43,B,2017-05-07,,48.3,0
RL-TRLAJJ-57,rail,ENG,TRL-AJJ-UP_SUB,,46.78,C,2018-10-05,,11.8,0
RL-TRLAJJ-58,rail,ENG,TRL-AJJ-UP_SUB,,59.48,C,2014-07-04,,33.4,2
RL-TRLAJJ-59,rail,ENG,TRL-AJJ-UP_SUB,,44.86,B,2023-11-17,,4.1,0
RL-TRLAJJ-60,rail,ENG,TRL-AJJ-UP_SUB,,61.71,C,2009-06-10,2025-11-02,83.3,1
RL-TRLAJJ-61,rail,ENG,TRL-AJJ-UP_SUB,,45.99,B,2018-04-10,,79.2,0
RL-TRLAJJ-62,rail,ENG,TRL-AJJ-UP_SUB,,53.12,B,2020-10-08,,4.5,0
RL-TRLAJJ-63,rail,ENG,TRL-AJJ-UP_SUB,,64.14,B,2010-11-28,2025-11-02,46.9,1
RL-TRLAJJ-64,rail,ENG,TRL-AJJ-UP_SUB,,51.19,C,2020-03-28,,6.8,1
RL-TRLAJJ-65,rail,ENG,TRL-AJJ-UP_SUB,,52.60,B,2022-08-04,,4.8,0
RL-TRLAJJ-66,rail,ENG,TRL-AJJ-UP_SUB,,58.51,C,2015-02-16,,64.9,1
RL-TRLAJJ-67,rail,ENG,TRL-AJJ-UP_SUB,,59.73,C,2018-06-29,,37.3,0
RL-TRLAJJ-68,rail,ENG,TRL-AJJ-UP_SUB,,57.01,B,2006-07-21,2026-02-02,16.2,2
SG-TRLAJJ-28,signal,SNT,TRL-AJJ-UP_SUB,,57.67,B,2013-11-08,2026-02-17,,1
SG-TRLAJJ-29,signal,SNT,TRL-AJJ-UP_SUB,,46.93,B,2016-08-07,,,1
SG-TRLAJJ-30,signal,SNT,TRL-AJJ-UP_SUB,,55.52,C,2009-04-07,2024-03-04,,0
SG-TRLAJJ-31,signal,SNT,TRL-AJJ-UP_SUB,,66.73,C,2023-07-24,,,0
SG-TRLAJJ-32,signal,SNT,TRL-AJJ-UP_SUB,,49.98,C,2010-03-25,2021-09-11,,1
SG-TRLAJJ-33,signal,SNT,TRL-AJJ-UP_SUB,,67.60,C,2016-12-14,,,0
SG-TRLAJJ-34,signal,SNT,TRL-AJJ-UP_SUB,,64.15,C,2017-07-03,,,0
SG-TRLAJJ-35,signal,SNT,TRL-AJJ-UP_SUB,,59.18,C,2024-11-08,,,1
SG-TRLAJJ-36,signal,SNT,TRL-AJJ-UP_SUB,,62.63,C,2022-01-06,,,0
SL-TRLAJJ-28,sleeper,ENG,TRL-AJJ-UP_SUB,,64.22,C,1992-07-07,2025-09-01,162.2,1
SL-TRLAJJ-29,sleeper,ENG,TRL-AJJ-UP_SUB,,63.57,B,1989-04-09,2015-04-18,93.4,2
SL-TRLAJJ-30,sleeper,ENG,TRL-AJJ-UP_SUB,,52.39,C,2011-08-30,,58.5,0
SL-TRLAJJ-31,sleeper,ENG,TRL-AJJ-UP_SUB,,47.57,C,1996-07-13,2019-07-14,118.8,1
SL-TRLAJJ-32,sleeper,ENG,TRL-AJJ-UP_SUB,,62.27,C,2022-06-04,,163.2,1
SL-TRLAJJ-33,sleeper,ENG,TRL-AJJ-UP_SUB,,63.53,C,2002-06-28,2025-02-24,16.3,0
SL-TRLAJJ-34,sleeper,ENG,TRL-AJJ-UP_SUB,,62.00,C,1996-06-11,2022-11-07,39.1,1
SL-TRLAJJ-35,sleeper,ENG,TRL-AJJ-UP_SUB,,53.28,B,1989-08-31,2025-10-25,36.0,1
SL-TRLAJJ-36,sleeper,ENG,TRL-AJJ-UP_SUB,,44.19,C,2013-07-16,,130.0,1
TC-TRLAJJ-34,track_circuit,SNT,TRL-AJJ-UP_SUB,,59.49,C,2025-09-04,,32.9,0
TC-TRLAJJ-35,track_circuit,SNT,TRL-AJJ-UP_SUB,,46.65,C,2019-06-30,,13.4,0
TC-TRLAJJ-36,track_circuit,SNT,TRL-AJJ-UP_SUB,,50.20,C,2021-04-02,,15.6,0
TC-TRLAJJ-37,track_circuit,SNT,TRL-AJJ-UP_SUB,,56.74,C,2016-04-25,2024-10-01,10.2,0
TC-TRLAJJ-38,track_circuit,SNT,TRL-AJJ-UP_SUB,,52.31,C,2016-12-25,2026-06-23,46.3,0
TC-TRLAJJ-39,track_circuit,SNT,TRL-AJJ-UP_SUB,,64.37,C,2024-10-30,,24.6,0
TC-TRLAJJ-40,track_circuit,SNT,TRL-AJJ-UP_SUB,,58.99,C,2022-08-21,,27.4,0
TC-TRLAJJ-41,track_circuit,SNT,TRL-AJJ-UP_SUB,,60.75,C,2014-09-04,2025-03-16,6.4,0
TC-TRLAJJ-42,track_circuit,SNT,TRL-AJJ-UP_SUB,,49.18,C,2020-11-24,,42.3,1
TC-TRLAJJ-43,track_circuit,SNT,TRL-AJJ-UP_SUB,,57.39,C,2012-09-07,2023-10-19,23.9,2
TC-TRLAJJ-44,track_circuit,SNT,TRL-AJJ-UP_SUB,,50.38,C,2023-09-16,,25.6,0
OHE-WJCJ-01,OHE_span,TRD,WJ-CJ-SINGLE,,87.47,C,2008-07-16,,,0
OHE-WJCJ-02,OHE_span,TRD,WJ-CJ-SINGLE,,94.59,C,1993-11-28,2026-01-26,,1
OHE-WJCJ-03,OHE_span,TRD,WJ-CJ-SINGLE,,87.59,C,2014-10-02,,,0
OHE-WJCJ-04,OHE_span,TRD,WJ-CJ-SINGLE,,92.61,C,2020-02-25,,,0
OHE-WJCJ-05,OHE_span,TRD,WJ-CJ-SINGLE,,93.93,C,2011-08-09,,,0
OHE-WJCJ-06,OHE_span,TRD,WJ-CJ-SINGLE,,91.78,C,2026-01-14,,,0
OHE-WJCJ-07,OHE_span,TRD,WJ-CJ-SINGLE,,86.48,C,2000-05-09,2023-08-11,,0
AC-WJCJ-01,axle_counter,SNT,WJ-CJ-SINGLE,,91.48,C,2019-08-03,,5.6,0
AC-WJCJ-02,axle_counter,SNT,WJ-CJ-SINGLE,,86.07,C,2017-01-10,2026-04-30,5.9,1
AC-WJCJ-03,axle_counter,SNT,WJ-CJ-SINGLE,,94.00,C,2023-07-29,,50.6,0
BL-WJCJ-01,ballast,ENG,WJ-CJ-SINGLE,,94.51,C,2023-05-10,,24.9,1
BL-WJCJ-02,ballast,ENG,WJ-CJ-SINGLE,,87.73,C,2026-02-12,,10.9,0
BL-WJCJ-03,ballast,ENG,WJ-CJ-SINGLE,,95.14,C,2025-01-05,,32.4,0
BL-WJCJ-04,ballast,ENG,WJ-CJ-SINGLE,,95.26,C,2025-03-20,,42.2,0
BL-WJCJ-05,ballast,ENG,WJ-CJ-SINGLE,,91.89,C,2021-03-23,,38.8,0
CW-WJCJ-01,contact_wire,TRD,WJ-CJ-SINGLE,,86.95,B,2023-01-13,,,0
CW-WJCJ-02,contact_wire,TRD,WJ-CJ-SINGLE,,87.74,B,2006-03-26,2022-12-24,,0
CW-WJCJ-03,contact_wire,TRD,WJ-CJ-SINGLE,,91.33,C,2004-08-15,2026-05-26,,0
CW-WJCJ-04,contact_wire,TRD,WJ-CJ-SINGLE,,94.91,C,2015-08-09,,,0
INS-WJCJ-01,insulator,TRD,WJ-CJ-SINGLE,,89.01,C,2025-11-03,,,0
INS-WJCJ-02,insulator,TRD,WJ-CJ-SINGLE,,86.31,C,2013-08-21,2022-03-19,,0
INS-WJCJ-03,insulator,TRD,WJ-CJ-SINGLE,,84.12,C,2022-10-05,,,1
MST-WJCJ-01,mast,TRD,WJ-CJ-SINGLE,,85.30,C,2007-10-05,,,0
MST-WJCJ-02,mast,TRD,WJ-CJ-SINGLE,,91.28,C,2018-01-16,,,0
MST-WJCJ-03,mast,TRD,WJ-CJ-SINGLE,,84.75,C,2000-11-02,2025-05-31,,1
MST-WJCJ-04,mast,TRD,WJ-CJ-SINGLE,,89.44,C,2023-11-05,,,0
MST-WJCJ-05,mast,TRD,WJ-CJ-SINGLE,,83.31,C,2025-09-10,,,0
MST-WJCJ-06,mast,TRD,WJ-CJ-SINGLE,,85.31,C,2024-11-13,,,0
RL-WJCJ-01,rail,ENG,WJ-CJ-SINGLE,,88.34,C,2007-11-13,2026-02-18,5.4,0
RL-WJCJ-02,rail,ENG,WJ-CJ-SINGLE,,86.03,B,2024-05-07,,79.6,0
RL-WJCJ-03,rail,ENG,WJ-CJ-SINGLE,,91.17,C,2003-08-22,2023-08-11,58.6,0
RL-WJCJ-04,rail,ENG,WJ-CJ-SINGLE,,89.45,C,2022-02-02,,28.0,2
RL-WJCJ-05,rail,ENG,WJ-CJ-SINGLE,,85.07,C,2010-10-29,2024-10-23,30.5,1
RL-WJCJ-06,rail,ENG,WJ-CJ-SINGLE,,85.05,B,2012-01-10,2026-02-12,77.9,0
RL-WJCJ-07,rail,ENG,WJ-CJ-SINGLE,,93.49,B,2005-04-11,2022-11-28,84.0,0
RL-WJCJ-08,rail,ENG,WJ-CJ-SINGLE,,84.60,B,2024-10-02,,41.6,2
RL-WJCJ-09,rail,ENG,WJ-CJ-SINGLE,,89.86,B,2016-12-18,,52.2,0
SG-WJCJ-01,signal,SNT,WJ-CJ-SINGLE,,92.96,C,2021-01-03,,,1
SG-WJCJ-02,signal,SNT,WJ-CJ-SINGLE,,92.94,B,2019-11-01,,,0
SG-WJCJ-03,signal,SNT,WJ-CJ-SINGLE,,83.99,C,2008-12-04,2025-08-16,,0
SG-WJCJ-04,signal,SNT,WJ-CJ-SINGLE,,93.13,C,2010-07-18,2026-01-27,,0
SG-WJCJ-05,signal,SNT,WJ-CJ-SINGLE,,90.13,B,2009-12-14,2025-07-16,,0
SL-WJCJ-01,sleeper,ENG,WJ-CJ-SINGLE,,93.34,C,2017-11-28,,135.6,0
SL-WJCJ-02,sleeper,ENG,WJ-CJ-SINGLE,,85.34,C,2020-06-26,,144.9,0
SL-WJCJ-03,sleeper,ENG,WJ-CJ-SINGLE,,90.35,C,2021-06-10,,41.6,0
SL-WJCJ-04,sleeper,ENG,WJ-CJ-SINGLE,,89.18,C,2004-01-18,2025-10-29,61.2,0
SL-WJCJ-05,sleeper,ENG,WJ-CJ-SINGLE,,83.86,C,2001-03-18,2026-05-20,139.3,1
TC-WJCJ-01,track_circuit,SNT,WJ-CJ-SINGLE,,89.70,C,2025-12-08,,27.3,0
TC-WJCJ-02,track_circuit,SNT,WJ-CJ-SINGLE,,87.53,C,2022-11-22,,14.4,0
TC-WJCJ-03,track_circuit,SNT,WJ-CJ-SINGLE,,95.15,C,2013-08-18,2024-03-19,8.1,0
TC-WJCJ-04,track_circuit,SNT,WJ-CJ-SINGLE,,89.83,C,2013-05-20,2025-04-04,24.9,0
TC-WJCJ-05,track_circuit,SNT,WJ-CJ-SINGLE,,85.65,C,2019-02-07,,48.6,0
TC-WJCJ-06,track_circuit,SNT,WJ-CJ-SINGLE,,94.09,C,2020-07-19,,39.0,0
LC-AVDTI-01,level_crossing,ENG,AVD-TI-DN,,24.24,C,2020-09-08,2026-06-16,203.2,0
BR-CGLWJ-01,bridge,ENG,CGL-WJ-SINGLE,,64.03,B,1965-11-17,2019-06-26,30.3,2
LC-CGLWJ-01,level_crossing,ENG,CGL-WJ-SINGLE,,69.04,C,2019-04-18,,47.3,0
LC-CGLWJ-02,level_crossing,ENG,CGL-WJ-SINGLE,,73.97,C,2023-03-08,,44.5,0
BR-CJTMLP-01,bridge,ENG,CJ-TMLP-SINGLE,,100.22,B,2000-11-04,,203.1,0
LC-CJTMLP-01,level_crossing,ENG,CJ-TMLP-SINGLE,,103.58,C,2020-06-03,,32.0,0
BR-ENRMJR-01,bridge,ENG,ENR-MJR-DN,,21.57,B,1966-08-29,1999-06-11,1140.1,4
LC-ENRMJR-01,level_crossing,ENG,ENR-MJR-DN,,17.00,C,2020-04-24,,96.5,0
BR-MJRPON-01,bridge,ENG,MJR-PON-DN,,32.67,A,1974-12-03,2007-07-26,2525.0,2
LC-MJRPON-01,level_crossing,ENG,MJR-PON-DN,,30.33,C,2017-02-02,2023-04-15,493.6,1
LC-MSMBM-01,level_crossing,ENG,MS-MBM-DN,,6.89,B,2018-04-22,2026-04-12,168.7,0
BR-PERABU-01,bridge,ENG,PER-ABU-DN,,9.35,A,1982-08-11,2017-02-20,687.7,3
LC-PERABU-01,level_crossing,ENG,PER-ABU-DN,,12.25,C,2013-03-29,2026-05-05,358.0,0
BR-PONGPD-01,bridge,ENG,PON-GPD-DN,,35.60,B,1962-01-23,1995-02-11,620.2,4
LC-PONGPD-01,level_crossing,ENG,PON-GPD-DN,,42.36,C,2024-01-12,,417.2,0
BR-TITRL-01,bridge,ENG,TI-TRL-DN,,30.24,B,2005-07-05,,1332.1,0
LC-TITRL-01,level_crossing,ENG,TI-TRL-DN,,36.75,C,2012-12-24,2026-05-23,96.3,3
BR-TKOAJJ-01,bridge,ENG,TKO-AJJ-SINGLE,,112.87,B,1950-11-25,2023-05-20,271.7,0
LC-TKOAJJ-01,level_crossing,ENG,TKO-AJJ-SINGLE,,115.05,C,2014-10-10,2022-10-07,27.2,0
LC-TMLPTKO-01,level_crossing,ENG,TMLP-TKO-SINGLE,,108.92,C,2013-01-29,2023-07-03,16.8,1
BR-TNPENR-01,bridge,ENG,TNP-ENR-DN,,14.62,A,1952-03-21,2001-06-05,3806.6,8
LC-TNPENR-01,level_crossing,ENG,TNP-ENR-DN,,7.74,C,2025-06-08,,794.5,3
BR-TRLAJJ-01,bridge,ENG,TRL-AJJ-DN,,45.72,A,1977-04-29,2015-11-13,1434.6,4
BR-TRLAJJ-02,bridge,ENG,TRL-AJJ-DN,,51.40,B,2022-12-08,,2462.5,1
LC-TRLAJJ-01,level_crossing,ENG,TRL-AJJ-DN,,52.37,C,2012-07-10,2024-07-11,328.3,0
LC-TRLAJJ-02,level_crossing,ENG,TRL-AJJ-DN,,61.06,B,2018-03-27,2026-05-29,31.0,1
BR-WJCJ-01,bridge,ENG,WJ-CJ-SINGLE,,86.30,B,1983-12-13,,57.6,0
LC-WJCJ-01,level_crossing,ENG,WJ-CJ-SINGLE,,93.29,C,2016-02-23,2024-03-05,17.4,0
OHE-AJJ-01,OHE_span,TRD,,AJJ,69.00,B,2008-03-24,,,0
OHE-AJJ-02,OHE_span,TRD,,AJJ,69.00,B,2025-01-16,,,2
OHE-AJJ-03,OHE_span,TRD,,AJJ,69.00,C,2005-01-13,2025-08-17,,0
OHE-AJJ-04,OHE_span,TRD,,AJJ,69.00,C,2026-01-07,,,0
BL-AJJ-01,ballast,ENG,,AJJ,69.00,C,2016-07-30,2025-09-17,123.8,1
BL-AJJ-02,ballast,ENG,,AJJ,69.00,B,2018-03-19,2025-08-16,183.5,0
BL-AJJ-03,ballast,ENG,,AJJ,69.00,C,2015-06-17,2025-07-02,36.1,2
BL-AJJ-04,ballast,ENG,,AJJ,69.00,B,2016-04-01,2025-05-21,225.9,0
BL-AJJ-05,ballast,ENG,,AJJ,69.00,C,2018-07-13,2025-12-10,90.9,0
BL-AJJ-06,ballast,ENG,,AJJ,69.00,C,2016-11-18,2023-10-02,124.1,1
IL-AJJ-01,interlocking,SNT,,AJJ,69.00,A,2018-05-29,,,0
PT-AJJ-01,point_machine,SNT,,AJJ,69.00,B,2015-11-22,2025-09-06,,0
PT-AJJ-02,point_machine,SNT,,AJJ,69.00,A,2012-04-11,2022-04-05,,0
PT-AJJ-03,point_machine,SNT,,AJJ,69.00,A,2019-06-12,,,0
PT-AJJ-04,point_machine,SNT,,AJJ,69.00,B,2022-10-14,,,0
PT-AJJ-05,point_machine,SNT,,AJJ,69.00,B,2019-12-05,,,0
PT-AJJ-06,point_machine,SNT,,AJJ,69.00,A,2025-01-10,,,2
PT-AJJ-07,point_machine,SNT,,AJJ,69.00,A,2013-01-31,2024-07-30,,1
PT-AJJ-08,point_machine,SNT,,AJJ,69.00,B,2016-06-26,2026-06-09,,0
PT-AJJ-09,point_machine,SNT,,AJJ,69.00,A,2018-02-12,,,0
PT-AJJ-10,point_machine,SNT,,AJJ,69.00,B,2020-05-06,,,1
PT-AJJ-11,point_machine,SNT,,AJJ,69.00,A,2016-05-12,2026-01-17,,1
PT-AJJ-12,point_machine,SNT,,AJJ,69.00,B,2014-10-17,2026-03-16,,0
SS-AJJ-01,substation,TRD,,AJJ,69.00,C,2004-02-28,2022-07-22,,0
TO-AJJ-01,turnout,ENG,,AJJ,69.00,A,2024-04-09,,380.1,2
TO-AJJ-02,turnout,ENG,,AJJ,69.00,B,2017-09-12,,159.7,0
TO-AJJ-03,turnout,ENG,,AJJ,69.00,B,2016-08-03,,91.7,0
TO-AJJ-04,turnout,ENG,,AJJ,69.00,B,2021-06-18,,35.4,0
TO-AJJ-05,turnout,ENG,,AJJ,69.00,A,2014-02-05,2025-12-21,134.6,2
TO-AJJ-06,turnout,ENG,,AJJ,69.00,B,2018-06-21,2026-02-21,280.4,1
TO-AJJ-07,turnout,ENG,,AJJ,69.00,A,2011-04-17,2018-06-15,227.9,0
TO-AJJ-08,turnout,ENG,,AJJ,69.00,A,2020-05-08,,367.7,1
TO-AJJ-09,turnout,ENG,,AJJ,69.00,A,2021-11-28,,27.0,1
TO-AJJ-10,turnout,ENG,,AJJ,69.00,A,2012-09-24,2024-07-27,145.0,2
TO-AJJ-11,turnout,ENG,,AJJ,69.00,A,2017-04-22,2025-10-17,434.7,3
TO-AJJ-12,turnout,ENG,,AJJ,69.00,A,2019-10-19,,195.0,1
OHE-AVD-01,OHE_span,TRD,,AVD,21.00,A,2010-08-30,,,0
OHE-AVD-02,OHE_span,TRD,,AVD,21.00,B,2019-08-16,,,0
OHE-AVD-03,OHE_span,TRD,,AVD,21.00,B,2016-01-19,,,0
BL-AVD-01,ballast,ENG,,AVD,21.00,B,2024-11-24,,151.6,1
BL-AVD-02,ballast,ENG,,AVD,21.00,A,2017-07-05,2024-05-27,42.2,1
BL-AVD-03,ballast,ENG,,AVD,21.00,B,2019-05-24,2024-11-18,365.1,1
BL-AVD-04,ballast,ENG,,AVD,21.00,A,2018-09-09,2024-09-05,427.6,3
BL-AVD-05,ballast,ENG,,AVD,21.00,B,2020-03-09,,189.6,2
IL-AVD-01,interlocking,SNT,,AVD,21.00,A,2014-04-09,2026-04-08,,0
PT-AVD-01,point_machine,SNT,,AVD,21.00,A,2025-06-08,,,0
PT-AVD-02,point_machine,SNT,,AVD,21.00,A,2020-12-05,,,0
PT-AVD-03,point_machine,SNT,,AVD,21.00,A,2015-10-30,2025-09-30,,1
PT-AVD-04,point_machine,SNT,,AVD,21.00,A,2015-05-19,2026-06-23,,0
PT-AVD-05,point_machine,SNT,,AVD,21.00,A,2021-09-05,,,0
PT-AVD-06,point_machine,SNT,,AVD,21.00,A,2012-09-08,2023-04-14,,0
PT-AVD-07,point_machine,SNT,,AVD,21.00,A,2016-02-17,2025-12-24,,0
PT-AVD-08,point_machine,SNT,,AVD,21.00,A,2019-04-20,,,2
PT-AVD-09,point_machine,SNT,,AVD,21.00,A,2016-01-26,2026-03-22,,0
SS-AVD-01,substation,TRD,,AVD,21.00,A,2014-12-24,,,0
TO-AVD-01,turnout,ENG,,AVD,21.00,A,2010-12-19,2019-11-19,210.4,1
TO-AVD-02,turnout,ENG,,AVD,21.00,A,2007-12-04,2017-02-10,323.1,3
TO-AVD-03,turnout,ENG,,AVD,21.00,A,2014-10-27,2025-01-13,896.8,2
TO-AVD-04,turnout,ENG,,AVD,21.00,A,2022-05-05,,602.7,1
TO-AVD-05,turnout,ENG,,AVD,21.00,A,2023-08-29,,390.4,1
TO-AVD-06,turnout,ENG,,AVD,21.00,A,2024-09-02,,133.6,0
TO-AVD-07,turnout,ENG,,AVD,21.00,A,2025-08-19,,341.0,0
TO-AVD-08,turnout,ENG,,AVD,21.00,A,2009-11-02,2025-01-02,179.9,2
TO-AVD-09,turnout,ENG,,AVD,21.00,A,2011-07-01,2023-12-30,465.6,0
OHE-BBQ-01,OHE_span,TRD,,BBQ,2.00,B,2001-09-25,2022-06-23,,1
OHE-BBQ-02,OHE_span,TRD,,BBQ,2.00,A,2012-08-03,,,0
OHE-BBQ-03,OHE_span,TRD,,BBQ,2.00,A,2018-12-04,,,1
OHE-BBQ-04,OHE_span,TRD,,BBQ,2.00,A,2017-09-28,,,1
BL-BBQ-01,ballast,ENG,,BBQ,2.00,A,2020-01-15,2026-05-21,546.6,0
BL-BBQ-02,ballast,ENG,,BBQ,2.00,A,2023-09-15,,521.8,1
BL-BBQ-03,ballast,ENG,,BBQ,2.00,B,2018-06-28,2025-01-24,137.1,0
BL-BBQ-04,ballast,ENG,,BBQ,2.00,A,2020-10-13,,156.6,0
BL-BBQ-05,ballast,ENG,,BBQ,2.00,A,2025-10-27,,647.4,3
BL-BBQ-06,ballast,ENG,,BBQ,2.00,A,2022-07-05,,169.9,0
IL-BBQ-01,interlocking,SNT,,BBQ,2.00,A,2006-11-26,2025-03-15,,0
PT-BBQ-01,point_machine,SNT,,BBQ,2.00,A,2024-08-15,,,0
PT-BBQ-02,point_machine,SNT,,BBQ,2.00,A,2025-02-04,,,0
PT-BBQ-03,point_machine,SNT,,BBQ,2.00,A,2016-04-30,2026-06-18,,1
PT-BBQ-04,point_machine,SNT,,BBQ,2.00,A,2012-08-31,2023-04-03,,1
PT-BBQ-05,point_machine,SNT,,BBQ,2.00,A,2011-04-27,2021-03-22,,1
PT-BBQ-06,point_machine,SNT,,BBQ,2.00,A,2011-05-25,2025-11-29,,1
PT-BBQ-07,point_machine,SNT,,BBQ,2.00,A,2016-06-11,2026-04-23,,2
PT-BBQ-08,point_machine,SNT,,BBQ,2.00,A,2011-09-25,2022-07-24,,3
PT-BBQ-09,point_machine,SNT,,BBQ,2.00,A,2018-01-19,,,1
PT-BBQ-10,point_machine,SNT,,BBQ,2.00,A,2021-04-02,,,1
PT-BBQ-11,point_machine,SNT,,BBQ,2.00,A,2014-11-16,2026-01-16,,0
PT-BBQ-12,point_machine,SNT,,BBQ,2.00,A,2017-01-29,,,0
TO-BBQ-01,turnout,ENG,,BBQ,2.00,A,2016-05-28,2025-10-09,455.1,1
TO-BBQ-02,turnout,ENG,,BBQ,2.00,A,2017-12-23,2026-04-09,323.3,0
TO-BBQ-03,turnout,ENG,,BBQ,2.00,A,2011-04-27,2020-02-17,386.8,1
TO-BBQ-04,turnout,ENG,,BBQ,2.00,A,2012-10-04,2024-07-18,801.9,2
TO-BBQ-05,turnout,ENG,,BBQ,2.00,A,2010-05-13,2019-08-18,949.3,2
TO-BBQ-06,turnout,ENG,,BBQ,2.00,A,2018-05-22,2026-01-16,552.1,0
TO-BBQ-07,turnout,ENG,,BBQ,2.00,A,2011-10-12,2024-06-07,239.4,2
TO-BBQ-08,turnout,ENG,,BBQ,2.00,A,2025-06-23,,245.8,0
TO-BBQ-09,turnout,ENG,,BBQ,2.00,A,2025-04-17,,925.9,1
TO-BBQ-10,turnout,ENG,,BBQ,2.00,A,2012-12-14,2020-08-16,426.4,2
TO-BBQ-11,turnout,ENG,,BBQ,2.00,A,2018-07-14,2025-12-08,1016.0,2
TO-BBQ-12,turnout,ENG,,BBQ,2.00,A,2024-04-30,,624.3,1
OHE-CGL-01,OHE_span,TRD,,CGL,59.84,C,2002-03-28,2024-04-11,,1
OHE-CGL-02,OHE_span,TRD,,CGL,59.84,C,2022-12-11,,,0
OHE-CGL-03,OHE_span,TRD,,CGL,59.84,C,2003-06-01,2023-10-23,,0
BL-CGL-01,ballast,ENG,,CGL,59.84,C,2020-08-13,,26.7,0
BL-CGL-02,ballast,ENG,,CGL,59.84,C,2020-11-03,,42.3,0
BL-CGL-03,ballast,ENG,,CGL,59.84,C,2021-11-25,,64.3,1
BL-CGL-04,ballast,ENG,,CGL,59.84,C,2022-07-05,,58.2,0
BL-CGL-05,ballast,ENG,,CGL,59.84,C,2022-04-10,,12.4,0
IL-CGL-01,interlocking,SNT,,CGL,59.84,B,2009-03-07,2025-06-05,,1
PT-CGL-01,point_machine,SNT,,CGL,59.84,B,2022-12-27,,,0
PT-CGL-02,point_machine,SNT,,CGL,59.84,B,2014-03-05,2026-03-28,,0
PT-CGL-03,point_machine,SNT,,CGL,59.84,C,2022-01-05,,,0
PT-CGL-04,point_machine,SNT,,CGL,59.84,C,2010-01-06,2022-10-13,,0
PT-CGL-05,point_machine,SNT,,CGL,59.84,B,2016-06-27,2026-05-08,,0
PT-CGL-06,point_machine,SNT,,CGL,59.84,B,2021-01-19,,,0
PT-CGL-07,point_machine,SNT,,CGL,59.84,B,2011-04-15,2024-08-09,,1
PT-CGL-08,point_machine,SNT,,CGL,59.84,B,2017-06-30,,,1
PT-CGL-09,point_machine,SNT,,CGL,59.84,B,2014-11-19,2024-10-31,,1
SS-CGL-01,substation,TRD,,CGL,59.84,C,2000-10-29,2024-06-07,,0
TO-CGL-01,turnout,ENG,,CGL,59.84,B,2021-02-10,,62.7,1
TO-CGL-02,turnout,ENG,,CGL,59.84,C,2015-08-02,2026-04-17,31.0,0
TO-CGL-03,turnout,ENG,,CGL,59.84,A,2009-05-26,2020-10-03,16.0,0
TO-CGL-04,turnout,ENG,,CGL,59.84,C,2016-05-16,,108.2,0
TO-CGL-05,turnout,ENG,,CGL,59.84,B,2015-12-19,,49.0,0
TO-CGL-06,turnout,ENG,,CGL,59.84,B,2018-04-25,,78.1,0
TO-CGL-07,turnout,ENG,,CGL,59.84,C,2011-09-08,2022-12-17,11.0,1
TO-CGL-08,turnout,ENG,,CGL,59.84,B,2010-06-17,2022-06-05,92.2,1
TO-CGL-09,turnout,ENG,,CGL,59.84,B,2012-09-15,2025-09-24,67.8,1
OHE-CJ-01,OHE_span,TRD,,CJ,95.82,C,1998-01-20,2019-10-09,,2
OHE-CJ-02,OHE_span,TRD,,CJ,95.82,C,2000-02-06,2021-03-19,,1
BL-CJ-01,ballast,ENG,,CJ,95.82,C,2025-06-13,,50.1,0
BL-CJ-02,ballast,ENG,,CJ,95.82,C,2020-04-30,,12.0,1
IL-CJ-01,interlocking,SNT,,CJ,95.82,B,2017-11-13,,,1
PT-CJ-01,point_machine,SNT,,CJ,95.82,C,2023-12-19,,,0
PT-CJ-02,point_machine,SNT,,CJ,95.82,B,2013-11-26,2025-06-28,,0
PT-CJ-03,point_machine,SNT,,CJ,95.82,C,2015-05-29,2025-08-23,,0
PT-CJ-04,point_machine,SNT,,CJ,95.82,B,2017-05-17,,,0
TO-CJ-01,turnout,ENG,,CJ,95.82,A,2014-10-08,2026-05-19,24.9,1
TO-CJ-02,turnout,ENG,,CJ,95.82,C,2010-05-05,2024-06-15,71.3,0
TO-CJ-03,turnout,ENG,,CJ,95.82,C,2023-02-09,,26.4,1
TO-CJ-04,turnout,ENG,,CJ,95.82,C,2012-01-18,2025-08-09,8.4,0
OHE-ENR-01,OHE_span,TRD,,ENR,16.00,C,2019-03-04,,,2
OHE-ENR-02,OHE_span,TRD,,ENR,16.00,C,2023-10-19,,,0
BL-ENR-01,ballast,ENG,,ENR,16.00,C,2020-12-30,,166.5,1
BL-ENR-02,ballast,ENG,,ENR,16.00,C,2021-06-15,,141.5,1
BL-ENR-03,ballast,ENG,,ENR,16.00,C,2025-01-24,,70.9,0
IL-ENR-01,interlocking,SNT,,ENR,16.00,A,2014-03-18,2026-02-01,,0
PT-ENR-01,point_machine,SNT,,ENR,16.00,B,2010-02-23,2019-12-05,,1
PT-ENR-02,point_machine,SNT,,ENR,16.00,B,2016-12-25,,,0
PT-ENR-03,point_machine,SNT,,ENR,16.00,A,2012-10-06,2023-04-30,,0
PT-ENR-04,point_machine,SNT,,ENR,16.00,B,2013-02-21,2026-02-13,,1
PT-ENR-05,point_machine,SNT,,ENR,16.00,B,2013-10-23,2025-04-29,,1
PT-ENR-06,point_machine,SNT,,ENR,16.00,A,2026-01-26,,,1
SS-ENR-01,substation,TRD,,ENR,16.00,C,2006-11-01,2024-03-02,,2
TO-ENR-01,turnout,ENG,,ENR,16.00,B,2022-05-14,,205.6,0
TO-ENR-02,turnout,ENG,,ENR,16.00,A,2008-06-10,2019-08-17,60.6,1
TO-ENR-03,turnout,ENG,,ENR,16.00,B,2020-08-30,,283.1,0
TO-ENR-04,turnout,ENG,,ENR,16.00,B,2015-11-22,,31.2,0
TO-ENR-05,turnout,ENG,,ENR,16.00,B,2013-07-12,2026-04-07,224.5,0
TO-ENR-06,turnout,ENG,,ENR,16.00,A,2024-07-28,,228.1,0
OHE-GPD-01,OHE_span,TRD,,GPD,47.00,C,2017-09-06,,,1
OHE-GPD-02,OHE_span,TRD,,GPD,47.00,C,2014-10-24,,,0
BL-GPD-01,ballast,ENG,,GPD,47.00,C,2021-01-10,,59.7,0
BL-GPD-02,ballast,ENG,,GPD,47.00,C,2024-12-22,,94.9,0
BL-GPD-03,ballast,ENG,,GPD,47.00,C,2020-11-22,,34.7,0
IL-GPD-01,interlocking,SNT,,GPD,47.00,B,2023-01-03,,,0
PT-GPD-01,point_machine,SNT,,GPD,47.00,B,2015-07-04,2025-03-02,,1
PT-GPD-02,point_machine,SNT,,GPD,47.00,B,2017-02-22,,,0
PT-GPD-03,point_machine,SNT,,GPD,47.00,B,2015-01-27,2026-05-11,,0
PT-GPD-04,point_machine,SNT,,GPD,47.00,B,2022-11-15,,,0
PT-GPD-05,point_machine,SNT,,GPD,47.00,A,2019-10-09,,,2
PT-GPD-06,point_machine,SNT,,GPD,47.00,B,2023-09-08,,,0
TO-GPD-01,turnout,ENG,,GPD,47.00,C,2016-03-16,,117.3,2
TO-GPD-02,turnout,ENG,,GPD,47.00,B,2015-07-25,2026-05-21,122.9,1
TO-GPD-03,turnout,ENG,,GPD,47.00,B,2021-07-09,,80.2,0
TO-GPD-04,turnout,ENG,,GPD,47.00,B,2022-01-10,,87.7,0
TO-GPD-05,turnout,ENG,,GPD,47.00,B,2023-06-09,,182.6,0
TO-GPD-06,turnout,ENG,,GPD,47.00,B,2009-05-26,2021-11-14,29.6,2
OHE-MAS-01,OHE_span,TRD,,MAS,0.00,B,2004-06-01,2025-10-31,,2
OHE-MAS-02,OHE_span,TRD,,MAS,0.00,A,2003-05-24,2023-06-28,,3
OHE-MAS-03,OHE_span,TRD,,MAS,0.00,A,2015-11-12,,,2
OHE-MAS-04,OHE_span,TRD,,MAS,0.00,A,2024-07-27,,,1
OHE-MAS-05,OHE_span,TRD,,MAS,0.00,A,1997-01-04,2017-06-14,,0
OHE-MAS-06,OHE_span,TRD,,MAS,0.00,A,2011-06-26,,,0
BL-MAS-01,ballast,ENG,,MAS,0.00,A,2016-02-13,2025-03-16,535.2,3
BL-MAS-02,ballast,ENG,,MAS,0.00,B,2015-05-21,2019-11-18,349.5,1
BL-MAS-03,ballast,ENG,,MAS,0.00,A,2022-04-27,2026-04-16,418.5,1
BL-MAS-04,ballast,ENG,,MAS,0.00,B,2020-03-12,2024-09-21,355.9,0
BL-MAS-05,ballast,ENG,,MAS,0.00,A,2019-12-04,2024-03-22,581.2,1
BL-MAS-06,ballast,ENG,,MAS,0.00,A,2019-08-07,2023-08-05,383.4,1
BL-MAS-07,ballast,ENG,,MAS,0.00,A,2023-12-24,,646.8,3
BL-MAS-08,ballast,ENG,,MAS,0.00,A,2018-07-20,2026-02-14,196.0,1
BL-MAS-09,ballast,ENG,,MAS,0.00,A,2020-08-13,,47.8,0
BL-MAS-10,ballast,ENG,,MAS,0.00,A,2021-04-24,2026-01-23,315.4,2
IL-MAS-01,interlocking,SNT,,MAS,0.00,A,2007-04-07,2024-02-19,,0
PT-MAS-01,point_machine,SNT,,MAS,0.00,A,2018-08-27,,,1
PT-MAS-02,point_machine,SNT,,MAS,0.00,A,2015-07-22,2025-08-11,,0
PT-MAS-03,point_machine,SNT,,MAS,0.00,A,2018-10-27,,,1
PT-MAS-04,point_machine,SNT,,MAS,0.00,A,2012-06-24,2025-07-15,,2
PT-MAS-05,point_machine,SNT,,MAS,0.00,A,2017-12-22,,,0
PT-MAS-06,point_machine,SNT,,MAS,0.00,A,2021-02-18,,,0
PT-MAS-07,point_machine,SNT,,MAS,0.00,A,2015-07-17,2026-03-28,,0
PT-MAS-08,point_machine,SNT,,MAS,0.00,A,2017-07-14,,,0
PT-MAS-09,point_machine,SNT,,MAS,0.00,A,2011-06-02,2025-12-22,,2
PT-MAS-10,point_machine,SNT,,MAS,0.00,A,2015-02-14,2026-05-04,,0
PT-MAS-11,point_machine,SNT,,MAS,0.00,A,2022-10-21,,,1
PT-MAS-12,point_machine,SNT,,MAS,0.00,A,2014-11-10,2026-01-17,,2
PT-MAS-13,point_machine,SNT,,MAS,0.00,A,2015-04-27,2025-10-28,,0
PT-MAS-14,point_machine,SNT,,MAS,0.00,A,2023-08-23,,,0
PT-MAS-15,point_machine,SNT,,MAS,0.00,A,2011-02-06,2023-01-26,,2
PT-MAS-16,point_machine,SNT,,MAS,0.00,A,2012-07-29,2025-11-06,,1
PT-MAS-17,point_machine,SNT,,MAS,0.00,A,2015-09-20,2025-11-09,,1
PT-MAS-18,point_machine,SNT,,MAS,0.00,A,2026-01-23,,,0
SS-MAS-01,substation,TRD,,MAS,0.00,A,2013-08-02,,,2
TO-MAS-01,turnout,ENG,,MAS,0.00,A,2025-12-05,,926.9,1
TO-MAS-02,turnout,ENG,,MAS,0.00,A,2018-01-23,2025-12-27,691.7,3
TO-MAS-03,turnout,ENG,,MAS,0.00,A,2010-07-05,2017-10-04,607.4,3
TO-MAS-04,turnout,ENG,,MAS,0.00,A,2024-05-12,,1002.2,2
TO-MAS-05,turnout,ENG,,MAS,0.00,A,2024-10-13,,349.1,1
TO-MAS-06,turnout,ENG,,MAS,0.00,A,2014-10-05,2022-04-18,587.1,0
TO-MAS-07,turnout,ENG,,MAS,0.00,A,2017-02-06,,116.1,0
TO-MAS-08,turnout,ENG,,MAS,0.00,A,2010-09-04,2026-04-24,727.2,0
TO-MAS-09,turnout,ENG,,MAS,0.00,A,2011-10-08,2020-09-19,383.1,2
TO-MAS-10,turnout,ENG,,MAS,0.00,A,2022-04-08,,981.2,0
TO-MAS-11,turnout,ENG,,MAS,0.00,A,2015-05-10,2024-02-07,538.2,0
TO-MAS-12,turnout,ENG,,MAS,0.00,A,2018-05-23,,94.1,1
TO-MAS-13,turnout,ENG,,MAS,0.00,A,2012-01-25,2021-12-01,330.6,0
TO-MAS-14,turnout,ENG,,MAS,0.00,A,2019-08-03,2026-06-21,796.1,1
TO-MAS-15,turnout,ENG,,MAS,0.00,A,2013-09-09,2021-01-25,537.9,0
TO-MAS-16,turnout,ENG,,MAS,0.00,A,2011-06-26,2020-09-29,241.3,0
TO-MAS-17,turnout,ENG,,MAS,0.00,A,2020-09-25,,62.0,0
TO-MAS-18,turnout,ENG,,MAS,0.00,A,2017-05-18,2025-01-01,1071.0,3
OHE-MS-01,OHE_span,TRD,,MS,4.32,A,2017-12-10,,,1
OHE-MS-02,OHE_span,TRD,,MS,4.32,A,2005-01-27,2026-05-29,,4
OHE-MS-03,OHE_span,TRD,,MS,4.32,A,2001-09-05,2024-11-21,,0
OHE-MS-04,OHE_span,TRD,,MS,4.32,A,2014-12-03,,,1
BL-MS-01,ballast,ENG,,MS,4.32,A,2025-04-19,,216.6,3
BL-MS-02,ballast,ENG,,MS,4.32,A,2016-03-29,2021-12-16,451.5,2
BL-MS-03,ballast,ENG,,MS,4.32,A,2026-02-18,,437.3,1
BL-MS-04,ballast,ENG,,MS,4.32,A,2017-09-05,2026-04-03,615.8,0
BL-MS-05,ballast,ENG,,MS,4.32,A,2024-03-19,,170.4,1
BL-MS-06,ballast,ENG,,MS,4.32,A,2021-12-10,,176.6,0
IL-MS-01,interlocking,SNT,,MS,4.32,A,2018-04-14,,,0
PT-MS-01,point_machine,SNT,,MS,4.32,A,2019-08-19,,,0
PT-MS-02,point_machine,SNT,,MS,4.32,A,2012-11-08,2023-10-29,,2
PT-MS-03,point_machine,SNT,,MS,4.32,A,2021-09-11,,,2
PT-MS-04,point_machine,SNT,,MS,4.32,A,2022-10-16,,,0
PT-MS-05,point_machine,SNT,,MS,4.32,A,2020-12-22,,,1
PT-MS-06,point_machine,SNT,,MS,4.32,A,2013-05-24,2025-05-15,,1
PT-MS-07,point_machine,SNT,,MS,4.32,A,2014-03-30,2024-12-17,,1
PT-MS-08,point_machine,SNT,,MS,4.32,A,2017-02-20,,,0
PT-MS-09,point_machine,SNT,,MS,4.32,A,2021-07-08,,,0
PT-MS-10,point_machine,SNT,,MS,4.32,A,2018-05-16,,,1
PT-MS-11,point_machine,SNT,,MS,4.32,A,2020-04-03,,,2
PT-MS-12,point_machine,SNT,,MS,4.32,A,2015-11-06,2026-06-17,,1
SS-MS-01,substation,TRD,,MS,4.32,A,2021-02-24,,,0
TO-MS-01,turnout,ENG,,MS,4.32,A,2019-08-11,,119.9,0
TO-MS-02,turnout,ENG,,MS,4.32,A,2011-04-26,2023-03-02,569.3,1
TO-MS-03,turnout,ENG,,MS,4.32,A,2016-04-19,2025-01-29,1188.1,1
TO-MS-04,turnout,ENG,,MS,4.32,A,2013-06-17,2025-02-16,790.6,3
TO-MS-05,turnout,ENG,,MS,4.32,A,2020-09-07,,587.5,0
TO-MS-06,turnout,ENG,,MS,4.32,A,2011-05-23,2024-08-18,636.2,1
TO-MS-07,turnout,ENG,,MS,4.32,A,2015-09-03,2025-02-11,344.1,2
TO-MS-08,turnout,ENG,,MS,4.32,A,2020-12-03,,624.2,1
TO-MS-09,turnout,ENG,,MS,4.32,A,2023-07-06,,439.7,1
TO-MS-10,turnout,ENG,,MS,4.32,A,2015-01-05,2023-10-29,348.5,3
TO-MS-11,turnout,ENG,,MS,4.32,A,2008-03-17,2022-08-06,198.7,0
TO-MS-12,turnout,ENG,,MS,4.32,A,2021-06-30,,1145.0,1
OHE-MSB-01,OHE_span,TRD,,MSB,0.00,A,2025-09-30,,,0
OHE-MSB-02,OHE_span,TRD,,MSB,0.00,A,2004-04-14,2024-05-08,,2
OHE-MSB-03,OHE_span,TRD,,MSB,0.00,A,2024-04-06,,,1
OHE-MSB-04,OHE_span,TRD,,MSB,0.00,A,1997-07-20,2021-10-30,,1
BL-MSB-01,ballast,ENG,,MSB,0.00,A,2015-06-12,2020-06-04,237.7,2
BL-MSB-02,ballast,ENG,,MSB,0.00,A,2020-11-09,,85.7,1
BL-MSB-03,ballast,ENG,,MSB,0.00,A,2024-08-29,,426.6,0
BL-MSB-04,ballast,ENG,,MSB,0.00,A,2016-10-10,2025-05-14,543.8,2
BL-MSB-05,ballast,ENG,,MSB,0.00,A,2019-11-10,2026-03-05,250.2,0
BL-MSB-06,ballast,ENG,,MSB,0.00,A,2026-02-26,,631.0,0
IL-MSB-01,interlocking,SNT,,MSB,0.00,A,2014-07-05,2026-05-17,,0
PT-MSB-01,point_machine,SNT,,MSB,0.00,A,2011-12-28,2026-04-07,,2
PT-MSB-02,point_machine,SNT,,MSB,0.00,A,2017-04-01,,,0
PT-MSB-03,point_machine,SNT,,MSB,0.00,A,2019-06-01,,,1
PT-MSB-04,point_machine,SNT,,MSB,0.00,A,2024-09-08,,,0
PT-MSB-05,point_machine,SNT,,MSB,0.00,A,2016-02-15,2026-01-10,,1
PT-MSB-06,point_machine,SNT,,MSB,0.00,A,2013-04-19,2026-02-12,,1
PT-MSB-07,point_machine,SNT,,MSB,0.00,A,2021-11-15,,,0
PT-MSB-08,point_machine,SNT,,MSB,0.00,A,2022-11-22,,,0
PT-MSB-09,point_machine,SNT,,MSB,0.00,A,2019-05-31,,,0
PT-MSB-10,point_machine,SNT,,MSB,0.00,A,2022-01-20,,,0
PT-MSB-11,point_machine,SNT,,MSB,0.00,A,2021-05-05,,,0
PT-MSB-12,point_machine,SNT,,MSB,0.00,A,2024-09-08,,,0
TO-MSB-01,turnout,ENG,,MSB,0.00,A,2023-10-29,,348.5,2
TO-MSB-02,turnout,ENG,,MSB,0.00,A,2022-01-11,,1161.2,2
TO-MSB-03,turnout,ENG,,MSB,0.00,A,2021-04-07,,518.9,1
TO-MSB-04,turnout,ENG,,MSB,0.00,A,2008-06-10,2019-02-07,543.6,2
TO-MSB-05,turnout,ENG,,MSB,0.00,A,2016-07-27,,36.0,0
TO-MSB-06,turnout,ENG,,MSB,0.00,A,2018-08-06,2025-10-13,775.6,0
TO-MSB-07,turnout,ENG,,MSB,0.00,A,2022-02-04,,90.2,0
TO-MSB-08,turnout,ENG,,MSB,0.00,A,2011-11-06,2021-01-18,774.9,1
TO-MSB-09,turnout,ENG,,MSB,0.00,A,2010-09-10,2025-12-15,256.5,0
TO-MSB-10,turnout,ENG,,MSB,0.00,A,2009-08-14,2024-05-09,640.3,1
TO-MSB-11,turnout,ENG,,MSB,0.00,A,2024-08-24,,130.0,0
TO-MSB-12,turnout,ENG,,MSB,0.00,A,2008-01-28,2023-08-14,432.1,0
OHE-PER-01,OHE_span,TRD,,PER,5.00,B,2018-11-01,,,0
OHE-PER-02,OHE_span,TRD,,PER,5.00,A,2019-09-24,,,0
OHE-PER-03,OHE_span,TRD,,PER,5.00,A,2002-05-09,2025-08-08,,0
BL-PER-01,ballast,ENG,,PER,5.00,B,2021-11-10,,143.7,0
BL-PER-02,ballast,ENG,,PER,5.00,A,2023-04-13,,91.2,2
BL-PER-03,ballast,ENG,,PER,5.00,A,2020-03-08,2026-03-28,221.8,2
BL-PER-04,ballast,ENG,,PER,5.00,A,2017-01-04,2025-07-17,143.4,2
BL-PER-05,ballast,ENG,,PER,5.00,A,2017-06-28,2025-01-30,531.1,0
IL-PER-01,interlocking,SNT,,PER,5.00,A,2024-02-28,,,2
PT-PER-01,point_machine,SNT,,PER,5.00,A,2013-06-29,2023-03-24,,1
PT-PER-02,point_machine,SNT,,PER,5.00,A,2025-04-25,,,0
PT-PER-03,point_machine,SNT,,PER,5.00,A,2018-05-22,,,0
PT-PER-04,point_machine,SNT,,PER,5.00,A,2022-07-06,,,1
PT-PER-05,point_machine,SNT,,PER,5.00,A,2025-11-04,,,1
PT-PER-06,point_machine,SNT,,PER,5.00,A,2020-04-08,,,0
PT-PER-07,point_machine,SNT,,PER,5.00,A,2020-12-31,,,1
PT-PER-08,point_machine,SNT,,PER,5.00,A,2017-01-31,,,2
PT-PER-09,point_machine,SNT,,PER,5.00,A,2021-05-24,,,0
TO-PER-01,turnout,ENG,,PER,5.00,A,2023-09-22,,1007.4,2
TO-PER-02,turnout,ENG,,PER,5.00,A,2024-01-13,,713.2,2
TO-PER-03,turnout,ENG,,PER,5.00,A,2023-02-03,,681.9,3
TO-PER-04,turnout,ENG,,PER,5.00,A,2015-02-04,2026-06-09,197.8,0
TO-PER-05,turnout,ENG,,PER,5.00,A,2017-03-13,2024-07-26,457.0,0
TO-PER-06,turnout,ENG,,PER,5.00,A,2023-06-01,,445.8,1
TO-PER-07,turnout,ENG,,PER,5.00,A,2024-08-23,,248.6,2
TO-PER-08,turnout,ENG,,PER,5.00,A,2013-02-26,2022-10-27,202.1,1
TO-PER-09,turnout,ENG,,PER,5.00,A,2018-06-21,,176.4,3
OHE-TBM-01,OHE_span,TRD,,TBM,29.14,A,2004-12-27,2025-08-27,,3
OHE-TBM-02,OHE_span,TRD,,TBM,29.14,A,2000-06-28,2019-07-29,,1
OHE-TBM-03,OHE_span,TRD,,TBM,29.14,A,2013-08-09,,,3
BL-TBM-01,ballast,ENG,,TBM,29.14,A,2023-11-22,,103.0,1
BL-TBM-02,ballast,ENG,,TBM,29.14,A,2017-06-07,2024-09-19,606.2,1
BL-TBM-03,ballast,ENG,,TBM,29.14,A,2015-09-25,2023-07-18,643.9,1
BL-TBM-04,ballast,ENG,,TBM,29.14,A,2020-11-05,2025-05-30,203.8,1
BL-TBM-05,ballast,ENG,,TBM,29.14,A,2015-04-22,2021-12-23,444.5,0
IL-TBM-01,interlocking,SNT,,TBM,29.14,A,2019-09-16,,,1
PT-TBM-01,point_machine,SNT,,TBM,29.14,A,2020-02-06,,,0
PT-TBM-02,point_machine,SNT,,TBM,29.14,A,2015-04-21,2024-11-28,,0
PT-TBM-03,point_machine,SNT,,TBM,29.14,A,2016-05-25,2026-06-23,,1
PT-TBM-04,point_machine,SNT,,TBM,29.14,A,2010-06-16,2022-12-22,,0
PT-TBM-05,point_machine,SNT,,TBM,29.14,A,2021-05-06,,,0
PT-TBM-06,point_machine,SNT,,TBM,29.14,A,2021-09-12,,,0
PT-TBM-07,point_machine,SNT,,TBM,29.14,A,2020-07-22,,,0
PT-TBM-08,point_machine,SNT,,TBM,29.14,A,2025-12-14,,,0
PT-TBM-09,point_machine,SNT,,TBM,29.14,A,2015-08-09,2025-12-31,,2
SS-TBM-01,substation,TRD,,TBM,29.14,A,2017-09-16,,,0
TO-TBM-01,turnout,ENG,,TBM,29.14,A,2025-10-26,,337.7,1
TO-TBM-02,turnout,ENG,,TBM,29.14,A,2015-09-16,2023-02-12,486.1,1
TO-TBM-03,turnout,ENG,,TBM,29.14,A,2018-07-14,2025-11-03,799.6,6
TO-TBM-04,turnout,ENG,,TBM,29.14,A,2019-11-29,,947.5,0
TO-TBM-05,turnout,ENG,,TBM,29.14,A,2021-09-15,,907.2,1
TO-TBM-06,turnout,ENG,,TBM,29.14,A,2019-04-01,2026-03-28,570.6,3
TO-TBM-07,turnout,ENG,,TBM,29.14,A,2008-02-26,2022-05-06,1091.3,2
TO-TBM-08,turnout,ENG,,TBM,29.14,A,2012-09-11,2021-01-04,936.0,2
TO-TBM-09,turnout,ENG,,TBM,29.14,A,2023-03-12,,734.9,0
OHE-TNP-01,OHE_span,TRD,,TNP,5.00,C,2007-09-22,,,0
OHE-TNP-02,OHE_span,TRD,,TNP,5.00,B,2004-02-26,2023-10-15,,0
BL-TNP-01,ballast,ENG,,TNP,5.00,C,2025-04-20,,67.8,0
BL-TNP-02,ballast,ENG,,TNP,5.00,C,2023-11-05,,197.3,0
BL-TNP-03,ballast,ENG,,TNP,5.00,C,2018-05-13,2025-12-25,61.5,0
IL-TNP-01,interlocking,SNT,,TNP,5.00,B,2024-11-25,,,0
PT-TNP-01,point_machine,SNT,,TNP,5.00,B,2015-03-21,2025-01-07,,1
PT-TNP-02,point_machine,SNT,,TNP,5.00,A,2022-05-13,,,0
PT-TNP-03,point_machine,SNT,,TNP,5.00,A,2014-01-15,2023-12-02,,1
PT-TNP-04,point_machine,SNT,,TNP,5.00,B,2025-02-08,,,1
PT-TNP-05,point_machine,SNT,,TNP,5.00,B,2025-07-13,,,1
PT-TNP-06,point_machine,SNT,,TNP,5.00,B,2015-11-24,2026-01-07,,0
TO-TNP-01,turnout,ENG,,TNP,5.00,B,2020-08-23,,341.1,1
TO-TNP-02,turnout,ENG,,TNP,5.00,B,2016-11-08,2024-11-10,321.6,0
TO-TNP-03,turnout,ENG,,TNP,5.00,A,2020-11-08,,246.8,1
TO-TNP-04,turnout,ENG,,TNP,5.00,B,2017-12-18,,42.7,1
TO-TNP-05,turnout,ENG,,TNP,5.00,B,2018-09-17,,143.0,2
TO-TNP-06,turnout,ENG,,TNP,5.00,B,2014-02-01,2024-12-04,125.6,0
OHE-TRL-01,OHE_span,TRD,,TRL,42.00,C,1994-04-06,2015-11-19,,0
OHE-TRL-02,OHE_span,TRD,,TRL,42.00,B,1995-11-30,2021-02-10,,4
BL-TRL-01,ballast,ENG,,TRL,42.00,B,2023-09-08,,165.5,0
BL-TRL-02,ballast,ENG,,TRL,42.00,C,2020-11-16,,140.3,1
BL-TRL-03,ballast,ENG,,TRL,42.00,B,2021-10-12,,127.7,1
BL-TRL-04,ballast,ENG,,TRL,42.00,B,2019-12-27,2026-05-30,196.2,1
IL-TRL-01,interlocking,SNT,,TRL,42.00,A,2025-04-18,,,0
PT-TRL-01,point_machine,SNT,,TRL,42.00,A,2023-02-24,,,0
PT-TRL-02,point_machine,SNT,,TRL,42.00,A,2016-11-07,,,0
PT-TRL-03,point_machine,SNT,,TRL,42.00,A,2020-04-12,,,1
PT-TRL-04,point_machine,SNT,,TRL,42.00,A,2012-08-19,2022-05-11,,1
PT-TRL-05,point_machine,SNT,,TRL,42.00,A,2025-06-03,,,1
PT-TRL-06,point_machine,SNT,,TRL,42.00,A,2024-11-07,,,0
PT-TRL-07,point_machine,SNT,,TRL,42.00,A,2020-11-14,,,0
PT-TRL-08,point_machine,SNT,,TRL,42.00,B,2024-02-25,,,0
TO-TRL-01,turnout,ENG,,TRL,42.00,A,2008-09-11,2019-12-19,406.8,0
TO-TRL-02,turnout,ENG,,TRL,42.00,A,2020-11-05,,104.3,2
TO-TRL-03,turnout,ENG,,TRL,42.00,A,2025-09-06,,196.9,2
TO-TRL-04,turnout,ENG,,TRL,42.00,A,2025-08-14,,147.1,1
TO-TRL-05,turnout,ENG,,TRL,42.00,A,2008-01-28,2019-10-02,337.6,1
TO-TRL-06,turnout,ENG,,TRL,42.00,B,2016-07-31,2026-01-12,402.1,2
TO-TRL-07,turnout,ENG,,TRL,42.00,A,2011-04-08,2023-08-11,367.3,1
TO-TRL-08,turnout,ENG,,TRL,42.00,A,2016-06-03,2024-01-08,448.2,3
RL-TRLAJJ-0421,rail,ENG,TRL-AJJ-UP,,42.10,A,2009-06-14,2021-02-08,318.4,2
OHE-TRLAJJ-0402,OHE_span,TRD,TRL-AJJ-UP,,42.00,B,2004-11-30,,,1
