task_id,source_system,source_ref,department,task_type_id,asset_id,location_kind,block_section_id,station_code,start_km,end_km,line_id,origin,raised_date,days_pending,severity,deadline,safety_critical,access_required,requested_duration_min,crew_required,machine_required,materials_ready,season_restricted,night_permitted,status
SNT-2026-00501,SMMS,SMMS-00501,SNT,SNT-SIGNAL-REPLACE,SG-STMPV-08,edge,STM-PV-UP_SUB,,22.25,22.35,UP_SUB,defect,2026-09-04,2,critical,2026-09-28,true,disconnection,253,5,none,true,true,true,done
ENG-2026-04001,TMS,TMS-04001,ENG,ENG-TAMPING,BL-TITRL-01,edge,TI-TRL-DN,,31.95,33.95,DN,routine,2026-03-18,171,minor,,false,traffic_block,288,10,tamper,true,true,true,done
SNT-2026-00502,SMMS,SMMS-00502,SNT,SNT-CABLE-LAY,,edge,MSB-MS-DN_SUB,,3.84,4.30,DN_SUB,defect,2026-04-24,119,minor,,false,none,188,8,none,true,true,false,done
ENG-2026-04002,TMS,TMS-04002,ENG,ENG-SLEEPER-RENEWAL,SL-TRLAJJ-15,edge,TRL-AJJ-DN_SUB,,49.61,50.11,DN_SUB,defect,2026-07-13,56,minor,,false,traffic_block,318,20,none,false,true,true,pending
SNT-2025-00503,SMMS,SMMS-00503,SNT,SNT-POINT-SERVICE,PT-BBQ-06,node,,BBQ,2.00,2.00,,routine,2025-10-18,58,minor,,false,disconnection,57,3,none,true,false,true,cancelled
SNT-2026-00504,SMMS,SMMS-00504,SNT,SNT-AXLE-COUNTER,AC-TNPENR-02,edge,TNP-ENR-DN,,12.88,13.18,DN,overdue,2026-01-31,72,minor,,false,disconnection,96,3,none,true,true,true,done
TRD-2026-01001,TDMS,TDMS-01001,TRD,TRD-OHE-TENSION,OHE-PERABU-15,edge,PER-ABU-UP,,10.94,11.24,UP,routine,2026-05-12,39,minor,,false,power_block,97,4,OHE_tower_car,true,false,true,cancelled
ENG-2026-04003,TMS,TMS-04003,ENG,ENG-TURNOUT-OVERHAUL,TO-ENR-01,node,,ENR,16.00,16.00,,routine,2026-02-10,187,minor,,false,traffic_block,298,13,none,true,true,true,done
ENG-2026-04004,TMS,TMS-04004,ENG,ENG-TURNOUT-OVERHAUL,TO-AVD-05,node,,AVD,21.00,21.00,,routine,2026-08-14,24,minor,,false,traffic_block,408,14,none,false,true,true,pending
ENG-2026-04005,TMS,TMS-04005,ENG,ENG-RAIL-RENEWAL,RL-PERABU-24,edge,PER-ABU-UP_SUB,,7.05,7.55,UP_SUB,defect,2026-08-30,8,2,2026-12-02,false,traffic_block,423,25,none,false,true,true,scheduled
SNT-2025-00505,SMMS,SMMS-00505,SNT,SNT-POINT-REPLACE,PT-AJJ-02,node,,AJJ,69.00,69.00,,defect,2025-10-24,179,major,,false,disconnection,221,4,none,true,false,true,done
TRD-2026-01002,TDMS,TDMS-01002,TRD,TRD-OHE-MAST,MST-ABUAVD-04,edge,ABU-AVD-DN_SUB,,16.17,16.37,DN_SUB,routine,2026-02-25,62,major,2026-05-29,false,power_block,175,6,OHE_tower_car,false,true,true,done
ENG-2026-04006,TMS,TMS-04006,ENG,ENG-USFD-TEST,RL-ABUAVD-09,edge,ABU-AVD-UP,,16.46,21.00,UP,routine,2026-01-31,209,2,,false,traffic_block,141,3,USFD_car,true,false,true,done
TRD-2026-01003,TDMS,TDMS-01003,TRD,TRD-OHE-INSULATOR,INS-PERABU-08,edge,PER-ABU-UP_SUB,,13.19,13.29,UP_SUB,defect,2026-02-27,23,critical,2026-03-22,true,power_block,79,4,OHE_tower_car,true,true,true,done
SNT-2026-00506,SMMS,SMMS-00506,SNT,SNT-TRACK-CIRCUIT,TC-MBMGI-04,edge,MBM-GI-UP_SUB,,14.36,14.86,UP_SUB,overdue,2026-08-17,21,minor,2026-11-04,false,disconnection,83,3,none,true,true,true,pending
SNT-2026-00507,SMMS,SMMS-00507,SNT,SNT-POINT-REPLACE,PT-MS-03,node,,MS,4.32,4.32,,defect,2026-01-21,228,major,,false,disconnection,205,4,none,true,false,true,done
TRD-2025-01004,TDMS,TDMS-01004,TRD,TRD-OHE-INSULATOR,INS-MSMBM-04,edge,MS-MBM-DN_SUB,,6.47,6.57,DN_SUB,defect,2025-11-26,51,minor,,false,power_block,94,4,OHE_tower_car,false,true,true,done
ENG-2026-04007,TMS,TMS-04007,ENG,ENG-SLEEPER-RENEWAL,SL-TITRL-12,edge,TI-TRL-UP,,35.59,36.09,UP,defect,2026-07-04,65,minor,2026-10-31,false,traffic_block,238,17,none,true,true,true,pending
ENG-2026-04008,TMS,TMS-04008,ENG,ENG-RAIL-WELD,RL-AVDTI-05,edge,AVD-TI-DN,,23.03,24.03,DN,defect,2026-07-30,39,3,,false,traffic_block,211,7,none,true,false,true,pending
ENG-2026-04009,TMS,TMS-04009,ENG,ENG-DESTRESSING,RL-BBQTNP-04,edge,BBQ-TNP-UP,,2.74,3.74,UP,overdue,2026-05-24,79,2,,false,traffic_block,256,10,none,true,false,true,done
ENG-2026-04010,TMS,TMS-04010,ENG,ENG-SLEEPER-RENEWAL,SL-TRLAJJ-03,edge,TRL-AJJ-DN,,46.40,46.90,DN,defect,2026-01-18,22,minor,,false,traffic_block,385,21,none,true,true,true,done
TRD-2025-01005,TDMS,TDMS-01005,TRD,TRD-OHE-MAST,MST-TRLAJJ-44,edge,TRL-AJJ-UP_SUB,,61.00,61.20,UP_SUB,routine,2025-10-05,82,minor,,false,power_block,185,6,OHE_tower_car,true,true,true,cancelled
TRD-2026-01006,TDMS,TDMS-01006,TRD,TRD-NEUTRAL-SECTION,OHE-MBMGI-01,edge,MBM-GI-DN,,13.30,13.50,DN,overdue,2026-04-01,60,minor,,false,power_block,138,7,OHE_tower_car,true,false,true,done
ENG-2026-04011,TMS,TMS-04011,ENG,ENG-TURNOUT-OVERHAUL,TO-AVD-01,node,,AVD,21.00,21.00,,routine,2026-07-16,53,minor,2026-08-19,false,traffic_block,228,16,none,true,true,true,scheduled
ENG-2026-04012,TMS,TMS-04012,ENG,ENG-CURVE-REALIGN,BL-BBQPER-03,edge,BBQ-PER-UP,,4.11,4.91,UP,proactive,2026-05-20,25,minor,2026-09-04,false,traffic_block,168,13,tamper,true,true,true,done
ENG-2026-04013,TMS,TMS-04013,ENG,ENG-BRIDGE-REPAIR,BR-WJCJ-01,edge,WJ-CJ-SINGLE,,88.71,88.81,SINGLE,defect,2026-07-27,42,major,,false,traffic_block,267,11,none,true,true,false,scheduled
ENG-2025-04014,TMS,TMS-04014,ENG,ENG-CURVE-REALIGN,BL-ABUAVD-03,edge,ABU-AVD-DN_SUB,,15.55,16.35,DN_SUB,routine,2025-09-07,65,minor,2025-11-23,false,traffic_block,185,12,tamper,true,true,true,done
ENG-2026-04015,TMS,TMS-04015,ENG,ENG-TURNOUT-TAMP,TO-BBQ-07,node,,BBQ,2.00,2.00,,routine,2026-04-16,19,major,2026-08-05,false,traffic_block,138,10,tamper,true,true,true,done
ENG-2026-04016,TMS,TMS-04016,ENG,ENG-CURVE-REALIGN,BL-TRLAJJ-21,edge,TRL-AJJ-UP,,56.26,57.06,UP,overdue,2026-08-24,14,minor,,false,traffic_block,214,13,tamper,true,true,true,scheduled
SNT-2025-00508,SMMS,SMMS-00508,SNT,SNT-SIGNAL-REPLACE,SG-TITRL-19,edge,TI-TRL-UP_SUB,,40.99,41.09,UP_SUB,defect,2025-10-11,95,minor,,false,disconnection,172,6,none,true,true,true,done
ENG-2026-04017,TMS,TMS-04017,ENG,ENG-SLEEPER-RENEWAL,SL-WJCJ-02,edge,WJ-CJ-SINGLE,,89.54,90.04,SINGLE,defect,2026-09-05,2,minor,2026-11-17,false,traffic_block,431,19,none,true,true,true,scheduled
ENG-2026-04018,TMS,TMS-04018,ENG,ENG-DRAIN-CLEAR,,edge,WJ-CJ-SINGLE,,83.45,84.95,SINGLE,emergency_followup,2026-06-17,23,major,,false,none,199,7,none,true,true,false,done
ENG-2026-04019,TMS,TMS-04019,ENG,ENG-SLEEPER-RENEWAL,SL-TRLAJJ-07,edge,TRL-AJJ-DN,,52.41,52.91,DN,defect,2026-08-22,16,minor,2026-12-17,false,traffic_block,239,16,none,true,true,true,in_progress
ENG-2026-04020,TMS,TMS-04020,ENG,ENG-YARD-PWAY,BL-MAS-07,node,,MAS,0.00,0.00,,proactive,2026-01-01,147,major,,false,traffic_block,157,9,none,true,true,true,done
TRD-2025-01007,TDMS,TDMS-01007,TRD,TRD-OHE-DROPPER,CW-BBQTNP-01,edge,BBQ-TNP-DN,,2.94,3.44,DN,routine,2025-11-28,139,major,,false,power_block,91,5,OHE_tower_car,true,false,true,done
SNT-2025-00509,SMMS,SMMS-00509,SNT,SNT-TRACK-CIRCUIT,TC-MASBBQ-04,edge,MAS-BBQ-UP_SUB,,0.98,1.48,UP_SUB,overdue,2025-11-15,282,major,,false,disconnection,98,3,none,true,true,true,done
ENG-2026-04021,TMS,TMS-04021,ENG,ENG-RAIL-WELD,RL-STMPV-10,edge,STM-PV-UP,,20.59,21.59,UP,defect,2026-04-26,112,3,,false,traffic_block,259,7,none,true,false,true,deferred
ENG-2026-04022,TMS,TMS-04022,ENG,ENG-TURNOUT-OVERHAUL,TO-BBQ-09,node,,BBQ,2.00,2.00,,routine,2026-08-25,13,minor,,false,traffic_block,330,13,none,true,true,true,in_progress
ENG-2026-04023,TMS,TMS-04023,ENG,ENG-DRAIN-CLEAR,,edge,GI-STM-UP,,15.36,16.86,UP,routine,2026-05-11,64,minor,,false,none,215,7,none,true,true,false,done
ENG-2025-04024,TMS,TMS-04024,ENG,ENG-TAMPING,BL-ENRMJR-01,edge,ENR-MJR-DN,,18.79,20.79,DN,routine,2025-12-16,212,minor,,false,traffic_block,202,9,tamper,true,true,true,cancelled
TRD-2026-01008,TDMS,TDMS-01008,TRD,TRD-OHE-WIRE-RENEW,CW-MSMBM-04,edge,MS-MBM-DN_SUB,,7.50,8.50,DN_SUB,defect,2026-07-27,3,minor,,false,power_block,340,8,OHE_tower_car,true,true,true,done
ENG-2026-04025,TMS,TMS-04025,ENG,ENG-TAMPING,BL-BBQPER-03,edge,BBQ-PER-UP,,4.11,5.00,UP,routine,2026-02-12,129,minor,,false,traffic_block,244,10,tamper,true,true,true,done
TRD-2026-01009,TDMS,TDMS-01009,TRD,TRD-OHE-DROPPER,CW-ABUAVD-04,edge,ABU-AVD-DN_SUB,,18.89,19.39,DN_SUB,overdue,2026-05-26,80,minor,2026-08-04,false,power_block,96,4,OHE_tower_car,true,false,true,done
SNT-2026-00510,SMMS,SMMS-00510,SNT,SNT-AXLE-COUNTER,AC-GISTM-04,edge,GI-STM-UP_SUB,,16.70,17.00,UP_SUB,routine,2026-07-14,49,minor,,false,disconnection,88,3,none,true,true,true,done
ENG-2026-04026,TMS,TMS-04026,ENG,ENG-CURVE-REALIGN,BL-STMPV-01,edge,STM-PV-DN,,19.72,20.52,DN,overdue,2026-01-19,114,minor,,false,traffic_block,202,11,tamper,true,true,true,done
ENG-2026-04027,TMS,TMS-04027,ENG,ENG-SLEEPER-RENEWAL,SL-TRLAJJ-18,edge,TRL-AJJ-DN_SUB,,62.11,62.61,DN_SUB,defect,2026-03-11,87,minor,,false,traffic_block,246,16,none,false,true,true,done
ENG-2026-04028,TMS,TMS-04028,ENG,ENG-SLEEPER-RENEWAL,SL-PVTBM-03,edge,PV-TBM-DN_SUB,,24.05,24.55,DN_SUB,defect,2026-02-08,3,major,2026-03-24,false,traffic_block,433,17,none,true,true,true,done
ENG-2025-04029,TMS,TMS-04029,ENG,ENG-TAMPING,BL-TRLAJJ-18,edge,TRL-AJJ-DN_SUB,,59.31,61.31,DN_SUB,proactive,2025-10-10,193,major,2026-01-06,false,traffic_block,328,9,tamper,true,true,true,deferred
ENG-2026-04030,TMS,TMS-04030,ENG,ENG-RAIL-GRIND,RL-TNPENR-11,edge,TNP-ENR-UP,,7.41,10.41,UP,overdue,2026-05-14,11,3,,false,traffic_block,213,4,rail_grinder,true,false,true,done
SNT-2026-00511,SMMS,SMMS-00511,SNT,SNT-SIGNAL-LAMP,SG-TKOAJJ-01,edge,TKO-AJJ-SINGLE,,122.60,122.70,SINGLE,overdue,2026-02-20,189,minor,,false,none,53,2,none,true,false,true,done
ENG-2026-04031,TMS,TMS-04031,ENG,ENG-TURNOUT-OVERHAUL,TO-GPD-02,node,,GPD,47.00,47.00,,routine,2026-03-29,75,minor,,false,traffic_block,389,13,none,false,true,true,done
TRD-2026-01010,TDMS,TDMS-01010,TRD,TRD-OHE-MAST,MST-AVDTI-05,edge,AVD-TI-DN_SUB,,22.37,22.57,DN_SUB,routine,2026-08-19,8,major,,false,power_block,165,6,OHE_tower_car,true,true,true,done
TRD-2026-01011,TDMS,TDMS-01011,TRD,TRD-OHE-DROPPER,CW-ABUAVD-05,edge,ABU-AVD-UP,,15.18,15.68,UP,overdue,2026-04-24,25,minor,,false,power_block,121,5,OHE_tower_car,true,false,true,done
TRD-2026-01012,TDMS,TDMS-01012,TRD,TRD-OHE-INSULATOR,INS-PONGPD-06,edge,PON-GPD-UP,,45.93,46.03,UP,defect,2026-04-30,57,critical,2026-05-22,true,power_block,107,5,OHE_tower_car,false,true,true,done
ENG-2026-04032,TMS,TMS-04032,ENG,ENG-USFD-TEST,RL-ABUAVD-06,edge,ABU-AVD-DN_SUB,,19.13,21.00,DN_SUB,overdue,2026-06-29,70,2,2026-10-23,false,traffic_block,121,4,USFD_car,true,false,true,pending
SNT-2026-00512,SMMS,SMMS-00512,SNT,SNT-POINT-REPLACE,PT-CGL-08,node,,CGL,59.84,59.84,,defect,2026-09-03,3,minor,,false,disconnection,142,4,none,true,false,true,done
ENG-2026-04033,TMS,TMS-04033,ENG,ENG-USFD-TEST,RL-STMPV-01,edge,STM-PV-DN,,20.38,23.10,DN,overdue,2026-05-19,103,3,2026-07-29,false,traffic_block,97,3,USFD_car,true,false,true,done
SNT-2026-00513,SMMS,SMMS-00513,SNT,SNT-POINT-SERVICE,PT-AVD-05,node,,AVD,21.00,21.00,,routine,2026-08-02,36,minor,2026-11-28,false,disconnection,59,3,none,true,false,true,in_progress
ENG-2026-04034,TMS,TMS-04034,ENG,ENG-USFD-TEST,RL-AVDTI-03,edge,AVD-TI-DN,,23.39,29.00,DN,overdue,2026-04-11,82,2,,false,traffic_block,172,3,USFD_car,true,false,true,cancelled
ENG-2026-04035,TMS,TMS-04035,ENG,ENG-RAIL-WELD,RL-PONGPD-05,edge,PON-GPD-DN,,43.67,44.67,DN,defect,2026-08-21,17,3,2026-10-04,false,traffic_block,238,6,none,true,false,true,pending
SNT-2026-00514,SMMS,SMMS-00514,SNT,SNT-TRACK-CIRCUIT,TC-TITRL-16,edge,TI-TRL-UP_SUB,,36.19,36.69,UP_SUB,routine,2026-04-26,69,minor,,false,disconnection,99,3,none,true,true,true,done
ENG-2025-04036,TMS,TMS-04036,ENG,ENG-RAIL-RENEWAL,RL-ABUAVD-03,edge,ABU-AVD-DN,,18.89,19.39,DN,defect,2025-11-23,286,2,,false,traffic_block,472,24,none,true,true,true,done
ENG-2025-04037,TMS,TMS-04037,ENG,ENG-RAIL-GRIND,RL-TRLAJJ-16,edge,TRL-AJJ-DN,,58.76,61.76,DN,overdue,2025-10-09,202,3,,false,traffic_block,230,4,rail_grinder,true,false,true,done
TRD-2026-01013,TDMS,TDMS-01013,TRD,TRD-OHE-INSULATOR,INS-PONGPD-02,edge,PON-GPD-DN,,44.64,44.74,DN,defect,2026-02-17,167,major,,false,power_block,73,4,OHE_tower_car,true,true,true,done
SNT-2025-00515,SMMS,SMMS-00515,SNT,SNT-TRACK-CIRCUIT,TC-PERABU-06,edge,PER-ABU-DN_SUB,,13.86,14.36,DN_SUB,proactive,2025-09-11,284,major,2025-10-15,false,disconnection,81,4,none,true,true,true,done
TRD-2026-01014,TDMS,TDMS-01014,TRD,TRD-OHE-MAST,MST-TNPENR-08,edge,TNP-ENR-UP,,15.38,15.58,UP,routine,2026-04-25,41,minor,2026-07-29,false,power_block,128,6,OHE_tower_car,true,true,true,done
SNT-2026-00516,SMMS,SMMS-00516,SNT,SNT-POINT-SERVICE,PT-CGL-01,node,,CGL,59.84,59.84,,routine,2026-02-01,171,minor,2026-03-17,false,disconnection,74,4,none,true,false,true,done
SNT-2026-00517,SMMS,SMMS-00517,SNT,SNT-TRACK-CIRCUIT,TC-STMPV-01,edge,STM-PV-DN,,17.56,18.06,DN,routine,2026-01-01,95,minor,,false,disconnection,84,3,none,false,true,true,done
TRD-2025-01015,TDMS,TDMS-01015,TRD,TRD-OHE-INSULATOR,INS-MSMBM-04,edge,MS-MBM-DN_SUB,,6.47,6.57,DN_SUB,defect,2025-09-17,52,minor,,false,power_block,119,4,OHE_tower_car,true,true,true,done
TRD-2026-01016,TDMS,TDMS-01016,TRD,TRD-OHE-INSULATOR,INS-PONGPD-06,edge,PON-GPD-UP,,45.93,46.03,UP,defect,2026-03-26,44,minor,,false,power_block,86,4,OHE_tower_car,false,true,true,done
ENG-2026-04038,TMS,TMS-04038,ENG,ENG-TRACK-PATROL,,edge,BBQ-TNP-DN,,2.63,4.63,DN,overdue,2026-03-05,93,minor,,false,none,110,2,none,true,false,false,done
SNT-2026-00518,SMMS,SMMS-00518,SNT,SNT-SIGNAL-REPLACE,SG-BBQPER-03,edge,BBQ-PER-UP,,3.79,3.89,UP,emergency_followup,2026-06-27,1,critical,2026-07-22,true,disconnection,245,6,none,true,true,true,deferred
ENG-2026-04039,TMS,TMS-04039,ENG,ENG-RAIL-RENEWAL,RL-TNPENR-02,edge,TNP-ENR-DN,,12.86,13.36,DN,defect,2026-06-06,33,3,2026-07-10,false,traffic_block,313,24,none,true,true,true,done
ENG-2025-04040,TMS,TMS-04040,ENG,ENG-SLEEPER-RENEWAL,SL-TRLAJJ-01,edge,TRL-AJJ-DN,,60.93,61.43,DN,defect,2025-10-22,118,minor,2025-12-11,false,traffic_block,347,18,none,true,true,true,done
SNT-2026-00519,SMMS,SMMS-00519,SNT,SNT-TRACK-CIRCUIT,TC-GISTM-03,edge,GI-STM-UP,,16.57,17.07,UP,overdue,2026-06-15,11,major,,false,disconnection,98,3,none,true,true,true,done
ENG-2026-04041,TMS,TMS-04041,ENG,ENG-TURNOUT-OVERHAUL,TO-TRL-04,node,,TRL,42.00,42.00,,overdue,2026-07-28,32,major,,false,traffic_block,326,13,none,true,true,true,done
ENG-2026-04042,TMS,TMS-04042,ENG,ENG-RAIL-WELD,RL-AVDTI-03,edge,AVD-TI-DN,,23.39,24.39,DN,defect,2026-03-14,118,3,,false,traffic_block,218,6,none,false,false,true,done
ENG-2026-04043,TMS,TMS-04043,ENG,ENG-DESTRESSING,RL-STMPV-01,edge,STM-PV-DN,,20.38,21.38,DN,routine,2026-01-25,153,3,,false,traffic_block,204,11,none,true,false,true,done
TRD-2025-01017,TDMS,TDMS-01017,TRD,TRD-OHE-YARD,OHE-MSB-01,node,,MSB,0.00,0.00,,overdue,2025-12-06,200,minor,,false,power_block,195,5,OHE_tower_car,true,true,true,done
SNT-2026-00520,SMMS,SMMS-00520,SNT,SNT-SIGNAL-REPLACE,SG-MSMBM-03,edge,MS-MBM-DN_SUB,,7.46,7.56,DN_SUB,defect,2026-08-16,22,minor,,false,disconnection,156,6,none,true,true,true,pending
TRD-2026-01018,TDMS,TDMS-01018,TRD,TRD-OHE-INSP,OHE-PONGPD-03,edge,PON-GPD-DN,,46.17,47.00,DN,proactive,2026-05-12,29,major,,false,power_block,71,4,OHE_tower_car,false,false,true,done
TRD-2026-01019,TDMS,TDMS-01019,TRD,TRD-OHE-WIRE-RENEW,CW-STMPV-04,edge,STM-PV-DN_SUB,,21.41,22.41,DN_SUB,defect,2026-08-30,8,minor,,false,power_block,323,10,OHE_tower_car,true,true,true,scheduled
ENG-2026-04044,TMS,TMS-04044,ENG,ENG-CURVE-REALIGN,BL-ENRMJR-06,edge,ENR-MJR-UP,,23.13,23.93,UP,routine,2026-07-26,43,major,2026-11-13,false,traffic_block,168,12,tamper,true,true,true,in_progress
SNT-2026-00521,SMMS,SMMS-00521,SNT,SNT-TRACK-CIRCUIT,TC-TRLAJJ-33,edge,TRL-AJJ-UP,,54.29,54.79,UP,routine,2026-04-03,152,minor,,false,disconnection,120,4,none,true,true,true,cancelled
ENG-2026-04045,TMS,TMS-04045,ENG,ENG-RAIL-RENEWAL,RL-PONGPD-09,edge,PON-GPD-UP,,37.25,37.75,UP,defect,2026-01-26,222,3,,false,traffic_block,367,20,none,true,true,true,done
TRD-2026-01020,TDMS,TDMS-01020,TRD,TRD-OHE-MAST,MST-TRLAJJ-05,edge,TRL-AJJ-DN,,53.98,54.18,DN,proactive,2026-01-27,151,minor,,false,power_block,198,6,OHE_tower_car,false,true,true,done
ENG-2025-04046,TMS,TMS-04046,ENG,ENG-RAIL-RENEWAL,RL-ENRMJR-06,edge,ENR-MJR-DN,,21.47,21.97,DN,defect,2025-11-11,164,3,2025-12-16,false,traffic_block,514,24,none,true,true,true,done
ENG-2026-04047,TMS,TMS-04047,ENG,ENG-SLEEPER-RENEWAL,SL-TITRL-04,edge,TI-TRL-DN,,33.08,33.58,DN,defect,2026-07-29,40,major,,false,traffic_block,253,16,none,true,true,true,scheduled
ENG-2026-04048,TMS,TMS-04048,ENG,ENG-SLEEPER-RENEWAL,SL-AVDTI-09,edge,AVD-TI-UP,,22.82,23.32,UP,defect,2026-07-25,44,minor,,false,traffic_block,340,20,none,true,true,true,pending
ENG-2025-04049,TMS,TMS-04049,ENG,ENG-TURNOUT-TAMP,TO-BBQ-10,node,,BBQ,2.00,2.00,,emergency_followup,2025-11-26,176,critical,2025-12-15,true,traffic_block,199,8,tamper,true,true,true,done
ENG-2025-04050,TMS,TMS-04050,ENG,ENG-RAIL-WELD,RL-MJRPON-11,edge,MJR-PON-UP,,29.56,30.56,UP,defect,2025-11-25,112,2,,false,traffic_block,206,7,none,true,false,true,done
ENG-2026-04051,TMS,TMS-04051,ENG,ENG-RAIL-WELD,RL-TKOAJJ-07,edge,TKO-AJJ-SINGLE,,119.01,120.01,SINGLE,defect,2026-02-12,177,3,,false,traffic_block,217,7,none,true,false,true,done
TRD-2026-01021,TDMS,TDMS-01021,TRD,TRD-OHE-DROPPER,CW-MSMBM-04,edge,MS-MBM-DN_SUB,,7.50,8.00,DN_SUB,routine,2026-08-31,7,minor,2026-12-26,false,power_block,114,4,OHE_tower_car,true,false,true,in_progress
TRD-2025-01022,TDMS,TDMS-01022,TRD,TRD-SUBSTN-MAINT,SS-TBM-01,node,,TBM,29.14,29.14,,routine,2025-12-07,178,minor,,false,none,286,6,none,false,false,true,done
ENG-2026-04052,TMS,TMS-04052,ENG,ENG-SLEEPER-RENEWAL,SL-STMPV-08,edge,STM-PV-UP_SUB,,19.64,20.14,UP_SUB,defect,2026-06-08,91,major,,false,traffic_block,359,20,none,true,true,true,scheduled
ENG-2025-04053,TMS,TMS-04053,ENG,ENG-TURNOUT-TAMP,TO-MSB-06,node,,MSB,0.00,0.00,,overdue,2025-11-09,5,minor,,false,traffic_block,246,8,tamper,false,true,true,done
SNT-2026-00522,SMMS,SMMS-00522,SNT,SNT-TRACK-CIRCUIT,TC-CJTMLP-01,edge,CJ-TMLP-SINGLE,,107.06,107.56,SINGLE,emergency_followup,2026-05-03,85,major,,false,disconnection,85,3,none,true,true,true,done
ENG-2026-04054,TMS,TMS-04054,ENG,ENG-TURNOUT-OVERHAUL,TO-TRL-01,node,,TRL,42.00,42.00,,overdue,2026-06-11,47,minor,2026-08-15,false,traffic_block,243,12,none,true,true,true,done
ENG-2026-04055,TMS,TMS-04055,ENG,ENG-TURNOUT-TAMP,TO-AVD-03,node,,AVD,21.00,21.00,,routine,2026-06-02,14,minor,2026-08-11,false,traffic_block,248,8,tamper,true,true,true,done
ENG-2026-04056,TMS,TMS-04056,ENG,ENG-SLEEPER-RENEWAL,SL-WJCJ-04,edge,WJ-CJ-SINGLE,,88.24,88.74,SINGLE,defect,2026-09-06,1,major,,false,traffic_block,340,17,none,true,true,true,in_progress
TRD-2026-01023,TDMS,TDMS-01023,TRD,TRD-OHE-INSP,OHE-MBMGI-08,edge,MBM-GI-UP_SUB,,14.49,15.00,UP_SUB,overdue,2026-09-01,6,major,2026-10-06,false,power_block,107,4,OHE_tower_car,true,false,true,in_progress
SNT-2026-00523,SMMS,SMMS-00523,SNT,SNT-POINT-REPLACE,PT-MAS-09,node,,MAS,0.00,0.00,,defect,2026-08-20,9,major,,false,disconnection,189,4,none,true,false,true,done
ENG-2025-04057,TMS,TMS-04057,ENG,ENG-RAIL-RENEWAL,RL-MSBMS-10,edge,MSB-MS-UP_SUB,,2.67,3.17,UP_SUB,defect,2025-10-22,199,3,,false,traffic_block,381,24,none,true,true,true,done
TRD-2026-01024,TDMS,TDMS-01024,TRD,TRD-OHE-DROPPER,CW-MASBBQ-03,edge,MAS-BBQ-UP,,1.53,2.00,UP,emergency_followup,2026-08-10,28,major,,false,power_block,81,5,OHE_tower_car,true,false,true,in_progress
ENG-2026-04058,TMS,TMS-04058,ENG,ENG-SLEEPER-RENEWAL,SL-CGLWJ-06,edge,CGL-WJ-SINGLE,,66.93,67.43,SINGLE,proactive,2026-04-11,9,minor,,false,traffic_block,229,17,none,true,true,true,done
ENG-2026-04059,TMS,TMS-04059,ENG,ENG-SLEEPER-RENEWAL,SL-PERABU-07,edge,PER-ABU-DN_SUB,,7.02,7.52,DN_SUB,defect,2026-05-02,75,major,,false,traffic_block,420,16,none,true,true,true,done
SNT-2026-00524,SMMS,SMMS-00524,SNT,SNT-POINT-REPLACE,PT-PER-08,node,,PER,5.00,5.00,,defect,2026-07-31,29,minor,,false,disconnection,248,5,none,true,false,true,done
ENG-2026-04060,TMS,TMS-04060,ENG,ENG-SLEEPER-RENEWAL,SL-GISTM-04,edge,GI-STM-UP_SUB,,15.17,15.67,UP_SUB,defect,2026-03-03,11,minor,,false,traffic_block,300,16,none,true,true,true,done
ENG-2026-04061,TMS,TMS-04061,ENG,ENG-BRIDGE-REPAIR,BR-TNPENR-01,edge,TNP-ENR-DN,,8.69,8.79,DN,defect,2026-08-04,22,major,2026-09-21,false,traffic_block,418,12,none,false,true,false,done
ENG-2025-04062,TMS,TMS-04062,ENG,ENG-RAIL-RENEWAL,RL-MBMGI-03,edge,MBM-GI-DN_SUB,,13.10,13.60,DN_SUB,defect,2025-11-15,224,2,,false,traffic_block,432,26,none,false,true,true,done
ENG-2026-04063,TMS,TMS-04063,ENG,ENG-TRACK-PATROL,,edge,BBQ-PER-DN,,4.54,5.00,DN,proactive,2026-08-20,18,major,2026-12-07,false,none,82,2,none,true,false,false,pending
ENG-2025-04064,TMS,TMS-04064,ENG,ENG-RAIL-GRIND,RL-PONGPD-12,edge,PON-GPD-UP,,42.15,45.15,UP,overdue,2025-09-18,29,1,2025-09-28,true,traffic_block,212,4,rail_grinder,true,false,true,done
ENG-2026-04065,TMS,TMS-04065,ENG,ENG-RAIL-RENEWAL,RL-MSMBM-10,edge,MS-MBM-DN_SUB,,6.44,6.94,DN_SUB,defect,2026-06-28,40,1,2026-07-15,true,traffic_block,353,25,none,true,true,true,done
ENG-2026-04066,TMS,TMS-04066,ENG,ENG-CURVE-REALIGN,BL-WJCJ-01,edge,WJ-CJ-SINGLE,,88.34,89.14,SINGLE,routine,2026-08-19,19,minor,,false,traffic_block,162,13,tamper,false,true,true,in_progress
ENG-2025-04067,TMS,TMS-04067,ENG,ENG-TURNOUT-TAMP,TO-TNP-04,node,,TNP,5.00,5.00,,overdue,2025-09-10,109,minor,2025-10-29,false,traffic_block,223,9,tamper,true,true,true,done
TRD-2026-01025,TDMS,TDMS-01025,TRD,TRD-OHE-EARTHING,OHE-TITRL-12,edge,TI-TRL-DN_SUB,,33.26,34.26,DN_SUB,overdue,2026-06-23,13,minor,,false,power_block,56,3,none,true,false,true,done
ENG-2025-04068,TMS,TMS-04068,ENG,ENG-USFD-TEST,RL-MJRPON-03,edge,MJR-PON-DN,,33.12,35.00,DN,overdue,2025-11-19,74,2,,false,traffic_block,127,3,USFD_car,true,false,true,done
SNT-2026-00525,SMMS,SMMS-00525,SNT,SNT-TRACK-CIRCUIT,TC-PONGPD-07,edge,PON-GPD-UP,,45.68,46.18,UP,proactive,2026-02-21,146,minor,,false,disconnection,94,3,none,true,true,true,done
ENG-2025-04069,TMS,TMS-04069,ENG,ENG-CURVE-REALIGN,BL-PVTBM-03,edge,PV-TBM-DN_SUB,,24.51,25.31,DN_SUB,routine,2025-12-28,172,major,,false,traffic_block,222,11,tamper,true,true,true,deferred
ENG-2026-04070,TMS,TMS-04070,ENG,ENG-RAIL-RENEWAL,RL-MASBBQ-03,edge,MAS-BBQ-UP,,0.56,1.06,UP,defect,2026-03-03,48,1,2026-03-19,true,traffic_block,397,24,none,true,true,true,done
ENG-2026-04071,TMS,TMS-04071,ENG,ENG-DRAIN-CLEAR,,edge,MSB-MS-DN,,0.16,1.66,DN,overdue,2026-04-13,90,critical,2026-05-04,true,none,203,6,none,true,true,false,done
ENG-2025-04072,TMS,TMS-04072,ENG,ENG-SLEEPER-RENEWAL,SL-ENRMJR-07,edge,ENR-MJR-UP,,17.68,18.18,UP,defect,2025-09-18,352,major,,false,traffic_block,379,19,none,true,true,true,done
TRD-2025-01026,TDMS,TDMS-01026,TRD,TRD-OHE-WIRE-RENEW,CW-TRLAJJ-02,edge,TRL-AJJ-DN,,57.19,58.19,DN,defect,2025-12-31,95,minor,2026-02-12,false,power_block,383,10,OHE_tower_car,true,true,true,cancelled
ENG-2026-04073,TMS,TMS-04073,ENG,ENG-SLEEPER-RENEWAL,SL-TNPENR-03,edge,TNP-ENR-DN,,12.65,13.15,DN,defect,2026-02-13,183,major,,false,traffic_block,293,19,none,true,true,true,done
ENG-2026-04074,TMS,TMS-04074,ENG,ENG-SLEEPER-RENEWAL,SL-BBQPER-01,edge,BBQ-PER-DN,,4.92,5.00,DN,defect,2026-03-15,159,minor,,false,traffic_block,398,20,none,true,true,true,done
ENG-2026-04075,TMS,TMS-04075,ENG,ENG-USFD-TEST,RL-ABUAVD-06,edge,ABU-AVD-DN_SUB,,19.13,21.00,DN_SUB,routine,2026-05-26,46,2,,false,traffic_block,132,3,USFD_car,true,false,true,done
SNT-2026-00526,SMMS,SMMS-00526,SNT,SNT-TRACK-CIRCUIT,TC-MSMBM-06,edge,MS-MBM-DN_SUB,,8.12,8.62,DN_SUB,overdue,2026-08-05,17,major,2026-09-21,false,disconnection,84,3,none,true,true,true,done
SNT-2026-00527,SMMS,SMMS-00527,SNT,SNT-TRACK-CIRCUIT,TC-TRLAJJ-23,edge,TRL-AJJ-UP,,43.74,44.24,UP,routine,2026-01-04,75,minor,,false,disconnection,92,3,none,true,true,true,done
SNT-2026-00528,SMMS,SMMS-00528,SNT,SNT-TRACK-CIRCUIT,TC-TITRL-06,edge,TI-TRL-DN_SUB,,39.92,40.42,DN_SUB,routine,2026-08-29,3,minor,,false,disconnection,95,3,none,true,true,true,done
SNT-2026-00529,SMMS,SMMS-00529,SNT,SNT-CABLE-LAY,,edge,BBQ-TNP-DN,,2.65,3.65,DN,defect,2026-08-05,33,major,,false,none,345,9,none,true,true,false,scheduled
ENG-2026-04076,TMS,TMS-04076,ENG,ENG-SLEEPER-RENEWAL,SL-TMLPTKO-01,edge,TMLP-TKO-SINGLE,,109.84,110.34,SINGLE,defect,2026-07-30,39,major,,false,traffic_block,411,18,none,true,true,true,scheduled
ENG-2026-04077,TMS,TMS-04077,ENG,ENG-TURNOUT-TAMP,TO-AJJ-04,node,,AJJ,69.00,69.00,,emergency_followup,2026-06-21,50,major,,false,traffic_block,254,9,tamper,true,true,true,done
TRD-2026-01027,TDMS,TDMS-01027,TRD,TRD-OHE-WIRE-RENEW,CW-MSMBM-08,edge,MS-MBM-UP_SUB,,4.51,5.51,UP_SUB,defect,2026-08-31,7,critical,2026-09-20,true,power_block,252,9,OHE_tower_car,true,true,true,scheduled
ENG-2026-04078,TMS,TMS-04078,ENG,ENG-SLEEPER-RENEWAL,SL-TRLAJJ-27,edge,TRL-AJJ-UP,,64.41,64.91,UP,defect,2026-08-03,9,major,,false,traffic_block,281,17,none,true,true,true,done
ENG-2026-04079,TMS,TMS-04079,ENG,ENG-DESTRESSING,RL-MJRPON-01,edge,MJR-PON-DN,,29.30,30.30,DN,routine,2026-08-07,9,3,,false,traffic_block,276,11,none,true,false,true,done
SNT-2026-00530,SMMS,SMMS-00530,SNT,SNT-TRACK-CIRCUIT,TC-CJTMLP-03,edge,CJ-TMLP-SINGLE,,105.92,106.42,SINGLE,overdue,2026-04-21,9,minor,2026-07-21,false,disconnection,90,3,none,true,true,true,done
TRD-2026-01028,TDMS,TDMS-01028,TRD,TRD-OHE-INSP,OHE-TNPENR-03,edge,TNP-ENR-DN,,6.50,10.50,DN,routine,2026-03-15,172,major,,false,power_block,111,4,OHE_tower_car,false,false,true,done
SNT-2026-00531,SMMS,SMMS-00531,SNT,SNT-TRACK-CIRCUIT,TC-AVDTI-01,edge,AVD-TI-DN,,28.62,29.00,DN,overdue,2026-07-21,48,major,2026-09-23,false,disconnection,116,3,none,true,true,true,scheduled
TRD-2026-01029,TDMS,TDMS-01029,TRD,TRD-OHE-DROPPER,CW-ABUAVD-06,edge,ABU-AVD-UP,,17.26,17.76,UP,overdue,2026-05-23,80,minor,,false,power_block,127,5,OHE_tower_car,true,false,true,done
SNT-2026-00532,SMMS,SMMS-00532,SNT,SNT-SIGNAL-REPLACE,SG-GISTM-04,edge,GI-STM-UP_SUB,,16.82,16.92,UP_SUB,proactive,2026-04-14,9,minor,,false,disconnection,189,5,none,true,true,true,done
ENG-2026-04080,TMS,TMS-04080,ENG,ENG-TURNOUT-OVERHAUL,TO-MSB-03,node,,MSB,0.00,0.00,,overdue,2026-05-07,40,minor,,false,traffic_block,307,13,none,true,true,true,done
ENG-2026-04081,TMS,TMS-04081,ENG,ENG-SLEEPER-RENEWAL,SL-MJRPON-01,edge,MJR-PON-DN,,27.59,28.09,DN,defect,2026-08-20,10,minor,2026-12-07,false,traffic_block,261,18,none,false,true,true,done
ENG-2026-04082,TMS,TMS-04082,ENG,ENG-CURVE-REALIGN,BL-MSMBM-02,edge,MS-MBM-DN,,6.29,7.09,DN,overdue,2026-01-30,119,major,,false,traffic_block,223,11,tamper,true,true,true,done
TRD-2026-01030,TDMS,TDMS-01030,TRD,TRD-OHE-MAST,MST-STMPV-06,edge,STM-PV-UP,,20.20,20.40,UP,routine,2026-08-16,12,minor,2026-10-19,false,power_block,128,6,OHE_tower_car,false,true,true,done
SNT-2025-00533,SMMS,SMMS-00533,SNT,SNT-TRACK-CIRCUIT,TC-TITRL-06,edge,TI-TRL-DN_SUB,,39.92,40.42,DN_SUB,overdue,2025-12-22,53,major,,false,disconnection,119,3,none,true,true,true,done
ENG-2025-04083,TMS,TMS-04083,ENG,ENG-RAIL-RENEWAL,RL-PERABU-23,edge,PER-ABU-UP_SUB,,7.41,7.91,UP_SUB,emergency_followup,2025-12-31,147,2,,false,traffic_block,498,23,none,true,true,true,done
SNT-2026-00534,SMMS,SMMS-00534,SNT,SNT-TRACK-CIRCUIT,TC-AVDTI-02,edge,AVD-TI-DN,,27.80,28.30,DN,overdue,2026-01-27,128,minor,,false,disconnection,82,3,none,true,true,true,done
ENG-2025-04084,TMS,TMS-04084,ENG,ENG-TURNOUT-TAMP,TO-AJJ-01,node,,AJJ,69.00,69.00,,overdue,2025-09-22,186,major,,false,traffic_block,192,9,tamper,true,true,true,done
ENG-2026-04085,TMS,TMS-04085,ENG,ENG-USFD-TEST,RL-TRLAJJ-48,edge,TRL-AJJ-UP,,42.59,50.59,UP,overdue,2026-08-21,15,3,,false,traffic_block,161,3,USFD_car,true,false,true,done
ENG-2026-04086,TMS,TMS-04086,ENG,ENG-TURNOUT-TAMP,TO-AVD-06,node,,AVD,21.00,21.00,,overdue,2026-06-05,91,minor,,false,traffic_block,217,10,tamper,true,true,true,done
ENG-2025-04087,TMS,TMS-04087,ENG,ENG-TURNOUT-OVERHAUL,TO-MAS-06,node,,MAS,0.00,0.00,,routine,2025-11-08,205,minor,,false,traffic_block,231,15,none,false,true,true,done
ENG-2025-04088,TMS,TMS-04088,ENG,ENG-SLEEPER-RENEWAL,SL-CJTMLP-02,edge,CJ-TMLP-SINGLE,,97.63,98.13,SINGLE,defect,2025-10-05,89,minor,,false,traffic_block,271,16,none,true,true,true,done
ENG-2025-04089,TMS,TMS-04089,ENG,ENG-TURNOUT-OVERHAUL,TO-GPD-06,node,,GPD,47.00,47.00,,overdue,2025-10-20,310,minor,2026-02-12,false,traffic_block,234,12,none,true,true,true,done
ENG-2026-04090,TMS,TMS-04090,ENG,ENG-SLEEPER-RENEWAL,SL-ENRMJR-05,edge,ENR-MJR-UP,,23.86,24.36,UP,proactive,2026-02-17,6,minor,,false,traffic_block,360,20,none,true,true,true,done
SNT-2026-00535,SMMS,SMMS-00535,SNT,SNT-TRACK-CIRCUIT,TC-TKOAJJ-01,edge,TKO-AJJ-SINGLE,,125.57,126.07,SINGLE,routine,2026-08-11,27,minor,,false,disconnection,121,3,none,true,true,true,scheduled
ENG-2025-04091,TMS,TMS-04091,ENG,ENG-RAIL-WELD,RL-TITRL-28,edge,TI-TRL-UP_SUB,,38.10,39.10,UP_SUB,defect,2025-12-06,69,IMDT,2025-12-09,true,traffic_block,237,6,none,false,false,true,done
ENG-2026-04092,TMS,TMS-04092,ENG,ENG-TURNOUT-OVERHAUL,TO-TRL-04,node,,TRL,42.00,42.00,,overdue,2026-03-30,25,minor,,false,traffic_block,293,12,none,true,true,true,done
ENG-2026-04093,TMS,TMS-04093,ENG,ENG-RAIL-GRIND,RL-MSBMS-10,edge,MSB-MS-UP_SUB,,2.67,4.30,UP_SUB,overdue,2026-08-19,19,2,,false,traffic_block,135,4,rail_grinder,true,false,true,scheduled
TRD-2026-01031,TDMS,TDMS-01031,TRD,TRD-OHE-MAST,MST-ENRMJR-02,edge,ENR-MJR-DN,,21.78,21.98,DN,overdue,2026-06-22,70,minor,,false,power_block,132,7,OHE_tower_car,true,true,true,deferred
SNT-2025-00536,SMMS,SMMS-00536,SNT,SNT-POINT-SERVICE,PT-AVD-08,node,,AVD,21.00,21.00,,overdue,2025-11-27,104,minor,,false,disconnection,46,3,none,true,false,true,done
ENG-2026-04094,TMS,TMS-04094,ENG,ENG-TRACK-PATROL,,edge,CGL-WJ-SINGLE,,62.51,64.51,SINGLE,routine,2026-08-23,15,major,2026-11-29,false,none,89,2,none,false,false,false,pending
SNT-2026-00537,SMMS,SMMS-00537,SNT,SNT-SIGNAL-LAMP,SG-TKOAJJ-04,edge,TKO-AJJ-SINGLE,,121.39,121.49,SINGLE,proactive,2026-05-16,51,major,,false,none,61,2,none,true,false,true,done
TRD-2026-01032,TDMS,TDMS-01032,TRD,TRD-OHE-MAST,MST-PVTBM-08,edge,PV-TBM-UP_SUB,,25.19,25.39,UP_SUB,overdue,2026-04-11,31,minor,,false,power_block,129,6,OHE_tower_car,true,true,true,deferred
ENG-2026-04095,TMS,TMS-04095,ENG,ENG-SLEEPER-RENEWAL,SL-TRLAJJ-19,edge,TRL-AJJ-UP,,44.38,44.88,UP,defect,2026-05-25,42,major,,false,traffic_block,386,20,none,false,true,true,done
ENG-2026-04096,TMS,TMS-04096,ENG,ENG-RAIL-GRIND,RL-ENRMJR-03,edge,ENR-MJR-DN,,23.92,26.00,DN,routine,2026-01-08,125,3,,false,traffic_block,165,4,rail_grinder,true,false,true,deferred
SNT-2026-00538,SMMS,SMMS-00538,SNT,SNT-SIGNAL-REPLACE,SG-PERABU-12,edge,PER-ABU-UP,,9.25,9.35,UP,emergency_followup,2026-01-17,9,major,,false,disconnection,196,6,none,true,true,true,cancelled
ENG-2025-04097,TMS,TMS-04097,ENG,ENG-CURVE-REALIGN,BL-ABUAVD-02,edge,ABU-AVD-DN,,17.99,18.79,DN,overdue,2025-12-31,146,critical,2026-01-14,true,traffic_block,260,10,tamper,true,true,true,done
ENG-2026-04098,TMS,TMS-04098,ENG,ENG-RAIL-WELD,RL-MSMBM-07,edge,MS-MBM-DN_SUB,,8.90,9.90,DN_SUB,defect,2026-05-11,36,1,2026-05-23,true,traffic_block,166,7,none,true,false,true,done
ENG-2026-04099,TMS,TMS-04099,ENG,ENG-TRACK-PATROL,,edge,BBQ-PER-DN_SUB,,3.16,5.00,DN_SUB,overdue,2026-07-07,7,major,,false,none,68,2,none,true,false,false,done
SNT-2026-00539,SMMS,SMMS-00539,SNT,SNT-AXLE-COUNTER,AC-AVDTI-02,edge,AVD-TI-DN,,27.21,27.51,DN,overdue,2026-06-09,55,minor,,false,disconnection,69,3,none,true,true,true,done
ENG-2026-04100,TMS,TMS-04100,ENG,ENG-SLEEPER-RENEWAL,SL-ENRMJR-05,edge,ENR-MJR-UP,,23.86,24.36,UP,proactive,2026-07-14,55,minor,2026-08-20,false,traffic_block,334,20,none,true,true,true,pending
TRD-2026-01033,TDMS,TDMS-01033,TRD,TRD-OHE-YARD,OHE-MAS-01,node,,MAS,0.00,0.00,,proactive,2026-08-27,11,minor,,false,power_block,211,5,OHE_tower_car,true,true,true,in_progress
TRD-2025-01034,TDMS,TDMS-01034,TRD,TRD-OHE-INSP,OHE-PERABU-02,edge,PER-ABU-DN,,10.31,14.31,DN,routine,2025-10-29,77,minor,,false,power_block,104,4,OHE_tower_car,true,false,true,deferred
SNT-2026-00540,SMMS,SMMS-00540,SNT,SNT-POINT-REPLACE,PT-PER-03,node,,PER,5.00,5.00,,defect,2026-07-08,14,minor,,false,disconnection,226,4,none,false,false,true,done
ENG-2025-04101,TMS,TMS-04101,ENG,ENG-RAIL-RENEWAL,RL-PVTBM-01,edge,PV-TBM-DN,,26.49,26.99,DN,proactive,2025-12-19,80,3,,false,traffic_block,500,22,none,true,true,true,done
SNT-2026-00541,SMMS,SMMS-00541,SNT,SNT-TRACK-CIRCUIT,TC-MBMGI-04,edge,MBM-GI-UP_SUB,,14.36,14.86,UP_SUB,routine,2026-02-25,95,minor,,false,disconnection,68,3,none,true,true,true,done
ENG-2026-04102,TMS,TMS-04102,ENG,ENG-USFD-TEST,RL-TNPENR-04,edge,TNP-ENR-DN,,8.51,16.00,DN,overdue,2026-05-03,49,3,,false,traffic_block,138,3,USFD_car,true,false,true,done
SNT-2026-00542,SMMS,SMMS-00542,SNT,SNT-TRACK-CIRCUIT,TC-PONGPD-06,edge,PON-GPD-UP,,41.47,41.97,UP,overdue,2026-01-12,55,major,2026-03-21,false,disconnection,74,3,none,true,true,true,deferred
ENG-2026-04103,TMS,TMS-04103,ENG,ENG-SLEEPER-RENEWAL,SL-TRLAJJ-08,edge,TRL-AJJ-DN,,56.93,57.43,DN,defect,2026-03-28,144,major,,false,traffic_block,415,18,none,false,true,true,done
ENG-2026-04104,TMS,TMS-04104,ENG,ENG-SLEEPER-RENEWAL,SL-TITRL-11,edge,TI-TRL-UP,,36.40,36.90,UP,defect,2026-05-05,22,minor,2026-07-26,false,traffic_block,316,16,none,true,true,true,done
ENG-2026-04105,TMS,TMS-04105,ENG,ENG-CURVE-REALIGN,BL-TNPENR-04,edge,TNP-ENR-DN,,9.35,10.15,DN,routine,2026-01-16,209,critical,2026-02-07,true,traffic_block,244,12,tamper,true,true,true,done
ENG-2026-04106,TMS,TMS-04106,ENG,ENG-SLEEPER-RENEWAL,SL-TRLAJJ-07,edge,TRL-AJJ-DN,,52.41,52.91,DN,defect,2026-08-26,6,minor,2026-12-13,false,traffic_block,331,16,none,true,true,true,done
TRD-2026-01035,TDMS,TDMS-01035,TRD,TRD-OHE-INSULATOR,INS-MBMGI-03,edge,MBM-GI-UP,,13.84,13.94,UP,defect,2026-01-22,117,minor,,false,power_block,114,4,OHE_tower_car,true,true,true,done
ENG-2026-04107,TMS,TMS-04107,ENG,ENG-SLEEPER-RENEWAL,SL-MBMGI-04,edge,MBM-GI-UP_SUB,,11.80,12.30,UP_SUB,defect,2026-08-08,19,minor,,false,traffic_block,264,17,none,true,true,true,done
TRD-2025-01036,TDMS,TDMS-01036,TRD,TRD-NEUTRAL-SECTION,OHE-AVDTI-10,edge,AVD-TI-UP,,27.45,27.65,UP,overdue,2025-12-05,12,major,2026-01-22,false,power_block,142,6,OHE_tower_car,true,false,true,done
ENG-2026-04108,TMS,TMS-04108,ENG,ENG-USFD-TEST,RL-MSBMS-06,edge,MSB-MS-DN_SUB,,1.68,4.30,DN_SUB,routine,2026-08-02,36,2,,false,traffic_block,145,3,USFD_car,true,false,true,pending
TRD-2026-01037,TDMS,TDMS-01037,TRD,TRD-OHE-WIRE-RENEW,CW-MSMBM-07,edge,MS-MBM-UP_SUB,,6.61,7.61,UP_SUB,defect,2026-01-09,128,minor,,false,power_block,272,8,OHE_tower_car,true,true,true,done
SNT-2025-00543,SMMS,SMMS-00543,SNT,SNT-AXLE-COUNTER,AC-CGLWJ-01,edge,CGL-WJ-SINGLE,,78.06,78.36,SINGLE,emergency_followup,2025-10-07,166,major,,false,disconnection,83,3,none,true,true,true,done
SNT-2026-00544,SMMS,SMMS-00544,SNT,SNT-SIGNAL-REPLACE,SG-PERABU-08,edge,PER-ABU-DN_SUB,,14.05,14.15,DN_SUB,defect,2026-03-18,140,minor,,false,disconnection,175,6,none,true,true,true,deferred
TRD-2026-01038,TDMS,TDMS-01038,TRD,TRD-OHE-TENSION,OHE-PERABU-18,edge,PER-ABU-UP_SUB,,9.09,9.39,UP_SUB,routine,2026-02-04,76,minor,2026-04-19,false,power_block,167,5,OHE_tower_car,false,false,true,done
ENG-2026-04109,TMS,TMS-04109,ENG,ENG-SLEEPER-RENEWAL,SL-AVDTI-02,edge,AVD-TI-DN,,22.79,23.29,DN,defect,2026-04-18,96,minor,,false,traffic_block,270,16,none,true,true,true,done
ENG-2026-04110,TMS,TMS-04110,ENG,ENG-TURNOUT-OVERHAUL,TO-PER-03,node,,PER,5.00,5.00,,routine,2026-02-17,59,minor,,false,traffic_block,416,13,none,true,true,true,done
ENG-2026-04111,TMS,TMS-04111,ENG,ENG-DESTRESSING,RL-PVTBM-10,edge,PV-TBM-UP,,23.23,24.23,UP,routine,2026-07-31,38,1,2026-08-17,true,traffic_block,209,10,none,true,false,true,pending
TRD-2025-01039,TDMS,TDMS-01039,TRD,TRD-OHE-MAST,MST-TITRL-16,edge,TI-TRL-UP_SUB,,38.39,38.59,UP_SUB,routine,2025-09-10,121,minor,,false,power_block,136,7,OHE_tower_car,true,true,true,done
SNT-2026-00545,SMMS,SMMS-00545,SNT,SNT-TRACK-CIRCUIT,TC-TITRL-05,edge,TI-TRL-DN,,31.02,31.52,DN,proactive,2026-04-21,55,minor,,false,disconnection,83,3,none,true,true,true,done
SNT-2026-00546,SMMS,SMMS-00546,SNT,SNT-TRACK-CIRCUIT,TC-TKOAJJ-02,edge,TKO-AJJ-SINGLE,,120.21,120.71,SINGLE,overdue,2026-05-13,104,minor,,false,disconnection,102,4,none,true,true,true,done
TRD-2026-01040,TDMS,TDMS-01040,TRD,TRD-OHE-MAST,MST-MSBMS-05,edge,MSB-MS-UP,,1.33,1.53,UP,overdue,2026-02-19,83,minor,2026-04-17,false,power_block,212,7,OHE_tower_car,true,true,true,done
SNT-2026-00547,SMMS,SMMS-00547,SNT,SNT-POINT-REPLACE,PT-CGL-04,node,,CGL,59.84,59.84,,defect,2026-08-21,16,major,2026-10-31,false,disconnection,210,5,none,true,false,true,done
ENG-2026-04112,TMS,TMS-04112,ENG,ENG-TURNOUT-OVERHAUL,TO-MAS-03,node,,MAS,0.00,0.00,,routine,2026-04-26,102,minor,,false,traffic_block,282,12,none,true,true,true,done
SNT-2026-00548,SMMS,SMMS-00548,SNT,SNT-POINT-SERVICE,PT-MS-08,node,,MS,4.32,4.32,,overdue,2026-06-05,12,major,,false,disconnection,48,3,none,true,false,true,done
TRD-2026-01041,TDMS,TDMS-01041,TRD,TRD-NEUTRAL-SECTION,OHE-MJRPON-08,edge,MJR-PON-UP,,28.45,28.65,UP,overdue,2026-05-27,71,major,,false,power_block,189,6,OHE_tower_car,false,false,true,done
ENG-2025-04113,TMS,TMS-04113,ENG,ENG-SLEEPER-RENEWAL,SL-CJTMLP-04,edge,CJ-TMLP-SINGLE,,100.83,101.33,SINGLE,defect,2025-10-12,200,minor,,false,traffic_block,396,20,none,false,true,true,deferred
ENG-2025-04114,TMS,TMS-04114,ENG,ENG-SLEEPER-RENEWAL,SL-STMPV-07,edge,STM-PV-UP_SUB,,20.98,21.48,UP_SUB,proactive,2025-12-17,133,minor,2026-04-14,false,traffic_block,325,21,none,true,true,true,done
TRD-2026-01042,TDMS,TDMS-01042,TRD,TRD-NEUTRAL-SECTION,OHE-TRLAJJ-44,edge,TRL-AJJ-UP_SUB,,48.75,48.95,UP_SUB,overdue,2026-05-03,104,minor,,false,power_block,158,7,OHE_tower_car,false,false,true,cancelled
ENG-2025-04115,TMS,TMS-04115,ENG,ENG-DESTRESSING,RL-MSMBM-17,edge,MS-MBM-UP_SUB,,7.75,8.75,UP_SUB,routine,2025-12-21,159,1,2026-01-09,true,traffic_block,283,13,none,true,false,true,done
TRD-2026-01043,TDMS,TDMS-01043,TRD,TRD-OHE-EARTHING,OHE-TRLAJJ-16,edge,TRL-AJJ-DN_SUB,,67.69,68.50,DN_SUB,overdue,2026-07-18,15,major,,false,power_block,64,3,none,true,false,true,done
ENG-2025-04116,TMS,TMS-04116,ENG,ENG-TURNOUT-OVERHAUL,TO-MS-04,node,,MS,4.32,4.32,,overdue,2025-10-22,237,minor,,false,traffic_block,347,13,none,true,true,true,done
ENG-2025-04117,TMS,TMS-04117,ENG,ENG-BALLAST-REGULATE,BL-TRLAJJ-04,edge,TRL-AJJ-DN,,57.22,59.22,DN,overdue,2025-09-10,327,major,,false,traffic_block,91,4,ballast_regulator,true,true,true,done
SNT-2026-00549,SMMS,SMMS-00549,SNT,SNT-POINT-REPLACE,PT-TNP-01,node,,TNP,5.00,5.00,,defect,2026-01-19,157,major,,false,disconnection,173,4,none,false,false,true,done
ENG-2026-04118,TMS,TMS-04118,ENG,ENG-RAIL-WELD,RL-TITRL-32,edge,TI-TRL-UP_SUB,,30.36,31.36,UP_SUB,defect,2026-08-20,18,IMDT,2026-08-23,true,traffic_block,149,7,none,false,false,true,pending
ENG-2026-04119,TMS,TMS-04119,ENG,ENG-TRACK-PATROL,,edge,PER-ABU-DN_SUB,,7.52,9.52,DN_SUB,proactive,2026-02-19,56,minor,2026-05-30,false,none,119,2,none,true,false,false,done
SNT-2025-00550,SMMS,SMMS-00550,SNT,SNT-CABLE-LAY,,edge,MAS-BBQ-UP,,0.36,1.36,UP,defect,2025-12-30,159,minor,,false,none,242,8,none,true,true,false,done
ENG-2025-04120,TMS,TMS-04120,ENG,ENG-RAIL-WELD,RL-ENRMJR-09,edge,ENR-MJR-UP,,17.48,18.48,UP,defect,2025-11-05,54,2,2025-12-15,false,traffic_block,165,8,none,true,false,true,done
TRD-2026-01044,TDMS,TDMS-01044,TRD,TRD-OHE-EARTHING,OHE-MSBMS-04,edge,MSB-MS-DN_SUB,,3.47,4.30,DN_SUB,routine,2026-07-02,66,minor,,false,power_block,61,3,none,true,false,true,done
TRD-2025-01045,TDMS,TDMS-01045,TRD,TRD-OHE-DROPPER,CW-TITRL-10,edge,TI-TRL-UP,,36.37,36.87,UP,routine,2025-12-10,21,minor,,false,power_block,79,4,OHE_tower_car,true,false,true,done
ENG-2025-04121,TMS,TMS-04121,ENG,ENG-BRIDGE-INSP,BR-CGLWJ-01,edge,CGL-WJ-SINGLE,,77.81,77.91,SINGLE,routine,2025-10-23,235,major,,false,traffic_block,122,4,none,true,true,false,done
ENG-2025-04122,TMS,TMS-04122,ENG,ENG-YARD-PWAY,BL-MAS-07,node,,MAS,0.00,0.00,,routine,2025-10-30,263,minor,,false,traffic_block,196,8,none,true,true,true,done
TRD-2026-01046,TDMS,TDMS-01046,TRD,TRD-OHE-MAST,MST-PERABU-07,edge,PER-ABU-DN_SUB,,8.80,9.00,DN_SUB,overdue,2026-02-22,196,minor,,false,power_block,209,6,OHE_tower_car,true,true,true,done
TRD-2025-01047,TDMS,TDMS-01047,TRD,TRD-OHE-INSULATOR,INS-PERABU-03,edge,PER-ABU-DN_SUB,,14.03,14.13,DN_SUB,defect,2025-09-16,311,major,2025-10-21,false,power_block,71,5,OHE_tower_car,false,true,true,done
ENG-2026-04123,TMS,TMS-04123,ENG,ENG-SLEEPER-RENEWAL,SL-MSBMS-08,edge,MSB-MS-UP_SUB,,1.09,1.59,UP_SUB,defect,2026-03-25,21,minor,2026-04-25,false,traffic_block,397,21,none,true,true,true,done
ENG-2026-04124,TMS,TMS-04124,ENG,ENG-CURVE-REALIGN,BL-AVDTI-01,edge,AVD-TI-DN,,23.75,24.55,DN,routine,2026-09-04,3,major,,false,traffic_block,226,13,tamper,true,true,true,scheduled
ENG-2026-04125,TMS,TMS-04125,ENG,ENG-SLEEPER-RENEWAL,SL-BBQTNP-01,edge,BBQ-TNP-DN,,2.12,2.62,DN,defect,2026-01-13,21,major,,false,traffic_block,320,16,none,true,true,true,done
SNT-2026-00551,SMMS,SMMS-00551,SNT,SNT-TRACK-CIRCUIT,TC-STMPV-07,edge,STM-PV-UP_SUB,,22.87,23.10,UP_SUB,overdue,2026-07-04,33,critical,2026-07-29,true,disconnection,93,3,none,true,true,true,done
ENG-2025-04126,TMS,TMS-04126,ENG,ENG-RAIL-WELD,RL-TRLAJJ-52,edge,TRL-AJJ-UP_SUB,,61.60,62.60,UP_SUB,proactive,2025-11-05,115,2,,false,traffic_block,243,6,none,true,false,true,done
ENG-2026-04127,TMS,TMS-04127,ENG,ENG-TURNOUT-OVERHAUL,TO-BBQ-01,node,,BBQ,2.00,2.00,,routine,2026-02-16,177,major,,false,traffic_block,393,13,none,true,true,true,done
ENG-2026-04128,TMS,TMS-04128,ENG,ENG-TAMPING,BL-ENRMJR-08,edge,ENR-MJR-UP,,23.46,25.46,UP,overdue,2026-08-24,8,minor,,false,traffic_block,224,9,tamper,true,true,true,done
ENG-2026-04129,TMS,TMS-04129,ENG,ENG-TURNOUT-OVERHAUL,TO-MS-04,node,,MS,4.32,4.32,,routine,2026-08-13,25,major,2026-09-16,false,traffic_block,357,16,none,true,true,true,scheduled
SNT-2026-00552,SMMS,SMMS-00552,SNT,SNT-AXLE-COUNTER,AC-ABUAVD-04,edge,ABU-AVD-UP_SUB,,17.14,17.44,UP_SUB,routine,2026-08-30,5,minor,,false,disconnection,96,3,none,true,true,true,done
ENG-2025-04130,TMS,TMS-04130,ENG,ENG-TRACK-PATROL,,edge,MSB-MS-UP,,0.23,2.23,UP,proactive,2025-11-30,207,major,,false,none,104,2,none,false,false,false,done
TRD-2026-01048,TDMS,TDMS-01048,TRD,TRD-OHE-INSULATOR,INS-STMPV-02,edge,STM-PV-DN_SUB,,19.92,20.02,DN_SUB,defect,2026-06-30,25,major,,false,power_block,91,4,OHE_tower_car,true,true,true,done
ENG-2026-04131,TMS,TMS-04131,ENG,ENG-RAIL-WELD,RL-AVDTI-19,edge,AVD-TI-UP_SUB,,27.02,28.02,UP_SUB,defect,2026-08-28,10,1,2026-09-09,true,traffic_block,191,6,none,false,false,true,pending
ENG-2026-04132,TMS,TMS-04132,ENG,ENG-TAMPING,BL-ENRMJR-03,edge,ENR-MJR-DN,,24.02,26.00,DN,routine,2026-07-28,41,minor,,false,traffic_block,299,10,tamper,true,true,true,pending
ENG-2026-04133,TMS,TMS-04133,ENG,ENG-TURNOUT-TAMP,TO-MSB-02,node,,MSB,0.00,0.00,,emergency_followup,2026-02-27,168,major,,false,traffic_block,223,10,tamper,true,true,true,done
SNT-2026-00553,SMMS,SMMS-00553,SNT,SNT-POINT-REPLACE,PT-AVD-05,node,,AVD,21.00,21.00,,defect,2026-07-14,2,minor,,false,disconnection,236,4,none,true,false,true,done
ENG-2026-04134,TMS,TMS-04134,ENG,ENG-SLEEPER-RENEWAL,SL-TRLAJJ-07,edge,TRL-AJJ-DN,,52.41,52.91,DN,defect,2026-01-24,20,minor,2026-05-08,false,traffic_block,400,17,none,true,true,true,done
SNT-2025-00554,SMMS,SMMS-00554,SNT,SNT-POINT-REPLACE,PT-TBM-01,node,,TBM,29.14,29.14,,defect,2025-10-31,297,critical,2025-11-17,true,disconnection,187,4,none,true,false,true,done
TRD-2025-01049,TDMS,TDMS-01049,TRD,TRD-OHE-INSULATOR,INS-PERABU-02,edge,PER-ABU-DN,,13.74,13.84,DN,defect,2025-12-01,64,minor,,false,power_block,107,4,OHE_tower_car,true,true,true,done
ENG-2026-04135,TMS,TMS-04135,ENG,ENG-DRAIN-CLEAR,,edge,PON-GPD-UP,,40.28,41.78,UP,overdue,2026-04-27,78,minor,,false,none,191,8,none,true,true,false,deferred
SNT-2025-00555,SMMS,SMMS-00555,SNT,SNT-AXLE-COUNTER,AC-TRLAJJ-20,edge,TRL-AJJ-UP_SUB,,62.93,63.23,UP_SUB,overdue,2025-10-16,256,minor,2026-02-10,false,disconnection,99,3,none,true,true,true,deferred
ENG-2026-04136,TMS,TMS-04136,ENG,ENG-USFD-TEST,RL-TITRL-29,edge,TI-TRL-UP_SUB,,33.29,41.29,UP_SUB,overdue,2026-08-11,27,3,2026-11-04,false,traffic_block,125,3,USFD_car,true,false,true,pending
ENG-2026-04137,TMS,TMS-04137,ENG,ENG-CURVE-REALIGN,BL-TRLAJJ-21,edge,TRL-AJJ-UP,,56.26,57.06,UP,overdue,2026-08-24,14,major,,false,traffic_block,189,13,tamper,true,true,true,scheduled
SNT-2025-00556,SMMS,SMMS-00556,SNT,SNT-POINT-SERVICE,PT-TRL-04,node,,TRL,42.00,42.00,,overdue,2025-11-14,141,major,2026-03-09,false,disconnection,70,3,none,true,false,true,done
SNT-2026-00557,SMMS,SMMS-00557,SNT,SNT-SIGNAL-LAMP,SG-PERABU-10,edge,PER-ABU-UP,,14.02,14.12,UP,overdue,2026-08-14,24,major,,false,none,35,2,none,false,false,true,pending
ENG-2026-04138,TMS,TMS-04138,ENG,ENG-RAIL-GRIND,RL-MSMBM-10,edge,MS-MBM-DN_SUB,,6.44,9.44,DN_SUB,routine,2026-04-17,52,3,,false,traffic_block,219,4,rail_grinder,true,false,true,done
SNT-2025-00558,SMMS,SMMS-00558,SNT,SNT-SIGNAL-LAMP,SG-ABUAVD-03,edge,ABU-AVD-DN_SUB,,17.72,17.82,DN_SUB,overdue,2025-11-22,111,minor,2026-02-14,false,none,33,2,none,true,false,true,done
ENG-2025-04139,TMS,TMS-04139,ENG,ENG-BRIDGE-INSP,BR-TNPENR-01,edge,TNP-ENR-DN,,8.69,8.79,DN,overdue,2025-10-26,296,minor,,false,traffic_block,110,5,none,true,true,false,done
ENG-2026-04140,TMS,TMS-04140,ENG,ENG-BALLAST-SCREEN,BL-TRLAJJ-20,edge,TRL-AJJ-UP,,53.37,53.87,UP,routine,2026-04-05,98,minor,2026-07-07,false,traffic_block,431,14,BCM,true,true,true,done
ENG-2026-04141,TMS,TMS-04141,ENG,ENG-SLEEPER-RENEWAL,SL-PERABU-10,edge,PER-ABU-UP,,7.15,7.65,UP,defect,2026-04-27,109,major,,false,traffic_block,331,18,none,true,true,true,done
SNT-2026-00559,SMMS,SMMS-00559,SNT,SNT-TRACK-CIRCUIT,TC-STMPV-08,edge,STM-PV-UP_SUB,,22.28,22.78,UP_SUB,emergency_followup,2026-03-28,118,major,2026-06-25,false,disconnection,113,3,none,false,true,true,done
TRD-2025-01050,TDMS,TDMS-01050,TRD,TRD-OHE-EARTHING,OHE-ABUAVD-07,edge,ABU-AVD-UP,,16.40,17.40,UP,overdue,2025-12-01,118,major,2026-03-29,false,power_block,47,3,none,true,false,true,done
TRD-2026-01051,TDMS,TDMS-01051,TRD,TRD-OHE-TENSION,OHE-PVTBM-10,edge,PV-TBM-UP_SUB,,24.34,24.64,UP_SUB,overdue,2026-07-03,24,major,2026-09-06,false,power_block,138,5,OHE_tower_car,true,false,true,done
SNT-2026-00560,SMMS,SMMS-00560,SNT,SNT-SIGNAL-LAMP,SG-TITRL-08,edge,TI-TRL-DN_SUB,,36.89,36.99,DN_SUB,overdue,2026-06-10,89,major,,false,none,59,2,none,true,false,true,done
ENG-2026-04142,TMS,TMS-04142,ENG,ENG-SLEEPER-RENEWAL,SL-TKOAJJ-05,edge,TKO-AJJ-SINGLE,,115.30,115.80,SINGLE,emergency_followup,2026-06-24,18,major,,false,traffic_block,346,19,none,true,true,true,done
TRD-2026-01052,TDMS,TDMS-01052,TRD,TRD-OHE-EARTHING,OHE-MSMBM-06,edge,MS-MBM-DN_SUB,,5.52,6.52,DN_SUB,overdue,2026-07-04,52,minor,,false,power_block,77,3,none,true,false,true,done
ENG-2025-04143,TMS,TMS-04143,ENG,ENG-SLEEPER-RENEWAL,SL-TRLAJJ-03,edge,TRL-AJJ-DN,,46.40,46.90,DN,defect,2025-11-29,156,minor,,false,traffic_block,298,21,none,true,true,true,cancelled
TRD-2025-01053,TDMS,TDMS-01053,TRD,TRD-OHE-WIRE-RENEW,CW-TITRL-07,edge,TI-TRL-DN_SUB,,41.06,42.00,DN_SUB,defect,2025-09-11,32,minor,,false,power_block,269,8,OHE_tower_car,true,true,true,done
SNT-2026-00561,SMMS,SMMS-00561,SNT,SNT-TRACK-CIRCUIT,TC-BBQPER-02,edge,BBQ-PER-DN_SUB,,4.26,4.76,DN_SUB,routine,2026-04-13,144,minor,,false,disconnection,86,3,none,true,true,true,done
ENG-2026-04144,TMS,TMS-04144,ENG,ENG-CURVE-REALIGN,BL-TITRL-02,edge,TI-TRL-DN,,40.55,41.35,DN,routine,2026-07-07,30,minor,,false,traffic_block,178,12,tamper,true,true,true,deferred
SNT-2025-00562,SMMS,SMMS-00562,SNT,SNT-SIGNAL-LAMP,SG-PERABU-15,edge,PER-ABU-UP_SUB,,5.20,5.30,UP_SUB,routine,2025-09-20,304,major,2026-01-12,false,none,43,2,none,true,false,true,done
TRD-2026-01054,TDMS,TDMS-01054,TRD,TRD-OHE-INSP,OHE-PVTBM-11,edge,PV-TBM-UP_SUB,,24.21,28.21,UP_SUB,routine,2026-08-01,35,minor,2026-09-24,false,power_block,127,4,OHE_tower_car,false,false,true,done
ENG-2026-04145,TMS,TMS-04145,ENG,ENG-TURNOUT-OVERHAUL,TO-MSB-05,node,,MSB,0.00,0.00,,emergency_followup,2026-07-20,49,major,,false,traffic_block,270,13,none,true,true,true,pending
SNT-2026-00563,SMMS,SMMS-00563,SNT,SNT-SIGNAL-LAMP,SG-PVTBM-04,edge,PV-TBM-DN_SUB,,25.44,25.54,DN_SUB,overdue,2026-04-22,39,minor,,false,none,58,2,none,true,false,true,cancelled
ENG-2026-04146,TMS,TMS-04146,ENG,ENG-RAIL-RENEWAL,RL-STMPV-02,edge,STM-PV-DN,,19.20,19.70,DN,defect,2026-03-10,117,3,2026-05-12,false,traffic_block,317,20,none,true,true,true,done
TRD-2025-01055,TDMS,TDMS-01055,TRD,TRD-OHE-WIRE-RENEW,CW-TRLAJJ-08,edge,TRL-AJJ-DN_SUB,,62.89,63.89,DN_SUB,defect,2025-12-14,196,minor,2026-04-10,false,power_block,396,10,OHE_tower_car,true,true,true,done
SNT-2026-00564,SMMS,SMMS-00564,SNT,SNT-CABLE-LAY,,edge,PV-TBM-DN_SUB,,28.54,29.10,DN_SUB,proactive,2026-02-18,175,minor,,false,none,315,9,none,true,true,false,done
TRD-2025-01056,TDMS,TDMS-01056,TRD,TRD-OHE-WIRE-RENEW,CW-ABUAVD-02,edge,ABU-AVD-DN,,18.64,19.64,DN,defect,2025-09-19,97,major,2025-11-10,false,power_block,406,10,OHE_tower_car,true,true,true,deferred
ENG-2026-04147,TMS,TMS-04147,ENG,ENG-TRACK-PATROL,,edge,TI-TRL-DN,,30.58,32.58,DN,routine,2026-06-19,80,minor,,false,none,116,2,none,true,false,false,done
TRD-2025-01057,TDMS,TDMS-01057,TRD,TRD-OHE-MAST,MST-STMPV-08,edge,STM-PV-UP_SUB,,18.75,18.95,UP_SUB,proactive,2025-09-08,215,minor,,false,power_block,192,8,OHE_tower_car,true,true,true,done
ENG-2026-04148,TMS,TMS-04148,ENG,ENG-YARD-PWAY,BL-AVD-01,node,,AVD,21.00,21.00,,overdue,2026-04-07,140,minor,2026-07-02,false,traffic_block,141,10,none,true,true,true,done
ENG-2026-04149,TMS,TMS-04149,ENG,ENG-TURNOUT-OVERHAUL,TO-BBQ-10,node,,BBQ,2.00,2.00,,overdue,2026-06-20,33,major,,false,traffic_block,226,12,none,true,true,true,deferred
ENG-2025-04150,TMS,TMS-04150,ENG,ENG-USFD-TEST,RL-MSMBM-09,edge,MS-MBM-DN_SUB,,10.96,11.30,DN_SUB,overdue,2025-12-17,110,2,,false,traffic_block,112,4,USFD_car,true,false,true,deferred
ENG-2026-04151,TMS,TMS-04151,ENG,ENG-RAIL-RENEWAL,RL-PERABU-07,edge,PER-ABU-DN_SUB,,9.95,10.45,DN_SUB,defect,2026-08-07,31,3,,false,traffic_block,463,26,none,true,true,true,scheduled
ENG-2025-04152,TMS,TMS-04152,ENG,ENG-TURNOUT-OVERHAUL,TO-PER-02,node,,PER,5.00,5.00,,overdue,2025-09-11,293,minor,,false,traffic_block,388,14,none,true,true,true,done
TRD-2026-01058,TDMS,TDMS-01058,TRD,TRD-OHE-MAST,MST-PONGPD-07,edge,PON-GPD-UP,,41.43,41.63,UP,routine,2026-07-30,39,minor,,false,power_block,158,6,OHE_tower_car,true,true,true,scheduled
TRD-2025-01059,TDMS,TDMS-01059,TRD,TRD-OHE-DROPPER,CW-MSBMS-01,edge,MSB-MS-DN,,3.77,4.27,DN,overdue,2025-12-20,181,minor,,false,power_block,68,4,OHE_tower_car,true,false,true,done
ENG-2026-04153,TMS,TMS-04153,ENG,ENG-SLEEPER-RENEWAL,SL-TRLAJJ-09,edge,TRL-AJJ-DN,,44.76,45.26,DN,defect,2026-07-06,63,major,,false,traffic_block,409,17,none,true,true,true,done
SNT-2026-00565,SMMS,SMMS-00565,SNT,SNT-TRACK-CIRCUIT,TC-TRLAJJ-16,edge,TRL-AJJ-DN_SUB,,52.28,52.78,DN_SUB,overdue,2026-01-08,126,critical,2026-01-27,true,disconnection,68,3,none,true,true,true,done
ENG-2025-04154,TMS,TMS-04154,ENG,ENG-SLEEPER-RENEWAL,SL-PONGPD-05,edge,PON-GPD-UP,,45.07,45.57,UP,defect,2025-12-16,61,minor,2026-01-17,false,traffic_block,333,20,none,true,true,true,done
SNT-2026-00566,SMMS,SMMS-00566,SNT,SNT-SIGNAL-REPLACE,SG-PVTBM-01,edge,PV-TBM-DN,,23.97,24.07,DN,defect,2026-08-21,17,minor,,false,disconnection,259,6,none,true,true,true,in_progress
ENG-2025-04155,TMS,TMS-04155,ENG,ENG-SLEEPER-RENEWAL,SL-TITRL-11,edge,TI-TRL-UP,,36.40,36.90,UP,defect,2025-12-26,78,major,,false,traffic_block,259,16,none,true,true,true,done
SNT-2026-00567,SMMS,SMMS-00567,SNT,SNT-TRACK-CIRCUIT,TC-STMPV-02,edge,STM-PV-DN,,21.02,21.52,DN,overdue,2026-06-10,71,minor,,false,disconnection,121,3,none,true,true,true,done
SNT-2026-00568,SMMS,SMMS-00568,SNT,SNT-SIGNAL-REPLACE,SG-TITRL-17,edge,TI-TRL-UP_SUB,,30.21,30.31,UP_SUB,defect,2026-05-24,79,major,2026-07-06,false,disconnection,236,6,none,true,true,true,done
ENG-2025-04156,TMS,TMS-04156,ENG,ENG-TURNOUT-OVERHAUL,TO-MAS-01,node,,MAS,0.00,0.00,,overdue,2025-11-11,203,minor,2026-01-12,false,traffic_block,302,14,none,false,true,true,done
ENG-2026-04157,TMS,TMS-04157,ENG,ENG-RAIL-RENEWAL,RL-PONGPD-11,edge,PON-GPD-UP,,36.63,37.13,UP,emergency_followup,2026-03-18,85,2,2026-05-27,false,traffic_block,402,24,none,true,true,true,done
TRD-2026-01060,TDMS,TDMS-01060,TRD,TRD-OHE-MAST,MST-PERABU-02,edge,PER-ABU-DN,,11.86,12.06,DN,overdue,2026-04-26,106,minor,,false,power_block,204,6,OHE_tower_car,true,true,true,done
ENG-2026-04158,TMS,TMS-04158,ENG,ENG-RAIL-GRIND,RL-ENRMJR-07,edge,ENR-MJR-UP,,23.83,26.00,UP,routine,2026-09-04,1,3,,false,traffic_block,161,5,rail_grinder,true,false,true,done
TRD-2026-01061,TDMS,TDMS-01061,TRD,TRD-OHE-MAST,MST-PERABU-11,edge,PER-ABU-UP,,7.41,7.61,UP,overdue,2026-03-28,80,major,,false,power_block,174,6,OHE_tower_car,true,true,true,done
ENG-2025-04159,TMS,TMS-04159,ENG,ENG-SLEEPER-RENEWAL,SL-TITRL-19,edge,TI-TRL-UP_SUB,,31.73,32.23,UP_SUB,defect,2025-11-05,295,minor,,false,traffic_block,303,16,none,true,true,true,done
ENG-2026-04160,TMS,TMS-04160,ENG,ENG-SLEEPER-RENEWAL,SL-AVDTI-08,edge,AVD-TI-UP,,27.64,28.14,UP,defect,2026-04-09,135,minor,,false,traffic_block,385,20,none,false,true,true,done
ENG-2026-04161,TMS,TMS-04161,ENG,ENG-TURNOUT-TAMP,TO-TRL-03,node,,TRL,42.00,42.00,,routine,2026-03-28,143,major,2026-04-30,false,traffic_block,174,9,tamper,true,true,true,done
ENG-2026-04162,TMS,TMS-04162,ENG,ENG-SLEEPER-RENEWAL,SL-TITRL-09,edge,TI-TRL-DN_SUB,,40.11,40.61,DN_SUB,emergency_followup,2026-08-08,30,major,2026-09-15,false,traffic_block,333,17,none,true,true,true,scheduled
SNT-2026-00569,SMMS,SMMS-00569,SNT,SNT-SIGNAL-REPLACE,SG-CGLWJ-02,edge,CGL-WJ-SINGLE,,65.20,65.30,SINGLE,defect,2026-07-10,11,major,,false,disconnection,260,6,none,true,true,true,done
ENG-2025-04163,TMS,TMS-04163,ENG,ENG-SLEEPER-RENEWAL,SL-BBQTNP-02,edge,BBQ-TNP-UP,,3.86,4.36,UP,defect,2025-10-12,163,minor,2026-01-11,false,traffic_block,334,20,none,true,true,true,done
SNT-2026-00570,SMMS,SMMS-00570,SNT,SNT-POINT-SERVICE,PT-MAS-15,node,,MAS,0.00,0.00,,overdue,2026-05-21,34,minor,,false,disconnection,48,3,none,true,false,true,done
TRD-2026-01062,TDMS,TDMS-01062,TRD,TRD-OHE-MAST,MST-AVDTI-03,edge,AVD-TI-DN,,21.48,21.68,DN,overdue,2026-07-23,32,minor,,false,power_block,133,7,OHE_tower_car,true,true,true,done
SNT-2026-00571,SMMS,SMMS-00571,SNT,SNT-TRACK-CIRCUIT,TC-TRLAJJ-09,edge,TRL-AJJ-DN,,65.31,65.81,DN,routine,2026-02-26,22,major,,false,disconnection,90,3,none,true,true,true,done
TRD-2026-01063,TDMS,TDMS-01063,TRD,TRD-OHE-FAULT,OHE-STMPV-05,edge,STM-PV-DN_SUB,,22.33,22.63,DN_SUB,defect,2026-06-20,6,major,,false,power_block,97,5,OHE_tower_car,false,true,true,done
ENG-2025-04164,TMS,TMS-04164,ENG,ENG-SLEEPER-RENEWAL,SL-TRLAJJ-35,edge,TRL-AJJ-UP_SUB,,52.10,52.60,UP_SUB,defect,2025-10-16,242,major,2025-12-29,false,traffic_block,280,17,none,true,true,true,done
SNT-2026-00572,SMMS,SMMS-00572,SNT,SNT-TRACK-CIRCUIT,TC-PERABU-12,edge,PER-ABU-UP,,10.02,10.52,UP,overdue,2026-08-16,22,critical,2026-08-26,true,disconnection,128,3,none,true,true,true,pending
TRD-2025-01064,TDMS,TDMS-01064,TRD,TRD-OHE-INSULATOR,INS-TNPENR-03,edge,TNP-ENR-UP,,7.18,7.28,UP,defect,2025-12-25,68,minor,,false,power_block,116,4,OHE_tower_car,true,true,true,done
ENG-2025-04165,TMS,TMS-04165,ENG,ENG-SLEEPER-RENEWAL,SL-TKOAJJ-05,edge,TKO-AJJ-SINGLE,,115.30,115.80,SINGLE,defect,2025-09-15,282,minor,,false,traffic_block,240,17,none,true,true,true,done
ENG-2026-04166,TMS,TMS-04166,ENG,ENG-BRIDGE-REPAIR,BR-TRLAJJ-02,edge,TRL-AJJ-DN,,57.73,57.83,DN,defect,2026-08-31,7,minor,,false,traffic_block,292,11,none,true,true,false,pending
ENG-2026-04167,TMS,TMS-04167,ENG,ENG-BALLAST-SCREEN,BL-MSBMS-08,edge,MSB-MS-UP_SUB,,2.60,3.10,UP_SUB,proactive,2026-04-22,89,minor,,false,traffic_block,357,12,BCM,false,true,true,done
ENG-2026-04168,TMS,TMS-04168,ENG,ENG-DRAIN-CLEAR,,edge,ABU-AVD-DN_SUB,,15.51,17.01,DN_SUB,routine,2026-04-23,129,major,,false,none,125,7,none,true,true,false,done
TRD-2025-01065,TDMS,TDMS-01065,TRD,TRD-OHE-EARTHING,OHE-PERABU-17,edge,PER-ABU-UP_SUB,,8.19,9.19,UP_SUB,overdue,2025-09-08,305,minor,,false,power_block,85,3,none,true,false,true,deferred
TRD-2026-01066,TDMS,TDMS-01066,TRD,TRD-OHE-MAST,MST-TITRL-14,edge,TI-TRL-UP,,35.01,35.21,UP,routine,2026-02-26,40,minor,,false,power_block,123,8,OHE_tower_car,false,true,true,done
SNT-2026-00573,SMMS,SMMS-00573,SNT,SNT-TRACK-CIRCUIT,TC-TNPENR-07,edge,TNP-ENR-UP,,8.39,8.89,UP,routine,2026-04-10,121,minor,,false,disconnection,129,3,none,true,true,true,done
TRD-2026-01067,TDMS,TDMS-01067,TRD,TRD-OHE-MAST,MST-MSMBM-12,edge,MS-MBM-UP_SUB,,11.13,11.30,UP_SUB,overdue,2026-06-11,50,major,,false,power_block,166,7,OHE_tower_car,true,true,true,done
ENG-2026-04169,TMS,TMS-04169,ENG,ENG-TURNOUT-TAMP,TO-BBQ-09,node,,BBQ,2.00,2.00,,overdue,2026-03-26,3,critical,2026-04-12,true,traffic_block,253,9,tamper,true,true,true,done
ENG-2026-04170,TMS,TMS-04170,ENG,ENG-RAIL-GRIND,RL-PERABU-05,edge,PER-ABU-DN,,12.10,15.00,DN,emergency_followup,2026-08-30,2,2,2026-12-24,false,traffic_block,259,5,rail_grinder,false,false,true,done
TRD-2025-01068,TDMS,TDMS-01068,TRD,TRD-OHE-MAST,MST-PERABU-03,edge,PER-ABU-DN,,8.60,8.80,DN,overdue,2025-09-23,191,minor,,false,power_block,171,6,OHE_tower_car,true,true,true,done
TRD-2026-01069,TDMS,TDMS-01069,TRD,TRD-OHE-INSULATOR,INS-BBQPER-02,edge,BBQ-PER-DN_SUB,,2.41,2.51,DN_SUB,defect,2026-01-06,242,minor,,false,power_block,69,4,OHE_tower_car,true,true,true,done
ENG-2026-04171,TMS,TMS-04171,ENG,ENG-USFD-TEST,RL-TRLAJJ-45,edge,TRL-AJJ-UP,,52.47,60.47,UP,routine,2026-04-27,2,1,2026-05-04,true,traffic_block,111,3,USFD_car,true,false,true,done
ENG-2026-04172,TMS,TMS-04172,ENG,ENG-TURNOUT-TAMP,TO-CGL-07,node,,CGL,59.84,59.84,,overdue,2026-07-25,9,major,,false,traffic_block,198,8,tamper,true,true,true,deferred
SNT-2026-00574,SMMS,SMMS-00574,SNT,SNT-TRACK-CIRCUIT,TC-MASBBQ-03,edge,MAS-BBQ-UP,,1.05,1.55,UP,routine,2026-01-12,39,minor,,false,disconnection,90,3,none,true,true,true,deferred
TRD-2026-01070,TDMS,TDMS-01070,TRD,TRD-OHE-EARTHING,OHE-TRLAJJ-36,edge,TRL-AJJ-UP,,59.34,60.34,UP,overdue,2026-04-08,82,major,,false,power_block,56,3,none,true,false,true,done
SNT-2026-00575,SMMS,SMMS-00575,SNT,SNT-SIGNAL-LAMP,SG-TITRL-19,edge,TI-TRL-UP_SUB,,40.99,41.09,UP_SUB,overdue,2026-05-27,37,minor,,false,none,48,2,none,true,false,true,done
TRD-2026-01071,TDMS,TDMS-01071,TRD,TRD-OHE-EARTHING,OHE-TRLAJJ-20,edge,TRL-AJJ-DN_SUB,,56.03,57.03,DN_SUB,routine,2026-07-21,3,minor,,false,power_block,69,3,none,true,false,true,deferred
ENG-2026-04173,TMS,TMS-04173,ENG,ENG-DESTRESSING,RL-TRLAJJ-51,edge,TRL-AJJ-UP,,53.01,54.01,UP,routine,2026-05-21,10,1,2026-06-04,true,traffic_block,311,12,none,true,false,true,done
SNT-2025-00576,SMMS,SMMS-00576,SNT,SNT-AXLE-COUNTER,AC-ENRMJR-04,edge,ENR-MJR-UP,,18.63,18.93,UP,proactive,2025-10-21,219,major,2026-01-08,false,disconnection,129,3,none,true,true,true,done
SNT-2026-00577,SMMS,SMMS-00577,SNT,SNT-SIGNAL-LAMP,SG-STMPV-07,edge,STM-PV-UP_SUB,,17.67,17.77,UP_SUB,routine,2026-06-20,77,minor,,false,none,53,2,none,false,false,true,done
ENG-2026-04174,TMS,TMS-04174,ENG,ENG-TRACK-PATROL,,edge,AVD-TI-UP,,21.41,23.41,UP,overdue,2026-03-04,76,minor,,false,none,86,2,none,false,false,false,done
TRD-2026-01072,TDMS,TDMS-01072,TRD,TRD-OHE-WIRE-RENEW,CW-STMPV-01,edge,STM-PV-DN,,17.38,18.38,DN,defect,2026-07-27,42,minor,,false,power_block,351,9,OHE_tower_car,false,true,true,scheduled
ENG-2025-04175,TMS,TMS-04175,ENG,ENG-TURNOUT-OVERHAUL,TO-AJJ-08,node,,AJJ,69.00,69.00,,routine,2025-12-03,266,minor,,false,traffic_block,379,12,none,true,true,true,done
TRD-2026-01073,TDMS,TDMS-01073,TRD,TRD-OHE-EARTHING,OHE-PONGPD-05,edge,PON-GPD-DN,,37.92,38.92,DN,overdue,2026-01-05,142,minor,,false,power_block,71,3,none,true,false,true,deferred
TRD-2025-01074,TDMS,TDMS-01074,TRD,TRD-OHE-DROPPER,CW-MSBMS-02,edge,MSB-MS-DN_SUB,,2.30,2.80,DN_SUB,routine,2025-12-23,75,minor,,false,power_block,69,4,OHE_tower_car,false,false,true,done
SNT-2025-00578,SMMS,SMMS-00578,SNT,SNT-AXLE-COUNTER,AC-BBQPER-04,edge,BBQ-PER-UP_SUB,,2.65,2.95,UP_SUB,proactive,2025-11-03,164,minor,2026-02-14,false,disconnection,89,3,none,true,true,true,done
SNT-2025-00579,SMMS,SMMS-00579,SNT,SNT-CABLE-LAY,,edge,TRL-AJJ-UP,,62.20,63.20,UP,defect,2025-10-17,151,major,,false,none,252,8,none,true,true,false,done
SNT-2026-00580,SMMS,SMMS-00580,SNT,SNT-TRACK-CIRCUIT,TC-TRLAJJ-30,edge,TRL-AJJ-UP,,64.21,64.71,UP,overdue,2026-08-24,7,minor,2026-11-20,false,disconnection,80,3,none,true,true,true,done
SNT-2026-00581,SMMS,SMMS-00581,SNT,SNT-SIGNAL-REPLACE,SG-BBQPER-02,edge,BBQ-PER-DN_SUB,,4.52,4.62,DN_SUB,defect,2026-02-21,64,minor,,false,disconnection,227,6,none,true,true,true,done
SNT-2026-00582,SMMS,SMMS-00582,SNT,SNT-POINT-SERVICE,PT-BBQ-03,node,,BBQ,2.00,2.00,,overdue,2026-07-22,47,major,2026-08-27,false,disconnection,67,4,none,true,false,true,scheduled
TRD-2026-01075,TDMS,TDMS-01075,TRD,TRD-OHE-WIRE-RENEW,CW-STMPV-08,edge,STM-PV-UP_SUB,,17.74,18.74,UP_SUB,defect,2026-07-15,18,minor,,false,power_block,383,9,OHE_tower_car,false,true,true,done
ENG-2025-04176,TMS,TMS-04176,ENG,ENG-RAIL-RENEWAL,RL-STMPV-08,edge,STM-PV-DN_SUB,,22.35,22.85,DN_SUB,defect,2025-10-16,276,2,,false,traffic_block,352,21,none,true,true,true,done
ENG-2026-04177,TMS,TMS-04177,ENG,ENG-RAIL-GRIND,RL-STMPV-01,edge,STM-PV-DN,,20.38,23.10,DN,overdue,2026-08-10,12,1,2026-08-28,true,traffic_block,257,4,rail_grinder,true,false,true,done
SNT-2026-00583,SMMS,SMMS-00583,SNT,SNT-TRACK-CIRCUIT,TC-MJRPON-05,edge,MJR-PON-UP,,33.08,33.58,UP,overdue,2026-06-20,70,minor,,false,disconnection,115,3,none,true,true,true,done
SNT-2026-00584,SMMS,SMMS-00584,SNT,SNT-AXLE-COUNTER,AC-MBMGI-02,edge,MBM-GI-DN_SUB,,11.88,12.18,DN_SUB,overdue,2026-07-05,3,minor,,false,disconnection,98,3,none,true,true,true,done
TRD-2026-01076,TDMS,TDMS-01076,TRD,TRD-OHE-INSP,OHE-MBMGI-03,edge,MBM-GI-DN_SUB,,13.47,15.00,DN_SUB,overdue,2026-08-22,16,minor,,false,power_block,121,5,OHE_tower_car,true,false,true,pending
ENG-2026-04178,TMS,TMS-04178,ENG,ENG-SLEEPER-RENEWAL,SL-TRLAJJ-03,edge,TRL-AJJ-DN,,46.40,46.90,DN,defect,2026-03-26,165,minor,,false,traffic_block,353,16,none,true,true,true,done
SNT-2026-00585,SMMS,SMMS-00585,SNT,SNT-SIGNAL-LAMP,SG-ABUAVD-04,edge,ABU-AVD-DN_SUB,,20.51,20.61,DN_SUB,overdue,2026-03-03,71,major,,false,none,46,2,none,false,false,true,done
ENG-2025-04179,TMS,TMS-04179,ENG,ENG-RAIL-WELD,RL-PERABU-14,edge,PER-ABU-UP,,14.34,15.00,UP,defect,2025-09-28,140,2,,false,traffic_block,234,6,none,true,false,true,done
TRD-2025-01077,TDMS,TDMS-01077,TRD,TRD-OHE-INSULATOR,INS-BBQPER-03,edge,BBQ-PER-UP,,4.31,4.41,UP,defect,2025-10-24,247,minor,,false,power_block,101,4,OHE_tower_car,true,true,true,done
ENG-2026-04180,TMS,TMS-04180,ENG,ENG-SLEEPER-RENEWAL,SL-TRLAJJ-11,edge,TRL-AJJ-DN_SUB,,48.60,49.10,DN_SUB,defect,2026-08-28,10,major,,false,traffic_block,327,21,none,true,true,true,pending
ENG-2026-04181,TMS,TMS-04181,ENG,ENG-CURVE-REALIGN,BL-MJRPON-03,edge,MJR-PON-DN,,33.40,34.20,DN,routine,2026-02-20,108,minor,,false,traffic_block,150,11,tamper,true,true,true,deferred
ENG-2026-04182,TMS,TMS-04182,ENG,ENG-DESTRESSING,RL-ABUAVD-16,edge,ABU-AVD-UP_SUB,,17.48,18.48,UP_SUB,overdue,2026-08-13,14,3,,false,traffic_block,260,11,none,true,false,true,done
TRD-2026-01078,TDMS,TDMS-01078,TRD,TRD-OHE-TENSION,OHE-MJRPON-02,edge,MJR-PON-DN,,32.16,32.46,DN,routine,2026-04-17,16,minor,,false,power_block,170,4,OHE_tower_car,true,false,true,done
SNT-2026-00586,SMMS,SMMS-00586,SNT,SNT-TRACK-CIRCUIT,TC-TRLAJJ-38,edge,TRL-AJJ-UP_SUB,,65.89,66.39,UP_SUB,routine,2026-03-18,98,critical,2026-04-06,true,disconnection,79,3,none,true,true,true,done
SNT-2026-00587,SMMS,SMMS-00587,SNT,SNT-POINT-SERVICE,PT-GPD-05,node,,GPD,47.00,47.00,,overdue,2026-08-19,19,major,,false,disconnection,71,3,none,true,false,true,in_progress
TRD-2025-01079,TDMS,TDMS-01079,TRD,TRD-OHE-MAST,MST-TRLAJJ-07,edge,TRL-AJJ-DN,,44.08,44.28,DN,routine,2025-12-30,97,minor,,false,power_block,140,6,OHE_tower_car,true,true,true,done
ENG-2025-04183,TMS,TMS-04183,ENG,ENG-TURNOUT-OVERHAUL,TO-MAS-06,node,,MAS,0.00,0.00,,overdue,2025-12-13,16,major,,false,traffic_block,371,12,none,true,true,true,done
SNT-2026-00588,SMMS,SMMS-00588,SNT,SNT-TRACK-CIRCUIT,TC-TITRL-01,edge,TI-TRL-DN,,29.38,29.88,DN,overdue,2026-03-19,168,minor,,false,disconnection,93,3,none,true,true,true,done
ENG-2026-04184,TMS,TMS-04184,ENG,ENG-TURNOUT-OVERHAUL,TO-TRL-05,node,,TRL,42.00,42.00,,proactive,2026-05-09,103,major,,false,traffic_block,327,14,none,true,true,true,done
ENG-2026-04185,TMS,TMS-04185,ENG,ENG-SLEEPER-RENEWAL,SL-TRLAJJ-07,edge,TRL-AJJ-DN,,52.41,52.91,DN,defect,2026-07-28,16,minor,,false,traffic_block,265,19,none,true,true,true,done
TRD-2026-01080,TDMS,TDMS-01080,TRD,TRD-OHE-TENSION,OHE-TRLAJJ-44,edge,TRL-AJJ-UP_SUB,,48.75,49.05,UP_SUB,proactive,2026-07-31,38,minor,,false,power_block,159,4,OHE_tower_car,true,false,true,scheduled
SNT-2026-00589,SMMS,SMMS-00589,SNT,SNT-POINT-REPLACE,PT-TRL-04,node,,TRL,42.00,42.00,,defect,2026-03-02,99,major,,false,disconnection,187,4,none,true,false,true,cancelled
ENG-2026-04186,TMS,TMS-04186,ENG,ENG-RAIL-GRIND,RL-MSMBM-15,edge,MS-MBM-UP,,5.90,8.90,UP,routine,2026-07-06,63,3,2026-08-25,false,traffic_block,238,4,rail_grinder,false,false,true,pending
TRD-2026-01081,TDMS,TDMS-01081,TRD,TRD-NEUTRAL-SECTION,OHE-PVTBM-03,edge,PV-TBM-DN,,27.25,27.45,DN,overdue,2026-08-24,14,minor,,false,power_block,206,7,OHE_tower_car,false,false,true,pending
TRD-2025-01082,TDMS,TDMS-01082,TRD,TRD-OHE-EARTHING,OHE-TRLAJJ-15,edge,TRL-AJJ-DN_SUB,,67.96,68.50,DN_SUB,overdue,2025-11-29,194,minor,,false,power_block,51,3,none,true,false,true,done
TRD-2025-01083,TDMS,TDMS-01083,TRD,TRD-OHE-WIRE-RENEW,CW-WJCJ-01,edge,WJ-CJ-SINGLE,,92.27,93.27,SINGLE,defect,2025-10-11,309,minor,,false,power_block,370,9,OHE_tower_car,false,true,true,done
TRD-2026-01084,TDMS,TDMS-01084,TRD,TRD-OHE-INSULATOR,INS-TNPENR-02,edge,TNP-ENR-DN,,8.32,8.42,DN,defect,2026-08-06,10,minor,,false,power_block,129,5,OHE_tower_car,true,true,true,done
ENG-2026-04187,TMS,TMS-04187,ENG,ENG-SLEEPER-RENEWAL,SL-PERABU-12,edge,PER-ABU-UP,,14.09,14.59,UP,defect,2026-07-25,44,minor,,false,traffic_block,237,20,none,false,true,true,pending
TRD-2026-01085,TDMS,TDMS-01085,TRD,TRD-OHE-MAST,MST-TRLAJJ-32,edge,TRL-AJJ-UP,,63.95,64.15,UP,routine,2026-01-22,213,major,2026-05-05,false,power_block,142,7,OHE_tower_car,false,true,true,done
ENG-2025-04188,TMS,TMS-04188,ENG,ENG-TURNOUT-OVERHAUL,TO-MAS-07,node,,MAS,0.00,0.00,,routine,2025-10-11,243,major,,false,traffic_block,256,15,none,true,true,true,done
SNT-2026-00590,SMMS,SMMS-00590,SNT,SNT-BLOCK-INSTRUMENT,IL-CGL-01,node,,CGL,59.84,59.84,,overdue,2026-03-20,79,major,,false,disconnection,80,3,none,true,false,true,done
TRD-2026-01086,TDMS,TDMS-01086,TRD,TRD-OHE-MAST,MST-TRLAJJ-16,edge,TRL-AJJ-DN_SUB,,56.26,56.46,DN_SUB,routine,2026-08-12,26,minor,,false,power_block,129,7,OHE_tower_car,true,true,true,pending
ENG-2026-04189,TMS,TMS-04189,ENG,ENG-SLEEPER-RENEWAL,SL-STMPV-05,edge,STM-PV-UP,,17.89,18.39,UP,defect,2026-08-04,34,minor,2026-10-30,false,traffic_block,401,20,none,false,true,true,pending
ENG-2026-04190,TMS,TMS-04190,ENG,ENG-SLEEPER-RENEWAL,SL-BBQPER-03,edge,BBQ-PER-UP,,4.12,4.62,UP,defect,2026-08-13,14,minor,,false,traffic_block,281,19,none,true,true,true,done
SNT-2026-00591,SMMS,SMMS-00591,SNT,SNT-AXLE-COUNTER,AC-CGLWJ-04,edge,CGL-WJ-SINGLE,,65.95,66.25,SINGLE,routine,2026-03-02,80,minor,,false,disconnection,102,3,none,true,true,true,deferred
SNT-2026-00592,SMMS,SMMS-00592,SNT,SNT-TRACK-CIRCUIT,TC-TITRL-05,edge,TI-TRL-DN,,31.02,31.52,DN,proactive,2026-01-09,114,major,,false,disconnection,99,3,none,true,true,true,done
ENG-2025-04191,TMS,TMS-04191,ENG,ENG-SLEEPER-RENEWAL,SL-BBQPER-03,edge,BBQ-PER-UP,,4.12,4.62,UP,defect,2025-12-05,35,minor,2026-01-28,false,traffic_block,295,21,none,true,true,true,done
TRD-2026-01087,TDMS,TDMS-01087,TRD,TRD-OHE-MAST,MST-AVDTI-03,edge,AVD-TI-DN,,21.48,21.68,DN,overdue,2026-07-19,42,minor,,false,power_block,153,7,OHE_tower_car,true,true,true,done
SNT-2026-00593,SMMS,SMMS-00593,SNT,SNT-SIGNAL-REPLACE,SG-MSBMS-05,edge,MSB-MS-UP,,1.61,1.71,UP,emergency_followup,2026-08-09,24,major,,false,disconnection,170,5,none,true,true,true,done
ENG-2026-04192,TMS,TMS-04192,ENG,ENG-DESTRESSING,RL-TITRL-02,edge,TI-TRL-DN,,32.84,33.84,DN,proactive,2026-05-01,73,2,,false,traffic_block,304,13,none,true,false,true,done
SNT-2026-00594,SMMS,SMMS-00594,SNT,SNT-SIGNAL-REPLACE,SG-ABUAVD-01,edge,ABU-AVD-DN,,20.23,20.33,DN,emergency_followup,2026-08-25,13,major,,false,disconnection,152,5,none,false,true,true,done
ENG-2025-04193,TMS,TMS-04193,ENG,ENG-SLEEPER-RENEWAL,SL-MSMBM-05,edge,MS-MBM-UP,,9.13,9.63,UP,defect,2025-10-31,95,minor,,false,traffic_block,362,16,none,false,true,true,deferred
ENG-2025-04194,TMS,TMS-04194,ENG,ENG-RAIL-WELD,RL-PONGPD-14,edge,PON-GPD-UP,,46.55,47.00,UP,defect,2025-12-09,174,2,,false,traffic_block,239,7,none,false,false,true,done
SNT-2026-00595,SMMS,SMMS-00595,SNT,SNT-POINT-SERVICE,PT-CGL-03,node,,CGL,59.84,59.84,,overdue,2026-06-28,37,minor,,false,disconnection,86,3,none,true,false,true,done
SNT-2026-00596,SMMS,SMMS-00596,SNT,SNT-POINT-SERVICE,PT-TNP-06,node,,TNP,5.00,5.00,,emergency_followup,2026-04-26,12,major,,false,disconnection,48,3,none,true,false,true,done
TRD-2026-01088,TDMS,TDMS-01088,TRD,TRD-OHE-WIRE-RENEW,CW-TRLAJJ-02,edge,TRL-AJJ-DN,,57.19,58.19,DN,proactive,2026-03-03,20,major,,false,power_block,229,10,OHE_tower_car,true,true,true,done
SNT-2026-00597,SMMS,SMMS-00597,SNT,SNT-CABLE-LAY,,edge,ABU-AVD-UP,,16.31,17.31,UP,defect,2026-05-20,70,major,,false,none,247,9,none,true,true,false,done
ENG-2026-04195,TMS,TMS-04195,ENG,ENG-TRACK-PATROL,,edge,CGL-WJ-SINGLE,,80.59,81.80,SINGLE,overdue,2026-04-15,54,major,2026-07-27,false,none,98,2,none,true,false,false,done
ENG-2026-04196,TMS,TMS-04196,ENG,ENG-TURNOUT-TAMP,TO-TNP-01,node,,TNP,5.00,5.00,,proactive,2026-06-01,24,minor,2026-09-09,false,traffic_block,221,8,tamper,true,true,true,done
ENG-2025-04197,TMS,TMS-04197,ENG,ENG-TURNOUT-TAMP,TO-PER-05,node,,PER,5.00,5.00,,routine,2025-10-07,318,minor,,false,traffic_block,246,9,tamper,true,true,true,done
ENG-2026-04198,TMS,TMS-04198,ENG,ENG-SLEEPER-RENEWAL,SL-PERABU-11,edge,PER-ABU-UP,,14.43,14.93,UP,defect,2026-03-29,26,major,,false,traffic_block,393,20,none,false,true,true,deferred
ENG-2026-04199,TMS,TMS-04199,ENG,ENG-TAMPING,BL-MSBMS-03,edge,MSB-MS-DN_SUB,,2.98,4.30,DN_SUB,routine,2026-07-09,34,minor,,false,traffic_block,320,8,tamper,false,true,true,done
SNT-2026-00598,SMMS,SMMS-00598,SNT,SNT-TRACK-CIRCUIT,TC-MSMBM-01,edge,MS-MBM-DN,,10.07,10.57,DN,routine,2026-06-01,35,minor,,false,disconnection,92,3,none,true,true,true,done
ENG-2025-04200,TMS,TMS-04200,ENG,ENG-RAIL-GRIND,RL-PVTBM-03,edge,PV-TBM-DN,,27.02,29.10,DN,proactive,2025-09-20,99,3,2025-11-28,false,traffic_block,207,4,rail_grinder,true,false,true,done
ENG-2026-04201,TMS,TMS-04201,ENG,ENG-BRIDGE-INSP,BR-MJRPON-01,edge,MJR-PON-DN,,31.63,31.73,DN,overdue,2026-04-23,34,major,,false,traffic_block,93,4,none,true,true,false,done
SNT-2026-00599,SMMS,SMMS-00599,SNT,SNT-SIGNAL-REPLACE,SG-PVTBM-02,edge,PV-TBM-DN,,23.72,23.82,DN,defect,2026-08-03,25,minor,,false,disconnection,213,5,none,true,true,true,done
ENG-2026-04202,TMS,TMS-04202,ENG,ENG-TRACK-PATROL,,edge,TI-TRL-UP_SUB,,34.40,36.40,UP_SUB,emergency_followup,2026-02-27,68,major,2026-05-01,false,none,99,2,none,true,false,false,done
ENG-2026-04203,TMS,TMS-04203,ENG,ENG-YARD-PWAY,BL-MAS-08,node,,MAS,0.00,0.00,,overdue,2026-02-19,197,minor,,false,traffic_block,184,9,none,true,true,true,done
TRD-2026-01089,TDMS,TDMS-01089,TRD,TRD-OHE-WIRE-RENEW,CW-PVTBM-08,edge,PV-TBM-UP_SUB,,24.63,25.63,UP_SUB,defect,2026-05-24,45,minor,,false,power_block,381,8,OHE_tower_car,true,true,true,done
ENG-2026-04204,TMS,TMS-04204,ENG,ENG-BRIDGE-INSP,BR-TNPENR-01,edge,TNP-ENR-DN,,8.69,8.79,DN,routine,2026-06-29,55,major,,false,traffic_block,120,4,none,false,true,false,done
ENG-2025-04205,TMS,TMS-04205,ENG,ENG-TURNOUT-TAMP,TO-PER-02,node,,PER,5.00,5.00,,overdue,2025-11-15,54,minor,2026-02-03,false,traffic_block,224,8,tamper,true,true,true,done
SNT-2026-00600,SMMS,SMMS-00600,SNT,SNT-TRACK-CIRCUIT,TC-TITRL-01,edge,TI-TRL-DN,,29.38,29.88,DN,routine,2026-04-28,93,minor,,false,disconnection,122,3,none,true,true,true,done
SNT-2026-00601,SMMS,SMMS-00601,SNT,SNT-POINT-REPLACE,PT-MAS-16,node,,MAS,0.00,0.00,,defect,2026-02-19,79,major,,false,disconnection,202,4,none,true,false,true,deferred
ENG-2025-04206,TMS,TMS-04206,ENG,ENG-SLEEPER-RENEWAL,SL-TRLAJJ-29,edge,TRL-AJJ-UP_SUB,,57.39,57.89,UP_SUB,defect,2025-10-20,117,minor,,false,traffic_block,423,21,none,true,true,true,done
ENG-2026-04207,TMS,TMS-04207,ENG,ENG-TURNOUT-TAMP,TO-TBM-02,node,,TBM,29.14,29.14,,overdue,2026-04-23,31,minor,,false,traffic_block,148,8,tamper,true,true,true,done
SNT-2026-00602,SMMS,SMMS-00602,SNT,SNT-TRACK-CIRCUIT,TC-TITRL-18,edge,TI-TRL-UP_SUB,,34.45,34.95,UP_SUB,routine,2026-03-03,164,major,2026-05-05,false,disconnection,86,3,none,true,true,true,done
ENG-2026-04208,TMS,TMS-04208,ENG,ENG-RAIL-WELD,RL-TRLAJJ-06,edge,TRL-AJJ-DN,,50.66,51.66,DN,proactive,2026-03-01,112,3,,false,traffic_block,183,7,none,true,false,true,done
ENG-2026-04209,TMS,TMS-04209,ENG,ENG-SLEEPER-RENEWAL,SL-MJRPON-03,edge,MJR-PON-DN,,26.51,27.01,DN,defect,2026-08-15,23,minor,,false,traffic_block,346,18,none,true,true,true,pending
ENG-2025-04210,TMS,TMS-04210,ENG,ENG-DRAIN-CLEAR,,edge,MBM-GI-DN_SUB,,13.35,14.85,DN_SUB,overdue,2025-09-07,32,minor,2025-11-11,false,none,184,7,none,true,true,false,done
ENG-2026-04211,TMS,TMS-04211,ENG,ENG-SLEEPER-RENEWAL,SL-PERABU-11,edge,PER-ABU-UP,,14.43,14.93,UP,defect,2026-02-22,171,minor,,false,traffic_block,259,16,none,true,true,true,done
TRD-2025-01090,TDMS,TDMS-01090,TRD,TRD-OHE-YARD,OHE-CJ-02,node,,CJ,95.82,95.82,,overdue,2025-09-20,197,major,,false,power_block,201,6,OHE_tower_car,true,true,true,done
ENG-2026-04212,TMS,TMS-04212,ENG,ENG-SLEEPER-RENEWAL,SL-AVDTI-01,edge,AVD-TI-DN,,23.79,24.29,DN,defect,2026-05-04,118,major,2026-07-23,false,traffic_block,319,18,none,true,true,true,done
ENG-2026-04213,TMS,TMS-04213,ENG,ENG-SLEEPER-RENEWAL,SL-AVDTI-08,edge,AVD-TI-UP,,27.64,28.14,UP,proactive,2026-07-10,56,minor,2026-10-08,false,traffic_block,397,16,none,true,true,true,done
SNT-2026-00603,SMMS,SMMS-00603,SNT,SNT-TRACK-CIRCUIT,TC-TITRL-06,edge,TI-TRL-DN_SUB,,39.92,40.42,DN_SUB,overdue,2026-07-12,57,major,,false,disconnection,111,3,none,true,true,true,pending
ENG-2025-04214,TMS,TMS-04214,ENG,ENG-RAIL-GRIND,RL-TRLAJJ-38,edge,TRL-AJJ-UP,,60.96,63.96,UP,routine,2025-10-12,311,1,2025-10-22,true,traffic_block,164,4,rail_grinder,true,false,true,done
ENG-2026-04215,TMS,TMS-04215,ENG,ENG-TURNOUT-TAMP,TO-MAS-07,node,,MAS,0.00,0.00,,routine,2026-06-06,52,minor,,false,traffic_block,184,10,tamper,true,true,true,done
ENG-2026-04216,TMS,TMS-04216,ENG,ENG-TURNOUT-OVERHAUL,TO-BBQ-10,node,,BBQ,2.00,2.00,,routine,2026-06-30,57,minor,,false,traffic_block,400,16,none,true,true,true,done
TRD-2026-01091,TDMS,TDMS-01091,TRD,TRD-OHE-TENSION,OHE-TRLAJJ-05,edge,TRL-AJJ-DN,,51.79,52.09,DN,overdue,2026-04-13,129,minor,2026-07-28,false,power_block,122,4,OHE_tower_car,true,false,true,done
ENG-2026-04217,TMS,TMS-04217,ENG,ENG-CURVE-REALIGN,BL-ENRMJR-05,edge,ENR-MJR-UP,,18.30,19.10,UP,overdue,2026-03-02,167,major,,false,traffic_block,149,11,tamper,true,true,true,done
SNT-2026-00604,SMMS,SMMS-00604,SNT,SNT-AXLE-COUNTER,AC-GISTM-04,edge,GI-STM-UP_SUB,,16.70,17.00,UP_SUB,overdue,2026-05-15,100,major,2026-06-14,false,disconnection,73,3,none,true,true,true,done
ENG-2026-04218,TMS,TMS-04218,ENG,ENG-SLEEPER-RENEWAL,SL-TITRL-04,edge,TI-TRL-DN,,33.08,33.58,DN,defect,2026-08-11,27,major,,false,traffic_block,406,17,none,true,true,true,scheduled
TRD-2026-01092,TDMS,TDMS-01092,TRD,TRD-OHE-INSP,OHE-MJRPON-06,edge,MJR-PON-UP,,34.02,35.00,UP,overdue,2026-03-30,50,minor,,false,power_block,86,4,OHE_tower_car,true,false,true,done
ENG-2026-04219,TMS,TMS-04219,ENG,ENG-SLEEPER-RENEWAL,SL-AVDTI-04,edge,AVD-TI-DN_SUB,,27.56,28.06,DN_SUB,emergency_followup,2026-03-11,56,major,,false,traffic_block,248,18,none,true,true,true,done
TRD-2026-01093,TDMS,TDMS-01093,TRD,TRD-OHE-WIRE-RENEW,CW-PVTBM-06,edge,PV-TBM-UP,,26.98,27.98,UP,defect,2026-07-10,59,minor,,false,power_block,427,9,OHE_tower_car,true,true,true,in_progress
TRD-2026-01094,TDMS,TDMS-01094,TRD,TRD-OHE-WIRE-RENEW,CW-STMPV-08,edge,STM-PV-UP_SUB,,17.74,18.74,UP_SUB,defect,2026-03-19,79,minor,2026-06-22,false,power_block,326,10,OHE_tower_car,true,true,true,done
SNT-2026-00605,SMMS,SMMS-00605,SNT,SNT-AXLE-COUNTER,AC-MSMBM-04,edge,MS-MBM-UP_SUB,,5.14,5.44,UP_SUB,routine,2026-08-25,13,minor,2026-11-04,false,disconnection,68,3,none,true,true,true,scheduled
ENG-2026-04220,TMS,TMS-04220,ENG,ENG-SLEEPER-RENEWAL,SL-PERABU-12,edge,PER-ABU-UP,,14.09,14.59,UP,defect,2026-02-11,1,minor,,false,traffic_block,375,18,none,true,true,true,deferred
ENG-2026-04221,TMS,TMS-04221,ENG,ENG-TURNOUT-TAMP,TO-TRL-03,node,,TRL,42.00,42.00,,overdue,2026-07-15,40,critical,2026-08-06,true,traffic_block,184,9,tamper,true,true,true,done
SNT-2026-00606,SMMS,SMMS-00606,SNT,SNT-SIGNAL-LAMP,SG-TITRL-18,edge,TI-TRL-UP_SUB,,31.03,31.13,UP_SUB,overdue,2026-03-25,51,critical,2026-04-04,true,none,57,2,none,true,false,true,done
ENG-2026-04222,TMS,TMS-04222,ENG,ENG-TURNOUT-OVERHAUL,TO-MSB-02,node,,MSB,0.00,0.00,,routine,2026-05-27,84,critical,2026-06-08,true,traffic_block,370,13,none,true,true,true,done
TRD-2026-01095,TDMS,TDMS-01095,TRD,TRD-NEUTRAL-SECTION,OHE-GISTM-02,edge,GI-STM-DN_SUB,,16.25,16.45,DN_SUB,routine,2026-04-11,41,major,,false,power_block,217,6,OHE_tower_car,true,false,true,deferred
TRD-2026-01096,TDMS,TDMS-01096,TRD,TRD-OHE-TENSION,OHE-PERABU-18,edge,PER-ABU-UP_SUB,,9.09,9.39,UP_SUB,overdue,2026-08-10,28,minor,2026-10-16,false,power_block,113,5,OHE_tower_car,false,false,true,in_progress
ENG-2026-04223,TMS,TMS-04223,ENG,ENG-RAIL-WELD,RL-TRLAJJ-17,edge,TRL-AJJ-DN,,66.72,67.72,DN,defect,2026-07-20,40,1,2026-08-06,true,traffic_block,155,7,none,true,false,true,done
ENG-2025-04224,TMS,TMS-04224,ENG,ENG-SLEEPER-RENEWAL,SL-PVTBM-02,edge,PV-TBM-DN,,25.96,26.46,DN,defect,2025-12-16,24,major,,false,traffic_block,316,21,none,true,true,true,done
TRD-2026-01097,TDMS,TDMS-01097,TRD,TRD-OHE-DROPPER,CW-MASBBQ-04,edge,MAS-BBQ-UP_SUB,,0.24,0.74,UP_SUB,routine,2026-07-26,32,minor,,false,power_block,109,5,OHE_tower_car,true,false,true,done
SNT-2026-00607,SMMS,SMMS-00607,SNT,SNT-POINT-REPLACE,PT-CGL-01,node,,CGL,59.84,59.84,,defect,2026-09-01,6,minor,,false,disconnection,140,5,none,true,false,true,pending
ENG-2026-04225,TMS,TMS-04225,ENG,ENG-RAIL-WELD,RL-PERABU-16,edge,PER-ABU-UP,,10.32,11.32,UP,defect,2026-04-04,97,3,,false,traffic_block,210,7,none,true,false,true,done
ENG-2026-04226,TMS,TMS-04226,ENG,ENG-RAIL-RENEWAL,RL-CGLWJ-13,edge,CGL-WJ-SINGLE,,64.63,65.13,SINGLE,defect,2026-07-18,32,3,,false,traffic_block,519,20,none,true,true,true,done
TRD-2026-01098,TDMS,TDMS-01098,TRD,TRD-OHE-DROPPER,CW-MBMGI-01,edge,MBM-GI-DN,,12.68,13.18,DN,emergency_followup,2026-07-13,56,major,2026-09-06,false,power_block,82,4,OHE_tower_car,true,false,true,pending
SNT-2026-00608,SMMS,SMMS-00608,SNT,SNT-AXLE-COUNTER,AC-TRLAJJ-01,edge,TRL-AJJ-DN,,54.82,55.12,DN,overdue,2026-06-22,28,major,,false,disconnection,119,3,none,true,true,true,done
ENG-2026-04227,TMS,TMS-04227,ENG,ENG-TURNOUT-TAMP,TO-MAS-06,node,,MAS,0.00,0.00,,routine,2026-05-09,87,major,,false,traffic_block,215,10,tamper,true,true,true,deferred
ENG-2025-04228,TMS,TMS-04228,ENG,ENG-TURNOUT-OVERHAUL,TO-TBM-07,node,,TBM,29.14,29.14,,routine,2025-11-06,259,major,,false,traffic_block,431,16,none,false,true,true,cancelled
ENG-2026-04229,TMS,TMS-04229,ENG,ENG-SLEEPER-RENEWAL,SL-MSBMS-02,edge,MSB-MS-DN,,2.67,3.17,DN,defect,2026-02-05,63,minor,,false,traffic_block,274,21,none,true,true,true,done
ENG-2026-04230,TMS,TMS-04230,ENG,ENG-TURNOUT-OVERHAUL,TO-AJJ-10,node,,AJJ,69.00,69.00,,overdue,2026-07-24,41,minor,2026-08-23,false,traffic_block,299,14,none,true,true,true,done
TRD-2025-01099,TDMS,TDMS-01099,TRD,TRD-OHE-INSULATOR,INS-ABUAVD-02,edge,ABU-AVD-DN_SUB,,19.18,19.28,DN_SUB,defect,2025-11-28,206,critical,2025-12-16,true,power_block,128,5,OHE_tower_car,true,true,true,done
ENG-2026-04231,TMS,TMS-04231,ENG,ENG-BALLAST-SCREEN,BL-TRLAJJ-14,edge,TRL-AJJ-DN_SUB,,46.07,46.57,DN_SUB,routine,2026-08-08,30,minor,2026-11-10,false,traffic_block,388,13,BCM,true,true,true,scheduled
ENG-2025-04232,TMS,TMS-04232,ENG,ENG-TURNOUT-TAMP,TO-BBQ-12,node,,BBQ,2.00,2.00,,overdue,2025-11-10,11,minor,2025-12-12,false,traffic_block,215,8,tamper,true,true,true,done
TRD-2025-01100,TDMS,TDMS-01100,TRD,TRD-OHE-WIRE-RENEW,CW-TRLAJJ-21,edge,TRL-AJJ-UP,,46.34,47.34,UP,defect,2025-10-03,42,minor,,false,power_block,279,10,OHE_tower_car,true,true,true,done
ENG-2026-04233,TMS,TMS-04233,ENG,ENG-USFD-TEST,RL-ENRMJR-12,edge,ENR-MJR-UP,,18.13,26.00,UP,proactive,2026-01-25,92,2,2026-05-24,false,traffic_block,92,4,USFD_car,true,false,true,cancelled
ENG-2026-04234,TMS,TMS-04234,ENG,ENG-YARD-PWAY,BL-MSB-03,node,,MSB,0.00,0.00,,overdue,2026-08-02,11,minor,,false,traffic_block,141,9,none,false,true,true,done
ENG-2026-04235,TMS,TMS-04235,ENG,ENG-USFD-TEST,RL-MSBMS-12,edge,MSB-MS-UP_SUB,,3.32,4.30,UP_SUB,emergency_followup,2026-03-26,51,2,,false,traffic_block,122,3,USFD_car,true,false,true,done
SNT-2026-00609,SMMS,SMMS-00609,SNT,SNT-AXLE-COUNTER,AC-MSMBM-02,edge,MS-MBM-DN_SUB,,7.59,7.89,DN_SUB,routine,2026-07-12,30,minor,2026-09-13,false,disconnection,80,3,none,true,true,true,done
SNT-2026-00610,SMMS,SMMS-00610,SNT,SNT-CABLE-LAY,,edge,TI-TRL-DN_SUB,,31.06,32.06,DN_SUB,defect,2026-05-09,90,major,,false,none,197,9,none,true,true,false,done
TRD-2026-01101,TDMS,TDMS-01101,TRD,TRD-OHE-EARTHING,OHE-TRLAJJ-45,edge,TRL-AJJ-UP_SUB,,59.06,60.06,UP_SUB,routine,2026-08-08,13,major,,false,power_block,58,3,none,true,false,true,deferred
ENG-2026-04236,TMS,TMS-04236,ENG,ENG-RAIL-RENEWAL,RL-MSMBM-20,edge,MS-MBM-UP_SUB,,10.59,11.09,UP_SUB,emergency_followup,2026-08-20,18,2,,false,traffic_block,488,22,none,true,true,true,pending
SNT-2025-00611,SMMS,SMMS-00611,SNT,SNT-TRACK-CIRCUIT,TC-PVTBM-07,edge,PV-TBM-UP_SUB,,27.20,27.70,UP_SUB,overdue,2025-12-30,159,minor,,false,disconnection,122,3,none,true,true,true,done
SNT-2026-00612,SMMS,SMMS-00612,SNT,SNT-TRACK-CIRCUIT,TC-PVTBM-05,edge,PV-TBM-UP,,28.79,29.10,UP,routine,2026-08-29,9,major,,false,disconnection,127,3,none,true,true,true,scheduled
TRD-2026-01102,TDMS,TDMS-01102,TRD,TRD-OHE-WIRE-RENEW,CW-TRLAJJ-06,edge,TRL-AJJ-DN,,56.23,57.23,DN,defect,2026-04-13,13,minor,,false,power_block,408,10,OHE_tower_car,true,true,true,done
TRD-2026-01103,TDMS,TDMS-01103,TRD,TRD-OHE-INSULATOR,INS-MJRPON-02,edge,MJR-PON-DN,,27.69,27.79,DN,defect,2026-07-22,47,major,2026-09-15,false,power_block,80,4,OHE_tower_car,true,true,true,scheduled
ENG-2025-04237,TMS,TMS-04237,ENG,ENG-SLEEPER-RENEWAL,SL-TRLAJJ-20,edge,TRL-AJJ-UP,,43.47,43.97,UP,defect,2025-10-26,231,major,,false,traffic_block,353,20,none,true,true,true,done
TRD-2025-01104,TDMS,TDMS-01104,TRD,TRD-OHE-MAST,MST-TRLAJJ-13,edge,TRL-AJJ-DN_SUB,,44.48,44.68,DN_SUB,overdue,2025-11-18,210,minor,,false,power_block,118,7,OHE_tower_car,true,true,true,done
ENG-2026-04238,TMS,TMS-04238,ENG,ENG-YARD-PWAY,BL-TNP-03,node,,TNP,5.00,5.00,,routine,2026-03-18,147,minor,,false,traffic_block,121,10,none,true,true,true,done
ENG-2026-04239,TMS,TMS-04239,ENG,ENG-TURNOUT-TAMP,TO-TBM-07,node,,TBM,29.14,29.14,,proactive,2026-08-12,26,major,,false,traffic_block,242,8,tamper,true,true,true,pending
ENG-2025-04240,TMS,TMS-04240,ENG,ENG-BALLAST-REGULATE,BL-AVDTI-12,edge,AVD-TI-UP_SUB,,25.54,27.54,UP_SUB,routine,2025-11-28,36,minor,,false,traffic_block,160,4,ballast_regulator,true,true,true,done
TRD-2026-01105,TDMS,TDMS-01105,TRD,TRD-OHE-WIRE-RENEW,CW-MSMBM-02,edge,MS-MBM-DN,,9.57,10.57,DN,defect,2026-08-25,3,minor,2026-09-25,false,power_block,236,10,OHE_tower_car,true,true,true,done
ENG-2026-04241,TMS,TMS-04241,ENG,ENG-SLEEPER-RENEWAL,SL-PONGPD-06,edge,PON-GPD-UP,,42.03,42.53,UP,defect,2026-08-27,9,major,,false,traffic_block,257,20,none,true,true,true,done
SNT-2025-00613,SMMS,SMMS-00613,SNT,SNT-INTERLOCK-TEST,IL-ENR-01,node,,ENR,16.00,16.00,,defect,2025-10-25,169,minor,,false,disconnection,286,6,none,true,false,true,done
SNT-2025-00614,SMMS,SMMS-00614,SNT,SNT-TRACK-CIRCUIT,TC-MSBMS-08,edge,MSB-MS-UP_SUB,,3.99,4.30,UP_SUB,routine,2025-12-21,209,minor,,false,disconnection,91,3,none,false,true,true,done
ENG-2026-04242,TMS,TMS-04242,ENG,ENG-RAIL-WELD,RL-AVDTI-12,edge,AVD-TI-UP,,25.76,26.76,UP,defect,2026-08-22,4,2,2026-11-15,false,traffic_block,140,6,none,true,false,true,done
TRD-2026-01106,TDMS,TDMS-01106,TRD,TRD-OHE-DROPPER,CW-STMPV-03,edge,STM-PV-DN_SUB,,19.95,20.45,DN_SUB,proactive,2026-07-23,46,major,2026-10-28,false,power_block,103,5,OHE_tower_car,true,false,true,scheduled
ENG-2026-04243,TMS,TMS-04243,ENG,ENG-RAIL-GRIND,RL-STMPV-09,edge,STM-PV-UP,,22.44,23.10,UP,routine,2026-08-01,33,2,,false,traffic_block,221,4,rail_grinder,true,false,true,done
ENG-2026-04244,TMS,TMS-04244,ENG,ENG-DESTRESSING,RL-MSMBM-09,edge,MS-MBM-DN_SUB,,10.96,11.30,DN_SUB,overdue,2026-05-09,53,3,,false,traffic_block,190,11,none,true,false,true,done
ENG-2026-04245,TMS,TMS-04245,ENG,ENG-RAIL-RENEWAL,RL-TITRL-01,edge,TI-TRL-DN,,37.71,38.21,DN,defect,2026-08-04,18,3,,false,traffic_block,278,20,none,true,true,true,deferred
ENG-2026-04246,TMS,TMS-04246,ENG,ENG-BALLAST-SCREEN,BL-MSMBM-01,edge,MS-MBM-DN,,6.80,7.30,DN,routine,2026-01-16,84,critical,2026-01-27,true,traffic_block,432,13,BCM,true,true,true,done
TRD-2026-01107,TDMS,TDMS-01107,TRD,TRD-OHE-INSULATOR,INS-MASBBQ-02,edge,MAS-BBQ-DN_SUB,,0.79,0.89,DN_SUB,defect,2026-02-04,96,major,,false,power_block,86,4,OHE_tower_car,true,true,true,done
TRD-2025-01108,TDMS,TDMS-01108,TRD,TRD-NEUTRAL-SECTION,OHE-AVDTI-11,edge,AVD-TI-UP,,21.87,22.07,UP,overdue,2025-12-22,66,minor,,false,power_block,188,6,OHE_tower_car,true,false,true,done
ENG-2025-04247,TMS,TMS-04247,ENG,ENG-SLEEPER-RENEWAL,SL-AVDTI-01,edge,AVD-TI-DN,,23.79,24.29,DN,defect,2025-09-26,159,major,,false,traffic_block,245,18,none,true,true,true,done
ENG-2026-04248,TMS,TMS-04248,ENG,ENG-RAIL-GRIND,RL-TRLAJJ-09,edge,TRL-AJJ-DN,,64.83,67.83,DN,proactive,2026-07-21,48,2,,false,traffic_block,229,5,rail_grinder,true,false,true,scheduled
ENG-2026-04249,TMS,TMS-04249,ENG,ENG-YARD-PWAY,BL-CGL-05,node,,CGL,59.84,59.84,,routine,2026-03-09,38,minor,,false,traffic_block,140,8,none,true,true,true,done
ENG-2026-04250,TMS,TMS-04250,ENG,ENG-TRACK-PATROL,,edge,AVD-TI-DN,,27.07,29.00,DN,proactive,2026-08-22,16,minor,2026-10-02,false,none,125,2,none,true,false,false,pending
ENG-2026-04251,TMS,TMS-04251,ENG,ENG-TAMPING,BL-TRLAJJ-29,edge,TRL-AJJ-UP_SUB,,61.87,63.87,UP_SUB,routine,2026-03-22,151,minor,,false,traffic_block,224,8,tamper,true,true,true,deferred
TRD-2025-01109,TDMS,TDMS-01109,TRD,TRD-OHE-WIRE-RENEW,CW-PERABU-11,edge,PER-ABU-UP_SUB,,10.65,11.65,UP_SUB,defect,2025-12-18,206,critical,2025-12-29,true,power_block,322,9,OHE_tower_car,true,true,true,done
SNT-2026-00615,SMMS,SMMS-00615,SNT,SNT-CABLE-LAY,,edge,ENR-MJR-UP,,20.80,21.80,UP,defect,2026-08-30,1,minor,,false,none,238,10,none,true,true,false,done
TRD-2026-01110,TDMS,TDMS-01110,TRD,TRD-OHE-MAST,MST-TRLAJJ-07,edge,TRL-AJJ-DN,,44.08,44.28,DN,proactive,2026-02-01,74,major,,false,power_block,200,6,OHE_tower_car,true,true,true,done
ENG-2026-04252,TMS,TMS-04252,ENG,ENG-SLEEPER-RENEWAL,SL-MSMBM-08,edge,MS-MBM-UP_SUB,,9.24,9.74,UP_SUB,defect,2026-03-15,132,minor,,false,traffic_block,280,19,none,true,true,true,cancelled
TRD-2026-01111,TDMS,TDMS-01111,TRD,TRD-OHE-WIRE-RENEW,CW-MSMBM-08,edge,MS-MBM-UP_SUB,,4.51,5.51,UP_SUB,proactive,2026-07-11,27,major,2026-08-22,false,power_block,316,8,OHE_tower_car,false,true,true,done
SNT-2026-00616,SMMS,SMMS-00616,SNT,SNT-AXLE-COUNTER,AC-MBMGI-04,edge,MBM-GI-UP_SUB,,13.02,13.32,UP_SUB,overdue,2026-07-31,38,minor,,false,disconnection,91,3,none,true,true,true,scheduled
ENG-2026-04253,TMS,TMS-04253,ENG,ENG-RAIL-GRIND,RL-TRLAJJ-45,edge,TRL-AJJ-UP,,52.47,55.47,UP,overdue,2026-05-14,38,3,,false,traffic_block,195,5,rail_grinder,true,false,true,done
SNT-2026-00617,SMMS,SMMS-00617,SNT,SNT-TRACK-CIRCUIT,TC-GISTM-04,edge,GI-STM-UP_SUB,,15.48,15.98,UP_SUB,proactive,2026-08-23,15,major,2026-11-30,false,disconnection,102,3,none,true,true,true,in_progress
ENG-2026-04254,TMS,TMS-04254,ENG,ENG-TURNOUT-OVERHAUL,TO-AJJ-09,node,,AJJ,69.00,69.00,,overdue,2026-08-10,28,minor,2026-10-28,false,traffic_block,316,12,none,true,true,true,scheduled
TRD-2025-01112,TDMS,TDMS-01112,TRD,TRD-OHE-INSULATOR,INS-TITRL-08,edge,TI-TRL-UP,,30.04,30.14,UP,defect,2025-12-01,199,minor,2026-02-11,false,power_block,112,4,OHE_tower_car,true,true,true,done
ENG-2025-04255,TMS,TMS-04255,ENG,ENG-TURNOUT-TAMP,TO-TRL-06,node,,TRL,42.00,42.00,,routine,2025-12-11,151,critical,2026-01-01,true,traffic_block,202,9,tamper,true,true,true,done
ENG-2025-04256,TMS,TMS-04256,ENG,ENG-SLEEPER-RENEWAL,SL-MSBMS-08,edge,MSB-MS-UP_SUB,,1.09,1.59,UP_SUB,defect,2025-11-06,288,minor,,false,traffic_block,397,20,none,true,true,true,done
ENG-2026-04257,TMS,TMS-04257,ENG,ENG-RAIL-WELD,RL-TRLAJJ-12,edge,TRL-AJJ-DN,,48.42,49.42,DN,defect,2026-09-01,6,1,2026-09-17,true,traffic_block,156,6,none,true,false,true,done
TRD-2026-01113,TDMS,TDMS-01113,TRD,TRD-OHE-WIRE-RENEW,CW-TRLAJJ-10,edge,TRL-AJJ-DN_SUB,,52.86,53.86,DN_SUB,defect,2026-08-19,17,minor,,false,power_block,269,9,OHE_tower_car,true,true,true,done
ENG-2025-04258,TMS,TMS-04258,ENG,ENG-RAIL-RENEWAL,RL-TNPENR-04,edge,TNP-ENR-DN,,8.51,9.01,DN,emergency_followup,2025-12-30,28,1,2026-01-15,true,traffic_block,312,21,none,true,true,true,done
SNT-2025-00618,SMMS,SMMS-00618,SNT,SNT-INTERLOCK-TEST,IL-BBQ-01,node,,BBQ,2.00,2.00,,defect,2025-11-17,217,major,,false,disconnection,208,6,none,false,false,true,done
ENG-2026-04259,TMS,TMS-04259,ENG,ENG-TURNOUT-OVERHAUL,TO-ENR-05,node,,ENR,16.00,16.00,,overdue,2026-03-13,52,minor,,false,traffic_block,366,14,none,false,true,true,cancelled
TRD-2026-01114,TDMS,TDMS-01114,TRD,TRD-OHE-MAST,MST-PERABU-03,edge,PER-ABU-DN,,8.60,8.80,DN,overdue,2026-02-28,46,minor,,false,power_block,177,7,OHE_tower_car,true,true,true,done
ENG-2025-04260,TMS,TMS-04260,ENG,ENG-BALLAST-SCREEN,BL-TITRL-17,edge,TI-TRL-UP_SUB,,34.63,35.13,UP_SUB,routine,2025-11-12,75,minor,,false,traffic_block,273,14,BCM,true,true,true,done
TRD-2026-01115,TDMS,TDMS-01115,TRD,TRD-SUBSTN-MAINT,SS-MS-01,node,,MS,4.32,4.32,,overdue,2026-08-09,29,minor,,false,none,340,5,none,true,false,true,in_progress
SNT-2026-00619,SMMS,SMMS-00619,SNT,SNT-CABLE-LAY,,edge,MJR-PON-UP,,31.53,32.53,UP,defect,2026-05-01,96,major,,false,none,293,9,none,true,true,false,done
TRD-2026-01116,TDMS,TDMS-01116,TRD,TRD-OHE-INSULATOR,INS-MSMBM-05,edge,MS-MBM-UP,,7.23,7.33,UP,defect,2026-02-06,70,minor,,false,power_block,83,5,OHE_tower_car,true,true,true,done
TRD-2026-01117,TDMS,TDMS-01117,TRD,TRD-OHE-INSP,OHE-TNPENR-01,edge,TNP-ENR-DN,,14.92,16.00,DN,routine,2026-07-29,16,major,,false,power_block,104,5,OHE_tower_car,true,false,true,done
SNT-2026-00620,SMMS,SMMS-00620,SNT,SNT-TRACK-CIRCUIT,TC-TITRL-04,edge,TI-TRL-DN,,36.26,36.76,DN,overdue,2026-08-16,22,major,2026-12-07,false,disconnection,123,3,none,false,true,true,pending
SNT-2025-00621,SMMS,SMMS-00621,SNT,SNT-SIGNAL-LAMP,SG-TKOAJJ-03,edge,TKO-AJJ-SINGLE,,117.90,118.00,SINGLE,routine,2025-10-04,258,major,,false,none,40,2,none,true,false,true,done
TRD-2026-01118,TDMS,TDMS-01118,TRD,TRD-OHE-INSULATOR,INS-AVDTI-07,edge,AVD-TI-UP_SUB,,25.76,25.86,UP_SUB,proactive,2026-06-03,69,major,,false,power_block,127,4,OHE_tower_car,true,true,true,done
SNT-2026-00622,SMMS,SMMS-00622,SNT,SNT-AXLE-COUNTER,AC-TRLAJJ-11,edge,TRL-AJJ-UP,,44.40,44.70,UP,overdue,2026-01-11,87,minor,,false,disconnection,128,3,none,true,true,true,done
TRD-2026-01119,TDMS,TDMS-01119,TRD,TRD-NEUTRAL-SECTION,OHE-TRLAJJ-30,edge,TRL-AJJ-UP,,55.85,56.05,UP,routine,2026-08-08,30,minor,,false,power_block,229,7,OHE_tower_car,true,false,true,pending
TRD-2025-01120,TDMS,TDMS-01120,TRD,TRD-OHE-MAST,MST-TITRL-19,edge,TI-TRL-UP_SUB,,38.47,38.67,UP_SUB,overdue,2025-10-17,88,major,,false,power_block,170,6,OHE_tower_car,true,true,true,done
SNT-2025-00623,SMMS,SMMS-00623,SNT,SNT-SIGNAL-LAMP,SG-MSBMS-02,edge,MSB-MS-DN,,2.84,2.94,DN,overdue,2025-11-22,4,minor,2026-01-26,false,none,34,2,none,true,false,true,done
SNT-2026-00624,SMMS,SMMS-00624,SNT,SNT-SIGNAL-REPLACE,SG-MSMBM-08,edge,MS-MBM-UP_SUB,,9.89,9.99,UP_SUB,proactive,2026-07-24,45,major,,false,disconnection,217,5,none,true,true,true,scheduled
ENG-2026-04261,TMS,TMS-04261,ENG,ENG-TURNOUT-OVERHAUL,TO-GPD-01,node,,GPD,47.00,47.00,,routine,2026-01-10,212,major,,false,traffic_block,332,15,none,true,true,true,done
ENG-2026-04262,TMS,TMS-04262,ENG,ENG-TURNOUT-TAMP,TO-TRL-05,node,,TRL,42.00,42.00,,routine,2026-05-12,21,major,,false,traffic_block,169,9,tamper,true,true,true,deferred
TRD-2026-01121,TDMS,TDMS-01121,TRD,TRD-OHE-INSULATOR,INS-BBQPER-04,edge,BBQ-PER-UP_SUB,,4.19,4.29,UP_SUB,proactive,2026-07-14,35,minor,,false,power_block,78,4,OHE_tower_car,true,true,true,done
ENG-2026-04263,TMS,TMS-04263,ENG,ENG-TURNOUT-TAMP,TO-MSB-03,node,,MSB,0.00,0.00,,routine,2026-06-07,17,critical,2026-06-21,true,traffic_block,176,10,tamper,true,true,true,done
TRD-2026-01122,TDMS,TDMS-01122,TRD,TRD-OHE-WIRE-RENEW,CW-PERABU-09,edge,PER-ABU-UP,,13.75,14.75,UP,defect,2026-02-03,25,minor,,false,power_block,381,8,OHE_tower_car,true,true,true,done
ENG-2025-04264,TMS,TMS-04264,ENG,ENG-TURNOUT-OVERHAUL,TO-MAS-16,node,,MAS,0.00,0.00,,overdue,2025-12-21,192,minor,,false,traffic_block,426,15,none,true,true,true,done
ENG-2026-04265,TMS,TMS-04265,ENG,ENG-RAIL-WELD,RL-TRLAJJ-24,edge,TRL-AJJ-DN_SUB,,60.59,61.59,DN_SUB,defect,2026-01-12,151,3,,false,traffic_block,220,6,none,true,false,true,done
ENG-2025-04266,TMS,TMS-04266,ENG,ENG-DRAIN-CLEAR,,edge,BBQ-TNP-UP,,2.63,4.13,UP,overdue,2025-11-14,110,major,,false,none,114,7,none,true,true,false,done
TRD-2026-01123,TDMS,TDMS-01123,TRD,TRD-OHE-DROPPER,CW-PERABU-09,edge,PER-ABU-UP,,13.75,14.25,UP,overdue,2026-01-27,178,minor,2026-05-05,false,power_block,111,4,OHE_tower_car,false,false,true,done
SNT-2025-00625,SMMS,SMMS-00625,SNT,SNT-TRACK-CIRCUIT,TC-ABUAVD-04,edge,ABU-AVD-DN_SUB,,19.18,19.68,DN_SUB,routine,2025-12-30,144,minor,,false,disconnection,72,3,none,true,true,true,done
SNT-2026-00626,SMMS,SMMS-00626,SNT,SNT-TRACK-CIRCUIT,TC-PERABU-14,edge,PER-ABU-UP_SUB,,14.64,15.00,UP_SUB,overdue,2026-09-03,4,major,,false,disconnection,123,3,none,true,true,true,cancelled
SNT-2026-00627,SMMS,SMMS-00627,SNT,SNT-POINT-SERVICE,PT-AVD-04,node,,AVD,21.00,21.00,,proactive,2026-05-09,35,major,,false,disconnection,58,3,none,true,false,true,done
SNT-2026-00628,SMMS,SMMS-00628,SNT,SNT-TRACK-CIRCUIT,TC-STMPV-07,edge,STM-PV-UP_SUB,,22.87,23.10,UP_SUB,routine,2026-08-31,7,minor,,false,disconnection,123,3,none,true,true,true,pending
SNT-2025-00629,SMMS,SMMS-00629,SNT,SNT-TRACK-CIRCUIT,TC-AVDTI-02,edge,AVD-TI-DN,,27.80,28.30,DN,overdue,2025-10-24,18,major,,false,disconnection,123,3,none,true,true,true,done
TRD-2026-01124,TDMS,TDMS-01124,TRD,TRD-NEUTRAL-SECTION,OHE-MSBMS-05,edge,MSB-MS-UP,,1.23,1.43,UP,overdue,2026-06-16,74,major,,false,power_block,248,6,OHE_tower_car,true,false,true,done
SNT-2026-00630,SMMS,SMMS-00630,SNT,SNT-SIGNAL-REPLACE,SG-MJRPON-02,edge,MJR-PON-DN,,33.95,34.05,DN,defect,2026-05-15,100,critical,2026-06-08,true,disconnection,145,6,none,true,true,true,done
SNT-2026-00631,SMMS,SMMS-00631,SNT,SNT-AXLE-COUNTER,AC-BBQPER-03,edge,BBQ-PER-UP,,3.23,3.53,UP,routine,2026-07-05,36,minor,,false,disconnection,111,3,none,true,true,true,done
ENG-2026-04267,TMS,TMS-04267,ENG,ENG-CURVE-REALIGN,BL-TRLAJJ-24,edge,TRL-AJJ-UP,,54.22,55.02,UP,emergency_followup,2026-04-22,68,major,,false,traffic_block,214,12,tamper,true,true,true,done
ENG-2026-04268,TMS,TMS-04268,ENG,ENG-SLEEPER-RENEWAL,SL-PVTBM-02,edge,PV-TBM-DN,,25.96,26.46,DN,defect,2026-09-03,4,minor,2026-12-28,false,traffic_block,395,20,none,true,true,true,pending
SNT-2026-00632,SMMS,SMMS-00632,SNT,SNT-AXLE-COUNTER,AC-TRLAJJ-15,edge,TRL-AJJ-UP,,64.40,64.70,UP,overdue,2026-09-02,5,minor,,false,disconnection,85,3,none,true,true,true,pending
ENG-2026-04269,TMS,TMS-04269,ENG,ENG-RAIL-GRIND,RL-PERABU-16,edge,PER-ABU-UP,,10.32,13.32,UP,routine,2026-04-20,33,2,,false,traffic_block,159,4,rail_grinder,true,false,true,done
ENG-2025-04270,TMS,TMS-04270,ENG,ENG-RAIL-WELD,RL-TITRL-16,edge,TI-TRL-DN_SUB,,37.94,38.94,DN_SUB,proactive,2025-11-26,277,2,,false,traffic_block,186,7,none,true,false,true,done
ENG-2026-04271,TMS,TMS-04271,ENG,ENG-SLEEPER-RENEWAL,SL-CGLWJ-05,edge,CGL-WJ-SINGLE,,64.71,65.21,SINGLE,defect,2026-07-10,57,major,2026-09-28,false,traffic_block,412,20,none,true,true,true,done
TRD-2025-01125,TDMS,TDMS-01125,TRD,TRD-OHE-WIRE-RENEW,CW-ABUAVD-06,edge,ABU-AVD-UP,,17.26,18.26,UP,proactive,2025-10-05,168,major,2025-12-20,false,power_block,229,8,OHE_tower_car,true,true,true,done
TRD-2025-01126,TDMS,TDMS-01126,TRD,TRD-OHE-MAST,MST-AVDTI-05,edge,AVD-TI-DN_SUB,,22.37,22.57,DN_SUB,routine,2025-10-06,2,minor,,false,power_block,215,6,OHE_tower_car,true,true,true,done
ENG-2026-04272,TMS,TMS-04272,ENG,ENG-RAIL-WELD,RL-STMPV-13,edge,STM-PV-UP_SUB,,21.56,22.56,UP_SUB,emergency_followup,2026-05-21,86,2,,false,traffic_block,201,7,none,true,false,true,done
ENG-2026-04273,TMS,TMS-04273,ENG,ENG-RAIL-WELD,RL-TRLAJJ-07,edge,TRL-AJJ-DN,,59.49,60.49,DN,defect,2026-06-17,5,1,2026-06-29,true,traffic_block,182,6,none,true,false,true,cancelled
ENG-2025-04274,TMS,TMS-04274,ENG,ENG-TURNOUT-OVERHAUL,TO-TRL-02,node,,TRL,42.00,42.00,,routine,2025-09-24,224,critical,2025-10-15,true,traffic_block,404,12,none,true,true,true,done
SNT-2026-00633,SMMS,SMMS-00633,SNT,SNT-AXLE-COUNTER,AC-TITRL-02,edge,TI-TRL-DN,,39.16,39.46,DN,overdue,2026-03-06,174,major,2026-05-04,false,disconnection,104,3,none,false,true,true,done
TRD-2026-01127,TDMS,TDMS-01127,TRD,TRD-OHE-FAULT,OHE-TNPENR-03,edge,TNP-ENR-DN,,6.50,6.80,DN,defect,2026-08-23,15,minor,,false,power_block,121,5,OHE_tower_car,true,true,true,done
SNT-2025-00634,SMMS,SMMS-00634,SNT,SNT-TRACK-CIRCUIT,TC-MSMBM-02,edge,MS-MBM-DN,,11.11,11.30,DN,overdue,2025-10-25,266,major,,false,disconnection,106,3,none,true,true,true,done
ENG-2026-04275,TMS,TMS-04275,ENG,ENG-SLEEPER-RENEWAL,SL-TITRL-15,edge,TI-TRL-UP,,39.74,40.24,UP,defect,2026-03-19,7,minor,2026-05-14,false,traffic_block,409,17,none,true,true,true,done
ENG-2025-04276,TMS,TMS-04276,ENG,ENG-DESTRESSING,RL-AVDTI-17,edge,AVD-TI-UP_SUB,,21.87,22.87,UP_SUB,routine,2025-09-07,3,1,2025-09-15,true,traffic_block,194,12,none,true,false,true,done
TRD-2026-01128,TDMS,TDMS-01128,TRD,TRD-OHE-INSULATOR,INS-PVTBM-02,edge,PV-TBM-DN_SUB,,24.45,24.55,DN_SUB,defect,2026-08-08,27,minor,,false,power_block,108,4,OHE_tower_car,true,true,true,done
TRD-2025-01129,TDMS,TDMS-01129,TRD,TRD-OHE-FAULT,OHE-AVDTI-09,edge,AVD-TI-UP,,22.93,23.23,UP,defect,2025-11-06,26,major,2026-02-03,false,power_block,107,5,OHE_tower_car,true,true,true,done
ENG-2026-04277,TMS,TMS-04277,ENG,ENG-RAIL-WELD,RL-TITRL-02,edge,TI-TRL-DN,,32.84,33.84,DN,emergency_followup,2026-08-27,11,1,2026-09-12,true,traffic_block,188,6,none,true,false,true,pending
TRD-2025-01130,TDMS,TDMS-01130,TRD,TRD-OHE-EARTHING,OHE-ABUAVD-11,edge,ABU-AVD-UP_SUB,,17.27,18.27,UP_SUB,overdue,2025-12-03,151,minor,,false,power_block,74,3,none,false,false,true,done
TRD-2025-01131,TDMS,TDMS-01131,TRD,TRD-OHE-INSP,OHE-TRLAJJ-20,edge,TRL-AJJ-DN_SUB,,56.03,60.03,DN_SUB,routine,2025-12-05,152,minor,,false,power_block,129,4,OHE_tower_car,true,false,true,done
ENG-2026-04278,TMS,TMS-04278,ENG,ENG-TAMPING,BL-ENRMJR-06,edge,ENR-MJR-UP,,23.13,25.13,UP,overdue,2026-01-01,27,major,,false,traffic_block,251,10,tamper,true,true,true,done
ENG-2026-04279,TMS,TMS-04279,ENG,ENG-SLEEPER-RENEWAL,SL-ABUAVD-08,edge,ABU-AVD-UP_SUB,,17.37,17.87,UP_SUB,defect,2026-03-04,67,critical,2026-03-23,true,traffic_block,428,19,none,false,true,true,done
SNT-2025-00635,SMMS,SMMS-00635,SNT,SNT-POINT-SERVICE,PT-MAS-06,node,,MAS,0.00,0.00,,overdue,2025-09-23,80,major,2025-12-17,false,disconnection,64,3,none,true,false,true,done
ENG-2025-04280,TMS,TMS-04280,ENG,ENG-SLEEPER-RENEWAL,SL-PERABU-04,edge,PER-ABU-DN,,14.40,14.90,DN,proactive,2025-10-04,51,minor,2026-01-22,false,traffic_block,392,19,none,true,true,true,done
SNT-2026-00636,SMMS,SMMS-00636,SNT,SNT-POINT-REPLACE,PT-AJJ-11,node,,AJJ,69.00,69.00,,defect,2026-05-07,87,minor,,false,disconnection,228,4,none,false,false,true,done
SNT-2025-00637,SMMS,SMMS-00637,SNT,SNT-TRACK-CIRCUIT,TC-ABUAVD-05,edge,ABU-AVD-UP,,19.53,20.03,UP,routine,2025-10-09,231,critical,2025-11-04,true,disconnection,68,3,none,false,true,true,done
SNT-2026-00638,SMMS,SMMS-00638,SNT,SNT-SIGNAL-LAMP,SG-AVDTI-04,edge,AVD-TI-DN_SUB,,22.14,22.24,DN_SUB,overdue,2026-09-05,2,minor,,false,none,54,2,none,true,false,true,in_progress
TRD-2025-01132,TDMS,TDMS-01132,TRD,TRD-NEUTRAL-SECTION,OHE-BBQPER-03,edge,BBQ-PER-DN_SUB,,3.25,3.45,DN_SUB,routine,2025-11-20,2,minor,,false,power_block,224,6,OHE_tower_car,true,false,true,done
ENG-2026-04281,TMS,TMS-04281,ENG,ENG-RAIL-GRIND,RL-AVDTI-04,edge,AVD-TI-DN,,28.21,29.00,DN,proactive,2026-06-07,7,2,,false,traffic_block,178,4,rail_grinder,false,false,true,done
ENG-2025-04282,TMS,TMS-04282,ENG,ENG-TRACK-PATROL,,edge,AVD-TI-UP_SUB,,27.85,29.00,UP_SUB,overdue,2025-12-31,182,minor,,false,none,123,2,none,true,false,false,done
TRD-2026-01133,TDMS,TDMS-01133,TRD,TRD-OHE-EARTHING,OHE-AVDTI-08,edge,AVD-TI-DN_SUB,,25.43,26.43,DN_SUB,routine,2026-07-06,63,critical,2026-07-21,true,power_block,56,3,none,true,false,true,in_progress
SNT-2026-00639,SMMS,SMMS-00639,SNT,SNT-SIGNAL-LAMP,SG-PERABU-09,edge,PER-ABU-UP,,11.15,11.25,UP,overdue,2026-01-11,114,minor,,false,none,60,2,none,true,false,true,done
SNT-2026-00640,SMMS,SMMS-00640,SNT,SNT-SIGNAL-REPLACE,SG-BBQPER-01,edge,BBQ-PER-DN,,3.32,3.42,DN,defect,2026-09-05,2,minor,,false,disconnection,254,5,none,false,true,true,scheduled
SNT-2026-00641,SMMS,SMMS-00641,SNT,SNT-POINT-SERVICE,PT-MS-02,node,,MS,4.32,4.32,,overdue,2026-03-21,82,minor,,false,disconnection,64,3,none,true,false,true,done
SNT-2025-00642,SMMS,SMMS-00642,SNT,SNT-POINT-REPLACE,PT-CGL-05,node,,CGL,59.84,59.84,,defect,2025-11-04,122,minor,,false,disconnection,213,4,none,false,false,true,done
TRD-2026-01134,TDMS,TDMS-01134,TRD,TRD-OHE-DROPPER,CW-MASBBQ-04,edge,MAS-BBQ-UP_SUB,,0.24,0.74,UP_SUB,overdue,2026-05-15,53,minor,,false,power_block,127,4,OHE_tower_car,true,false,true,done
TRD-2026-01135,TDMS,TDMS-01135,TRD,TRD-OHE-MAST,MST-TRLAJJ-21,edge,TRL-AJJ-DN_SUB,,48.34,48.54,DN_SUB,overdue,2026-03-31,147,major,2026-06-07,false,power_block,211,7,OHE_tower_car,true,true,true,done
SNT-2026-00643,SMMS,SMMS-00643,SNT,SNT-TRACK-CIRCUIT,TC-MSBMS-04,edge,MSB-MS-DN_SUB,,3.21,3.71,DN_SUB,overdue,2026-04-02,154,major,,false,disconnection,122,3,none,true,true,true,done
SNT-2025-00644,SMMS,SMMS-00644,SNT,SNT-TRACK-CIRCUIT,TC-TITRL-04,edge,TI-TRL-DN,,36.26,36.76,DN,routine,2025-09-29,222,critical,2025-10-28,true,disconnection,89,3,none,true,true,true,done
TRD-2026-01136,TDMS,TDMS-01136,TRD,TRD-SUBSTN-MAINT,SS-TBM-01,node,,TBM,29.14,29.14,,routine,2026-02-28,161,major,,false,none,278,6,none,true,false,true,done
ENG-2026-04283,TMS,TMS-04283,ENG,ENG-CURVE-REALIGN,BL-TRLAJJ-11,edge,TRL-AJJ-DN_SUB,,46.06,46.86,DN_SUB,routine,2026-05-12,117,critical,2026-05-24,true,traffic_block,154,10,tamper,true,true,true,done
ENG-2026-04284,TMS,TMS-04284,ENG,ENG-RAIL-RENEWAL,RL-MSBMS-09,edge,MSB-MS-UP,,4.14,4.30,UP,defect,2026-07-24,45,2,2026-09-11,false,traffic_block,496,21,none,true,true,true,pending
ENG-2026-04285,TMS,TMS-04285,ENG,ENG-TURNOUT-TAMP,TO-GPD-02,node,,GPD,47.00,47.00,,overdue,2026-03-24,37,major,2026-05-27,false,traffic_block,136,8,tamper,false,true,true,done
SNT-2026-00645,SMMS,SMMS-00645,SNT,SNT-SIGNAL-LAMP,SG-PONGPD-08,edge,PON-GPD-UP,,42.66,42.76,UP,overdue,2026-02-22,119,major,,false,none,54,2,none,true,false,true,done
ENG-2025-04286,TMS,TMS-04286,ENG,ENG-TURNOUT-TAMP,TO-AJJ-02,node,,AJJ,69.00,69.00,,proactive,2025-09-29,266,major,,false,traffic_block,185,8,tamper,true,true,true,done
SNT-2026-00646,SMMS,SMMS-00646,SNT,SNT-SIGNAL-REPLACE,SG-TMLPTKO-02,edge,TMLP-TKO-SINGLE,,109.69,109.79,SINGLE,defect,2026-06-30,5,major,,false,disconnection,209,5,none,true,true,true,done
ENG-2025-04287,TMS,TMS-04287,ENG,ENG-TRACK-PATROL,,edge,MS-MBM-UP_SUB,,7.53,9.53,UP_SUB,routine,2025-11-30,178,minor,,false,none,121,2,none,true,false,false,done
ENG-2026-04288,TMS,TMS-04288,ENG,ENG-RAIL-WELD,RL-TRLAJJ-51,edge,TRL-AJJ-UP,,53.01,54.01,UP,defect,2026-05-15,115,3,2026-08-28,false,traffic_block,226,7,none,true,false,true,in_progress
SNT-2025-00647,SMMS,SMMS-00647,SNT,SNT-AXLE-COUNTER,AC-BBQPER-03,edge,BBQ-PER-UP,,3.23,3.53,UP,overdue,2025-12-22,74,major,,false,disconnection,111,3,none,true,true,true,done
ENG-2026-04289,TMS,TMS-04289,ENG,ENG-TRACK-PATROL,,edge,MAS-BBQ-DN,,1.67,2.00,DN,routine,2026-02-13,37,minor,,false,none,118,2,none,true,false,false,cancelled
ENG-2026-04290,TMS,TMS-04290,ENG,ENG-BALLAST-REGULATE,BL-PERABU-06,edge,PER-ABU-DN_SUB,,10.47,12.47,DN_SUB,routine,2026-05-05,49,major,,false,traffic_block,147,4,ballast_regulator,true,true,true,done
ENG-2026-04291,TMS,TMS-04291,ENG,ENG-CURVE-REALIGN,BL-PVTBM-05,edge,PV-TBM-UP,,26.51,27.31,UP,proactive,2026-08-15,16,minor,,false,traffic_block,186,12,tamper,true,true,true,done
ENG-2025-04292,TMS,TMS-04292,ENG,ENG-DRAIN-CLEAR,,edge,MJR-PON-DN,,29.01,30.51,DN,overdue,2025-10-14,41,minor,,false,none,128,6,none,true,true,false,done
TRD-2026-01137,TDMS,TDMS-01137,TRD,TRD-OHE-MAST,MST-PERABU-03,edge,PER-ABU-DN,,8.60,8.80,DN,overdue,2026-07-27,11,minor,,false,power_block,152,7,OHE_tower_car,true,true,true,done
SNT-2026-00648,SMMS,SMMS-00648,SNT,SNT-AXLE-COUNTER,AC-ABUAVD-04,edge,ABU-AVD-UP_SUB,,17.14,17.44,UP_SUB,routine,2026-05-19,19,minor,,false,disconnection,97,3,none,true,true,true,done
SNT-2025-00649,SMMS,SMMS-00649,SNT,SNT-CABLE-LAY,,edge,BBQ-PER-DN,,4.08,5.00,DN,defect,2025-09-23,225,minor,,false,none,297,9,none,true,true,false,done
SNT-2026-00650,SMMS,SMMS-00650,SNT,SNT-SIGNAL-REPLACE,SG-STMPV-05,edge,STM-PV-UP,,19.99,20.09,UP,defect,2026-01-07,140,minor,,false,disconnection,214,5,none,false,true,true,done
TRD-2026-01138,TDMS,TDMS-01138,TRD,TRD-OHE-INSP,OHE-MBMGI-04,edge,MBM-GI-DN_SUB,,14.51,15.00,DN_SUB,overdue,2026-06-16,83,minor,2026-08-17,false,power_block,123,4,OHE_tower_car,true,false,true,in_progress
ENG-2026-04293,TMS,TMS-04293,ENG,ENG-SLEEPER-RENEWAL,SL-TRLAJJ-16,edge,TRL-AJJ-DN_SUB,,59.79,60.29,DN_SUB,defect,2026-03-23,150,major,2026-06-02,false,traffic_block,289,16,none,true,true,true,done
ENG-2026-04294,TMS,TMS-04294,ENG,ENG-RAIL-WELD,RL-PONGPD-08,edge,PON-GPD-DN,,43.72,44.72,DN,defect,2026-03-03,55,1,2026-03-18,true,traffic_block,243,6,none,true,false,true,done
ENG-2026-04295,TMS,TMS-04295,ENG,ENG-SLEEPER-RENEWAL,SL-TRLAJJ-02,edge,TRL-AJJ-DN,,66.71,67.21,DN,defect,2026-02-06,140,major,,false,traffic_block,401,16,none,true,true,true,done
ENG-2026-04296,TMS,TMS-04296,ENG,ENG-YARD-PWAY,BL-TBM-04,node,,TBM,29.14,29.14,,routine,2026-06-15,27,major,,false,traffic_block,132,9,none,true,true,true,done
ENG-2026-04297,TMS,TMS-04297,ENG,ENG-SLEEPER-RENEWAL,SL-PVTBM-03,edge,PV-TBM-DN_SUB,,24.05,24.55,DN_SUB,defect,2026-07-02,12,critical,2026-07-13,true,traffic_block,264,21,none,false,true,true,done
ENG-2025-04298,TMS,TMS-04298,ENG,ENG-DRAIN-CLEAR,,edge,PV-TBM-UP,,26.79,28.29,UP,routine,2025-10-05,162,major,,false,none,162,7,none,true,true,false,done
ENG-2026-04299,TMS,TMS-04299,ENG,ENG-USFD-TEST,RL-PONGPD-15,edge,PON-GPD-UP,,39.32,47.00,UP,overdue,2026-01-23,85,3,2026-05-14,false,traffic_block,170,3,USFD_car,true,false,true,cancelled
TRD-2026-01139,TDMS,TDMS-01139,TRD,TRD-OHE-INSP,OHE-ENRMJR-06,edge,ENR-MJR-UP,,21.26,25.26,UP,overdue,2026-07-23,27,minor,,false,power_block,129,5,OHE_tower_car,true,false,true,done
TRD-2026-01140,TDMS,TDMS-01140,TRD,TRD-OHE-WIRE-RENEW,CW-ABUAVD-01,edge,ABU-AVD-DN,,17.21,18.21,DN,defect,2026-02-04,33,minor,,false,power_block,374,10,OHE_tower_car,true,true,true,deferred
TRD-2025-01141,TDMS,TDMS-01141,TRD,TRD-OHE-FAULT,OHE-BBQPER-08,edge,BBQ-PER-UP_SUB,,4.27,4.57,UP_SUB,proactive,2025-09-22,294,minor,,false,power_block,119,5,OHE_tower_car,false,true,true,done
TRD-2026-01142,TDMS,TDMS-01142,TRD,TRD-OHE-WIRE-RENEW,CW-TRLAJJ-18,edge,TRL-AJJ-UP,,50.07,51.07,UP,defect,2026-08-28,1,minor,,false,power_block,246,10,OHE_tower_car,true,true,true,done
TRD-2026-01143,TDMS,TDMS-01143,TRD,TRD-OHE-INSULATOR,INS-TITRL-08,edge,TI-TRL-UP,,30.04,30.14,UP,defect,2026-05-26,88,minor,,false,power_block,77,4,OHE_tower_car,true,true,true,done
ENG-2026-04300,TMS,TMS-04300,ENG,ENG-TURNOUT-OVERHAUL,TO-PER-07,node,,PER,5.00,5.00,,overdue,2026-07-03,66,minor,,false,traffic_block,321,14,none,false,true,true,in_progress
ENG-2026-04301,TMS,TMS-04301,ENG,ENG-RAIL-RENEWAL,RL-TRLAJJ-38,edge,TRL-AJJ-UP,,60.96,61.46,UP,defect,2026-01-16,114,1,2026-01-23,true,traffic_block,453,22,none,true,true,true,done
ENG-2026-04302,TMS,TMS-04302,ENG,ENG-BRIDGE-REPAIR,BR-TNPENR-01,edge,TNP-ENR-DN,,8.69,8.79,DN,defect,2026-09-04,1,minor,,false,traffic_block,330,10,none,true,true,false,done
TRD-2026-01144,TDMS,TDMS-01144,TRD,TRD-OHE-DROPPER,CW-MJRPON-04,edge,MJR-PON-UP,,32.04,32.54,UP,overdue,2026-06-24,42,minor,,false,power_block,116,4,OHE_tower_car,true,false,true,done
ENG-2026-04303,TMS,TMS-04303,ENG,ENG-DESTRESSING,RL-PVTBM-11,edge,PV-TBM-UP,,23.96,24.96,UP,overdue,2026-05-14,76,2,,false,traffic_block,250,13,none,true,false,true,done
TRD-2026-01145,TDMS,TDMS-01145,TRD,TRD-OHE-MAST,MST-TRLAJJ-39,edge,TRL-AJJ-UP_SUB,,61.60,61.80,UP_SUB,overdue,2026-08-09,29,minor,2026-10-03,false,power_block,132,7,OHE_tower_car,true,true,true,done
ENG-2026-04304,TMS,TMS-04304,ENG,ENG-TRACK-PATROL,,edge,STM-PV-UP,,20.10,22.10,UP,routine,2026-02-26,38,major,,false,none,80,2,none,true,false,false,done
ENG-2026-04305,TMS,TMS-04305,ENG,ENG-RAIL-GRIND,RL-TRLAJJ-24,edge,TRL-AJJ-DN_SUB,,60.59,63.59,DN_SUB,routine,2026-02-21,119,3,,false,traffic_block,148,4,rail_grinder,true,false,true,done
SNT-2026-00651,SMMS,SMMS-00651,SNT,SNT-SIGNAL-LAMP,SG-STMPV-07,edge,STM-PV-UP_SUB,,17.67,17.77,UP_SUB,routine,2026-07-24,44,minor,2026-09-10,false,none,61,2,none,true,false,true,done
TRD-2026-01146,TDMS,TDMS-01146,TRD,TRD-OHE-MAST,MST-CGLWJ-08,edge,CGL-WJ-SINGLE,,67.62,67.82,SINGLE,routine,2026-04-26,117,minor,2026-06-21,false,power_block,114,8,OHE_tower_car,true,true,true,cancelled
ENG-2026-04306,TMS,TMS-04306,ENG,ENG-SLEEPER-RENEWAL,SL-ABUAVD-01,edge,ABU-AVD-DN,,20.06,20.56,DN,proactive,2026-08-07,12,minor,,false,traffic_block,264,18,none,true,true,true,done
ENG-2025-04307,TMS,TMS-04307,ENG,ENG-TURNOUT-OVERHAUL,TO-TBM-01,node,,TBM,29.14,29.14,,overdue,2025-09-16,6,major,,false,traffic_block,240,14,none,true,true,true,done
TRD-2025-01147,TDMS,TDMS-01147,TRD,TRD-OHE-MAST,MST-MSMBM-02,edge,MS-MBM-DN,,6.96,7.16,DN,routine,2025-09-17,184,major,,false,power_block,189,7,OHE_tower_car,true,true,true,done
TRD-2026-01148,TDMS,TDMS-01148,TRD,TRD-OHE-EARTHING,OHE-PERABU-06,edge,PER-ABU-DN_SUB,,11.60,12.60,DN_SUB,routine,2026-07-02,67,minor,,false,power_block,60,3,none,true,false,true,pending
SNT-2025-00652,SMMS,SMMS-00652,SNT,SNT-TRACK-CIRCUIT,TC-CJTMLP-03,edge,CJ-TMLP-SINGLE,,105.92,106.42,SINGLE,routine,2025-10-20,274,minor,,false,disconnection,79,3,none,false,true,true,done
TRD-2026-01149,TDMS,TDMS-01149,TRD,TRD-OHE-INSULATOR,INS-AVDTI-04,edge,AVD-TI-DN_SUB,,28.33,28.43,DN_SUB,defect,2026-08-27,11,minor,2026-11-26,false,power_block,82,4,OHE_tower_car,true,true,true,pending
TRD-2025-01150,TDMS,TDMS-01150,TRD,TRD-OHE-EARTHING,OHE-PERABU-20,edge,PER-ABU-UP_SUB,,11.70,12.70,UP_SUB,overdue,2025-11-21,130,major,2026-03-13,false,power_block,63,3,none,true,false,true,done
SNT-2026-00653,SMMS,SMMS-00653,SNT,SNT-POINT-SERVICE,PT-MAS-01,node,,MAS,0.00,0.00,,overdue,2026-08-20,18,minor,,false,disconnection,86,3,none,true,false,true,pending
ENG-2026-04308,TMS,TMS-04308,ENG,ENG-DRAIN-CLEAR,,edge,PER-ABU-DN_SUB,,14.95,15.00,DN_SUB,overdue,2026-09-04,3,major,2026-10-10,false,none,128,6,none,true,true,false,pending
SNT-2026-00654,SMMS,SMMS-00654,SNT,SNT-SIGNAL-REPLACE,SG-STMPV-07,edge,STM-PV-UP_SUB,,17.67,17.77,UP_SUB,defect,2026-01-01,160,minor,2026-02-10,false,disconnection,135,5,none,false,true,true,done
ENG-2025-04309,TMS,TMS-04309,ENG,ENG-TURNOUT-OVERHAUL,TO-AVD-02,node,,AVD,21.00,21.00,,routine,2025-12-09,63,major,2026-01-31,false,traffic_block,422,14,none,true,true,true,done
SNT-2026-00655,SMMS,SMMS-00655,SNT,SNT-AXLE-COUNTER,AC-MBMGI-01,edge,MBM-GI-DN,,12.17,12.47,DN,overdue,2026-08-09,29,minor,,false,disconnection,111,4,none,true,true,true,in_progress
ENG-2026-04310,TMS,TMS-04310,ENG,ENG-DESTRESSING,RL-TRLAJJ-35,edge,TRL-AJJ-UP,,51.83,52.83,UP,routine,2026-06-10,32,2,,false,traffic_block,323,12,none,false,false,true,done
TRD-2026-01151,TDMS,TDMS-01151,TRD,TRD-OHE-MAST,MST-TITRL-01,edge,TI-TRL-DN,,36.48,36.68,DN,overdue,2026-07-23,7,minor,2026-09-27,false,power_block,146,7,OHE_tower_car,true,true,true,done
ENG-2026-04311,TMS,TMS-04311,ENG,ENG-RAIL-RENEWAL,RL-PERABU-24,edge,PER-ABU-UP_SUB,,7.05,7.55,UP_SUB,defect,2026-04-14,5,2,,false,traffic_block,443,25,none,true,true,true,done
ENG-2025-04312,TMS,TMS-04312,ENG,ENG-BALLAST-SCREEN,BL-MSMBM-01,edge,MS-MBM-DN,,6.80,7.30,DN,routine,2025-12-27,248,critical,2026-01-25,true,traffic_block,318,15,BCM,false,true,true,done
ENG-2025-04313,TMS,TMS-04313,ENG,ENG-DESTRESSING,RL-MASBBQ-03,edge,MAS-BBQ-UP,,0.56,1.56,UP,routine,2025-12-16,23,3,2026-02-13,false,traffic_block,259,12,none,true,false,true,done
ENG-2026-04314,TMS,TMS-04314,ENG,ENG-CURVE-REALIGN,BL-ENRMJR-08,edge,ENR-MJR-UP,,23.46,24.26,UP,overdue,2026-02-24,76,major,,false,traffic_block,245,12,tamper,true,true,true,done
TRD-2026-01152,TDMS,TDMS-01152,TRD,TRD-OHE-WIRE-RENEW,CW-MASBBQ-02,edge,MAS-BBQ-DN_SUB,,0.40,1.40,DN_SUB,proactive,2026-06-06,60,major,,false,power_block,351,9,OHE_tower_car,true,true,true,done
ENG-2026-04315,TMS,TMS-04315,ENG,ENG-TAMPING,BL-TRLAJJ-24,edge,TRL-AJJ-UP,,54.22,56.22,UP,overdue,2026-06-25,25,minor,,false,traffic_block,313,9,tamper,false,true,true,done
TRD-2025-01153,TDMS,TDMS-01153,TRD,TRD-OHE-MAST,MST-MSMBM-05,edge,MS-MBM-DN_SUB,,4.88,5.08,DN_SUB,routine,2025-09-21,93,minor,2025-11-09,false,power_block,117,6,OHE_tower_car,true,true,true,done
ENG-2026-04316,TMS,TMS-04316,ENG,ENG-DESTRESSING,RL-TRLAJJ-32,edge,TRL-AJJ-DN_SUB,,47.09,48.09,DN_SUB,overdue,2026-03-19,85,2,2026-06-26,false,traffic_block,314,10,none,true,false,true,done
TRD-2026-01154,TDMS,TDMS-01154,TRD,TRD-OHE-EARTHING,OHE-TRLAJJ-0402,edge,TRL-AJJ-UP,,42.00,43.00,UP,overdue,2026-01-24,222,critical,2026-02-03,true,power_block,71,3,none,true,false,true,done
ENG-2026-04317,TMS,TMS-04317,ENG,ENG-DRAIN-CLEAR,,edge,BBQ-PER-UP_SUB,,3.51,5.00,UP_SUB,proactive,2026-07-15,52,minor,2026-10-01,false,none,205,7,none,true,true,false,cancelled
ENG-2026-04318,TMS,TMS-04318,ENG,ENG-BALLAST-SCREEN,BL-MASBBQ-02,edge,MAS-BBQ-DN_SUB,,1.38,1.88,DN_SUB,routine,2026-07-09,26,minor,,false,traffic_block,226,13,BCM,true,true,true,deferred
ENG-2026-04319,TMS,TMS-04319,ENG,ENG-SLEEPER-RENEWAL,SL-STMPV-04,edge,STM-PV-DN_SUB,,17.23,17.73,DN_SUB,defect,2026-01-11,229,minor,2026-02-11,false,traffic_block,427,16,none,true,true,true,done
TRD-2025-01155,TDMS,TDMS-01155,TRD,TRD-OHE-DROPPER,CW-MSMBM-06,edge,MS-MBM-UP,,9.58,10.08,UP,overdue,2025-12-05,74,minor,,false,power_block,104,4,OHE_tower_car,true,false,true,done
ENG-2025-04320,TMS,TMS-04320,ENG,ENG-DESTRESSING,RL-MBMGI-06,edge,MBM-GI-UP,,13.29,14.29,UP,overdue,2025-12-21,232,1,2026-01-08,true,traffic_block,346,10,none,true,false,true,done
SNT-2026-00656,SMMS,SMMS-00656,SNT,SNT-POINT-REPLACE,PT-MAS-13,node,,MAS,0.00,0.00,,defect,2026-08-10,11,minor,,false,disconnection,227,4,none,false,false,true,done
ENG-2026-04321,TMS,TMS-04321,ENG,ENG-RAIL-WELD,RL-ABUAVD-14,edge,ABU-AVD-UP_SUB,,19.89,20.89,UP_SUB,defect,2026-06-24,56,1,2026-07-13,true,traffic_block,181,6,none,true,false,true,done
SNT-2026-00657,SMMS,SMMS-00657,SNT,SNT-CABLE-LAY,,edge,TRL-AJJ-DN_SUB,,59.89,60.89,DN_SUB,defect,2026-08-11,27,minor,,false,none,284,8,none,true,true,false,pending
ENG-2025-04322,TMS,TMS-04322,ENG,ENG-RAIL-RENEWAL,RL-CJTMLP-06,edge,CJ-TMLP-SINGLE,,101.57,102.07,SINGLE,defect,2025-10-05,90,2,,false,traffic_block,397,21,none,true,true,true,done
ENG-2026-04323,TMS,TMS-04323,ENG,ENG-SLEEPER-RENEWAL,SL-ABUAVD-08,edge,ABU-AVD-UP_SUB,,17.37,17.87,UP_SUB,defect,2026-05-26,15,major,,false,traffic_block,400,16,none,true,true,true,done
TRD-2026-01156,TDMS,TDMS-01156,TRD,TRD-OHE-MAST,MST-TNPENR-01,edge,TNP-ENR-DN,,8.52,8.72,DN,routine,2026-08-12,26,minor,,false,power_block,148,6,OHE_tower_car,true,true,true,pending
ENG-2026-04324,TMS,TMS-04324,ENG,ENG-SLEEPER-RENEWAL,SL-MJRPON-03,edge,MJR-PON-DN,,26.51,27.01,DN,defect,2026-08-08,4,minor,2026-10-15,false,traffic_block,232,17,none,true,true,true,done
ENG-2026-04325,TMS,TMS-04325,ENG,ENG-TURNOUT-OVERHAUL,TO-AVD-05,node,,AVD,21.00,21.00,,overdue,2026-06-06,10,critical,2026-06-26,true,traffic_block,380,15,none,false,true,true,done
SNT-2026-00658,SMMS,SMMS-00658,SNT,SNT-AXLE-COUNTER,AC-MSBMS-04,edge,MSB-MS-UP_SUB,,1.46,1.76,UP_SUB,overdue,2026-03-07,65,minor,,false,disconnection,74,3,none,false,true,true,done
SNT-2026-00659,SMMS,SMMS-00659,SNT,SNT-POINT-REPLACE,PT-MAS-08,node,,MAS,0.00,0.00,,defect,2026-06-22,13,minor,2026-09-20,false,disconnection,253,5,none,true,false,true,done
TRD-2026-01157,TDMS,TDMS-01157,TRD,TRD-OHE-MAST,MST-AVDTI-10,edge,AVD-TI-UP_SUB,,28.53,28.73,UP_SUB,routine,2026-03-25,165,major,,false,power_block,168,6,OHE_tower_car,true,true,true,done
TRD-2026-01158,TDMS,TDMS-01158,TRD,TRD-OHE-FAULT,OHE-MSMBM-03,edge,MS-MBM-DN,,7.54,7.84,DN,defect,2026-06-07,14,minor,2026-09-01,false,power_block,165,6,OHE_tower_car,true,true,true,done
TRD-2026-01159,TDMS,TDMS-01159,TRD,TRD-OHE-INSULATOR,INS-TRLAJJ-19,edge,TRL-AJJ-UP_SUB,,54.41,54.51,UP_SUB,emergency_followup,2026-09-02,5,critical,2026-09-12,true,power_block,86,5,OHE_tower_car,true,true,true,pending
ENG-2026-04326,TMS,TMS-04326,ENG,ENG-CURVE-REALIGN,BL-TITRL-09,edge,TI-TRL-DN_SUB,,39.65,40.45,DN_SUB,proactive,2026-08-26,12,minor,,false,traffic_block,179,12,tamper,true,true,true,pending
ENG-2026-04327,TMS,TMS-04327,ENG,ENG-SLEEPER-RENEWAL,SL-WJCJ-03,edge,WJ-CJ-SINGLE,,87.82,88.32,SINGLE,defect,2026-08-01,37,major,,false,traffic_block,228,20,none,true,true,true,scheduled
ENG-2026-04328,TMS,TMS-04328,ENG,ENG-SLEEPER-RENEWAL,SL-BBQPER-01,edge,BBQ-PER-DN,,4.92,5.00,DN,defect,2026-08-15,23,minor,,false,traffic_block,296,19,none,true,true,true,pending
SNT-2025-00660,SMMS,SMMS-00660,SNT,SNT-POINT-SERVICE,PT-TBM-01,node,,TBM,29.14,29.14,,overdue,2025-11-23,211,critical,2025-12-16,true,disconnection,75,3,none,true,false,true,done
ENG-2026-04329,TMS,TMS-04329,ENG,ENG-BALLAST-REGULATE,BL-MBMGI-03,edge,MBM-GI-UP,,12.26,14.26,UP,overdue,2026-08-11,15,minor,,false,traffic_block,144,4,ballast_regulator,true,true,true,done
ENG-2026-04330,TMS,TMS-04330,ENG,ENG-BALLAST-SCREEN,BL-TITRL-02,edge,TI-TRL-DN,,40.55,41.05,DN,overdue,2026-08-22,16,critical,2026-09-16,true,traffic_block,381,15,BCM,true,true,true,scheduled
ENG-2026-04331,TMS,TMS-04331,ENG,ENG-SLEEPER-RENEWAL,SL-MBMGI-01,edge,MBM-GI-DN,,14.68,15.00,DN,defect,2026-07-05,42,minor,,false,traffic_block,280,17,none,true,true,true,cancelled
TRD-2026-01160,TDMS,TDMS-01160,TRD,TRD-OHE-INSULATOR,INS-TITRL-03,edge,TI-TRL-DN,,39.34,39.44,DN,defect,2026-06-06,43,minor,2026-10-01,false,power_block,86,4,OHE_tower_car,true,true,true,done
TRD-2026-01161,TDMS,TDMS-01161,TRD,TRD-OHE-TENSION,OHE-MASBBQ-02,edge,MAS-BBQ-DN_SUB,,1.52,1.82,DN_SUB,overdue,2026-01-04,232,critical,2026-01-27,true,power_block,94,5,OHE_tower_car,false,false,true,done
ENG-2026-04332,TMS,TMS-04332,ENG,ENG-YARD-PWAY,BL-BBQ-03,node,,BBQ,2.00,2.00,,overdue,2026-02-03,107,major,2026-05-02,false,traffic_block,150,8,none,true,true,true,done
ENG-2026-04333,TMS,TMS-04333,ENG,ENG-DESTRESSING,RL-TNPENR-01,edge,TNP-ENR-DN,,12.53,13.53,DN,overdue,2026-07-05,35,2,,false,traffic_block,320,13,none,true,false,true,done
SNT-2026-00661,SMMS,SMMS-00661,SNT,SNT-TRACK-CIRCUIT,TC-GISTM-02,edge,GI-STM-DN_SUB,,16.99,17.10,DN_SUB,overdue,2026-02-03,98,minor,,false,disconnection,82,4,none,true,true,true,done
ENG-2026-04334,TMS,TMS-04334,ENG,ENG-SLEEPER-RENEWAL,SL-TRLAJJ-29,edge,TRL-AJJ-UP_SUB,,57.39,57.89,UP_SUB,emergency_followup,2026-04-22,15,major,,false,traffic_block,368,19,none,true,true,true,done
TRD-2026-01162,TDMS,TDMS-01162,TRD,TRD-OHE-MAST,MST-CGLWJ-09,edge,CGL-WJ-SINGLE,,81.05,81.25,SINGLE,routine,2026-08-23,15,minor,,false,power_block,203,6,OHE_tower_car,true,true,true,pending
SNT-2026-00662,SMMS,SMMS-00662,SNT,SNT-TRACK-CIRCUIT,TC-TRLAJJ-30,edge,TRL-AJJ-UP,,64.21,64.71,UP,routine,2026-06-22,37,minor,,false,disconnection,130,3,none,true,true,true,deferred
SNT-2026-00663,SMMS,SMMS-00663,SNT,SNT-TRACK-CIRCUIT,TC-MASBBQ-03,edge,MAS-BBQ-UP,,1.05,1.55,UP,routine,2026-07-18,51,minor,,false,disconnection,74,4,none,true,true,true,in_progress
SNT-2025-00664,SMMS,SMMS-00664,SNT,SNT-POINT-REPLACE,PT-AVD-04,node,,AVD,21.00,21.00,,defect,2025-11-12,58,major,,false,disconnection,241,4,none,true,false,true,done
TRD-2026-01163,TDMS,TDMS-01163,TRD,TRD-OHE-DROPPER,CW-MBMGI-02,edge,MBM-GI-DN_SUB,,13.93,14.43,DN_SUB,routine,2026-08-04,34,major,2026-11-03,false,power_block,94,5,OHE_tower_car,true,false,true,pending
ENG-2026-04335,TMS,TMS-04335,ENG,ENG-DESTRESSING,RL-ABUAVD-09,edge,ABU-AVD-UP,,16.46,17.46,UP,overdue,2026-08-10,28,3,2026-09-23,false,traffic_block,209,12,none,false,false,true,scheduled
SNT-2026-00665,SMMS,SMMS-00665,SNT,SNT-AXLE-COUNTER,AC-MBMGI-02,edge,MBM-GI-DN_SUB,,11.88,12.18,DN_SUB,routine,2026-03-06,74,minor,,false,disconnection,110,3,none,true,true,true,done
TRD-2026-01164,TDMS,TDMS-01164,TRD,TRD-OHE-EARTHING,OHE-GISTM-02,edge,GI-STM-DN_SUB,,16.25,17.10,DN_SUB,overdue,2026-06-30,20,minor,,false,power_block,66,3,none,true,false,true,deferred
TRD-2026-01165,TDMS,TDMS-01165,TRD,TRD-OHE-MAST,MST-BBQPER-02,edge,BBQ-PER-DN_SUB,,4.08,4.28,DN_SUB,overdue,2026-09-03,4,minor,,false,power_block,199,6,OHE_tower_car,true,true,true,pending
ENG-2025-04336,TMS,TMS-04336,ENG,ENG-SLEEPER-RENEWAL,SL-ABUAVD-01,edge,ABU-AVD-DN,,20.06,20.56,DN,defect,2025-09-13,321,minor,,false,traffic_block,373,19,none,true,true,true,done
ENG-2026-04337,TMS,TMS-04337,ENG,ENG-TURNOUT-OVERHAUL,TO-MAS-08,node,,MAS,0.00,0.00,,proactive,2026-05-14,34,minor,,false,traffic_block,247,14,none,false,true,true,done
ENG-2025-04338,TMS,TMS-04338,ENG,ENG-SLEEPER-RENEWAL,SL-TITRL-12,edge,TI-TRL-UP,,35.59,36.09,UP,emergency_followup,2025-10-02,31,major,,false,traffic_block,226,19,none,true,true,true,deferred
SNT-2026-00666,SMMS,SMMS-00666,SNT,SNT-POINT-REPLACE,PT-PER-03,node,,PER,5.00,5.00,,defect,2026-01-28,10,minor,2026-03-26,false,disconnection,208,4,none,true,false,true,cancelled
ENG-2026-04339,TMS,TMS-04339,ENG,ENG-BALLAST-SCREEN,BL-TRLAJJ-14,edge,TRL-AJJ-DN_SUB,,46.07,46.57,DN_SUB,overdue,2026-06-30,69,major,,false,traffic_block,228,13,BCM,true,true,true,scheduled
ENG-2025-04340,TMS,TMS-04340,ENG,ENG-RAIL-GRIND,RL-TRLAJJ-07,edge,TRL-AJJ-DN,,59.49,62.49,DN,proactive,2025-12-02,94,2,,false,traffic_block,138,4,rail_grinder,true,false,true,done
TRD-2026-01166,TDMS,TDMS-01166,TRD,TRD-OHE-WIRE-RENEW,CW-MASBBQ-03,edge,MAS-BBQ-UP,,1.53,2.00,UP,defect,2026-01-22,82,minor,2026-05-01,false,power_block,428,10,OHE_tower_car,true,true,true,done
SNT-2026-00667,SMMS,SMMS-00667,SNT,SNT-TRACK-CIRCUIT,TC-MSBMS-04,edge,MSB-MS-DN_SUB,,3.21,3.71,DN_SUB,overdue,2026-08-31,1,major,,false,disconnection,85,3,none,true,true,true,done
TRD-2026-01167,TDMS,TDMS-01167,TRD,TRD-OHE-INSULATOR,INS-TRLAJJ-18,edge,TRL-AJJ-UP,,58.20,58.30,UP,defect,2026-03-20,12,major,,false,power_block,120,5,OHE_tower_car,true,true,true,deferred
TRD-2026-01168,TDMS,TDMS-01168,TRD,TRD-OHE-MAST,MST-TRLAJJ-17,edge,TRL-AJJ-DN_SUB,,57.52,57.72,DN_SUB,overdue,2026-03-03,122,minor,,false,power_block,214,7,OHE_tower_car,false,true,true,done
SNT-2026-00668,SMMS,SMMS-00668,SNT,SNT-AXLE-COUNTER,AC-TITRL-10,edge,TI-TRL-UP_SUB,,31.09,31.39,UP_SUB,overdue,2026-01-09,101,minor,,false,disconnection,71,3,none,true,true,true,done
ENG-2026-04341,TMS,TMS-04341,ENG,ENG-BALLAST-SCREEN,BL-MJRPON-04,edge,MJR-PON-UP,,33.79,34.29,UP,routine,2026-07-23,46,major,,false,traffic_block,341,14,BCM,true,true,true,in_progress
TRD-2026-01169,TDMS,TDMS-01169,TRD,TRD-OHE-WIRE-RENEW,CW-ABUAVD-08,edge,ABU-AVD-UP_SUB,,16.38,17.38,UP_SUB,defect,2026-06-22,42,minor,,false,power_block,237,9,OHE_tower_car,true,true,true,done
ENG-2026-04342,TMS,TMS-04342,ENG,ENG-BALLAST-SCREEN,BL-TRLAJJ-28,edge,TRL-AJJ-UP_SUB,,58.63,59.13,UP_SUB,routine,2026-06-22,77,critical,2026-07-03,true,traffic_block,382,12,BCM,false,true,true,pending
SNT-2025-00669,SMMS,SMMS-00669,SNT,SNT-TRACK-CIRCUIT,TC-TRLAJJ-18,edge,TRL-AJJ-DN_SUB,,54.28,54.78,DN_SUB,routine,2025-10-09,93,major,,false,disconnection,82,3,none,true,true,true,deferred
SNT-2026-00670,SMMS,SMMS-00670,SNT,SNT-POINT-SERVICE,PT-MAS-08,node,,MAS,0.00,0.00,,overdue,2026-06-24,75,minor,,false,disconnection,72,3,none,true,false,true,pending
ENG-2025-04343,TMS,TMS-04343,ENG,ENG-SLEEPER-RENEWAL,SL-MASBBQ-04,edge,MAS-BBQ-UP_SUB,,1.76,2.00,UP_SUB,defect,2025-11-03,14,major,,false,traffic_block,271,19,none,false,true,true,done
SNT-2026-00671,SMMS,SMMS-00671,SNT,SNT-TRACK-CIRCUIT,TC-CJTMLP-01,edge,CJ-TMLP-SINGLE,,107.06,107.56,SINGLE,overdue,2026-03-16,86,minor,,false,disconnection,126,3,none,true,true,true,done
ENG-2025-04344,TMS,TMS-04344,ENG,ENG-TURNOUT-TAMP,TO-MSB-11,node,,MSB,0.00,0.00,,routine,2025-11-06,295,major,2026-01-02,false,traffic_block,244,10,tamper,true,true,true,done
ENG-2026-04345,TMS,TMS-04345,ENG,ENG-USFD-TEST,RL-MSMBM-14,edge,MS-MBM-UP,,9.40,11.30,UP,overdue,2026-04-25,129,3,,false,traffic_block,128,3,USFD_car,true,false,true,done
TRD-2026-01170,TDMS,TDMS-01170,TRD,TRD-OHE-INSULATOR,INS-ENRMJR-01,edge,ENR-MJR-DN,,18.72,18.82,DN,defect,2026-02-16,200,major,2026-03-30,false,power_block,127,5,OHE_tower_car,true,true,true,deferred
TRD-2026-01171,TDMS,TDMS-01171,TRD,TRD-OHE-MAST,MST-STMPV-02,edge,STM-PV-DN,,20.38,20.58,DN,overdue,2026-08-04,2,minor,,false,power_block,185,6,OHE_tower_car,true,true,true,done
SNT-2026-00672,SMMS,SMMS-00672,SNT,SNT-CABLE-LAY,,edge,MS-MBM-DN,,5.45,6.45,DN,defect,2026-04-22,60,minor,,false,none,246,9,none,true,true,false,done
SNT-2026-00673,SMMS,SMMS-00673,SNT,SNT-POINT-SERVICE,PT-TRL-01,node,,TRL,42.00,42.00,,emergency_followup,2026-08-29,9,major,,false,disconnection,64,3,none,true,false,true,in_progress
ENG-2025-04346,TMS,TMS-04346,ENG,ENG-RAIL-GRIND,RL-MASBBQ-01,edge,MAS-BBQ-DN,,1.06,2.00,DN,routine,2025-09-26,87,1,2025-10-17,true,traffic_block,147,4,rail_grinder,true,false,true,done
ENG-2026-04347,TMS,TMS-04347,ENG,ENG-TURNOUT-TAMP,TO-GPD-01,node,,GPD,47.00,47.00,,overdue,2026-01-07,217,minor,2026-04-04,false,traffic_block,210,10,tamper,false,true,true,done
ENG-2026-04348,TMS,TMS-04348,ENG,ENG-USFD-TEST,RL-TRLAJJ-22,edge,TRL-AJJ-DN_SUB,,67.68,68.50,DN_SUB,emergency_followup,2026-03-26,124,2,,false,traffic_block,164,3,USFD_car,true,false,true,done
SNT-2026-00674,SMMS,SMMS-00674,SNT,SNT-SIGNAL-LAMP,SG-TRLAJJ-13,edge,TRL-AJJ-DN_SUB,,55.71,55.81,DN_SUB,overdue,2026-08-21,17,minor,,false,none,57,2,none,true,false,true,pending
SNT-2025-00675,SMMS,SMMS-00675,SNT,SNT-TRACK-CIRCUIT,TC-PVTBM-05,edge,PV-TBM-UP,,28.79,29.10,UP,routine,2025-10-26,66,critical,2025-11-08,true,disconnection,125,3,none,true,true,true,done
TRD-2026-01172,TDMS,TDMS-01172,TRD,TRD-OHE-MAST,MST-MBMGI-02,edge,MBM-GI-DN_SUB,,12.41,12.61,DN_SUB,proactive,2026-03-25,165,major,,false,power_block,142,6,OHE_tower_car,true,true,true,done
SNT-2026-00676,SMMS,SMMS-00676,SNT,SNT-AXLE-COUNTER,AC-TRLAJJ-11,edge,TRL-AJJ-UP,,44.40,44.70,UP,overdue,2026-05-12,97,minor,,false,disconnection,105,3,none,false,true,true,done
ENG-2026-04349,TMS,TMS-04349,ENG,ENG-TURNOUT-TAMP,TO-TRL-08,node,,TRL,42.00,42.00,,overdue,2026-08-02,19,minor,2026-10-09,false,traffic_block,199,9,tamper,true,true,true,done
TRD-2025-01173,TDMS,TDMS-01173,TRD,TRD-OHE-TENSION,OHE-TRLAJJ-20,edge,TRL-AJJ-DN_SUB,,56.03,56.33,DN_SUB,overdue,2025-11-20,32,minor,,false,power_block,130,4,OHE_tower_car,true,false,true,done
SNT-2026-00677,SMMS,SMMS-00677,SNT,SNT-POINT-SERVICE,PT-PER-04,node,,PER,5.00,5.00,,emergency_followup,2026-08-07,31,major,,false,disconnection,80,3,none,true,false,true,scheduled
SNT-2026-00678,SMMS,SMMS-00678,SNT,SNT-POINT-REPLACE,PT-MS-02,node,,MS,4.32,4.32,,defect,2026-05-24,53,major,,false,disconnection,231,4,none,true,false,true,done
SNT-2026-00679,SMMS,SMMS-00679,SNT,SNT-POINT-SERVICE,PT-TBM-05,node,,TBM,29.14,29.14,,routine,2026-04-24,53,major,2026-07-01,false,disconnection,74,3,none,true,false,true,done
ENG-2025-04350,TMS,TMS-04350,ENG,ENG-RAIL-GRIND,RL-MSBMS-04,edge,MSB-MS-DN_SUB,,1.00,4.00,DN_SUB,overdue,2025-10-16,118,3,,false,traffic_block,243,4,rail_grinder,false,false,true,done
TRD-2026-01174,TDMS,TDMS-01174,TRD,TRD-OHE-MAST,MST-TITRL-20,edge,TI-TRL-UP_SUB,,38.74,38.94,UP_SUB,routine,2026-08-24,14,major,,false,power_block,188,8,OHE_tower_car,true,true,true,scheduled
ENG-2026-04351,TMS,TMS-04351,ENG,ENG-RAIL-RENEWAL,RL-TITRL-02,edge,TI-TRL-DN,,32.84,33.34,DN,defect,2026-04-06,24,3,2026-05-07,false,traffic_block,405,25,none,true,true,true,done
SNT-2025-00680,SMMS,SMMS-00680,SNT,SNT-AXLE-COUNTER,AC-TITRL-07,edge,TI-TRL-UP,,30.85,31.15,UP,overdue,2025-11-03,102,minor,2025-12-28,false,disconnection,123,3,none,false,true,true,cancelled
SNT-2025-00681,SMMS,SMMS-00681,SNT,SNT-AXLE-COUNTER,AC-CGLWJ-02,edge,CGL-WJ-SINGLE,,80.17,80.47,SINGLE,routine,2025-10-04,135,major,2026-01-04,false,disconnection,91,3,none,false,true,true,done
SNT-2026-00682,SMMS,SMMS-00682,SNT,SNT-SIGNAL-REPLACE,SG-AVDTI-11,edge,AVD-TI-UP_SUB,,21.46,21.56,UP_SUB,defect,2026-02-16,92,minor,,false,disconnection,227,5,none,true,true,true,done
ENG-2026-04352,TMS,TMS-04352,ENG,ENG-USFD-TEST,RL-TITRL-22,edge,TI-TRL-UP,,40.06,42.00,UP,routine,2026-08-27,11,2,2026-10-13,false,traffic_block,102,3,USFD_car,true,false,true,scheduled
ENG-2025-04353,TMS,TMS-04353,ENG,ENG-SLEEPER-RENEWAL,SL-MJRPON-02,edge,MJR-PON-DN,,32.82,33.32,DN,defect,2025-11-11,271,minor,,false,traffic_block,395,18,none,true,true,true,done
SNT-2025-00683,SMMS,SMMS-00683,SNT,SNT-SIGNAL-LAMP,SG-TITRL-07,edge,TI-TRL-DN_SUB,,31.70,31.80,DN_SUB,routine,2025-09-07,64,major,2025-11-24,false,none,44,2,none,true,false,true,done
TRD-2025-01175,TDMS,TDMS-01175,TRD,TRD-OHE-INSULATOR,INS-PONGPD-02,edge,PON-GPD-DN,,44.64,44.74,DN,defect,2025-09-11,337,critical,2025-10-02,true,power_block,110,4,OHE_tower_car,true,true,true,done
ENG-2026-04354,TMS,TMS-04354,ENG,ENG-TURNOUT-TAMP,TO-MAS-14,node,,MAS,0.00,0.00,,routine,2026-07-18,51,minor,,false,traffic_block,136,9,tamper,true,true,true,scheduled
SNT-2026-00684,SMMS,SMMS-00684,SNT,SNT-TRACK-CIRCUIT,TC-TRLAJJ-43,edge,TRL-AJJ-UP_SUB,,53.25,53.75,UP_SUB,overdue,2026-08-11,25,minor,,false,disconnection,125,3,none,true,true,true,done
TRD-2025-01176,TDMS,TDMS-01176,TRD,TRD-OHE-WIRE-RENEW,CW-AVDTI-01,edge,AVD-TI-DN,,23.92,24.92,DN,defect,2025-09-20,202,major,,false,power_block,230,10,OHE_tower_car,true,true,true,done
ENG-2026-04355,TMS,TMS-04355,ENG,ENG-CURVE-REALIGN,BL-ABUAVD-02,edge,ABU-AVD-DN,,17.99,18.79,DN,overdue,2026-04-28,4,major,,false,traffic_block,246,11,tamper,true,true,true,deferred
TRD-2025-01177,TDMS,TDMS-01177,TRD,TRD-OHE-MAST,MST-MSMBM-09,edge,MS-MBM-UP,,4.47,4.67,UP,proactive,2025-09-22,127,minor,2026-01-10,false,power_block,203,8,OHE_tower_car,true,true,true,done
ENG-2026-04356,TMS,TMS-04356,ENG,ENG-CURVE-REALIGN,BL-ENRMJR-07,edge,ENR-MJR-UP,,21.80,22.60,UP,overdue,2026-05-24,37,major,,false,traffic_block,237,11,tamper,true,true,true,done
SNT-2026-00685,SMMS,SMMS-00685,SNT,SNT-SIGNAL-LAMP,SG-TNPENR-04,edge,TNP-ENR-DN,,7.26,7.36,DN,proactive,2026-02-18,145,major,,false,none,53,2,none,false,false,true,done
TRD-2026-01178,TDMS,TDMS-01178,TRD,TRD-OHE-MAST,MST-TRLAJJ-03,edge,TRL-AJJ-DN,,62.02,62.22,DN,routine,2026-02-20,35,major,2026-03-31,false,power_block,131,6,OHE_tower_car,true,true,true,done
SNT-2026-00686,SMMS,SMMS-00686,SNT,SNT-TRACK-CIRCUIT,TC-GISTM-04,edge,GI-STM-UP_SUB,,15.48,15.98,UP_SUB,overdue,2026-09-06,1,major,,false,disconnection,122,3,none,true,true,true,scheduled
SNT-2026-00687,SMMS,SMMS-00687,SNT,SNT-AXLE-COUNTER,AC-MBMGI-02,edge,MBM-GI-DN_SUB,,11.88,12.18,DN_SUB,overdue,2026-07-15,54,major,2026-09-12,false,disconnection,99,3,none,true,true,true,in_progress
ENG-2026-04357,TMS,TMS-04357,ENG,ENG-TURNOUT-TAMP,TO-PER-06,node,,PER,5.00,5.00,,overdue,2026-03-15,6,major,2026-06-20,false,traffic_block,240,8,tamper,true,true,true,done
ENG-2026-04358,TMS,TMS-04358,ENG,ENG-TURNOUT-OVERHAUL,TO-MSB-11,node,,MSB,0.00,0.00,,overdue,2026-09-02,5,minor,2026-12-01,false,traffic_block,419,13,none,true,true,true,pending
TRD-2026-01179,TDMS,TDMS-01179,TRD,TRD-OHE-WIRE-RENEW,CW-TRLAJJ-20,edge,TRL-AJJ-UP,,51.09,52.09,UP,defect,2026-07-19,9,minor,,false,power_block,397,9,OHE_tower_car,false,true,true,done
ENG-2025-04359,TMS,TMS-04359,ENG,ENG-BRIDGE-INSP,BR-PERABU-01,edge,PER-ABU-DN,,12.19,12.29,DN,routine,2025-11-18,243,minor,,false,traffic_block,75,4,none,true,true,false,done
ENG-2026-04360,TMS,TMS-04360,ENG,ENG-BALLAST-REGULATE,BL-MJRPON-06,edge,MJR-PON-UP,,29.90,31.90,UP,overdue,2026-06-30,69,major,,false,traffic_block,153,4,ballast_regulator,true,true,true,done
ENG-2026-04361,TMS,TMS-04361,ENG,ENG-RAIL-WELD,RL-TITRL-22,edge,TI-TRL-UP,,40.06,41.06,UP,defect,2026-08-23,15,3,,false,traffic_block,243,6,none,true,false,true,scheduled
ENG-2026-04362,TMS,TMS-04362,ENG,ENG-TAMPING,BL-PONGPD-05,edge,PON-GPD-UP,,40.22,42.22,UP,emergency_followup,2026-04-24,34,major,,false,traffic_block,277,10,tamper,true,true,true,deferred
ENG-2026-04363,TMS,TMS-04363,ENG,ENG-RAIL-WELD,RL-PVTBM-14,edge,PV-TBM-UP_SUB,,24.15,25.15,UP_SUB,defect,2026-07-20,39,3,,false,traffic_block,257,8,none,false,false,true,done
ENG-2026-04364,TMS,TMS-04364,ENG,ENG-SLEEPER-RENEWAL,SL-MSBMS-08,edge,MSB-MS-UP_SUB,,1.09,1.59,UP_SUB,defect,2026-07-10,58,major,,false,traffic_block,378,21,none,false,true,true,done
SNT-2026-00688,SMMS,SMMS-00688,SNT,SNT-TRACK-CIRCUIT,TC-GISTM-04,edge,GI-STM-UP_SUB,,15.48,15.98,UP_SUB,routine,2026-08-08,12,minor,,false,disconnection,126,4,none,true,true,true,done
SNT-2025-00689,SMMS,SMMS-00689,SNT,SNT-POINT-REPLACE,PT-PER-05,node,,PER,5.00,5.00,,defect,2025-12-18,165,major,,false,disconnection,164,5,none,true,false,true,done
ENG-2026-04365,TMS,TMS-04365,ENG,ENG-SLEEPER-RENEWAL,SL-PONGPD-02,edge,PON-GPD-DN,,40.11,40.61,DN,defect,2026-06-06,86,minor,,false,traffic_block,343,20,none,true,true,true,done
TRD-2026-01180,TDMS,TDMS-01180,TRD,TRD-OHE-MAST,MST-TITRL-14,edge,TI-TRL-UP,,35.01,35.21,UP,routine,2026-04-15,84,critical,2026-05-11,true,power_block,193,6,OHE_tower_car,false,true,true,done
ENG-2026-04366,TMS,TMS-04366,ENG,ENG-RAIL-GRIND,RL-AVDTI-01,edge,AVD-TI-DN,,23.44,26.44,DN,routine,2026-02-18,15,2,2026-04-23,false,traffic_block,241,5,rail_grinder,false,false,true,done
ENG-2025-04367,TMS,TMS-04367,ENG,ENG-RAIL-WELD,RL-BBQTNP-04,edge,BBQ-TNP-UP,,2.74,3.74,UP,emergency_followup,2025-11-27,65,2,,false,traffic_block,214,6,none,true,false,true,done
ENG-2025-04368,TMS,TMS-04368,ENG,ENG-BALLAST-REGULATE,BL-TKOAJJ-02,edge,TKO-AJJ-SINGLE,,119.91,121.91,SINGLE,overdue,2025-10-11,190,major,,false,traffic_block,132,4,ballast_regulator,true,true,true,done
SNT-2025-00690,SMMS,SMMS-00690,SNT,SNT-POINT-REPLACE,PT-AJJ-01,node,,AJJ,69.00,69.00,,proactive,2025-09-19,314,minor,2025-12-20,false,disconnection,138,4,none,true,false,true,done
ENG-2026-04369,TMS,TMS-04369,ENG,ENG-SLEEPER-RENEWAL,SL-PERABU-10,edge,PER-ABU-UP,,7.15,7.65,UP,defect,2026-05-04,82,minor,,false,traffic_block,383,20,none,true,true,true,done
ENG-2025-04370,TMS,TMS-04370,ENG,ENG-TRACK-PATROL,,edge,TI-TRL-DN,,30.13,32.13,DN,overdue,2025-11-12,136,minor,,false,none,98,2,none,true,false,false,done
ENG-2026-04371,TMS,TMS-04371,ENG,ENG-SLEEPER-RENEWAL,SL-PONGPD-07,edge,PON-GPD-UP,,43.57,44.07,UP,defect,2026-03-28,17,minor,,false,traffic_block,318,19,none,true,true,true,done
ENG-2026-04372,TMS,TMS-04372,ENG,ENG-SLEEPER-RENEWAL,SL-AVDTI-04,edge,AVD-TI-DN_SUB,,27.56,28.06,DN_SUB,defect,2026-07-22,13,critical,2026-08-17,true,traffic_block,250,16,none,true,true,true,done
ENG-2026-04373,TMS,TMS-04373,ENG,ENG-DESTRESSING,RL-PERABU-14,edge,PER-ABU-UP,,14.34,15.00,UP,routine,2026-07-31,38,1,2026-08-10,true,traffic_block,195,12,none,true,false,true,pending
TRD-2026-01181,TDMS,TDMS-01181,TRD,TRD-OHE-DROPPER,CW-TITRL-10,edge,TI-TRL-UP,,36.37,36.87,UP,overdue,2026-07-16,53,minor,,false,power_block,89,5,OHE_tower_car,false,false,true,done
ENG-2026-04374,TMS,TMS-04374,ENG,ENG-TURNOUT-TAMP,TO-GPD-01,node,,GPD,47.00,47.00,,overdue,2026-08-05,10,minor,,false,traffic_block,178,8,tamper,true,true,true,done
ENG-2026-04375,TMS,TMS-04375,ENG,ENG-USFD-TEST,RL-STMPV-08,edge,STM-PV-DN_SUB,,22.35,23.10,DN_SUB,overdue,2026-05-30,80,3,,false,traffic_block,148,3,USFD_car,true,false,true,done
TRD-2026-01182,TDMS,TDMS-01182,TRD,TRD-OHE-WIRE-RENEW,CW-STMPV-01,edge,STM-PV-DN,,17.38,18.38,DN,defect,2026-06-16,19,major,,false,power_block,405,8,OHE_tower_car,true,true,true,done
SNT-2026-00691,SMMS,SMMS-00691,SNT,SNT-TRACK-CIRCUIT,TC-MSMBM-08,edge,MS-MBM-UP,,6.49,6.99,UP,proactive,2026-07-02,53,minor,,false,disconnection,76,3,none,false,true,true,done
TRD-2026-01183,TDMS,TDMS-01183,TRD,TRD-OHE-MAST,MST-PONGPD-05,edge,PON-GPD-DN,,40.21,40.41,DN,routine,2026-06-10,19,minor,2026-09-06,false,power_block,188,7,OHE_tower_car,true,true,true,done
ENG-2026-04376,TMS,TMS-04376,ENG,ENG-RAIL-RENEWAL,RL-ABUAVD-14,edge,ABU-AVD-UP_SUB,,19.89,20.39,UP_SUB,defect,2026-07-16,35,3,,false,traffic_block,509,26,none,true,true,true,done
TRD-2026-01184,TDMS,TDMS-01184,TRD,TRD-OHE-WIRE-RENEW,CW-PERABU-07,edge,PER-ABU-UP,,5.69,6.69,UP,proactive,2026-06-18,26,minor,,false,power_block,246,8,OHE_tower_car,true,true,true,done
ENG-2026-04377,TMS,TMS-04377,ENG,ENG-TAMPING,BL-CGLWJ-02,edge,CGL-WJ-SINGLE,,68.66,70.66,SINGLE,routine,2026-02-02,53,major,2026-04-04,false,traffic_block,191,8,tamper,true,true,true,done
ENG-2025-04378,TMS,TMS-04378,ENG,ENG-DRAIN-CLEAR,,edge,CGL-WJ-SINGLE,,65.65,67.15,SINGLE,routine,2025-12-22,137,minor,,false,none,212,6,none,true,true,false,done
SNT-2025-00692,SMMS,SMMS-00692,SNT,SNT-AXLE-COUNTER,AC-TNPENR-02,edge,TNP-ENR-DN,,12.88,13.18,DN,overdue,2025-10-23,109,major,,false,disconnection,116,3,none,true,true,true,done
ENG-2026-04379,TMS,TMS-04379,ENG,ENG-TRACK-PATROL,,edge,MSB-MS-DN_SUB,,0.36,2.36,DN_SUB,proactive,2026-08-15,21,major,,false,none,67,2,none,true,false,false,done
ENG-2026-04380,TMS,TMS-04380,ENG,ENG-TURNOUT-OVERHAUL,TO-TRL-03,node,,TRL,42.00,42.00,,overdue,2026-07-05,10,minor,,false,traffic_block,322,15,none,true,true,true,done
ENG-2026-04381,TMS,TMS-04381,ENG,ENG-RAIL-GRIND,RL-TMLPTKO-05,edge,TMLP-TKO-SINGLE,,109.38,112.38,SINGLE,routine,2026-05-03,124,3,,false,traffic_block,183,4,rail_grinder,true,false,true,done
SNT-2026-00693,SMMS,SMMS-00693,SNT,SNT-AXLE-COUNTER,AC-TITRL-04,edge,TI-TRL-DN_SUB,,38.99,39.29,DN_SUB,routine,2026-01-26,208,major,,false,disconnection,106,3,none,true,true,true,deferred
SNT-2026-00694,SMMS,SMMS-00694,SNT,SNT-SIGNAL-LAMP,SG-PERABU-04,edge,PER-ABU-DN,,13.34,13.44,DN,routine,2026-06-14,28,critical,2026-07-09,true,none,50,2,none,true,false,true,done
TRD-2026-01185,TDMS,TDMS-01185,TRD,TRD-OHE-MAST,MST-MBMGI-04,edge,MBM-GI-UP_SUB,,11.60,11.80,UP_SUB,overdue,2026-08-27,11,major,,false,power_block,216,7,OHE_tower_car,true,true,true,done
TRD-2025-01186,TDMS,TDMS-01186,TRD,TRD-OHE-FAULT,OHE-TRLAJJ-08,edge,TRL-AJJ-DN,,52.00,52.30,DN,defect,2025-10-22,34,major,,false,power_block,107,5,OHE_tower_car,true,true,true,done
ENG-2026-04382,TMS,TMS-04382,ENG,ENG-RAIL-RENEWAL,RL-TRLAJJ-09,edge,TRL-AJJ-DN,,64.83,65.33,DN,defect,2026-09-04,3,3,,false,traffic_block,289,24,none,true,true,true,pending
TRD-2026-01187,TDMS,TDMS-01187,TRD,TRD-OHE-WIRE-RENEW,CW-PERABU-03,edge,PER-ABU-DN,,13.48,14.48,DN,defect,2026-08-26,8,major,,false,power_block,432,9,OHE_tower_car,true,true,true,done
ENG-2026-04383,TMS,TMS-04383,ENG,ENG-TURNOUT-TAMP,TO-MAS-16,node,,MAS,0.00,0.00,,emergency_followup,2026-02-05,109,major,,false,traffic_block,158,8,tamper,true,true,true,done
SNT-2026-00695,SMMS,SMMS-00695,SNT,SNT-CABLE-LAY,,edge,MSB-MS-UP_SUB,,0.67,1.67,UP_SUB,defect,2026-02-19,126,minor,,false,none,205,8,none,true,true,false,done
ENG-2026-04384,TMS,TMS-04384,ENG,ENG-SLEEPER-RENEWAL,SL-TITRL-14,edge,TI-TRL-UP,,30.58,31.08,UP,defect,2026-06-04,30,critical,2026-06-21,true,traffic_block,388,19,none,true,true,true,done
TRD-2026-01189,TDMS,TDMS-01189,TRD,TRD-OHE-TENSION,OHE-PERABU-06,edge,PER-ABU-DN_SUB,,11.60,11.90,DN_SUB,routine,2026-08-22,16,minor,,false,power_block,168,4,OHE_tower_car,true,false,true,pending
TRD-2025-01190,TDMS,TDMS-01190,TRD,TRD-OHE-EARTHING,OHE-WJCJ-05,edge,WJ-CJ-SINGLE,,85.30,86.30,SINGLE,routine,2025-12-05,131,major,2026-02-01,false,power_block,75,3,none,true,false,true,done
ENG-2026-04385,TMS,TMS-04385,ENG,ENG-RAIL-GRIND,RL-TRLAJJ-0421,edge,TRL-AJJ-UP,,42.10,45.10,UP,routine,2026-04-15,128,1,2026-04-25,true,traffic_block,258,5,rail_grinder,true,false,true,done
TRD-2026-01191,TDMS,TDMS-01191,TRD,TRD-OHE-WIRE-RENEW,CW-TRLAJJ-10,edge,TRL-AJJ-DN_SUB,,52.86,53.86,DN_SUB,defect,2026-07-05,18,major,,false,power_block,356,10,OHE_tower_car,false,true,true,done
ENG-2025-04386,TMS,TMS-04386,ENG,ENG-SLEEPER-RENEWAL,SL-TRLAJJ-28,edge,TRL-AJJ-UP_SUB,,49.18,49.68,UP_SUB,defect,2025-10-17,310,minor,,false,traffic_block,338,18,none,true,true,true,done
ENG-2026-04387,TMS,TMS-04387,ENG,ENG-BALLAST-REGULATE,BL-MSBMS-08,edge,MSB-MS-UP_SUB,,2.60,4.30,UP_SUB,routine,2026-06-16,56,minor,2026-08-29,false,traffic_block,145,5,ballast_regulator,true,true,true,done
ENG-2026-04388,TMS,TMS-04388,ENG,ENG-TURNOUT-OVERHAUL,TO-BBQ-03,node,,BBQ,2.00,2.00,,routine,2026-04-17,19,minor,,false,traffic_block,416,13,none,true,true,true,done
ENG-2026-04389,TMS,TMS-04389,ENG,ENG-TURNOUT-OVERHAUL,TO-TRL-03,node,,TRL,42.00,42.00,,overdue,2026-08-03,35,minor,,false,traffic_block,356,12,none,true,true,true,pending
TRD-2025-01192,TDMS,TDMS-01192,TRD,TRD-SWITCHING-POST,SS-AJJ-01,node,,AJJ,69.00,69.00,,routine,2025-10-23,263,minor,,false,power_block,113,4,none,true,false,true,done
TRD-2025-01193,TDMS,TDMS-01193,TRD,TRD-OHE-EARTHING,OHE-TITRL-11,edge,TI-TRL-DN_SUB,,29.67,30.67,DN_SUB,overdue,2025-12-10,187,critical,2026-01-01,true,power_block,51,3,none,true,false,true,done
ENG-2026-04390,TMS,TMS-04390,ENG,ENG-USFD-TEST,RL-TRLAJJ-46,edge,TRL-AJJ-UP,,67.45,68.50,UP,overdue,2026-01-10,26,1,2026-01-23,true,traffic_block,156,3,USFD_car,true,false,true,done
TRD-2026-01194,TDMS,TDMS-01194,TRD,TRD-OHE-TENSION,OHE-TRLAJJ-21,edge,TRL-AJJ-DN_SUB,,51.06,51.36,DN_SUB,overdue,2026-08-03,35,minor,2026-11-26,false,power_block,161,4,OHE_tower_car,true,false,true,scheduled
TRD-2026-01195,TDMS,TDMS-01195,TRD,TRD-OHE-TENSION,OHE-AVDTI-08,edge,AVD-TI-DN_SUB,,25.43,25.73,DN_SUB,overdue,2026-02-22,29,minor,,false,power_block,138,5,OHE_tower_car,false,false,true,done
ENG-2026-04391,TMS,TMS-04391,ENG,ENG-DESTRESSING,RL-WJCJ-07,edge,WJ-CJ-SINGLE,,85.65,86.65,SINGLE,proactive,2026-07-15,22,3,,false,traffic_block,268,13,none,true,false,true,done
ENG-2025-04392,TMS,TMS-04392,ENG,ENG-TURNOUT-OVERHAUL,TO-MAS-18,node,,MAS,0.00,0.00,,routine,2025-10-30,251,minor,,false,traffic_block,238,13,none,true,true,true,done
ENG-2026-04393,TMS,TMS-04393,ENG,ENG-USFD-TEST,RL-MBMGI-08,edge,MBM-GI-UP_SUB,,13.89,15.00,UP_SUB,overdue,2026-07-02,67,3,2026-08-06,false,traffic_block,170,3,USFD_car,true,false,true,pending
SNT-2026-00696,SMMS,SMMS-00696,SNT,SNT-AXLE-COUNTER,AC-MASBBQ-03,edge,MAS-BBQ-UP,,0.49,0.79,UP,overdue,2026-02-14,121,minor,,false,disconnection,89,3,none,true,true,true,done
ENG-2026-04394,TMS,TMS-04394,ENG,ENG-SLEEPER-RENEWAL,SL-MBMGI-04,edge,MBM-GI-UP_SUB,,11.80,12.30,UP_SUB,defect,2026-08-10,26,major,,false,traffic_block,410,20,none,true,true,true,done
ENG-2025-04395,TMS,TMS-04395,ENG,ENG-TURNOUT-OVERHAUL,TO-TRL-04,node,,TRL,42.00,42.00,,overdue,2025-12-04,165,critical,2025-12-25,true,traffic_block,345,16,none,true,true,true,done
ENG-2026-04396,TMS,TMS-04396,ENG,ENG-DESTRESSING,RL-CGLWJ-02,edge,CGL-WJ-SINGLE,,68.37,69.37,SINGLE,routine,2026-08-09,29,2,,false,traffic_block,267,11,none,false,false,true,in_progress
SNT-2025-00697,SMMS,SMMS-00697,SNT,SNT-SIGNAL-REPLACE,SG-TKOAJJ-04,edge,TKO-AJJ-SINGLE,,121.39,121.49,SINGLE,defect,2025-09-11,106,major,,false,disconnection,240,5,none,true,true,true,deferred
ENG-2026-04397,TMS,TMS-04397,ENG,ENG-RAIL-WELD,RL-TRLAJJ-09,edge,TRL-AJJ-DN,,64.83,65.83,DN,defect,2026-08-11,11,2,,false,traffic_block,174,7,none,true,false,true,done
ENG-2026-04398,TMS,TMS-04398,ENG,ENG-BALLAST-SCREEN,BL-TRLAJJ-15,edge,TRL-AJJ-DN_SUB,,56.59,57.09,DN_SUB,routine,2026-07-15,54,minor,,false,traffic_block,327,13,BCM,true,true,true,pending
SNT-2026-00698,SMMS,SMMS-00698,SNT,SNT-TRACK-CIRCUIT,TC-MASBBQ-01,edge,MAS-BBQ-DN,,1.35,1.85,DN,routine,2026-06-24,18,minor,,false,disconnection,74,3,none,true,true,true,deferred
TRD-2026-01196,TDMS,TDMS-01196,TRD,TRD-OHE-WIRE-RENEW,CW-MSMBM-03,edge,MS-MBM-DN_SUB,,8.48,9.48,DN_SUB,defect,2026-03-13,30,minor,2026-07-11,false,power_block,366,9,OHE_tower_car,true,true,true,done
TRD-2026-01197,TDMS,TDMS-01197,TRD,TRD-OHE-MAST,MST-MSMBM-04,edge,MS-MBM-DN_SUB,,10.41,10.61,DN_SUB,routine,2026-07-18,19,minor,,false,power_block,215,6,OHE_tower_car,false,true,true,done
ENG-2026-04399,TMS,TMS-04399,ENG,ENG-TURNOUT-OVERHAUL,TO-TBM-07,node,,TBM,29.14,29.14,,routine,2026-01-17,95,minor,,false,traffic_block,251,15,none,true,true,true,done
TRD-2026-01198,TDMS,TDMS-01198,TRD,TRD-OHE-DROPPER,CW-ENRMJR-04,edge,ENR-MJR-UP,,20.92,21.42,UP,overdue,2026-03-14,136,minor,,false,power_block,75,4,OHE_tower_car,true,false,true,done
TRD-2026-01199,TDMS,TDMS-01199,TRD,TRD-OHE-EARTHING,OHE-MSBMS-06,edge,MSB-MS-UP,,1.51,2.51,UP,routine,2026-07-25,44,major,,false,power_block,70,3,none,true,false,true,pending
ENG-2026-04400,TMS,TMS-04400,ENG,ENG-BALLAST-REGULATE,BL-TMLPTKO-01,edge,TMLP-TKO-SINGLE,,109.05,111.05,SINGLE,emergency_followup,2026-03-10,56,major,,false,traffic_block,135,4,ballast_regulator,false,true,true,done
ENG-2025-04401,TMS,TMS-04401,ENG,ENG-SLEEPER-RENEWAL,SL-ABUAVD-07,edge,ABU-AVD-UP_SUB,,19.32,19.82,UP_SUB,defect,2025-09-12,262,minor,,false,traffic_block,348,18,none,true,true,true,done
TRD-2025-01200,TDMS,TDMS-01200,TRD,TRD-NEUTRAL-SECTION,OHE-MSMBM-06,edge,MS-MBM-DN_SUB,,5.52,5.72,DN_SUB,proactive,2025-09-09,329,major,,false,power_block,172,7,OHE_tower_car,true,false,true,done
TRD-2026-01201,TDMS,TDMS-01201,TRD,TRD-OHE-INSULATOR,INS-PERABU-01,edge,PER-ABU-DN,,8.74,8.84,DN,defect,2026-05-07,90,minor,2026-08-10,false,power_block,105,5,OHE_tower_car,true,true,true,done
ENG-2025-04402,TMS,TMS-04402,ENG,ENG-RAIL-RENEWAL,RL-TRLAJJ-04,edge,TRL-AJJ-DN,,57.75,58.25,DN,defect,2025-10-24,285,1,2025-11-14,true,traffic_block,369,23,none,true,true,true,done
TRD-2026-01202,TDMS,TDMS-01202,TRD,TRD-OHE-DROPPER,CW-TRLAJJ-16,edge,TRL-AJJ-UP,,49.22,49.72,UP,overdue,2026-08-18,20,minor,,false,power_block,73,4,OHE_tower_car,false,false,true,scheduled
ENG-2026-04403,TMS,TMS-04403,ENG,ENG-RAIL-WELD,RL-PONGPD-08,edge,PON-GPD-DN,,43.72,44.72,DN,defect,2026-02-23,125,1,2026-03-15,true,traffic_block,198,7,none,true,false,true,done
ENG-2026-04404,TMS,TMS-04404,ENG,ENG-TRACK-PATROL,,edge,GI-STM-UP,,16.66,17.10,UP,overdue,2026-07-26,43,minor,,false,none,128,2,none,true,false,false,scheduled
ENG-2025-04405,TMS,TMS-04405,ENG,ENG-SLEEPER-RENEWAL,SL-MSMBM-03,edge,MS-MBM-DN_SUB,,8.14,8.64,DN_SUB,defect,2025-11-12,294,major,,false,traffic_block,318,18,none,true,true,true,done
SNT-2026-00699,SMMS,SMMS-00699,SNT,SNT-CABLE-LAY,,edge,TI-TRL-DN_SUB,,36.00,37.00,DN_SUB,emergency_followup,2026-09-04,3,major,,false,none,287,10,none,true,true,false,done
SNT-2026-00700,SMMS,SMMS-00700,SNT,SNT-SIGNAL-REPLACE,SG-CGLWJ-01,edge,CGL-WJ-SINGLE,,73.28,73.38,SINGLE,emergency_followup,2026-08-31,7,major,2026-11-11,false,disconnection,225,6,none,true,true,true,scheduled
ENG-2026-04406,TMS,TMS-04406,ENG,ENG-TAMPING,BL-PERABU-16,edge,PER-ABU-UP_SUB,,11.41,13.41,UP_SUB,routine,2026-08-29,9,major,,false,traffic_block,268,10,tamper,true,true,true,pending
ENG-2026-04407,TMS,TMS-04407,ENG,ENG-TRACK-PATROL,,edge,AVD-TI-DN_SUB,,26.35,28.35,DN_SUB,routine,2026-08-17,11,minor,2026-09-24,false,none,70,2,none,true,false,false,done
ENG-2026-04408,TMS,TMS-04408,ENG,ENG-TURNOUT-TAMP,TO-MAS-08,node,,MAS,0.00,0.00,,routine,2026-06-29,10,minor,,false,traffic_block,152,8,tamper,true,true,true,deferred
ENG-2025-04409,TMS,TMS-04409,ENG,ENG-RAIL-GRIND,RL-CGLWJ-02,edge,CGL-WJ-SINGLE,,68.37,71.37,SINGLE,routine,2025-09-30,15,IMDT,2025-10-01,true,traffic_block,185,4,rail_grinder,true,false,true,done
SNT-2026-00701,SMMS,SMMS-00701,SNT,SNT-SIGNAL-LAMP,SG-MASBBQ-04,edge,MAS-BBQ-UP_SUB,,1.85,1.95,UP_SUB,overdue,2026-02-12,159,minor,2026-05-13,false,none,34,2,none,true,false,true,cancelled
ENG-2026-04410,TMS,TMS-04410,ENG,ENG-USFD-TEST,RL-TITRL-02,edge,TI-TRL-DN,,32.84,40.84,DN,overdue,2026-08-06,23,1,2026-08-13,true,traffic_block,172,3,USFD_car,true,false,true,deferred
ENG-2025-04411,TMS,TMS-04411,ENG,ENG-RAIL-GRIND,RL-TRLAJJ-43,edge,TRL-AJJ-UP,,62.46,65.46,UP,overdue,2025-11-17,171,3,,false,traffic_block,179,4,rail_grinder,true,false,true,done
ENG-2025-04412,TMS,TMS-04412,ENG,ENG-TURNOUT-TAMP,TO-TBM-02,node,,TBM,29.14,29.14,,routine,2025-12-14,150,major,,false,traffic_block,202,8,tamper,true,true,true,done
TRD-2025-01203,TDMS,TDMS-01203,TRD,TRD-OHE-WIRE-RENEW,CW-ENRMJR-01,edge,ENR-MJR-DN,,23.47,24.47,DN,defect,2025-12-18,64,minor,2026-02-24,false,power_block,333,10,OHE_tower_car,true,true,true,done
ENG-2026-04413,TMS,TMS-04413,ENG,ENG-SLEEPER-RENEWAL,SL-MSBMS-01,edge,MSB-MS-DN,,1.02,1.52,DN,defect,2026-03-14,108,minor,2026-05-18,false,traffic_block,227,16,none,true,true,true,done
ENG-2026-04414,TMS,TMS-04414,ENG,ENG-RAIL-WELD,RL-MSBMS-06,edge,MSB-MS-DN_SUB,,1.68,2.68,DN_SUB,proactive,2026-02-21,112,3,,false,traffic_block,164,7,none,true,false,true,done
TRD-2026-01204,TDMS,TDMS-01204,TRD,TRD-OHE-MAST,MST-PERABU-06,edge,PER-ABU-DN_SUB,,8.03,8.23,DN_SUB,routine,2026-02-24,47,minor,,false,power_block,149,6,OHE_tower_car,true,true,true,done
ENG-2026-04415,TMS,TMS-04415,ENG,ENG-CURVE-REALIGN,BL-PONGPD-04,edge,PON-GPD-DN,,38.02,38.82,DN,overdue,2026-04-21,9,critical,2026-05-05,true,traffic_block,179,11,tamper,false,true,true,done
ENG-2026-04416,TMS,TMS-04416,ENG,ENG-USFD-TEST,RL-PERABU-07,edge,PER-ABU-DN_SUB,,9.95,15.00,DN_SUB,proactive,2026-08-04,34,2,,false,traffic_block,154,4,USFD_car,true,false,true,in_progress
TRD-2026-01205,TDMS,TDMS-01205,TRD,TRD-NEUTRAL-SECTION,OHE-STMPV-01,edge,STM-PV-DN,,21.18,21.38,DN,overdue,2026-05-11,36,major,2026-07-04,false,power_block,182,6,OHE_tower_car,true,false,true,done
TRD-2026-01206,TDMS,TDMS-01206,TRD,TRD-OHE-FAULT,OHE-TRLAJJ-32,edge,TRL-AJJ-UP,,54.20,54.50,UP,defect,2026-06-11,40,major,,false,power_block,151,5,OHE_tower_car,true,true,true,done
SNT-2026-00702,SMMS,SMMS-00702,SNT,SNT-SIGNAL-LAMP,SG-AVDTI-05,edge,AVD-TI-DN_SUB,,22.34,22.44,DN_SUB,overdue,2026-05-18,61,minor,,false,none,57,2,none,true,false,true,done
SNT-2025-00703,SMMS,SMMS-00703,SNT,SNT-CABLE-LAY,,edge,TRL-AJJ-DN,,66.25,67.25,DN,defect,2025-11-20,59,minor,,false,none,188,10,none,false,true,false,done
TRD-2025-01207,TDMS,TDMS-01207,TRD,TRD-OHE-MAST,MST-AVDTI-03,edge,AVD-TI-DN,,21.48,21.68,DN,routine,2025-10-26,248,major,,false,power_block,140,8,OHE_tower_car,false,true,true,deferred
ENG-2025-04417,TMS,TMS-04417,ENG,ENG-SLEEPER-RENEWAL,SL-ENRMJR-04,edge,ENR-MJR-DN,,21.23,21.73,DN,defect,2025-11-25,60,minor,2026-02-22,false,traffic_block,374,19,none,true,true,true,done
ENG-2025-04418,TMS,TMS-04418,ENG,ENG-RAIL-GRIND,RL-MSMBM-14,edge,MS-MBM-UP,,9.40,11.30,UP,routine,2025-09-18,259,1,2025-09-30,true,traffic_block,189,4,rail_grinder,true,false,true,done
ENG-2026-04419,TMS,TMS-04419,ENG,ENG-SLEEPER-RENEWAL,SL-MBMGI-04,edge,MBM-GI-UP_SUB,,11.80,12.30,UP_SUB,defect,2026-09-04,3,minor,,false,traffic_block,233,17,none,true,true,true,pending
ENG-2025-04420,TMS,TMS-04420,ENG,ENG-RAIL-GRIND,RL-PVTBM-14,edge,PV-TBM-UP_SUB,,24.15,27.15,UP_SUB,overdue,2025-10-21,16,3,,false,traffic_block,186,4,rail_grinder,true,false,true,done
ENG-2026-04421,TMS,TMS-04421,ENG,ENG-TURNOUT-TAMP,TO-AVD-05,node,,AVD,21.00,21.00,,routine,2026-03-30,36,minor,,false,traffic_block,199,10,tamper,true,true,true,deferred
TRD-2026-01208,TDMS,TDMS-01208,TRD,TRD-OHE-EARTHING,OHE-TNPENR-12,edge,TNP-ENR-UP,,12.55,13.55,UP,emergency_followup,2026-08-14,2,major,,false,power_block,45,3,none,true,false,true,done
ENG-2026-04422,TMS,TMS-04422,ENG,ENG-DESTRESSING,RL-TNPENR-04,edge,TNP-ENR-DN,,8.51,9.51,DN,emergency_followup,2026-06-05,14,2,2026-09-06,false,traffic_block,260,11,none,true,false,true,done
ENG-2026-04423,TMS,TMS-04423,ENG,ENG-BALLAST-SCREEN,BL-ENRMJR-06,edge,ENR-MJR-UP,,23.13,23.63,UP,routine,2026-05-29,44,minor,,false,traffic_block,250,14,BCM,true,true,true,done
TRD-2026-01209,TDMS,TDMS-01209,TRD,TRD-OHE-TENSION,OHE-TRLAJJ-27,edge,TRL-AJJ-UP,,54.56,54.86,UP,routine,2026-02-24,1,minor,,false,power_block,110,4,OHE_tower_car,true,false,true,done
ENG-2026-04424,TMS,TMS-04424,ENG,ENG-USFD-TEST,RL-PONGPD-16,edge,PON-GPD-UP,,45.60,47.00,UP,overdue,2026-06-21,12,2,,false,traffic_block,149,3,USFD_car,true,false,true,cancelled
ENG-2025-04425,TMS,TMS-04425,ENG,ENG-USFD-TEST,RL-MJRPON-10,edge,MJR-PON-UP,,30.00,35.00,UP,routine,2025-10-13,89,3,,false,traffic_block,93,3,USFD_car,false,false,true,done
TRD-2025-01210,TDMS,TDMS-01210,TRD,TRD-OHE-DROPPER,CW-MSBMS-02,edge,MSB-MS-DN_SUB,,2.30,2.80,DN_SUB,overdue,2025-10-16,49,minor,,false,power_block,90,5,OHE_tower_car,false,false,true,done
ENG-2026-04426,TMS,TMS-04426,ENG,ENG-BALLAST-SCREEN,BL-TRLAJJ-17,edge,TRL-AJJ-DN_SUB,,61.56,62.06,DN_SUB,proactive,2026-08-28,2,major,2026-11-20,false,traffic_block,315,13,BCM,true,true,true,done
SNT-2026-00704,SMMS,SMMS-00704,SNT,SNT-AXLE-COUNTER,AC-MSMBM-01,edge,MS-MBM-DN,,9.84,10.14,DN,overdue,2026-05-18,34,minor,2026-09-04,false,disconnection,108,3,none,true,true,true,done
ENG-2026-04427,TMS,TMS-04427,ENG,ENG-SLEEPER-RENEWAL,SL-MSBMS-08,edge,MSB-MS-UP_SUB,,1.09,1.59,UP_SUB,emergency_followup,2026-08-15,23,major,,false,traffic_block,382,16,none,false,true,true,in_progress
TRD-2026-01211,TDMS,TDMS-01211,TRD,TRD-OHE-INSP,OHE-MASBBQ-02,edge,MAS-BBQ-DN_SUB,,1.52,2.00,DN_SUB,overdue,2026-03-09,134,critical,2026-03-21,true,power_block,114,4,OHE_tower_car,true,false,true,done
TRD-2025-01212,TDMS,TDMS-01212,TRD,TRD-OHE-INSP,OHE-MSMBM-06,edge,MS-MBM-DN_SUB,,5.52,9.52,DN_SUB,routine,2025-11-20,5,minor,,false,power_block,127,4,OHE_tower_car,true,false,true,done
SNT-2026-00705,SMMS,SMMS-00705,SNT,SNT-SIGNAL-LAMP,SG-PERABU-14,edge,PER-ABU-UP_SUB,,10.14,10.24,UP_SUB,overdue,2026-01-03,65,minor,,false,none,36,2,none,true,false,true,done
TRD-2026-01213,TDMS,TDMS-01213,TRD,TRD-OHE-MAST,MST-STMPV-02,edge,STM-PV-DN,,20.38,20.58,DN,routine,2026-09-01,2,minor,2026-11-02,false,power_block,122,6,OHE_tower_car,true,true,true,done
TRD-2025-01214,TDMS,TDMS-01214,TRD,TRD-OHE-MAST,MST-CGLWJ-03,edge,CGL-WJ-SINGLE,,67.74,67.94,SINGLE,routine,2025-12-08,182,minor,2026-04-02,false,power_block,208,8,OHE_tower_car,true,true,true,done
ENG-2026-04428,TMS,TMS-04428,ENG,ENG-CURVE-REALIGN,BL-STMPV-03,edge,STM-PV-DN_SUB,,22.78,23.10,DN_SUB,routine,2026-04-27,64,major,,false,traffic_block,255,11,tamper,true,true,true,done
ENG-2025-04429,TMS,TMS-04429,ENG,ENG-SLEEPER-RENEWAL,SL-TRLAJJ-01,edge,TRL-AJJ-DN,,60.93,61.43,DN,defect,2025-10-11,46,major,,false,traffic_block,307,17,none,false,true,true,done
ENG-2026-04430,TMS,TMS-04430,ENG,ENG-SLEEPER-RENEWAL,SL-BBQTNP-01,edge,BBQ-TNP-DN,,2.12,2.62,DN,defect,2026-06-06,45,minor,2026-07-12,false,traffic_block,365,21,none,true,true,true,done
ENG-2026-04431,TMS,TMS-04431,ENG,ENG-SLEEPER-RENEWAL,SL-TRLAJJ-26,edge,TRL-AJJ-UP,,66.50,67.00,UP,defect,2026-08-21,17,minor,,false,traffic_block,264,21,none,true,true,true,scheduled
SNT-2026-00706,SMMS,SMMS-00706,SNT,SNT-SIGNAL-LAMP,SG-ENRMJR-07,edge,ENR-MJR-UP,,17.51,17.61,UP,overdue,2026-07-30,39,minor,,false,none,60,2,none,true,false,true,in_progress
ENG-2025-04432,TMS,TMS-04432,ENG,ENG-SLEEPER-RENEWAL,SL-PONGPD-08,edge,PON-GPD-UP,,45.31,45.81,UP,defect,2025-12-21,160,critical,2026-01-20,true,traffic_block,289,20,none,true,true,true,done
ENG-2026-04433,TMS,TMS-04433,ENG,ENG-TURNOUT-TAMP,TO-MS-07,node,,MS,4.32,4.32,,routine,2026-07-08,21,minor,,false,traffic_block,138,10,tamper,true,true,true,done
TRD-2025-01215,TDMS,TDMS-01215,TRD,TRD-OHE-TENSION,OHE-TRLAJJ-11,edge,TRL-AJJ-DN,,47.37,47.67,DN,routine,2025-11-09,60,minor,,false,power_block,138,5,OHE_tower_car,false,false,true,done
ENG-2026-04434,TMS,TMS-04434,ENG,ENG-USFD-TEST,RL-MSMBM-14,edge,MS-MBM-UP,,9.40,11.30,UP,overdue,2026-03-05,87,1,2026-03-13,true,traffic_block,165,3,USFD_car,false,false,true,done
ENG-2026-04435,TMS,TMS-04435,ENG,ENG-RAIL-GRIND,RL-CJTMLP-06,edge,CJ-TMLP-SINGLE,,101.57,104.57,SINGLE,proactive,2026-05-12,47,2,,false,traffic_block,239,5,rail_grinder,true,false,true,done
ENG-2026-04436,TMS,TMS-04436,ENG,ENG-LC-ATTENTION,LC-PONGPD-01,edge,PON-GPD-DN,,46.03,46.13,DN,routine,2026-06-21,50,critical,2026-07-01,true,traffic_block,101,7,none,true,true,true,done
SNT-2026-00707,SMMS,SMMS-00707,SNT,SNT-AXLE-COUNTER,AC-ABUAVD-04,edge,ABU-AVD-UP_SUB,,17.14,17.44,UP_SUB,overdue,2026-06-05,73,minor,,false,disconnection,96,3,none,true,true,true,done
SNT-2026-00708,SMMS,SMMS-00708,SNT,SNT-TRACK-CIRCUIT,TC-TRLAJJ-02,edge,TRL-AJJ-DN,,58.21,58.71,DN,overdue,2026-09-04,2,major,2026-11-27,false,disconnection,106,3,none,true,true,true,cancelled
TRD-2026-01216,TDMS,TDMS-01216,TRD,TRD-OHE-TENSION,OHE-STMPV-06,edge,STM-PV-DN_SUB,,22.87,23.10,DN_SUB,routine,2026-04-23,34,minor,,false,power_block,121,4,OHE_tower_car,true,false,true,done
ENG-2026-04437,TMS,TMS-04437,ENG,ENG-SLEEPER-RENEWAL,SL-PERABU-12,edge,PER-ABU-UP,,14.09,14.59,UP,defect,2026-08-05,33,minor,,false,traffic_block,371,16,none,true,true,true,pending
ENG-2026-04438,TMS,TMS-04438,ENG,ENG-RAIL-WELD,RL-PONGPD-07,edge,PON-GPD-DN,,35.88,36.88,DN,proactive,2026-07-22,3,3,,false,traffic_block,169,7,none,true,false,true,done
ENG-2026-04439,TMS,TMS-04439,ENG,ENG-SLEEPER-RENEWAL,SL-TRLAJJ-21,edge,TRL-AJJ-UP,,48.84,49.34,UP,defect,2026-08-11,27,major,,false,traffic_block,278,19,none,true,true,true,done
ENG-2026-04440,TMS,TMS-04440,ENG,ENG-TURNOUT-OVERHAUL,TO-PER-04,node,,PER,5.00,5.00,,overdue,2026-08-20,10,major,,false,traffic_block,264,14,none,true,true,true,done
SNT-2025-00709,SMMS,SMMS-00709,SNT,SNT-TRACK-CIRCUIT,TC-MSBMS-01,edge,MSB-MS-DN,,0.81,1.31,DN,overdue,2025-11-23,133,minor,2026-02-28,false,disconnection,107,3,none,true,true,true,done
ENG-2025-04441,TMS,TMS-04441,ENG,ENG-RAIL-GRIND,RL-PVTBM-10,edge,PV-TBM-UP,,23.23,26.23,UP,routine,2025-12-23,35,3,,false,traffic_block,213,4,rail_grinder,true,false,true,done
ENG-2026-04442,TMS,TMS-04442,ENG,ENG-SLEEPER-RENEWAL,SL-STMPV-01,edge,STM-PV-DN,,19.73,20.23,DN,defect,2026-08-03,17,minor,2026-10-08,false,traffic_block,434,17,none,true,true,true,cancelled
ENG-2026-04443,TMS,TMS-04443,ENG,ENG-SLEEPER-RENEWAL,SL-STMPV-07,edge,STM-PV-UP_SUB,,20.98,21.48,UP_SUB,proactive,2026-03-01,147,minor,,false,traffic_block,232,21,none,true,true,true,done
SNT-2025-00710,SMMS,SMMS-00710,SNT,SNT-SIGNAL-REPLACE,SG-CGLWJ-06,edge,CGL-WJ-SINGLE,,72.73,72.83,SINGLE,emergency_followup,2025-11-18,36,major,2026-02-17,false,disconnection,197,5,none,true,true,true,deferred
TRD-2026-01217,TDMS,TDMS-01217,TRD,TRD-OHE-DROPPER,CW-PVTBM-07,edge,PV-TBM-UP_SUB,,25.76,26.26,UP_SUB,routine,2026-07-17,52,major,,false,power_block,69,5,OHE_tower_car,false,false,true,scheduled
ENG-2026-04444,TMS,TMS-04444,ENG,ENG-RAIL-GRIND,RL-PERABU-04,edge,PER-ABU-DN,,6.54,9.54,DN,proactive,2026-08-25,6,3,,false,traffic_block,227,4,rail_grinder,false,false,true,done
ENG-2025-04445,TMS,TMS-04445,ENG,ENG-BALLAST-SCREEN,BL-PERABU-08,edge,PER-ABU-DN_SUB,,9.36,9.86,DN_SUB,overdue,2025-12-10,112,minor,,false,traffic_block,362,15,BCM,true,true,true,done
ENG-2026-04446,TMS,TMS-04446,ENG,ENG-RAIL-RENEWAL,RL-BBQTNP-02,edge,BBQ-TNP-DN,,3.73,4.23,DN,defect,2026-07-12,32,2,2026-10-31,false,traffic_block,453,20,none,true,true,true,done
ENG-2025-04447,TMS,TMS-04447,ENG,ENG-SLEEPER-RENEWAL,SL-MBMGI-04,edge,MBM-GI-UP_SUB,,11.80,12.30,UP_SUB,defect,2025-10-14,5,minor,,false,traffic_block,372,17,none,true,true,true,done
SNT-2025-00711,SMMS,SMMS-00711,SNT,SNT-SIGNAL-LAMP,SG-STMPV-07,edge,STM-PV-UP_SUB,,17.67,17.77,UP_SUB,emergency_followup,2025-11-03,51,major,,false,none,45,2,none,true,false,true,done
ENG-2026-04448,TMS,TMS-04448,ENG,ENG-RAIL-WELD,RL-MSMBM-12,edge,MS-MBM-UP,,9.94,10.94,UP,defect,2026-02-20,11,2,2026-04-09,false,traffic_block,247,6,none,true,false,true,done
SNT-2025-00712,SMMS,SMMS-00712,SNT,SNT-LC-GATE,LC-TNPENR-01,edge,TNP-ENR-DN,,14.00,14.10,DN,routine,2025-09-27,29,minor,2025-12-16,false,disconnection,141,4,none,true,true,true,deferred
SNT-2026-00713,SMMS,SMMS-00713,SNT,SNT-POINT-SERVICE,PT-CGL-02,node,,CGL,59.84,59.84,,overdue,2026-05-28,7,minor,,false,disconnection,65,3,none,false,false,true,deferred
TRD-2025-01218,TDMS,TDMS-01218,TRD,TRD-OHE-DROPPER,CW-MBMGI-04,edge,MBM-GI-UP_SUB,,14.41,14.91,UP_SUB,overdue,2025-11-29,100,minor,,false,power_block,117,5,OHE_tower_car,true,false,true,done
SNT-2026-00714,SMMS,SMMS-00714,SNT,SNT-SIGNAL-REPLACE,SG-GISTM-04,edge,GI-STM-UP_SUB,,16.82,16.92,UP_SUB,defect,2026-08-27,11,major,,false,disconnection,163,6,none,false,true,true,scheduled
TRD-2025-01219,TDMS,TDMS-01219,TRD,TRD-OHE-MAST,MST-CGLWJ-05,edge,CGL-WJ-SINGLE,,74.49,74.69,SINGLE,overdue,2025-11-08,133,minor,2026-01-16,false,power_block,216,6,OHE_tower_car,true,true,true,done
ENG-2026-04449,TMS,TMS-04449,ENG,ENG-TURNOUT-OVERHAUL,TO-BBQ-09,node,,BBQ,2.00,2.00,,overdue,2026-02-22,179,minor,,false,traffic_block,319,14,none,true,true,true,done
ENG-2025-04450,TMS,TMS-04450,ENG,ENG-RAIL-RENEWAL,RL-PVTBM-14,edge,PV-TBM-UP_SUB,,24.15,24.65,UP_SUB,defect,2025-09-08,305,1,2025-09-22,true,traffic_block,451,24,none,true,true,true,done
TRD-2026-01220,TDMS,TDMS-01220,TRD,TRD-OHE-DROPPER,CW-TRLAJJ-17,edge,TRL-AJJ-UP,,66.47,66.97,UP,overdue,2026-01-02,68,major,,false,power_block,99,4,OHE_tower_car,true,false,true,done
TRD-2026-01221,TDMS,TDMS-01221,TRD,TRD-OHE-DROPPER,CW-TRLAJJ-17,edge,TRL-AJJ-UP,,66.47,66.97,UP,overdue,2026-07-02,44,minor,,false,power_block,71,4,OHE_tower_car,true,false,true,done
ENG-2026-04451,TMS,TMS-04451,ENG,ENG-TURNOUT-TAMP,TO-BBQ-02,node,,BBQ,2.00,2.00,,routine,2026-07-28,41,minor,2026-09-19,false,traffic_block,211,8,tamper,true,true,true,pending
SNT-2025-00715,SMMS,SMMS-00715,SNT,SNT-POINT-REPLACE,PT-AVD-08,node,,AVD,21.00,21.00,,defect,2025-10-28,270,minor,,false,disconnection,174,4,none,false,false,true,done
TRD-2025-01222,TDMS,TDMS-01222,TRD,TRD-OHE-MAST,MST-PVTBM-01,edge,PV-TBM-DN,,27.50,27.70,DN,overdue,2025-10-15,275,minor,,false,power_block,165,7,OHE_tower_car,true,true,true,done
SNT-2026-00716,SMMS,SMMS-00716,SNT,SNT-SIGNAL-REPLACE,SG-CGLWJ-01,edge,CGL-WJ-SINGLE,,73.28,73.38,SINGLE,defect,2026-05-16,30,major,,false,disconnection,224,5,none,true,true,true,done
ENG-2026-04452,TMS,TMS-04452,ENG,ENG-DESTRESSING,RL-ENRMJR-08,edge,ENR-MJR-UP,,23.41,24.41,UP,overdue,2026-08-08,30,2,,false,traffic_block,305,10,none,false,false,true,pending
SNT-2025-00717,SMMS,SMMS-00717,SNT,SNT-SIGNAL-LAMP,SG-PVTBM-05,edge,PV-TBM-UP,,28.51,28.61,UP,routine,2025-12-02,56,minor,2026-02-07,false,none,64,2,none,true,false,true,done
ENG-2026-04453,TMS,TMS-04453,ENG,ENG-TURNOUT-TAMP,TO-TBM-06,node,,TBM,29.14,29.14,,overdue,2026-05-21,75,critical,2026-05-31,true,traffic_block,201,10,tamper,true,true,true,done
TRD-2026-01223,TDMS,TDMS-01223,TRD,TRD-OHE-MAST,MST-BBQPER-04,edge,BBQ-PER-UP_SUB,,3.33,3.53,UP_SUB,routine,2026-06-13,48,critical,2026-07-05,true,power_block,134,6,OHE_tower_car,false,true,true,done
TRD-2026-01224,TDMS,TDMS-01224,TRD,TRD-OHE-WIRE-RENEW,CW-PVTBM-06,edge,PV-TBM-UP,,26.98,27.98,UP,defect,2026-06-05,73,major,,false,power_block,333,10,OHE_tower_car,true,true,true,done
SNT-2026-00718,SMMS,SMMS-00718,SNT,SNT-AXLE-COUNTER,AC-TRLAJJ-11,edge,TRL-AJJ-UP,,44.40,44.70,UP,emergency_followup,2026-08-29,9,major,,false,disconnection,104,3,none,true,true,true,scheduled
TRD-2026-01225,TDMS,TDMS-01225,TRD,TRD-OHE-DROPPER,CW-AVDTI-01,edge,AVD-TI-DN,,23.92,24.42,DN,proactive,2026-05-23,107,major,,false,power_block,119,4,OHE_tower_car,false,false,true,in_progress
TRD-2026-01226,TDMS,TDMS-01226,TRD,TRD-OHE-MAST,MST-TNPENR-05,edge,TNP-ENR-UP,,13.15,13.35,UP,overdue,2026-06-01,52,minor,,false,power_block,178,8,OHE_tower_car,true,true,true,done
ENG-2026-04454,TMS,TMS-04454,ENG,ENG-DESTRESSING,RL-PONGPD-03,edge,PON-GPD-DN,,41.92,42.92,DN,overdue,2026-05-01,41,1,2026-05-09,true,traffic_block,342,10,none,true,false,true,done
ENG-2026-04455,TMS,TMS-04455,ENG,ENG-TRACK-PATROL,,edge,PER-ABU-UP,,13.22,15.00,UP,overdue,2026-01-29,42,minor,,false,none,78,2,none,true,false,false,deferred
SNT-2026-00719,SMMS,SMMS-00719,SNT,SNT-AXLE-COUNTER,AC-TITRL-02,edge,TI-TRL-DN,,39.16,39.46,DN,overdue,2026-04-10,100,minor,,false,disconnection,88,3,none,true,true,true,done
SNT-2026-00720,SMMS,SMMS-00720,SNT,SNT-LC-GATE,LC-CGLWJ-01,edge,CGL-WJ-SINGLE,,62.35,62.45,SINGLE,overdue,2026-07-11,3,major,,false,disconnection,161,4,none,true,true,true,done
SNT-2026-00721,SMMS,SMMS-00721,SNT,SNT-TRACK-CIRCUIT,TC-TRLAJJ-12,edge,TRL-AJJ-DN_SUB,,65.55,66.05,DN_SUB,overdue,2026-01-09,15,major,,false,disconnection,118,3,none,true,true,true,done
TRD-2025-01227,TDMS,TDMS-01227,TRD,TRD-OHE-MAST,MST-MSMBM-11,edge,MS-MBM-UP_SUB,,9.97,10.17,UP_SUB,routine,2025-12-15,122,major,,false,power_block,151,7,OHE_tower_car,true,true,true,done
TRD-2026-01228,TDMS,TDMS-01228,TRD,TRD-OHE-MAST,MST-MSBMS-04,edge,MSB-MS-DN_SUB,,0.62,0.82,DN_SUB,proactive,2026-07-07,2,major,,false,power_block,143,7,OHE_tower_car,true,true,true,done
SNT-2026-00722,SMMS,SMMS-00722,SNT,SNT-TRACK-CIRCUIT,TC-GISTM-03,edge,GI-STM-UP,,16.57,17.07,UP,overdue,2026-04-28,6,minor,2026-06-15,false,disconnection,91,3,none,true,true,true,done
ENG-2026-04456,TMS,TMS-04456,ENG,ENG-DESTRESSING,RL-BBQTNP-02,edge,BBQ-TNP-DN,,3.73,4.73,DN,routine,2026-07-27,22,2,2026-11-16,false,traffic_block,252,13,none,true,false,true,cancelled
TRD-2026-01229,TDMS,TDMS-01229,TRD,TRD-OHE-MAST,MST-PVTBM-04,edge,PV-TBM-DN_SUB,,24.62,24.82,DN_SUB,routine,2026-07-11,34,minor,,false,power_block,138,7,OHE_tower_car,true,true,true,done
ENG-2026-04457,TMS,TMS-04457,ENG,ENG-RAIL-WELD,RL-TITRL-22,edge,TI-TRL-UP,,40.06,41.06,UP,defect,2026-06-03,16,1,2026-06-13,true,traffic_block,209,6,none,true,false,true,done
SNT-2026-00723,SMMS,SMMS-00723,SNT,SNT-TRACK-CIRCUIT,TC-ABUAVD-06,edge,ABU-AVD-UP,,17.71,18.21,UP,routine,2026-05-29,31,minor,,false,disconnection,103,3,none,true,true,true,done
ENG-2026-04458,TMS,TMS-04458,ENG,ENG-RAIL-GRIND,RL-PONGPD-01,edge,PON-GPD-DN,,38.84,41.84,DN,overdue,2026-06-23,17,3,,false,traffic_block,188,5,rail_grinder,true,false,true,done
TRD-2026-01230,TDMS,TDMS-01230,TRD,TRD-OHE-WIRE-RENEW,CW-PVTBM-03,edge,PV-TBM-DN_SUB,,25.46,26.46,DN_SUB,proactive,2026-06-02,93,major,,false,power_block,426,10,OHE_tower_car,true,true,true,done
SNT-2025-00724,SMMS,SMMS-00724,SNT,SNT-SIGNAL-REPLACE,SG-AVDTI-06,edge,AVD-TI-DN_SUB,,28.71,28.81,DN_SUB,emergency_followup,2025-09-20,329,major,,false,disconnection,167,6,none,true,true,true,deferred
ENG-2026-04459,TMS,TMS-04459,ENG,ENG-BRIDGE-REPAIR,BR-TRLAJJ-02,edge,TRL-AJJ-DN,,57.73,57.83,DN,defect,2026-01-03,127,major,,false,traffic_block,321,12,none,true,true,false,done
ENG-2025-04460,TMS,TMS-04460,ENG,ENG-RAIL-WELD,RL-PVTBM-08,edge,PV-TBM-DN_SUB,,25.42,26.42,DN_SUB,defect,2025-09-28,292,1,2025-10-14,true,traffic_block,164,6,none,true,false,true,done
ENG-2026-04461,TMS,TMS-04461,ENG,ENG-TURNOUT-TAMP,TO-PER-02,node,,PER,5.00,5.00,,overdue,2026-05-25,39,major,,false,traffic_block,190,8,tamper,true,true,true,done
SNT-2026-00725,SMMS,SMMS-00725,SNT,SNT-AXLE-COUNTER,AC-MASBBQ-03,edge,MAS-BBQ-UP,,0.49,0.79,UP,routine,2026-02-09,64,minor,,false,disconnection,98,3,none,true,true,true,done
SNT-2025-00726,SMMS,SMMS-00726,SNT,SNT-TRACK-CIRCUIT,TC-MSBMS-08,edge,MSB-MS-UP_SUB,,3.99,4.30,UP_SUB,proactive,2025-12-19,46,minor,2026-03-31,false,disconnection,72,3,none,true,true,true,done
SNT-2025-00727,SMMS,SMMS-00727,SNT,SNT-SIGNAL-LAMP,SG-CJTMLP-04,edge,CJ-TMLP-SINGLE,,99.26,99.36,SINGLE,overdue,2025-09-18,221,minor,,false,none,43,2,none,true,false,true,done
SNT-2026-00728,SMMS,SMMS-00728,SNT,SNT-AXLE-COUNTER,AC-MSBMS-04,edge,MSB-MS-UP_SUB,,1.46,1.76,UP_SUB,routine,2026-08-24,8,major,,false,disconnection,103,3,none,true,true,true,done
TRD-2026-01231,TDMS,TDMS-01231,TRD,TRD-SUBSTN-MAINT,SS-AVD-01,node,,AVD,21.00,21.00,,routine,2026-08-07,27,minor,2026-11-21,false,none,296,5,none,true,false,true,done
SNT-2026-00729,SMMS,SMMS-00729,SNT,SNT-AXLE-COUNTER,AC-PVTBM-01,edge,PV-TBM-DN,,23.61,23.91,DN,overdue,2026-07-28,41,critical,2026-08-14,true,disconnection,95,3,none,false,true,true,scheduled
SNT-2026-00730,SMMS,SMMS-00730,SNT,SNT-AXLE-COUNTER,AC-TRLAJJ-11,edge,TRL-AJJ-UP,,44.40,44.70,UP,routine,2026-01-24,135,minor,,false,disconnection,120,3,none,true,true,true,deferred
TRD-2025-01232,TDMS,TDMS-01232,TRD,TRD-OHE-INSP,OHE-AVDTI-15,edge,AVD-TI-UP_SUB,,22.83,26.83,UP_SUB,overdue,2025-10-03,71,minor,,false,power_block,72,5,OHE_tower_car,true,false,true,done
TRD-2026-01233,TDMS,TDMS-01233,TRD,TRD-OHE-FAULT,OHE-MSMBM-10,edge,MS-MBM-UP,,5.71,6.01,UP,defect,2026-07-29,40,minor,,false,power_block,138,6,OHE_tower_car,true,true,true,pending
ENG-2026-04462,TMS,TMS-04462,ENG,ENG-BALLAST-REGULATE,BL-TITRL-18,edge,TI-TRL-UP_SUB,,40.50,42.00,UP_SUB,routine,2026-08-25,11,minor,,false,traffic_block,117,5,ballast_regulator,true,true,true,done
SNT-2026-00731,SMMS,SMMS-00731,SNT,SNT-TRACK-CIRCUIT,TC-CJTMLP-02,edge,CJ-TMLP-SINGLE,,104.85,105.35,SINGLE,emergency_followup,2026-08-17,21,major,,false,disconnection,99,3,none,true,true,true,scheduled
SNT-2025-00732,SMMS,SMMS-00732,SNT,SNT-POINT-REPLACE,PT-MS-12,node,,MS,4.32,4.32,,defect,2025-10-08,76,minor,,false,disconnection,169,4,none,true,false,true,done
ENG-2025-04463,TMS,TMS-04463,ENG,ENG-RAIL-RENEWAL,RL-PONGPD-05,edge,PON-GPD-DN,,43.67,44.17,DN,defect,2025-10-28,278,1,2025-11-04,true,traffic_block,487,23,none,true,true,true,done
ENG-2026-04464,TMS,TMS-04464,ENG,ENG-USFD-TEST,RL-TRLAJJ-17,edge,TRL-AJJ-DN,,66.72,68.50,DN,routine,2026-08-18,20,1,2026-09-05,true,traffic_block,119,3,USFD_car,true,false,true,pending
ENG-2025-04465,TMS,TMS-04465,ENG,ENG-CURVE-REALIGN,BL-TRLAJJ-32,edge,TRL-AJJ-UP_SUB,,47.04,47.84,UP_SUB,overdue,2025-09-12,10,minor,,false,traffic_block,207,10,tamper,true,true,true,done
SNT-2025-00733,SMMS,SMMS-00733,SNT,SNT-TRACK-CIRCUIT,TC-TNPENR-03,edge,TNP-ENR-DN,,10.39,10.89,DN,routine,2025-10-04,24,minor,,false,disconnection,99,3,none,true,true,true,done
SNT-2026-00735,SMMS,SMMS-00735,SNT,SNT-POINT-SERVICE,PT-BBQ-06,node,,BBQ,2.00,2.00,,routine,2026-04-12,64,minor,,false,disconnection,78,3,none,true,false,true,done
ENG-2026-04466,TMS,TMS-04466,ENG,ENG-TAMPING,BL-PERABU-02,edge,PER-ABU-DN,,10.95,12.95,DN,routine,2026-03-25,68,major,,false,traffic_block,340,9,tamper,true,true,true,done
SNT-2025-00736,SMMS,SMMS-00736,SNT,SNT-AXLE-COUNTER,AC-PERABU-08,edge,PER-ABU-UP_SUB,,11.49,11.79,UP_SUB,routine,2025-12-05,62,critical,2025-12-31,true,disconnection,91,3,none,true,true,true,done
TRD-2025-01234,TDMS,TDMS-01234,TRD,TRD-OHE-WIRE-RENEW,CW-CGLWJ-05,edge,CGL-WJ-SINGLE,,79.05,80.05,SINGLE,defect,2025-09-07,245,critical,2025-09-22,true,power_block,326,10,OHE_tower_car,true,true,true,done
ENG-2026-04467,TMS,TMS-04467,ENG,ENG-RAIL-GRIND,RL-GISTM-01,edge,GI-STM-DN,,16.47,17.10,DN,routine,2026-07-27,12,2,,false,traffic_block,221,4,rail_grinder,true,false,true,done
ENG-2026-04468,TMS,TMS-04468,ENG,ENG-RAIL-RENEWAL,RL-ABUAVD-09,edge,ABU-AVD-UP,,16.46,16.96,UP,defect,2026-04-26,14,3,,false,traffic_block,298,26,none,true,true,true,done
TRD-2026-01235,TDMS,TDMS-01235,TRD,TRD-OHE-TENSION,OHE-PERABU-18,edge,PER-ABU-UP_SUB,,9.09,9.39,UP_SUB,overdue,2026-05-12,69,minor,2026-07-06,false,power_block,130,4,OHE_tower_car,true,false,true,done
ENG-2026-04469,TMS,TMS-04469,ENG,ENG-SLEEPER-RENEWAL,SL-PONGPD-06,edge,PON-GPD-UP,,42.03,42.53,UP,defect,2026-03-13,126,major,2026-05-16,false,traffic_block,288,20,none,true,true,true,done
SNT-2025-00737,SMMS,SMMS-00737,SNT,SNT-POINT-SERVICE,PT-MSB-02,node,,MSB,0.00,0.00,,routine,2025-09-12,146,minor,,false,disconnection,61,3,none,true,false,true,done
SNT-2026-00738,SMMS,SMMS-00738,SNT,SNT-SIGNAL-LAMP,SG-MSBMS-04,edge,MSB-MS-DN_SUB,,2.56,2.66,DN_SUB,routine,2026-09-01,6,minor,,false,none,48,2,none,false,false,true,scheduled
SNT-2026-00739,SMMS,SMMS-00739,SNT,SNT-POINT-REPLACE,PT-MAS-05,node,,MAS,0.00,0.00,,defect,2026-02-26,64,minor,,false,disconnection,149,4,none,false,false,true,done
SNT-2025-00740,SMMS,SMMS-00740,SNT,SNT-CABLE-LAY,,edge,MAS-BBQ-DN,,1.82,2.00,DN,defect,2025-10-18,269,major,2026-01-13,false,none,284,10,none,true,true,false,done
ENG-2025-04470,TMS,TMS-04470,ENG,ENG-USFD-TEST,RL-PONGPD-08,edge,PON-GPD-DN,,43.72,47.00,DN,routine,2025-09-16,210,3,2026-01-13,false,traffic_block,126,3,USFD_car,false,false,true,done
ENG-2026-04471,TMS,TMS-04471,ENG,ENG-TURNOUT-TAMP,TO-AVD-04,node,,AVD,21.00,21.00,,emergency_followup,2026-01-12,188,critical,2026-01-25,true,traffic_block,140,10,tamper,true,true,true,done
ENG-2025-04472,TMS,TMS-04472,ENG,ENG-RAIL-RENEWAL,RL-PVTBM-12,edge,PV-TBM-UP,,26.25,26.75,UP,defect,2025-09-24,68,2,2025-10-29,false,traffic_block,484,22,none,true,true,true,done
ENG-2026-04473,TMS,TMS-04473,ENG,ENG-RAIL-GRIND,RL-PVTBM-15,edge,PV-TBM-UP_SUB,,27.82,29.10,UP_SUB,overdue,2026-01-22,198,1,2026-02-04,true,traffic_block,242,4,rail_grinder,true,false,true,done
ENG-2026-04474,TMS,TMS-04474,ENG,ENG-USFD-TEST,RL-TNPENR-05,edge,TNP-ENR-DN,,13.00,16.00,DN,routine,2026-08-29,9,3,,false,traffic_block,122,3,USFD_car,true,false,true,in_progress
SNT-2026-00741,SMMS,SMMS-00741,SNT,SNT-SIGNAL-REPLACE,SG-ABUAVD-02,edge,ABU-AVD-DN,,20.46,20.56,DN,defect,2026-07-22,28,major,2026-08-24,false,disconnection,229,5,none,true,true,true,done
TRD-2026-01236,TDMS,TDMS-01236,TRD,TRD-OHE-MAST,MST-MSMBM-08,edge,MS-MBM-UP,,6.32,6.52,UP,overdue,2026-06-30,49,major,,false,power_block,215,6,OHE_tower_car,true,true,true,done
TRD-2026-01237,TDMS,TDMS-01237,TRD,TRD-OHE-INSP,OHE-PERABU-20,edge,PER-ABU-UP_SUB,,11.70,15.00,UP_SUB,overdue,2026-02-08,106,minor,,false,power_block,70,5,OHE_tower_car,true,false,true,done
ENG-2026-04475,TMS,TMS-04475,ENG,ENG-SLEEPER-RENEWAL,SL-MSMBM-07,edge,MS-MBM-UP_SUB,,7.11,7.61,UP_SUB,defect,2026-01-20,190,major,,false,traffic_block,356,16,none,true,true,true,done
ENG-2026-04476,TMS,TMS-04476,ENG,ENG-SLEEPER-RENEWAL,SL-MBMGI-04,edge,MBM-GI-UP_SUB,,11.80,12.30,UP_SUB,defect,2026-05-17,33,minor,,false,traffic_block,323,16,none,true,true,true,done
ENG-2025-04477,TMS,TMS-04477,ENG,ENG-TRACK-PATROL,,edge,MBM-GI-UP_SUB,,12.75,14.75,UP_SUB,routine,2025-11-23,38,minor,,false,none,69,2,none,true,false,false,done
ENG-2025-04478,TMS,TMS-04478,ENG,ENG-DRAIN-CLEAR,,edge,MSB-MS-UP,,0.19,1.69,UP,overdue,2025-11-26,255,minor,,false,none,116,7,none,true,true,false,done
TRD-2026-01238,TDMS,TDMS-01238,TRD,TRD-OHE-MAST,MST-TRLAJJ-16,edge,TRL-AJJ-DN_SUB,,56.26,56.46,DN_SUB,routine,2026-08-14,24,minor,,false,power_block,152,6,OHE_tower_car,true,true,true,scheduled
SNT-2026-00742,SMMS,SMMS-00742,SNT,SNT-TRACK-CIRCUIT,TC-TRLAJJ-28,edge,TRL-AJJ-UP,,51.35,51.85,UP,routine,2026-06-25,69,minor,2026-08-14,false,disconnection,90,3,none,true,true,true,done
SNT-2026-00743,SMMS,SMMS-00743,SNT,SNT-POINT-SERVICE,PT-AJJ-12,node,,AJJ,69.00,69.00,,routine,2026-07-10,59,minor,,false,disconnection,56,3,none,true,false,true,pending
ENG-2026-04479,TMS,TMS-04479,ENG,ENG-SLEEPER-RENEWAL,SL-PONGPD-05,edge,PON-GPD-UP,,45.07,45.57,UP,defect,2026-08-13,22,minor,,false,traffic_block,306,17,none,true,true,true,done
SNT-2026-00744,SMMS,SMMS-00744,SNT,SNT-AXLE-COUNTER,AC-CGLWJ-04,edge,CGL-WJ-SINGLE,,65.95,66.25,SINGLE,overdue,2026-01-03,128,major,2026-04-21,false,disconnection,105,3,none,true,true,true,done
ENG-2026-04480,TMS,TMS-04480,ENG,ENG-RAIL-WELD,RL-TRLAJJ-01,edge,TRL-AJJ-DN,,49.36,50.36,DN,proactive,2026-07-15,54,3,,false,traffic_block,224,6,none,true,false,true,pending
ENG-2026-04481,TMS,TMS-04481,ENG,ENG-DRAIN-CLEAR,,edge,BBQ-PER-DN_SUB,,3.87,5.00,DN_SUB,routine,2026-06-29,70,minor,2026-10-18,false,none,115,6,none,true,true,false,pending
ENG-2025-04482,TMS,TMS-04482,ENG,ENG-SLEEPER-RENEWAL,SL-TITRL-04,edge,TI-TRL-DN,,33.08,33.58,DN,defect,2025-11-02,35,major,2025-12-10,false,traffic_block,260,17,none,true,true,true,done
ENG-2026-04483,TMS,TMS-04483,ENG,ENG-DRAIN-CLEAR,,edge,CJ-TMLP-SINGLE,,105.68,107.18,SINGLE,overdue,2026-07-26,17,major,,false,none,180,6,none,true,true,false,deferred
ENG-2025-04484,TMS,TMS-04484,ENG,ENG-CURVE-REALIGN,BL-MBMGI-04,edge,MBM-GI-UP_SUB,,12.52,13.32,UP_SUB,overdue,2025-10-04,4,minor,,false,traffic_block,214,11,tamper,true,true,true,done
ENG-2025-04485,TMS,TMS-04485,ENG,ENG-DESTRESSING,RL-PONGPD-03,edge,PON-GPD-DN,,41.92,42.92,DN,overdue,2025-10-14,184,2,2025-11-30,false,traffic_block,318,10,none,true,false,true,done
SNT-2026-00745,SMMS,SMMS-00745,SNT,SNT-AXLE-COUNTER,AC-STMPV-02,edge,STM-PV-DN_SUB,,18.40,18.70,DN_SUB,overdue,2026-07-15,28,critical,2026-08-11,true,disconnection,96,3,none,true,true,true,done
ENG-2026-04486,TMS,TMS-04486,ENG,ENG-TAMPING,BL-STMPV-02,edge,STM-PV-DN,,20.29,22.29,DN,overdue,2026-05-28,96,minor,,false,traffic_block,318,8,tamper,false,true,true,done
ENG-2026-04487,TMS,TMS-04487,ENG,ENG-BALLAST-REGULATE,BL-AVDTI-09,edge,AVD-TI-UP,,26.53,28.53,UP,overdue,2026-03-12,121,minor,,false,traffic_block,141,4,ballast_regulator,true,true,true,done
ENG-2025-04488,TMS,TMS-04488,ENG,ENG-TURNOUT-OVERHAUL,TO-MS-02,node,,MS,4.32,4.32,,routine,2025-10-07,313,minor,,false,traffic_block,363,14,none,true,true,true,done
TRD-2026-01239,TDMS,TDMS-01239,TRD,TRD-OHE-MAST,MST-CGLWJ-03,edge,CGL-WJ-SINGLE,,67.74,67.94,SINGLE,proactive,2026-07-04,44,minor,,false,power_block,119,7,OHE_tower_car,true,true,true,done
ENG-2025-04489,TMS,TMS-04489,ENG,ENG-USFD-TEST,RL-PERABU-08,edge,PER-ABU-DN_SUB,,7.69,15.00,DN_SUB,routine,2025-11-16,199,3,,false,traffic_block,111,3,USFD_car,true,false,true,done
SNT-2026-00746,SMMS,SMMS-00746,SNT,SNT-INTERLOCK-TEST,IL-BBQ-01,node,,BBQ,2.00,2.00,,defect,2026-01-13,120,minor,2026-04-28,false,disconnection,217,6,none,true,false,true,done
TRD-2026-01240,TDMS,TDMS-01240,TRD,TRD-OHE-MAST,MST-PERABU-06,edge,PER-ABU-DN_SUB,,8.03,8.23,DN_SUB,routine,2026-01-16,16,major,,false,power_block,193,7,OHE_tower_car,false,true,true,done
ENG-2025-04490,TMS,TMS-04490,ENG,ENG-TURNOUT-OVERHAUL,TO-MAS-01,node,,MAS,0.00,0.00,,overdue,2025-09-18,114,critical,2025-09-29,true,traffic_block,388,14,none,true,true,true,done
ENG-2026-04491,TMS,TMS-04491,ENG,ENG-SLEEPER-RENEWAL,SL-TITRL-14,edge,TI-TRL-UP,,30.58,31.08,UP,defect,2026-05-10,65,minor,,false,traffic_block,239,20,none,true,true,true,done
SNT-2026-00747,SMMS,SMMS-00747,SNT,SNT-SIGNAL-LAMP,SG-AVDTI-07,edge,AVD-TI-UP,,26.18,26.28,UP,routine,2026-01-26,127,critical,2026-02-25,true,none,54,2,none,true,false,true,done
ENG-2025-04492,TMS,TMS-04492,ENG,ENG-RAIL-WELD,RL-PONGPD-11,edge,PON-GPD-UP,,36.63,37.63,UP,defect,2025-11-09,97,1,2025-11-29,true,traffic_block,174,6,none,true,false,true,done
SNT-2026-00748,SMMS,SMMS-00748,SNT,SNT-POINT-SERVICE,PT-TRL-02,node,,TRL,42.00,42.00,,overdue,2026-05-28,25,minor,,false,disconnection,59,3,none,true,false,true,done
ENG-2025-04493,TMS,TMS-04493,ENG,ENG-RAIL-WELD,RL-MJRPON-01,edge,MJR-PON-DN,,29.30,30.30,DN,emergency_followup,2025-12-18,130,1,2026-01-08,true,traffic_block,228,7,none,true,false,true,deferred
ENG-2025-04494,TMS,TMS-04494,ENG,ENG-SLEEPER-RENEWAL,SL-PONGPD-04,edge,PON-GPD-DN,,42.19,42.69,DN,defect,2025-12-24,237,major,,false,traffic_block,409,18,none,false,true,true,done
ENG-2025-04495,TMS,TMS-04495,ENG,ENG-BALLAST-SCREEN,BL-ABUAVD-06,edge,ABU-AVD-UP,,17.92,18.42,UP,proactive,2025-11-23,142,major,,false,traffic_block,350,12,BCM,true,true,true,done
SNT-2025-00749,SMMS,SMMS-00749,SNT,SNT-AXLE-COUNTER,AC-MSMBM-04,edge,MS-MBM-UP_SUB,,5.14,5.44,UP_SUB,routine,2025-11-12,24,minor,2026-03-03,false,disconnection,81,3,none,true,true,true,deferred
ENG-2025-04496,TMS,TMS-04496,ENG,ENG-TURNOUT-TAMP,TO-AJJ-11,node,,AJJ,69.00,69.00,,overdue,2025-11-09,281,minor,,false,traffic_block,170,8,tamper,true,true,true,done
SNT-2026-00750,SMMS,SMMS-00750,SNT,SNT-TRACK-CIRCUIT,TC-MSMBM-10,edge,MS-MBM-UP_SUB,,9.73,10.23,UP_SUB,overdue,2026-08-01,9,minor,,false,disconnection,117,3,none,true,true,true,done
ENG-2026-04497,TMS,TMS-04497,ENG,ENG-TURNOUT-OVERHAUL,TO-TRL-01,node,,TRL,42.00,42.00,,routine,2026-08-10,12,major,2026-10-28,false,traffic_block,235,15,none,true,true,true,done
ENG-2026-04498,TMS,TMS-04498,ENG,ENG-RAIL-GRIND,RL-ABUAVD-09,edge,ABU-AVD-UP,,16.46,19.46,UP,routine,2026-03-23,107,3,,false,traffic_block,196,5,rail_grinder,true,false,true,done
SNT-2026-00751,SMMS,SMMS-00751,SNT,SNT-POINT-SERVICE,PT-ENR-06,node,,ENR,16.00,16.00,,routine,2026-03-15,18,major,,false,disconnection,72,3,none,true,false,true,done
TRD-2026-01241,TDMS,TDMS-01241,TRD,TRD-OHE-DROPPER,CW-TITRL-06,edge,TI-TRL-DN_SUB,,40.32,40.82,DN_SUB,emergency_followup,2026-08-30,8,major,2026-12-14,false,power_block,73,5,OHE_tower_car,true,false,true,done
ENG-2026-04499,TMS,TMS-04499,ENG,ENG-USFD-TEST,RL-MSBMS-09,edge,MSB-MS-UP,,4.14,4.30,UP,overdue,2026-05-18,54,2,,false,traffic_block,153,3,USFD_car,true,false,true,done
ENG-2026-04500,TMS,TMS-04500,ENG,ENG-RAIL-GRIND,RL-PERABU-09,edge,PER-ABU-DN_SUB,,12.23,15.00,DN_SUB,overdue,2026-08-07,31,2,,false,traffic_block,139,4,rail_grinder,true,false,true,scheduled
ENG-2025-04501,TMS,TMS-04501,ENG,ENG-CURVE-REALIGN,BL-CGLWJ-01,edge,CGL-WJ-SINGLE,,80.87,81.67,SINGLE,proactive,2025-12-29,72,major,2026-04-18,false,traffic_block,197,10,tamper,true,true,true,done
ENG-2026-04502,TMS,TMS-04502,ENG,ENG-BALLAST-REGULATE,BL-TRLAJJ-14,edge,TRL-AJJ-DN_SUB,,46.07,48.07,DN_SUB,overdue,2026-07-30,39,critical,2026-08-27,true,traffic_block,99,5,ballast_regulator,true,true,true,done
SNT-2026-00752,SMMS,SMMS-00752,SNT,SNT-AXLE-COUNTER,AC-TRLAJJ-04,edge,TRL-AJJ-DN,,50.75,51.05,DN,routine,2026-04-06,121,minor,,false,disconnection,127,3,none,true,true,true,done
ENG-2026-04503,TMS,TMS-04503,ENG,ENG-CURVE-REALIGN,BL-STMPV-07,edge,STM-PV-UP_SUB,,18.68,19.48,UP_SUB,routine,2026-02-08,160,minor,2026-03-19,false,traffic_block,193,10,tamper,true,true,true,deferred
ENG-2026-04504,TMS,TMS-04504,ENG,ENG-RAIL-GRIND,RL-TNPENR-11,edge,TNP-ENR-UP,,7.41,10.41,UP,overdue,2026-06-20,77,3,,false,traffic_block,228,4,rail_grinder,true,false,true,done
SNT-2026-00753,SMMS,SMMS-00753,SNT,SNT-POINT-REPLACE,PT-CGL-02,node,,CGL,59.84,59.84,,defect,2026-07-16,26,minor,,false,disconnection,199,4,none,true,false,true,done
ENG-2025-04505,TMS,TMS-04505,ENG,ENG-BRIDGE-REPAIR,BR-TKOAJJ-01,edge,TKO-AJJ-SINGLE,,123.48,123.58,SINGLE,emergency_followup,2025-10-20,134,critical,2025-11-05,true,traffic_block,299,13,none,false,true,false,done
SNT-2026-00754,SMMS,SMMS-00754,SNT,SNT-SIGNAL-REPLACE,SG-STMPV-07,edge,STM-PV-UP_SUB,,17.67,17.77,UP_SUB,defect,2026-01-20,133,minor,,false,disconnection,198,5,none,true,true,true,done
ENG-2026-04506,TMS,TMS-04506,ENG,ENG-SLEEPER-RENEWAL,SL-WJCJ-04,edge,WJ-CJ-SINGLE,,88.24,88.74,SINGLE,proactive,2026-01-06,115,minor,,false,traffic_block,244,17,none,true,true,true,done
ENG-2026-04507,TMS,TMS-04507,ENG,ENG-SLEEPER-RENEWAL,SL-MASBBQ-01,edge,MAS-BBQ-DN,,1.36,1.86,DN,defect,2026-01-10,47,minor,2026-05-09,false,traffic_block,276,19,none,true,true,true,done
ENG-2026-04508,TMS,TMS-04508,ENG,ENG-SLEEPER-RENEWAL,SL-TITRL-14,edge,TI-TRL-UP,,30.58,31.08,UP,defect,2026-07-31,4,minor,2026-09-23,false,traffic_block,363,19,none,true,true,true,done
ENG-2026-04509,TMS,TMS-04509,ENG,ENG-SLEEPER-RENEWAL,SL-PERABU-15,edge,PER-ABU-UP_SUB,,14.64,15.00,UP_SUB,defect,2026-02-07,204,minor,,false,traffic_block,279,19,none,true,true,true,done
TRD-2026-01242,TDMS,TDMS-01242,TRD,TRD-OHE-MAST,MST-MSBMS-08,edge,MSB-MS-UP_SUB,,1.41,1.61,UP_SUB,routine,2026-03-05,27,minor,,false,power_block,210,7,OHE_tower_car,true,true,true,done
TRD-2025-01243,TDMS,TDMS-01243,TRD,TRD-OHE-WIRE-RENEW,CW-TRLAJJ-28,edge,TRL-AJJ-UP_SUB,,56.64,57.64,UP_SUB,defect,2025-09-27,153,major,2025-11-19,false,power_block,334,9,OHE_tower_car,false,true,true,done
ENG-2026-04510,TMS,TMS-04510,ENG,ENG-BALLAST-REGULATE,BL-TRLAJJ-08,edge,TRL-AJJ-DN,,53.49,55.49,DN,overdue,2026-07-13,1,critical,2026-07-24,true,traffic_block,160,4,ballast_regulator,true,true,true,done
SNT-2025-00755,SMMS,SMMS-00755,SNT,SNT-SIGNAL-REPLACE,SG-TITRL-05,edge,TI-TRL-DN,,34.18,34.28,DN,defect,2025-11-11,23,minor,2026-03-01,false,disconnection,140,5,none,true,true,true,deferred
ENG-2026-04511,TMS,TMS-04511,ENG,ENG-SLEEPER-RENEWAL,SL-PVTBM-06,edge,PV-TBM-UP,,26.47,26.97,UP,defect,2026-02-01,132,critical,2026-02-13,true,traffic_block,420,20,none,true,true,true,done
SNT-2026-00756,SMMS,SMMS-00756,SNT,SNT-TRACK-CIRCUIT,TC-TNPENR-08,edge,TNP-ENR-UP,,9.99,10.49,UP,proactive,2026-08-27,10,minor,,false,disconnection,125,3,none,true,true,true,done
SNT-2026-00757,SMMS,SMMS-00757,SNT,SNT-POINT-REPLACE,PT-MAS-11,node,,MAS,0.00,0.00,,defect,2026-04-17,100,minor,,false,disconnection,227,5,none,true,false,true,done
TRD-2026-01244,TDMS,TDMS-01244,TRD,TRD-OHE-EARTHING,OHE-PVTBM-01,edge,PV-TBM-DN,,28.88,29.10,DN,routine,2026-04-08,75,critical,2026-04-18,true,power_block,62,3,none,true,false,true,done
ENG-2026-04512,TMS,TMS-04512,ENG,ENG-BRIDGE-REPAIR,BR-TITRL-01,edge,TI-TRL-DN,,39.50,39.60,DN,defect,2026-08-09,10,minor,2026-10-07,false,traffic_block,354,13,none,true,true,false,done
SNT-2025-00758,SMMS,SMMS-00758,SNT,SNT-POINT-SERVICE,PT-PER-02,node,,PER,5.00,5.00,,routine,2025-09-15,24,minor,2025-12-01,false,disconnection,63,3,none,true,false,true,done
TRD-2025-01245,TDMS,TDMS-01245,TRD,TRD-OHE-INSULATOR,INS-TRLAJJ-06,edge,TRL-AJJ-DN,,47.58,47.68,DN,defect,2025-11-01,70,major,,false,power_block,70,5,OHE_tower_car,true,true,true,done
TRD-2026-01246,TDMS,TDMS-01246,TRD,TRD-OHE-WIRE-RENEW,CW-BBQPER-02,edge,BBQ-PER-DN_SUB,,4.44,5.00,DN_SUB,defect,2026-08-04,34,critical,2026-08-28,true,power_block,355,10,OHE_tower_car,true,true,true,in_progress
TRD-2026-01247,TDMS,TDMS-01247,TRD,TRD-OHE-INSULATOR,INS-GISTM-01,edge,GI-STM-DN,,16.22,16.32,DN,defect,2026-05-25,66,minor,,false,power_block,121,4,OHE_tower_car,false,true,true,done
TRD-2026-01248,TDMS,TDMS-01248,TRD,TRD-OHE-EARTHING,OHE-CGLWJ-05,edge,CGL-WJ-SINGLE,,61.14,62.14,SINGLE,routine,2026-06-01,59,minor,,false,power_block,85,3,none,true,false,true,done
ENG-2026-04513,TMS,TMS-04513,ENG,ENG-TURNOUT-TAMP,TO-PER-02,node,,PER,5.00,5.00,,routine,2026-03-31,95,minor,,false,traffic_block,164,8,tamper,true,true,true,done
ENG-2026-04514,TMS,TMS-04514,ENG,ENG-TAMPING,BL-MJRPON-06,edge,MJR-PON-UP,,29.90,31.90,UP,routine,2026-05-17,66,major,2026-09-06,false,traffic_block,182,9,tamper,false,true,true,done
ENG-2026-04515,TMS,TMS-04515,ENG,ENG-SLEEPER-RENEWAL,SL-ABUAVD-07,edge,ABU-AVD-UP_SUB,,19.32,19.82,UP_SUB,defect,2026-05-08,75,minor,,false,traffic_block,287,16,none,false,true,true,done
ENG-2026-04516,TMS,TMS-04516,ENG,ENG-SLEEPER-RENEWAL,SL-GISTM-04,edge,GI-STM-UP_SUB,,15.17,15.67,UP_SUB,proactive,2026-08-14,24,minor,2026-11-13,false,traffic_block,383,19,none,true,true,true,scheduled
SNT-2026-00759,SMMS,SMMS-00759,SNT,SNT-AXLE-COUNTER,AC-MBMGI-04,edge,MBM-GI-UP_SUB,,13.02,13.32,UP_SUB,overdue,2026-08-20,18,minor,,false,disconnection,119,3,none,true,true,true,pending
SNT-2026-00760,SMMS,SMMS-00760,SNT,SNT-TRACK-CIRCUIT,TC-TITRL-05,edge,TI-TRL-DN,,31.02,31.52,DN,routine,2026-08-28,10,major,,false,disconnection,118,3,none,true,true,true,in_progress
ENG-2026-04517,TMS,TMS-04517,ENG,ENG-BALLAST-REGULATE,BL-MASBBQ-01,edge,MAS-BBQ-DN,,0.25,2.00,DN,overdue,2026-08-17,21,minor,2026-11-07,false,traffic_block,154,4,ballast_regulator,true,true,true,pending
SNT-2025-00761,SMMS,SMMS-00761,SNT,SNT-POINT-SERVICE,PT-CGL-01,node,,CGL,59.84,59.84,,overdue,2025-12-15,189,major,2026-04-06,false,disconnection,55,3,none,true,false,true,deferred
ENG-2026-04518,TMS,TMS-04518,ENG,ENG-DESTRESSING,RL-STMPV-13,edge,STM-PV-UP_SUB,,21.56,22.56,UP_SUB,overdue,2026-02-07,208,2,,false,traffic_block,239,12,none,true,false,true,done
ENG-2026-04519,TMS,TMS-04519,ENG,ENG-SLEEPER-RENEWAL,SL-TRLAJJ-21,edge,TRL-AJJ-UP,,48.84,49.34,UP,defect,2026-08-03,35,minor,,false,traffic_block,396,17,none,true,true,true,in_progress
SNT-2026-00762,SMMS,SMMS-00762,SNT,SNT-SIGNAL-REPLACE,SG-MSBMS-06,edge,MSB-MS-UP,,0.16,0.26,UP,defect,2026-05-24,71,critical,2026-06-12,true,disconnection,210,5,none,true,true,true,done
TRD-2026-01249,TDMS,TDMS-01249,TRD,TRD-OHE-MAST,MST-ENRMJR-08,edge,ENR-MJR-UP,,18.32,18.52,UP,emergency_followup,2026-01-15,156,major,2026-04-14,false,power_block,137,7,OHE_tower_car,true,true,true,done
ENG-2026-04520,TMS,TMS-04520,ENG,ENG-DESTRESSING,RL-AVDTI-12,edge,AVD-TI-UP,,25.76,26.76,UP,routine,2026-05-12,63,1,2026-05-29,true,traffic_block,268,11,none,true,false,true,done
ENG-2026-04521,TMS,TMS-04521,ENG,ENG-TURNOUT-TAMP,TO-MAS-01,node,,MAS,0.00,0.00,,overdue,2026-02-24,8,minor,,false,traffic_block,162,9,tamper,true,true,true,done
SNT-2026-00763,SMMS,SMMS-00763,SNT,SNT-AXLE-COUNTER,AC-MJRPON-01,edge,MJR-PON-DN,,32.78,33.08,DN,routine,2026-02-09,18,minor,,false,disconnection,82,3,none,true,true,true,done
ENG-2025-04522,TMS,TMS-04522,ENG,ENG-RAIL-WELD,RL-STMPV-01,edge,STM-PV-DN,,20.38,21.38,DN,defect,2025-11-13,252,3,2026-01-12,false,traffic_block,160,7,none,true,false,true,done
ENG-2026-04523,TMS,TMS-04523,ENG,ENG-RAIL-RENEWAL,RL-PERABU-12,edge,PER-ABU-DN_SUB,,10.40,10.90,DN_SUB,proactive,2026-02-07,151,3,,false,traffic_block,350,20,none,true,true,true,done
SNT-2025-00764,SMMS,SMMS-00764,SNT,SNT-CABLE-LAY,,edge,PON-GPD-DN,,36.90,37.90,DN,defect,2025-10-20,249,major,,false,none,318,8,none,true,true,false,done
ENG-2025-04524,TMS,TMS-04524,ENG,ENG-RAIL-RENEWAL,RL-MSBMS-02,edge,MSB-MS-DN,,2.63,3.13,DN,defect,2025-10-26,228,3,2025-12-10,false,traffic_block,490,26,none,true,true,true,done
ENG-2026-04525,TMS,TMS-04525,ENG,ENG-SLEEPER-RENEWAL,SL-PVTBM-03,edge,PV-TBM-DN_SUB,,24.05,24.55,DN_SUB,defect,2026-01-06,139,major,,false,traffic_block,287,16,none,true,true,true,deferred
SNT-2026-00765,SMMS,SMMS-00765,SNT,SNT-POINT-SERVICE,PT-BBQ-02,node,,BBQ,2.00,2.00,,overdue,2026-03-12,123,minor,,false,disconnection,53,3,none,true,false,true,done
ENG-2026-04526,TMS,TMS-04526,ENG,ENG-BRIDGE-REPAIR,BR-PONGPD-01,edge,PON-GPD-DN,,44.85,44.95,DN,defect,2026-09-05,2,minor,,false,traffic_block,350,11,none,false,true,false,pending
TRD-2025-01250,TDMS,TDMS-01250,TRD,TRD-OHE-MAST,MST-MJRPON-05,edge,MJR-PON-UP,,28.68,28.88,UP,proactive,2025-11-18,176,minor,,false,power_block,207,7,OHE_tower_car,true,true,true,deferred
ENG-2026-04527,TMS,TMS-04527,ENG,ENG-TURNOUT-OVERHAUL,TO-MSB-10,node,,MSB,0.00,0.00,,routine,2026-07-14,55,major,,false,traffic_block,253,15,none,true,true,true,pending
ENG-2025-04528,TMS,TMS-04528,ENG,ENG-TURNOUT-OVERHAUL,TO-CGL-09,node,,CGL,59.84,59.84,,overdue,2025-10-31,130,minor,,false,traffic_block,402,12,none,true,true,true,done
TRD-2026-01251,TDMS,TDMS-01251,TRD,TRD-NEUTRAL-SECTION,OHE-TRLAJJ-26,edge,TRL-AJJ-DN_SUB,,58.83,59.03,DN_SUB,routine,2026-05-03,110,critical,2026-05-26,true,power_block,138,7,OHE_tower_car,true,false,true,done
SNT-2026-00766,SMMS,SMMS-00766,SNT,SNT-AXLE-COUNTER,AC-TRLAJJ-15,edge,TRL-AJJ-UP,,64.40,64.70,UP,routine,2026-04-27,28,minor,,false,disconnection,129,3,none,true,true,true,done
ENG-2026-04529,TMS,TMS-04529,ENG,ENG-USFD-TEST,RL-CJTMLP-05,edge,CJ-TMLP-SINGLE,,106.45,107.80,SINGLE,overdue,2026-05-28,17,3,,false,traffic_block,150,4,USFD_car,true,false,true,deferred
ENG-2026-04530,TMS,TMS-04530,ENG,ENG-DESTRESSING,RL-MJRPON-03,edge,MJR-PON-DN,,33.12,34.12,DN,proactive,2026-08-13,25,3,,false,traffic_block,185,11,none,true,false,true,scheduled
SNT-2025-00767,SMMS,SMMS-00767,SNT,SNT-LC-GATE,LC-MSMBM-01,edge,MS-MBM-DN,,7.04,7.14,DN,overdue,2025-10-06,328,major,,false,disconnection,171,4,none,true,true,true,cancelled
SNT-2026-00768,SMMS,SMMS-00768,SNT,SNT-POINT-SERVICE,PT-MS-05,node,,MS,4.32,4.32,,overdue,2026-06-10,88,major,2026-07-18,false,disconnection,56,3,none,true,false,true,done
ENG-2026-04531,TMS,TMS-04531,ENG,ENG-TRACK-PATROL,,edge,TRL-AJJ-DN_SUB,,46.82,48.82,DN_SUB,routine,2026-08-01,37,major,,false,none,69,2,none,true,false,false,scheduled
TRD-2026-01252,TDMS,TDMS-01252,TRD,TRD-OHE-TENSION,OHE-TITRL-14,edge,TI-TRL-UP,,33.31,33.61,UP,overdue,2026-01-02,56,minor,,false,power_block,99,4,OHE_tower_car,true,false,true,done
ENG-2026-04532,TMS,TMS-04532,ENG,ENG-CURVE-REALIGN,BL-MSMBM-02,edge,MS-MBM-DN,,6.29,7.09,DN,overdue,2026-05-02,122,minor,,false,traffic_block,169,10,tamper,true,true,true,done
TRD-2025-01253,TDMS,TDMS-01253,TRD,TRD-OHE-WIRE-RENEW,CW-CGLWJ-04,edge,CGL-WJ-SINGLE,,76.89,77.89,SINGLE,defect,2025-12-25,110,minor,2026-03-09,false,power_block,366,8,OHE_tower_car,true,true,true,done
ENG-2026-04533,TMS,TMS-04533,ENG,ENG-DESTRESSING,RL-STMPV-06,edge,STM-PV-DN_SUB,,20.95,21.95,DN_SUB,overdue,2026-07-16,44,1,2026-07-27,true,traffic_block,214,13,none,true,false,true,done
TRD-2025-01254,TDMS,TDMS-01254,TRD,TRD-OHE-TENSION,OHE-GISTM-02,edge,GI-STM-DN_SUB,,16.25,16.55,DN_SUB,overdue,2025-09-10,231,minor,2025-12-09,false,power_block,149,4,OHE_tower_car,true,false,true,done
SNT-2026-00769,SMMS,SMMS-00769,SNT,SNT-TRACK-CIRCUIT,TC-TKOAJJ-05,edge,TKO-AJJ-SINGLE,,117.69,118.19,SINGLE,overdue,2026-08-19,19,minor,2026-12-13,false,disconnection,84,3,none,true,true,true,scheduled
TRD-2026-01255,TDMS,TDMS-01255,TRD,TRD-OHE-FAULT,OHE-ENRMJR-01,edge,ENR-MJR-DN,,18.57,18.87,DN,defect,2026-02-04,191,major,,false,power_block,92,6,OHE_tower_car,true,true,true,done
ENG-2026-04534,TMS,TMS-04534,ENG,ENG-RAIL-RENEWAL,RL-MASBBQ-04,edge,MAS-BBQ-UP_SUB,,0.94,1.44,UP_SUB,defect,2026-05-23,103,3,2026-07-25,false,traffic_block,413,26,none,true,true,true,done
TRD-2026-01256,TDMS,TDMS-01256,TRD,TRD-OHE-INSULATOR,INS-MSMBM-07,edge,MS-MBM-UP_SUB,,10.03,10.13,UP_SUB,defect,2026-08-13,19,minor,,false,power_block,128,4,OHE_tower_car,true,true,true,done
SNT-2026-00770,SMMS,SMMS-00770,SNT,SNT-TRACK-CIRCUIT,TC-PVTBM-06,edge,PV-TBM-UP,,27.89,28.39,UP,emergency_followup,2026-08-09,29,major,2026-09-17,false,disconnection,118,3,none,true,true,true,pending
SNT-2025-00771,SMMS,SMMS-00771,SNT,SNT-AXLE-COUNTER,AC-TKOAJJ-03,edge,TKO-AJJ-SINGLE,,117.59,117.89,SINGLE,overdue,2025-10-04,204,minor,2026-01-17,false,disconnection,74,3,none,true,true,true,done
ENG-2025-04535,TMS,TMS-04535,ENG,ENG-SLEEPER-RENEWAL,SL-MSMBM-03,edge,MS-MBM-DN_SUB,,8.14,8.64,DN_SUB,emergency_followup,2025-10-01,62,critical,2025-10-22,true,traffic_block,317,17,none,true,true,true,done
TRD-2026-01257,TDMS,TDMS-01257,TRD,TRD-OHE-WIRE-RENEW,CW-MSBMS-04,edge,MSB-MS-UP_SUB,,4.10,4.30,UP_SUB,defect,2026-07-06,35,minor,,false,power_block,285,9,OHE_tower_car,true,true,true,done
ENG-2026-04536,TMS,TMS-04536,ENG,ENG-TURNOUT-OVERHAUL,TO-BBQ-10,node,,BBQ,2.00,2.00,,overdue,2026-06-04,85,minor,,false,traffic_block,335,14,none,true,true,true,done
ENG-2026-04537,TMS,TMS-04537,ENG,ENG-TURNOUT-TAMP,TO-AJJ-01,node,,AJJ,69.00,69.00,,routine,2026-08-31,7,major,,false,traffic_block,192,8,tamper,true,true,true,scheduled
TRD-2025-01258,TDMS,TDMS-01258,TRD,TRD-OHE-MAST,MST-TRLAJJ-34,edge,TRL-AJJ-UP_SUB,,59.48,59.68,UP_SUB,overdue,2025-10-27,4,minor,,false,power_block,112,8,OHE_tower_car,true,true,true,done
ENG-2026-04538,TMS,TMS-04538,ENG,ENG-SLEEPER-RENEWAL,SL-MSMBM-03,edge,MS-MBM-DN_SUB,,8.14,8.64,DN_SUB,emergency_followup,2026-01-27,92,major,,false,traffic_block,323,16,none,false,true,true,done
TRD-2026-01259,TDMS,TDMS-01259,TRD,TRD-OHE-TENSION,OHE-PVTBM-11,edge,PV-TBM-UP_SUB,,24.21,24.51,UP_SUB,routine,2026-08-05,33,major,,false,power_block,115,4,OHE_tower_car,true,false,true,in_progress
ENG-2026-04539,TMS,TMS-04539,ENG,ENG-DRAIN-CLEAR,,edge,TKO-AJJ-SINGLE,,124.91,126.41,SINGLE,overdue,2026-02-12,163,minor,,false,none,158,7,none,true,true,false,done
ENG-2026-04540,TMS,TMS-04540,ENG,ENG-SLEEPER-RENEWAL,SL-MSMBM-01,edge,MS-MBM-DN,,6.30,6.80,DN,defect,2026-08-25,13,minor,,false,traffic_block,430,17,none,true,true,true,pending
TRD-2025-01260,TDMS,TDMS-01260,TRD,TRD-NEUTRAL-SECTION,OHE-STMPV-11,edge,STM-PV-UP_SUB,,17.99,18.19,UP_SUB,overdue,2025-10-20,300,major,,false,power_block,179,6,OHE_tower_car,true,false,true,done
SNT-2025-00772,SMMS,SMMS-00772,SNT,SNT-POINT-SERVICE,PT-MS-02,node,,MS,4.32,4.32,,routine,2025-10-27,16,major,,false,disconnection,58,3,none,true,false,true,deferred
TRD-2025-01261,TDMS,TDMS-01261,TRD,TRD-OHE-INSULATOR,INS-ENRMJR-03,edge,ENR-MJR-UP,,23.31,23.41,UP,defect,2025-10-06,42,major,,false,power_block,113,4,OHE_tower_car,true,true,true,done
TRD-2026-01262,TDMS,TDMS-01262,TRD,TRD-OHE-TENSION,OHE-PVTBM-03,edge,PV-TBM-DN,,27.25,27.55,DN,routine,2026-05-12,26,minor,,false,power_block,140,4,OHE_tower_car,true,false,true,done
ENG-2026-04541,TMS,TMS-04541,ENG,ENG-TURNOUT-OVERHAUL,TO-AJJ-11,node,,AJJ,69.00,69.00,,routine,2026-04-18,71,minor,,false,traffic_block,293,14,none,true,true,true,done
ENG-2025-04542,TMS,TMS-04542,ENG,ENG-RAIL-WELD,RL-PERABU-20,edge,PER-ABU-UP_SUB,,13.11,14.11,UP_SUB,defect,2025-10-04,181,2,,false,traffic_block,259,7,none,true,false,true,deferred
ENG-2026-04543,TMS,TMS-04543,ENG,ENG-BRIDGE-INSP,BR-TRLAJJ-02,edge,TRL-AJJ-DN,,57.73,57.83,DN,proactive,2026-04-08,1,minor,,false,traffic_block,95,4,none,true,true,false,done
ENG-2026-04544,TMS,TMS-04544,ENG,ENG-RAIL-RENEWAL,RL-MSMBM-19,edge,MS-MBM-UP_SUB,,5.80,6.30,UP_SUB,defect,2026-04-24,128,3,2026-06-08,false,traffic_block,409,26,none,true,true,true,cancelled
SNT-2026-00773,SMMS,SMMS-00773,SNT,SNT-TRACK-CIRCUIT,TC-TRLAJJ-33,edge,TRL-AJJ-UP,,54.29,54.79,UP,routine,2026-01-01,152,minor,2026-04-27,false,disconnection,117,3,none,true,true,true,done
ENG-2025-04545,TMS,TMS-04545,ENG,ENG-TRACK-PATROL,,edge,MSB-MS-UP,,0.68,2.68,UP,routine,2025-11-20,122,minor,,false,none,86,2,none,true,false,false,done
ENG-2025-04546,TMS,TMS-04546,ENG,ENG-DESTRESSING,RL-MJRPON-04,edge,MJR-PON-DN,,33.86,34.86,DN,overdue,2025-09-29,296,3,,false,traffic_block,186,12,none,true,false,true,done
TRD-2026-01263,TDMS,TDMS-01263,TRD,TRD-OHE-FAULT,OHE-TRLAJJ-47,edge,TRL-AJJ-UP_SUB,,64.92,65.22,UP_SUB,defect,2026-07-07,15,minor,,false,power_block,97,6,OHE_tower_car,true,true,true,done
TRD-2026-01264,TDMS,TDMS-01264,TRD,TRD-OHE-EARTHING,OHE-TRLAJJ-20,edge,TRL-AJJ-DN_SUB,,56.03,57.03,DN_SUB,overdue,2026-05-23,29,major,2026-07-03,false,power_block,81,3,none,true,false,true,done
ENG-2025-04547,TMS,TMS-04547,ENG,ENG-DESTRESSING,RL-PONGPD-04,edge,PON-GPD-DN,,36.03,37.03,DN,routine,2025-12-28,17,1,2026-01-06,true,traffic_block,309,13,none,true,false,true,done
SNT-2026-00774,SMMS,SMMS-00774,SNT,SNT-POINT-SERVICE,PT-TBM-05,node,,TBM,29.14,29.14,,overdue,2026-08-09,29,minor,2026-09-30,false,disconnection,86,3,none,true,false,true,in_progress
ENG-2026-04548,TMS,TMS-04548,ENG,ENG-DRAIN-CLEAR,,edge,PV-TBM-UP_SUB,,27.12,28.62,UP_SUB,routine,2026-03-08,96,minor,,false,none,211,7,none,true,true,false,done
TRD-2025-01265,TDMS,TDMS-01265,TRD,TRD-NEUTRAL-SECTION,OHE-TRLAJJ-25,edge,TRL-AJJ-DN_SUB,,51.05,51.25,DN_SUB,overdue,2025-11-22,281,minor,,false,power_block,220,6,OHE_tower_car,true,false,true,done
SNT-2026-00775,SMMS,SMMS-00775,SNT,SNT-SIGNAL-REPLACE,SG-TITRL-18,edge,TI-TRL-UP_SUB,,31.03,31.13,UP_SUB,defect,2026-08-31,7,major,2026-10-09,false,disconnection,204,6,none,false,true,true,done
ENG-2026-04549,TMS,TMS-04549,ENG,ENG-DESTRESSING,RL-TRLAJJ-0421,edge,TRL-AJJ-UP,,42.10,43.10,UP,proactive,2026-01-05,130,3,2026-03-05,false,traffic_block,205,11,none,false,false,true,done
SNT-2026-00776,SMMS,SMMS-00776,SNT,SNT-SIGNAL-REPLACE,SG-TITRL-19,edge,TI-TRL-UP_SUB,,40.99,41.09,UP_SUB,defect,2026-03-08,141,major,2026-07-02,false,disconnection,144,5,none,true,true,true,done
ENG-2026-04550,TMS,TMS-04550,ENG,ENG-RAIL-WELD,RL-AVDTI-02,edge,AVD-TI-DN,,27.65,28.65,DN,defect,2026-02-13,151,2,,false,traffic_block,146,6,none,true,false,true,done
TRD-2026-01266,TDMS,TDMS-01266,TRD,TRD-OHE-WIRE-RENEW,CW-TRLAJJ-22,edge,TRL-AJJ-UP_SUB,,47.82,48.82,UP_SUB,defect,2026-08-30,4,major,2026-10-14,false,power_block,274,9,OHE_tower_car,true,true,true,done
SNT-2026-00777,SMMS,SMMS-00777,SNT,SNT-SIGNAL-LAMP,SG-TITRL-19,edge,TI-TRL-UP_SUB,,40.99,41.09,UP_SUB,emergency_followup,2026-01-14,37,major,,false,none,35,2,none,true,false,true,done
ENG-2026-04551,TMS,TMS-04551,ENG,ENG-LC-ATTENTION,LC-TRLAJJ-01,edge,TRL-AJJ-DN,,48.36,48.46,DN,overdue,2026-05-23,74,minor,,false,traffic_block,100,7,none,true,true,true,done
ENG-2026-04552,TMS,TMS-04552,ENG,ENG-DRAIN-CLEAR,,edge,MBM-GI-DN_SUB,,12.68,14.18,DN_SUB,overdue,2026-08-13,8,major,,false,none,148,6,none,false,true,false,done
SNT-2026-00778,SMMS,SMMS-00778,SNT,SNT-SIGNAL-REPLACE,SG-TNPENR-02,edge,TNP-ENR-DN,,14.08,14.18,DN,defect,2026-03-01,80,critical,2026-03-14,true,disconnection,191,5,none,true,true,true,cancelled
ENG-2026-04553,TMS,TMS-04553,ENG,ENG-SLEEPER-RENEWAL,SL-TRLAJJ-19,edge,TRL-AJJ-UP,,44.38,44.88,UP,defect,2026-07-14,7,minor,,false,traffic_block,360,20,none,true,true,true,done
SNT-2026-00779,SMMS,SMMS-00779,SNT,SNT-CABLE-LAY,,edge,BBQ-TNP-UP,,3.93,4.93,UP,defect,2026-07-18,45,major,,false,none,339,10,none,true,true,false,done
TRD-2025-01267,TDMS,TDMS-01267,TRD,TRD-OHE-TENSION,OHE-STMPV-09,edge,STM-PV-UP,,20.11,20.41,UP,proactive,2025-12-16,71,major,,false,power_block,120,4,OHE_tower_car,true,false,true,done
SNT-2026-00780,SMMS,SMMS-00780,SNT,SNT-POINT-SERVICE,PT-BBQ-06,node,,BBQ,2.00,2.00,,overdue,2026-04-12,50,major,,false,disconnection,71,3,none,true,false,true,done
ENG-2026-04554,TMS,TMS-04554,ENG,ENG-DESTRESSING,RL-ABUAVD-12,edge,ABU-AVD-UP,,19.36,20.36,UP,routine,2026-09-05,2,3,,false,traffic_block,277,12,none,false,false,true,pending
ENG-2025-04555,TMS,TMS-04555,ENG,ENG-RAIL-RENEWAL,RL-MJRPON-01,edge,MJR-PON-DN,,29.30,29.80,DN,defect,2025-10-13,329,3,2025-11-21,false,traffic_block,349,24,none,true,true,true,deferred
TRD-2025-01268,TDMS,TDMS-01268,TRD,TRD-NEUTRAL-SECTION,OHE-STMPV-03,edge,STM-PV-DN,,22.14,22.34,DN,routine,2025-11-16,253,minor,,false,power_block,200,7,OHE_tower_car,true,false,true,done
ENG-2026-04556,TMS,TMS-04556,ENG,ENG-YARD-PWAY,BL-GPD-02,node,,GPD,47.00,47.00,,overdue,2026-04-09,56,major,2026-06-08,false,traffic_block,195,10,none,false,true,true,cancelled
SNT-2026-00781,SMMS,SMMS-00781,SNT,SNT-AXLE-COUNTER,AC-GISTM-01,edge,GI-STM-DN,,15.96,16.26,DN,overdue,2026-06-06,17,minor,,false,disconnection,75,3,none,true,true,true,done
ENG-2026-04557,TMS,TMS-04557,ENG,ENG-TURNOUT-TAMP,TO-MAS-08,node,,MAS,0.00,0.00,,overdue,2026-01-26,58,minor,2026-04-19,false,traffic_block,189,9,tamper,false,true,true,done
SNT-2026-00782,SMMS,SMMS-00782,SNT,SNT-POINT-REPLACE,PT-GPD-05,node,,GPD,47.00,47.00,,defect,2026-09-01,6,minor,,false,disconnection,169,5,none,true,false,true,pending
ENG-2025-04558,TMS,TMS-04558,ENG,ENG-DESTRESSING,RL-TRLAJJ-67,edge,TRL-AJJ-UP_SUB,,59.27,60.27,UP_SUB,proactive,2025-12-03,107,2,,false,traffic_block,272,11,none,true,false,true,cancelled
TRD-2026-01269,TDMS,TDMS-01269,TRD,TRD-OHE-WIRE-RENEW,CW-MJRPON-02,edge,MJR-PON-DN,,26.41,27.41,DN,defect,2026-05-06,93,minor,,false,power_block,272,10,OHE_tower_car,true,true,true,done
ENG-2025-04559,TMS,TMS-04559,ENG,ENG-CURVE-REALIGN,BL-MBMGI-03,edge,MBM-GI-UP,,12.26,13.06,UP,routine,2025-12-03,129,minor,,false,traffic_block,135,11,tamper,true,true,true,done
ENG-2025-04560,TMS,TMS-04560,ENG,ENG-SLEEPER-RENEWAL,SL-PERABU-10,edge,PER-ABU-UP,,7.15,7.65,UP,defect,2025-10-14,38,minor,,false,traffic_block,295,18,none,false,true,true,done
TRD-2025-01270,TDMS,TDMS-01270,TRD,TRD-OHE-MAST,MST-TRLAJJ-01,edge,TRL-AJJ-DN,,57.18,57.38,DN,routine,2025-11-15,86,minor,,false,power_block,133,8,OHE_tower_car,true,true,true,done
ENG-2026-04561,TMS,TMS-04561,ENG,ENG-TAMPING,BL-TNPENR-03,edge,TNP-ENR-DN,,14.67,16.00,DN,routine,2026-05-27,15,minor,,false,traffic_block,299,9,tamper,false,true,true,done
ENG-2026-04562,TMS,TMS-04562,ENG,ENG-SLEEPER-RENEWAL,SL-PVTBM-07,edge,PV-TBM-UP_SUB,,25.09,25.59,UP_SUB,defect,2026-02-10,17,major,2026-06-08,false,traffic_block,253,16,none,true,true,true,done
ENG-2026-04563,TMS,TMS-04563,ENG,ENG-TAMPING,BL-MJRPON-01,edge,MJR-PON-DN,,28.60,30.60,DN,overdue,2026-02-07,122,minor,,false,traffic_block,346,10,tamper,true,true,true,done
ENG-2025-04564,TMS,TMS-04564,ENG,ENG-LC-ATTENTION,LC-TITRL-01,edge,TI-TRL-DN,,39.15,39.25,DN,overdue,2025-10-11,109,major,,false,traffic_block,147,7,none,true,true,true,done
ENG-2026-04565,TMS,TMS-04565,ENG,ENG-SLEEPER-RENEWAL,SL-TITRL-08,edge,TI-TRL-DN_SUB,,40.05,40.55,DN_SUB,defect,2026-09-06,1,minor,,false,traffic_block,358,19,none,true,true,true,pending
ENG-2026-04566,TMS,TMS-04566,ENG,ENG-TURNOUT-OVERHAUL,TO-MSB-06,node,,MSB,0.00,0.00,,overdue,2026-08-06,32,minor,2026-11-30,false,traffic_block,422,13,none,true,true,true,pending
TRD-2026-01271,TDMS,TDMS-01271,TRD,TRD-OHE-EARTHING,OHE-TRLAJJ-45,edge,TRL-AJJ-UP_SUB,,59.06,60.06,UP_SUB,routine,2026-09-02,3,major,2026-10-09,false,power_block,76,3,none,true,false,true,done
ENG-2025-04567,TMS,TMS-04567,ENG,ENG-SLEEPER-RENEWAL,SL-TRLAJJ-07,edge,TRL-AJJ-DN,,52.41,52.91,DN,proactive,2025-09-22,157,minor,2025-12-12,false,traffic_block,401,17,none,true,true,true,done
ENG-2026-04568,TMS,TMS-04568,ENG,ENG-TURNOUT-TAMP,TO-MS-05,node,,MS,4.32,4.32,,routine,2026-01-03,25,major,,false,traffic_block,145,9,tamper,true,true,true,cancelled
SNT-2026-00783,SMMS,SMMS-00783,SNT,SNT-TRACK-CIRCUIT,TC-TRLAJJ-30,edge,TRL-AJJ-UP,,64.21,64.71,UP,overdue,2026-03-05,179,critical,2026-03-23,true,disconnection,72,3,none,true,true,true,done
SNT-2026-00784,SMMS,SMMS-00784,SNT,SNT-AXLE-COUNTER,AC-MSMBM-01,edge,MS-MBM-DN,,9.84,10.14,DN,overdue,2026-04-09,13,major,,false,disconnection,95,3,none,true,true,true,done
ENG-2026-04569,TMS,TMS-04569,ENG,ENG-SLEEPER-RENEWAL,SL-TRLAJJ-21,edge,TRL-AJJ-UP,,48.84,49.34,UP,defect,2026-04-29,28,major,,false,traffic_block,263,17,none,false,true,true,done
ENG-2026-04570,TMS,TMS-04570,ENG,ENG-SLEEPER-RENEWAL,SL-TRLAJJ-23,edge,TRL-AJJ-UP,,65.64,66.14,UP,defect,2026-07-08,29,minor,,false,traffic_block,332,19,none,true,true,true,done
SNT-2025-00785,SMMS,SMMS-00785,SNT,SNT-TRACK-CIRCUIT,TC-MASBBQ-04,edge,MAS-BBQ-UP_SUB,,0.98,1.48,UP_SUB,overdue,2025-12-23,65,minor,2026-02-21,false,disconnection,97,3,none,true,true,true,done
ENG-2026-04571,TMS,TMS-04571,ENG,ENG-DESTRESSING,RL-ENRMJR-04,edge,ENR-MJR-DN,,21.46,22.46,DN,routine,2026-02-10,146,3,,false,traffic_block,206,10,none,true,false,true,done
ENG-2025-04572,TMS,TMS-04572,ENG,ENG-SLEEPER-RENEWAL,SL-MBMGI-02,edge,MBM-GI-DN_SUB,,11.41,11.91,DN_SUB,defect,2025-10-04,78,minor,,false,traffic_block,418,20,none,true,true,true,deferred
ENG-2025-04573,TMS,TMS-04573,ENG,ENG-SLEEPER-RENEWAL,SL-PERABU-06,edge,PER-ABU-DN_SUB,,9.10,9.60,DN_SUB,emergency_followup,2025-11-01,252,major,,false,traffic_block,295,20,none,true,true,true,done
ENG-2025-04574,TMS,TMS-04574,ENG,ENG-SLEEPER-RENEWAL,SL-MASBBQ-04,edge,MAS-BBQ-UP_SUB,,1.76,2.00,UP_SUB,defect,2025-09-13,202,major,,false,traffic_block,282,16,none,true,true,true,done
ENG-2026-04575,TMS,TMS-04575,ENG,ENG-TURNOUT-TAMP,TO-AVD-08,node,,AVD,21.00,21.00,,overdue,2026-07-17,37,critical,2026-08-02,true,traffic_block,180,9,tamper,true,true,true,done
ENG-2026-04576,TMS,TMS-04576,ENG,ENG-SLEEPER-RENEWAL,SL-STMPV-05,edge,STM-PV-UP,,17.89,18.39,UP,defect,2026-01-18,197,major,2026-04-03,false,traffic_block,265,16,none,true,true,true,done
ENG-2026-04577,TMS,TMS-04577,ENG,ENG-RAIL-WELD,RL-MSMBM-10,edge,MS-MBM-DN_SUB,,6.44,7.44,DN_SUB,defect,2026-07-12,44,3,,false,traffic_block,258,6,none,true,false,true,done
ENG-2026-04578,TMS,TMS-04578,ENG,ENG-SLEEPER-RENEWAL,SL-PERABU-04,edge,PER-ABU-DN,,14.40,14.90,DN,defect,2026-02-26,176,critical,2026-03-25,true,traffic_block,379,16,none,true,true,true,done
ENG-2025-04579,TMS,TMS-04579,ENG,ENG-SLEEPER-RENEWAL,SL-TITRL-14,edge,TI-TRL-UP,,30.58,31.08,UP,defect,2025-09-24,214,minor,,false,traffic_block,368,17,none,true,true,true,done
ENG-2026-04580,TMS,TMS-04580,ENG,ENG-SLEEPER-RENEWAL,SL-MASBBQ-03,edge,MAS-BBQ-UP,,0.76,1.26,UP,emergency_followup,2026-04-21,57,major,,false,traffic_block,238,20,none,true,true,true,done
ENG-2025-04581,TMS,TMS-04581,ENG,ENG-RAIL-WELD,RL-TITRL-15,edge,TI-TRL-DN_SUB,,35.96,36.96,DN_SUB,defect,2025-12-26,221,2,,false,traffic_block,138,6,none,true,false,true,done
SNT-2026-00786,SMMS,SMMS-00786,SNT,SNT-CABLE-LAY,,edge,CGL-WJ-SINGLE,,66.77,67.77,SINGLE,defect,2026-08-13,25,major,,false,none,248,10,none,true,true,false,scheduled
SNT-2026-00787,SMMS,SMMS-00787,SNT,SNT-POINT-REPLACE,PT-PER-05,node,,PER,5.00,5.00,,defect,2026-01-02,50,minor,,false,disconnection,219,5,none,true,false,true,done
ENG-2026-04582,TMS,TMS-04582,ENG,ENG-BALLAST-SCREEN,BL-TRLAJJ-14,edge,TRL-AJJ-DN_SUB,,46.07,46.57,DN_SUB,overdue,2026-02-25,172,critical,2026-03-22,true,traffic_block,228,13,BCM,true,true,true,done
ENG-2025-04583,TMS,TMS-04583,ENG,ENG-SLEEPER-RENEWAL,SL-ABUAVD-05,edge,ABU-AVD-UP,,16.02,16.52,UP,defect,2025-10-21,29,major,2026-01-14,false,traffic_block,334,18,none,true,true,true,done
SNT-2026-00788,SMMS,SMMS-00788,SNT,SNT-POINT-SERVICE,PT-MAS-15,node,,MAS,0.00,0.00,,overdue,2026-02-06,73,major,2026-05-27,false,disconnection,72,3,none,true,false,true,done
TRD-2025-01272,TDMS,TDMS-01272,TRD,TRD-OHE-TENSION,OHE-BBQPER-08,edge,BBQ-PER-UP_SUB,,4.27,4.57,UP_SUB,routine,2025-11-21,126,major,2026-03-18,false,power_block,108,5,OHE_tower_car,true,false,true,done
TRD-2026-01273,TDMS,TDMS-01273,TRD,TRD-OHE-INSP,OHE-TRLAJJ-27,edge,TRL-AJJ-UP,,54.56,58.56,UP,routine,2026-06-06,20,minor,,false,power_block,119,4,OHE_tower_car,true,false,true,done
SNT-2026-00789,SMMS,SMMS-00789,SNT,SNT-POINT-REPLACE,PT-MAS-05,node,,MAS,0.00,0.00,,defect,2026-06-25,74,critical,2026-07-25,true,disconnection,153,5,none,false,false,true,scheduled
SNT-2026-00790,SMMS,SMMS-00790,SNT,SNT-POINT-SERVICE,PT-ENR-06,node,,ENR,16.00,16.00,,overdue,2026-07-13,27,critical,2026-08-07,true,disconnection,85,3,none,true,false,true,done
ENG-2026-04584,TMS,TMS-04584,ENG,ENG-TURNOUT-OVERHAUL,TO-MS-10,node,,MS,4.32,4.32,,emergency_followup,2026-07-14,55,major,,false,traffic_block,308,12,none,true,true,true,scheduled
ENG-2026-04585,TMS,TMS-04585,ENG,ENG-SLEEPER-RENEWAL,SL-PERABU-08,edge,PER-ABU-DN_SUB,,5.38,5.88,DN_SUB,defect,2026-02-10,10,minor,,false,traffic_block,330,19,none,true,true,true,done
SNT-2026-00791,SMMS,SMMS-00791,SNT,SNT-SIGNAL-LAMP,SG-PVTBM-08,edge,PV-TBM-UP_SUB,,24.39,24.49,UP_SUB,routine,2026-08-23,15,minor,2026-11-26,false,none,58,2,none,true,false,true,scheduled
ENG-2026-04586,TMS,TMS-04586,ENG,ENG-SLEEPER-RENEWAL,SL-TNPENR-03,edge,TNP-ENR-DN,,12.65,13.15,DN,defect,2026-08-24,14,minor,,false,traffic_block,362,20,none,true,true,true,in_progress
ENG-2025-04587,TMS,TMS-04587,ENG,ENG-DRAIN-CLEAR,,edge,MS-MBM-UP,,5.65,7.15,UP,proactive,2025-09-11,196,minor,,false,none,127,7,none,true,true,false,done
ENG-2026-04588,TMS,TMS-04588,ENG,ENG-SLEEPER-RENEWAL,SL-WJCJ-01,edge,WJ-CJ-SINGLE,,86.08,86.58,SINGLE,defect,2026-08-07,31,minor,,false,traffic_block,340,20,none,true,true,true,in_progress
ENG-2026-04589,TMS,TMS-04589,ENG,ENG-YARD-PWAY,BL-MSB-05,node,,MSB,0.00,0.00,,routine,2026-07-04,10,minor,,false,traffic_block,184,8,none,true,true,true,done
SNT-2026-00792,SMMS,SMMS-00792,SNT,SNT-TRACK-CIRCUIT,TC-TRLAJJ-06,edge,TRL-AJJ-DN,,50.64,51.14,DN,routine,2026-07-07,14,minor,2026-08-08,false,disconnection,69,3,none,true,true,true,done
ENG-2026-04590,TMS,TMS-04590,ENG,ENG-TURNOUT-OVERHAUL,TO-TBM-08,node,,TBM,29.14,29.14,,overdue,2026-06-26,68,minor,,false,traffic_block,401,14,none,true,true,true,done
TRD-2026-01274,TDMS,TDMS-01274,TRD,TRD-OHE-INSP,OHE-AVDTI-13,edge,AVD-TI-UP_SUB,,27.34,29.00,UP_SUB,routine,2026-02-06,190,minor,2026-03-17,false,power_block,127,4,OHE_tower_car,true,false,true,cancelled
ENG-2026-04591,TMS,TMS-04591,ENG,ENG-RAIL-GRIND,RL-CGLWJ-14,edge,CGL-WJ-SINGLE,,80.94,81.80,SINGLE,routine,2026-05-21,39,2,,false,traffic_block,167,4,rail_grinder,false,false,true,done
ENG-2026-04592,TMS,TMS-04592,ENG,ENG-TURNOUT-TAMP,TO-AVD-01,node,,AVD,21.00,21.00,,overdue,2026-04-17,100,minor,2026-07-09,false,traffic_block,177,10,tamper,true,true,true,done
TRD-2026-01275,TDMS,TDMS-01275,TRD,TRD-OHE-MAST,MST-AVDTI-08,edge,AVD-TI-UP,,21.95,22.15,UP,overdue,2026-07-08,4,minor,,false,power_block,146,6,OHE_tower_car,true,true,true,done
ENG-2025-04593,TMS,TMS-04593,ENG,ENG-SLEEPER-RENEWAL,SL-PONGPD-03,edge,PON-GPD-DN,,36.67,37.17,DN,defect,2025-11-08,18,major,2026-01-22,false,traffic_block,401,18,none,true,true,true,done
ENG-2025-04594,TMS,TMS-04594,ENG,ENG-SLEEPER-RENEWAL,SL-TRLAJJ-28,edge,TRL-AJJ-UP_SUB,,49.18,49.68,UP_SUB,defect,2025-10-22,75,major,,false,traffic_block,389,21,none,false,true,true,done
ENG-2026-04595,TMS,TMS-04595,ENG,ENG-TURNOUT-OVERHAUL,TO-TBM-07,node,,TBM,29.14,29.14,,overdue,2026-01-10,1,major,,false,traffic_block,274,14,none,true,true,true,done
TRD-2025-01276,TDMS,TDMS-01276,TRD,TRD-OHE-FAULT,OHE-MSMBM-07,edge,MS-MBM-DN_SUB,,8.09,8.39,DN_SUB,defect,2025-09-17,11,major,,false,power_block,144,5,OHE_tower_car,false,true,true,done
ENG-2025-04596,TMS,TMS-04596,ENG,ENG-DESTRESSING,RL-TNPENR-12,edge,TNP-ENR-UP,,15.24,16.00,UP,routine,2025-11-15,155,3,,false,traffic_block,262,10,none,true,false,true,done
TRD-2026-01277,TDMS,TDMS-01277,TRD,TRD-OHE-EARTHING,OHE-CGLWJ-06,edge,CGL-WJ-SINGLE,,63.31,64.31,SINGLE,routine,2026-02-01,70,critical,2026-02-22,true,power_block,81,3,none,true,false,true,done
SNT-2026-00793,SMMS,SMMS-00793,SNT,SNT-POINT-SERVICE,PT-MAS-01,node,,MAS,0.00,0.00,,overdue,2026-06-04,30,major,,false,disconnection,48,3,none,true,false,true,done
SNT-2026-00794,SMMS,SMMS-00794,SNT,SNT-POINT-REPLACE,PT-BBQ-05,node,,BBQ,2.00,2.00,,proactive,2026-03-29,46,minor,2026-07-05,false,disconnection,185,4,none,true,false,true,done
SNT-2025-00795,SMMS,SMMS-00795,SNT,SNT-POINT-SERVICE,PT-CGL-05,node,,CGL,59.84,59.84,,overdue,2025-10-28,15,minor,2026-01-24,false,disconnection,79,3,none,false,false,true,done
SNT-2025-00796,SMMS,SMMS-00796,SNT,SNT-TRACK-CIRCUIT,TC-MSBMS-06,edge,MSB-MS-UP,,2.64,3.14,UP,routine,2025-11-18,69,major,2026-01-14,false,disconnection,96,3,none,true,true,true,done
ENG-2025-04597,TMS,TMS-04597,ENG,ENG-TURNOUT-OVERHAUL,TO-TNP-06,node,,TNP,5.00,5.00,,overdue,2025-11-21,133,minor,,false,traffic_block,385,15,none,true,true,true,cancelled
ENG-2026-04598,TMS,TMS-04598,ENG,ENG-SLEEPER-RENEWAL,SL-TRLAJJ-07,edge,TRL-AJJ-DN,,52.41,52.91,DN,defect,2026-05-30,92,minor,,false,traffic_block,363,17,none,true,true,true,done
SNT-2026-00797,SMMS,SMMS-00797,SNT,SNT-AXLE-COUNTER,AC-PERABU-06,edge,PER-ABU-UP,,8.59,8.89,UP,emergency_followup,2026-08-05,1,major,,false,disconnection,120,4,none,true,true,true,done
SNT-2025-00798,SMMS,SMMS-00798,SNT,SNT-TRACK-CIRCUIT,TC-TITRL-11,edge,TI-TRL-UP,,36.21,36.71,UP,routine,2025-12-07,239,major,,false,disconnection,89,3,none,true,true,true,done
TRD-2026-01278,TDMS,TDMS-01278,TRD,TRD-OHE-MAST,MST-TITRL-04,edge,TI-TRL-DN,,35.65,35.85,DN,overdue,2026-08-18,16,minor,2026-11-19,false,power_block,186,7,OHE_tower_car,false,true,true,done
SNT-2025-00799,SMMS,SMMS-00799,SNT,SNT-CABLE-LAY,,edge,TRL-AJJ-UP,,45.24,46.24,UP,defect,2025-09-27,298,major,,false,none,180,10,none,true,true,false,done
ENG-2026-04599,TMS,TMS-04599,ENG,ENG-SLEEPER-RENEWAL,SL-MJRPON-03,edge,MJR-PON-DN,,26.51,27.01,DN,defect,2026-06-08,9,minor,,false,traffic_block,428,19,none,true,true,true,deferred
SNT-2026-00800,SMMS,SMMS-00800,SNT,SNT-AXLE-COUNTER,AC-TRLAJJ-01,edge,TRL-AJJ-DN,,54.82,55.12,DN,proactive,2026-03-25,59,major,,false,disconnection,79,3,none,true,true,true,done
SNT-2026-00801,SMMS,SMMS-00801,SNT,SNT-POINT-SERVICE,PT-TNP-03,node,,TNP,5.00,5.00,,proactive,2026-07-12,17,major,,false,disconnection,66,3,none,false,false,true,done
ENG-2025-04600,TMS,TMS-04600,ENG,ENG-RAIL-WELD,RL-WJCJ-07,edge,WJ-CJ-SINGLE,,85.65,86.65,SINGLE,defect,2025-11-16,39,IMDT,2025-11-18,true,traffic_block,177,6,none,true,false,true,done
TRD-2026-01279,TDMS,TDMS-01279,TRD,TRD-OHE-TENSION,OHE-MASBBQ-04,edge,MAS-BBQ-UP_SUB,,1.58,1.88,UP_SUB,overdue,2026-07-02,31,critical,2026-07-27,true,power_block,125,4,OHE_tower_car,true,false,true,done
ENG-2026-04601,TMS,TMS-04601,ENG,ENG-TURNOUT-OVERHAUL,TO-ENR-06,node,,ENR,16.00,16.00,,routine,2026-02-22,67,minor,2026-04-20,false,traffic_block,246,12,none,true,true,true,done
ENG-2025-04602,TMS,TMS-04602,ENG,ENG-SLEEPER-RENEWAL,SL-TRLAJJ-07,edge,TRL-AJJ-DN,,52.41,52.91,DN,defect,2025-10-27,118,minor,,false,traffic_block,272,17,none,true,true,true,done
ENG-2026-04603,TMS,TMS-04603,ENG,ENG-RAIL-WELD,RL-PONGPD-06,edge,PON-GPD-DN,,36.13,37.13,DN,defect,2026-07-25,44,3,,false,traffic_block,149,6,none,true,false,true,scheduled
TRD-2026-01280,TDMS,TDMS-01280,TRD,TRD-OHE-FAULT,OHE-CGLWJ-06,edge,CGL-WJ-SINGLE,,63.31,63.61,SINGLE,defect,2026-08-11,27,critical,2026-08-30,true,power_block,167,5,OHE_tower_car,true,true,true,scheduled
ENG-2026-04604,TMS,TMS-04604,ENG,ENG-USFD-TEST,RL-ABUAVD-13,edge,ABU-AVD-UP_SUB,,15.29,21.00,UP_SUB,routine,2026-07-23,46,1,2026-08-02,true,traffic_block,111,3,USFD_car,true,false,true,scheduled
ENG-2026-04605,TMS,TMS-04605,ENG,ENG-SLEEPER-RENEWAL,SL-PVTBM-03,edge,PV-TBM-DN_SUB,,24.05,24.55,DN_SUB,defect,2026-09-05,2,major,,false,traffic_block,430,17,none,false,true,true,pending
SNT-2025-00802,SMMS,SMMS-00802,SNT,SNT-TRACK-CIRCUIT,TC-AVDTI-02,edge,AVD-TI-DN,,27.80,28.30,DN,routine,2025-09-23,332,minor,2025-10-29,false,disconnection,112,3,none,true,true,true,deferred
ENG-2026-04606,TMS,TMS-04606,ENG,ENG-SLEEPER-RENEWAL,SL-MASBBQ-03,edge,MAS-BBQ-UP,,0.76,1.26,UP,defect,2026-09-03,4,minor,2026-12-13,false,traffic_block,358,19,none,true,true,true,pending
ENG-2026-04607,TMS,TMS-04607,ENG,ENG-RAIL-WELD,RL-MJRPON-05,edge,MJR-PON-DN,,32.43,33.43,DN,defect,2026-07-14,2,1,2026-07-30,true,traffic_block,151,6,none,true,false,true,done
TRD-2025-01281,TDMS,TDMS-01281,TRD,TRD-OHE-MAST,MST-MSMBM-11,edge,MS-MBM-UP_SUB,,9.97,10.17,UP_SUB,overdue,2025-10-23,62,minor,,false,power_block,131,6,OHE_tower_car,true,true,true,done
ENG-2026-04608,TMS,TMS-04608,ENG,ENG-TURNOUT-OVERHAUL,TO-TRL-05,node,,TRL,42.00,42.00,,routine,2026-09-02,3,critical,2026-09-24,true,traffic_block,260,13,none,true,true,true,done
ENG-2025-04609,TMS,TMS-04609,ENG,ENG-TRACK-PATROL,,edge,MSB-MS-DN,,0.91,2.91,DN,overdue,2025-11-01,114,critical,2025-11-27,true,none,92,2,none,true,false,false,done
ENG-2026-04610,TMS,TMS-04610,ENG,ENG-RAIL-WELD,RL-MSBMS-04,edge,MSB-MS-DN_SUB,,1.00,2.00,DN_SUB,defect,2026-09-01,6,3,,false,traffic_block,257,7,none,true,false,true,scheduled
TRD-2025-01282,TDMS,TDMS-01282,TRD,TRD-OHE-MAST,MST-TRLAJJ-34,edge,TRL-AJJ-UP_SUB,,59.48,59.68,UP_SUB,overdue,2025-12-08,221,minor,,false,power_block,116,6,OHE_tower_car,true,true,true,done
SNT-2025-00803,SMMS,SMMS-00803,SNT,SNT-TRACK-CIRCUIT,TC-MASBBQ-01,edge,MAS-BBQ-DN,,1.35,1.85,DN,proactive,2025-11-27,60,minor,,false,disconnection,70,3,none,true,true,true,done
TRD-2026-01283,TDMS,TDMS-01283,TRD,TRD-OHE-WIRE-RENEW,CW-TRLAJJ-27,edge,TRL-AJJ-UP_SUB,,50.12,51.12,UP_SUB,defect,2026-05-31,99,minor,,false,power_block,274,8,OHE_tower_car,true,true,true,pending
ENG-2026-04611,TMS,TMS-04611,ENG,ENG-SLEEPER-RENEWAL,SL-MSMBM-03,edge,MS-MBM-DN_SUB,,8.14,8.64,DN_SUB,proactive,2026-06-02,21,minor,2026-08-22,false,traffic_block,256,18,none,true,true,true,done
TRD-2026-01284,TDMS,TDMS-01284,TRD,TRD-OHE-INSP,OHE-TRLAJJ-0402,edge,TRL-AJJ-UP,,42.00,46.00,UP,routine,2026-05-29,26,minor,2026-07-26,false,power_block,111,4,OHE_tower_car,true,false,true,done
SNT-2026-00804,SMMS,SMMS-00804,SNT,SNT-AXLE-COUNTER,AC-ENRMJR-01,edge,ENR-MJR-DN,,21.16,21.46,DN,overdue,2026-07-16,53,minor,,false,disconnection,118,3,none,true,true,true,scheduled
TRD-2026-01285,TDMS,TDMS-01285,TRD,TRD-OHE-DROPPER,CW-MBMGI-04,edge,MBM-GI-UP_SUB,,14.41,14.91,UP_SUB,emergency_followup,2026-08-06,32,major,,false,power_block,86,5,OHE_tower_car,true,false,true,pending
SNT-2026-00805,SMMS,SMMS-00805,SNT,SNT-SIGNAL-REPLACE,SG-TRLAJJ-10,edge,TRL-AJJ-DN_SUB,,42.96,43.06,DN_SUB,defect,2026-08-17,21,critical,2026-09-01,true,disconnection,161,6,none,true,true,true,pending
ENG-2026-04612,TMS,TMS-04612,ENG,ENG-SLEEPER-RENEWAL,SL-MASBBQ-02,edge,MAS-BBQ-DN_SUB,,0.33,0.83,DN_SUB,emergency_followup,2026-04-24,126,major,2026-08-09,false,traffic_block,371,16,none,true,true,true,done
SNT-2026-00806,SMMS,SMMS-00806,SNT,SNT-TRACK-CIRCUIT,TC-TRLAJJ-01,edge,TRL-AJJ-DN,,49.82,50.32,DN,emergency_followup,2026-04-29,17,major,2026-07-08,false,disconnection,116,3,none,true,true,true,done
ENG-2025-04613,TMS,TMS-04613,ENG,ENG-RAIL-RENEWAL,RL-PERABU-07,edge,PER-ABU-DN_SUB,,9.95,10.45,DN_SUB,defect,2025-09-07,254,1,2025-09-26,true,traffic_block,357,24,none,true,true,true,deferred
TRD-2025-01286,TDMS,TDMS-01286,TRD,TRD-OHE-DROPPER,CW-TRLAJJ-15,edge,TRL-AJJ-UP,,60.28,60.78,UP,overdue,2025-09-14,286,minor,,false,power_block,77,4,OHE_tower_car,false,false,true,deferred
ENG-2026-04614,TMS,TMS-04614,ENG,ENG-BALLAST-REGULATE,BL-TNPENR-08,edge,TNP-ENR-UP,,6.01,8.01,UP,routine,2026-04-07,133,minor,,false,traffic_block,146,4,ballast_regulator,false,true,true,done
SNT-2026-00807,SMMS,SMMS-00807,SNT,SNT-POINT-SERVICE,PT-TRL-08,node,,TRL,42.00,42.00,,routine,2026-05-23,32,minor,,false,disconnection,74,3,none,true,false,true,done
TRD-2025-01287,TDMS,TDMS-01287,TRD,TRD-OHE-MAST,MST-TRLAJJ-44,edge,TRL-AJJ-UP_SUB,,61.00,61.20,UP_SUB,overdue,2025-11-20,90,major,,false,power_block,140,7,OHE_tower_car,true,true,true,done
ENG-2025-04615,TMS,TMS-04615,ENG,ENG-SLEEPER-RENEWAL,SL-MASBBQ-01,edge,MAS-BBQ-DN,,1.36,1.86,DN,defect,2025-12-15,142,minor,2026-03-16,false,traffic_block,433,19,none,true,true,true,done
ENG-2026-04616,TMS,TMS-04616,ENG,ENG-SLEEPER-RENEWAL,SL-GISTM-02,edge,GI-STM-DN_SUB,,16.56,17.06,DN_SUB,defect,2026-01-01,58,major,,false,traffic_block,431,16,none,true,true,true,cancelled
SNT-2026-00808,SMMS,SMMS-00808,SNT,SNT-SIGNAL-REPLACE,SG-AVDTI-08,edge,AVD-TI-UP,,27.41,27.51,UP,defect,2026-06-09,90,major,,false,disconnection,191,6,none,false,true,true,pending
ENG-2025-04617,TMS,TMS-04617,ENG,ENG-TURNOUT-OVERHAUL,TO-TBM-03,node,,TBM,29.14,29.14,,overdue,2025-12-23,93,major,,false,traffic_block,263,14,none,true,true,true,done
SNT-2026-00809,SMMS,SMMS-00809,SNT,SNT-TRACK-CIRCUIT,TC-MSBMS-05,edge,MSB-MS-UP,,1.00,1.50,UP,overdue,2026-05-08,108,minor,,false,disconnection,109,3,none,true,true,true,done
SNT-2026-00810,SMMS,SMMS-00810,SNT,SNT-SIGNAL-LAMP,SG-CGLWJ-01,edge,CGL-WJ-SINGLE,,73.28,73.38,SINGLE,overdue,2026-03-10,120,minor,2026-05-23,false,none,42,2,none,true,false,true,done
TRD-2026-01288,TDMS,TDMS-01288,TRD,TRD-OHE-INSULATOR,INS-CGLWJ-05,edge,CGL-WJ-SINGLE,,62.77,62.87,SINGLE,emergency_followup,2026-05-08,49,major,,false,power_block,93,4,OHE_tower_car,true,true,true,cancelled
SNT-2025-00811,SMMS,SMMS-00811,SNT,SNT-TRACK-CIRCUIT,TC-TITRL-16,edge,TI-TRL-UP_SUB,,36.19,36.69,UP_SUB,routine,2025-11-03,306,minor,,false,disconnection,75,3,none,true,true,true,cancelled
ENG-2026-04618,TMS,TMS-04618,ENG,ENG-TRACK-PATROL,,edge,TI-TRL-UP_SUB,,29.17,31.17,UP_SUB,proactive,2026-05-27,95,minor,2026-09-13,false,none,97,2,none,true,false,false,done
SNT-2025-00812,SMMS,SMMS-00812,SNT,SNT-CABLE-LAY,,edge,MAS-BBQ-DN_SUB,,0.03,1.03,DN_SUB,defect,2025-11-24,161,minor,,false,none,319,8,none,true,true,false,done
TRD-2025-01289,TDMS,TDMS-01289,TRD,TRD-OHE-INSULATOR,INS-BBQPER-04,edge,BBQ-PER-UP_SUB,,4.19,4.29,UP_SUB,defect,2025-12-30,57,minor,,false,power_block,92,4,OHE_tower_car,true,true,true,done
ENG-2026-04619,TMS,TMS-04619,ENG,ENG-RAIL-RENEWAL,RL-PERABU-04,edge,PER-ABU-DN,,6.54,7.04,DN,defect,2026-06-03,96,2,,false,traffic_block,471,20,none,true,true,true,scheduled
ENG-2026-04620,TMS,TMS-04620,ENG,ENG-TURNOUT-OVERHAUL,TO-MS-09,node,,MS,4.32,4.32,,overdue,2026-08-04,28,minor,,false,traffic_block,333,15,none,true,true,true,done
SNT-2026-00813,SMMS,SMMS-00813,SNT,SNT-AXLE-COUNTER,AC-TITRL-09,edge,TI-TRL-UP,,39.42,39.72,UP,overdue,2026-02-15,120,major,,false,disconnection,92,3,none,true,true,true,done
SNT-2026-00814,SMMS,SMMS-00814,SNT,SNT-BLOCK-INSTRUMENT,IL-TBM-01,node,,TBM,29.14,29.14,,overdue,2026-05-08,15,major,2026-06-12,false,disconnection,72,3,none,true,false,true,done
ENG-2026-04621,TMS,TMS-04621,ENG,ENG-SLEEPER-RENEWAL,SL-PONGPD-08,edge,PON-GPD-UP,,45.31,45.81,UP,defect,2026-02-05,164,minor,,false,traffic_block,299,19,none,true,true,true,deferred
SNT-2026-00815,SMMS,SMMS-00815,SNT,SNT-SIGNAL-REPLACE,SG-MSBMS-06,edge,MSB-MS-UP,,0.16,0.26,UP,defect,2026-07-10,11,minor,2026-08-09,false,disconnection,219,5,none,true,true,true,done
TRD-2026-01290,TDMS,TDMS-01290,TRD,TRD-OHE-INSULATOR,INS-PERABU-07,edge,PER-ABU-UP_SUB,,11.51,11.61,UP_SUB,defect,2026-08-10,28,major,2026-09-10,false,power_block,75,5,OHE_tower_car,true,true,true,in_progress
ENG-2025-04622,TMS,TMS-04622,ENG,ENG-SLEEPER-RENEWAL,SL-MASBBQ-03,edge,MAS-BBQ-UP,,0.76,1.26,UP,defect,2025-09-22,139,minor,,false,traffic_block,326,19,none,true,true,true,done
TRD-2026-01291,TDMS,TDMS-01291,TRD,TRD-OHE-INSULATOR,INS-PVTBM-04,edge,PV-TBM-UP_SUB,,28.96,29.06,UP_SUB,defect,2026-02-21,98,critical,2026-03-05,true,power_block,108,4,OHE_tower_car,false,true,true,done
TRD-2026-01292,TDMS,TDMS-01292,TRD,TRD-OHE-MAST,MST-MJRPON-04,edge,MJR-PON-DN,,26.53,26.73,DN,routine,2026-08-22,16,major,,false,power_block,163,7,OHE_tower_car,true,true,true,scheduled
TRD-2026-01293,TDMS,TDMS-01293,TRD,TRD-OHE-INSP,OHE-PONGPD-03,edge,PON-GPD-DN,,46.17,47.00,DN,routine,2026-01-10,222,minor,,false,power_block,98,5,OHE_tower_car,true,false,true,done
ENG-2026-04623,TMS,TMS-04623,ENG,ENG-TURNOUT-OVERHAUL,TO-BBQ-10,node,,BBQ,2.00,2.00,,routine,2026-08-07,30,major,,false,traffic_block,353,13,none,true,true,true,cancelled
ENG-2026-04624,TMS,TMS-04624,ENG,ENG-SLEEPER-RENEWAL,SL-STMPV-08,edge,STM-PV-UP_SUB,,19.64,20.14,UP_SUB,defect,2026-01-09,144,major,2026-02-19,false,traffic_block,244,16,none,true,true,true,done
SNT-2026-00816,SMMS,SMMS-00816,SNT,SNT-SIGNAL-REPLACE,SG-MBMGI-04,edge,MBM-GI-UP_SUB,,12.15,12.25,UP_SUB,proactive,2026-07-31,38,major,,false,disconnection,173,6,none,true,true,true,pending
ENG-2026-04625,TMS,TMS-04625,ENG,ENG-TRACK-PATROL,,edge,ABU-AVD-DN,,20.61,21.00,DN,overdue,2026-08-29,8,minor,,false,none,88,2,none,true,false,false,done
TRD-2025-01294,TDMS,TDMS-01294,TRD,TRD-OHE-TENSION,OHE-MSBMS-05,edge,MSB-MS-UP,,1.23,1.53,UP,routine,2025-09-14,163,major,,false,power_block,119,4,OHE_tower_car,true,false,true,done
ENG-2025-04626,TMS,TMS-04626,ENG,ENG-SLEEPER-RENEWAL,SL-TITRL-18,edge,TI-TRL-UP_SUB,,36.66,37.16,UP_SUB,defect,2025-11-21,214,minor,2026-01-22,false,traffic_block,250,20,none,false,true,true,deferred
ENG-2025-04627,TMS,TMS-04627,ENG,ENG-BALLAST-REGULATE,BL-TRLAJJ-14,edge,TRL-AJJ-DN_SUB,,46.07,48.07,DN_SUB,proactive,2025-11-06,277,minor,,false,traffic_block,171,5,ballast_regulator,true,true,true,done
ENG-2026-04628,TMS,TMS-04628,ENG,ENG-YARD-PWAY,BL-MSB-06,node,,MSB,0.00,0.00,,emergency_followup,2026-05-04,90,major,2026-08-27,false,traffic_block,211,10,none,true,true,true,done
ENG-2026-04629,TMS,TMS-04629,ENG,ENG-SLEEPER-RENEWAL,SL-STMPV-01,edge,STM-PV-DN,,19.73,20.23,DN,defect,2026-02-21,142,minor,,false,traffic_block,289,20,none,true,true,true,done
TRD-2026-01295,TDMS,TDMS-01295,TRD,TRD-OHE-DROPPER,CW-PERABU-06,edge,PER-ABU-DN_SUB,,6.27,6.77,DN_SUB,overdue,2026-04-01,13,major,,false,power_block,130,4,OHE_tower_car,true,false,true,done
SNT-2026-00817,SMMS,SMMS-00817,SNT,SNT-SIGNAL-LAMP,SG-TNPENR-01,edge,TNP-ENR-DN,,15.61,15.71,DN,routine,2026-03-03,186,major,,false,none,46,2,none,false,false,true,done
ENG-2026-04630,TMS,TMS-04630,ENG,ENG-SLEEPER-RENEWAL,SL-TITRL-09,edge,TI-TRL-DN_SUB,,40.11,40.61,DN_SUB,proactive,2026-04-24,81,minor,,false,traffic_block,270,20,none,false,true,true,done
ENG-2026-04631,TMS,TMS-04631,ENG,ENG-TURNOUT-TAMP,TO-MSB-04,node,,MSB,0.00,0.00,,emergency_followup,2026-08-14,19,major,,false,traffic_block,181,8,tamper,true,true,true,done
ENG-2026-04632,TMS,TMS-04632,ENG,ENG-BRIDGE-INSP,BR-MJRPON-01,edge,MJR-PON-DN,,31.63,31.73,DN,routine,2026-07-18,44,major,,false,traffic_block,84,4,none,false,true,false,done
SNT-2026-00818,SMMS,SMMS-00818,SNT,SNT-SIGNAL-REPLACE,SG-TRLAJJ-27,edge,TRL-AJJ-UP,,60.01,60.11,UP,defect,2026-07-10,28,minor,,false,disconnection,228,5,none,true,true,true,done
TRD-2025-01296,TDMS,TDMS-01296,TRD,TRD-OHE-DROPPER,CW-TITRL-15,edge,TI-TRL-UP_SUB,,29.68,30.18,UP_SUB,routine,2025-10-17,212,major,,false,power_block,81,5,OHE_tower_car,true,false,true,done
ENG-2026-04633,TMS,TMS-04633,ENG,ENG-RAIL-WELD,RL-AVDTI-09,edge,AVD-TI-DN_SUB,,21.20,22.20,DN_SUB,defect,2026-08-01,18,2,,false,traffic_block,256,6,none,true,false,true,done
ENG-2026-04634,TMS,TMS-04634,ENG,ENG-RAIL-RENEWAL,RL-STMPV-08,edge,STM-PV-DN_SUB,,22.35,22.85,DN_SUB,defect,2026-02-10,110,3,2026-04-21,false,traffic_block,441,25,none,true,true,true,done
TRD-2026-01297,TDMS,TDMS-01297,TRD,TRD-OHE-MAST,MST-MSMBM-06,edge,MS-MBM-DN_SUB,,10.31,10.51,DN_SUB,routine,2026-08-07,10,major,,false,power_block,117,7,OHE_tower_car,false,true,true,done
TRD-2026-01298,TDMS,TDMS-01298,TRD,TRD-OHE-WIRE-RENEW,CW-PERABU-09,edge,PER-ABU-UP,,13.75,14.75,UP,defect,2026-06-05,6,major,,false,power_block,413,8,OHE_tower_car,true,true,true,done
ENG-2026-04635,TMS,TMS-04635,ENG,ENG-SLEEPER-RENEWAL,SL-MJRPON-05,edge,MJR-PON-UP,,34.71,35.00,UP,defect,2026-07-06,50,minor,,false,traffic_block,333,16,none,true,true,true,done
SNT-2026-00819,SMMS,SMMS-00819,SNT,SNT-CABLE-LAY,,edge,TKO-AJJ-SINGLE,,117.73,118.73,SINGLE,defect,2026-01-29,105,minor,,false,none,306,10,none,true,true,false,done
SNT-2026-00820,SMMS,SMMS-00820,SNT,SNT-CABLE-LAY,,edge,PER-ABU-DN,,12.35,13.35,DN,defect,2026-04-16,11,minor,,false,none,277,10,none,false,true,false,done
ENG-2026-04636,TMS,TMS-04636,ENG,ENG-BALLAST-SCREEN,BL-MSBMS-03,edge,MSB-MS-DN_SUB,,2.98,3.48,DN_SUB,overdue,2026-04-11,100,minor,,false,traffic_block,300,12,BCM,true,true,true,done
SNT-2026-00821,SMMS,SMMS-00821,SNT,SNT-POINT-REPLACE,PT-CJ-03,node,,CJ,95.82,95.82,,defect,2026-08-03,6,minor,2026-09-13,false,disconnection,223,4,none,true,false,true,done
ENG-2025-04637,TMS,TMS-04637,ENG,ENG-TAMPING,BL-AVDTI-09,edge,AVD-TI-UP,,26.53,28.53,UP,overdue,2025-10-23,191,minor,,false,traffic_block,192,10,tamper,true,true,true,done
ENG-2026-04638,TMS,TMS-04638,ENG,ENG-BALLAST-SCREEN,BL-TNPENR-04,edge,TNP-ENR-DN,,9.35,9.85,DN,overdue,2026-01-19,11,minor,2026-04-06,false,traffic_block,407,13,BCM,true,true,true,deferred
SNT-2025-00822,SMMS,SMMS-00822,SNT,SNT-SIGNAL-REPLACE,SG-ENRMJR-02,edge,ENR-MJR-DN,,22.14,22.24,DN,emergency_followup,2025-12-11,30,major,,false,disconnection,217,5,none,true,true,true,done
TRD-2026-01299,TDMS,TDMS-01299,TRD,TRD-NEUTRAL-SECTION,OHE-ABUAVD-02,edge,ABU-AVD-DN,,20.79,20.99,DN,emergency_followup,2026-05-22,80,critical,2026-06-03,true,power_block,253,6,OHE_tower_car,true,false,true,done
ENG-2026-04639,TMS,TMS-04639,ENG,ENG-RAIL-WELD,RL-ENRMJR-04,edge,ENR-MJR-DN,,21.46,22.46,DN,defect,2026-03-13,172,2,2026-04-26,false,traffic_block,244,6,none,true,false,true,done
ENG-2026-04640,TMS,TMS-04640,ENG,ENG-BALLAST-REGULATE,BL-TNPENR-04,edge,TNP-ENR-DN,,9.35,11.35,DN,routine,2026-03-15,89,major,,false,traffic_block,135,4,ballast_regulator,true,true,true,done
TRD-2026-01300,TDMS,TDMS-01300,TRD,TRD-OHE-DROPPER,CW-TRLAJJ-02,edge,TRL-AJJ-DN,,57.19,57.69,DN,overdue,2026-08-25,13,minor,2026-12-11,false,power_block,102,4,OHE_tower_car,true,false,true,pending
TRD-2025-01301,TDMS,TDMS-01301,TRD,TRD-OHE-DROPPER,CW-TRLAJJ-16,edge,TRL-AJJ-UP,,49.22,49.72,UP,routine,2025-11-20,215,minor,2026-01-21,false,power_block,68,5,OHE_tower_car,true,false,true,done
ENG-2026-04641,TMS,TMS-04641,ENG,ENG-TURNOUT-TAMP,TO-MAS-10,node,,MAS,0.00,0.00,,overdue,2026-09-03,2,major,,false,traffic_block,250,9,tamper,true,true,true,done
ENG-2025-04642,TMS,TMS-04642,ENG,ENG-USFD-TEST,RL-TITRL-17,edge,TI-TRL-UP,,41.03,42.00,UP,overdue,2025-12-12,37,3,2026-01-19,false,traffic_block,151,3,USFD_car,true,false,true,done
ENG-2026-04643,TMS,TMS-04643,ENG,ENG-RAIL-WELD,RL-WJCJ-08,edge,WJ-CJ-SINGLE,,94.09,95.09,SINGLE,defect,2026-08-10,15,3,,false,traffic_block,138,6,none,true,false,true,done
ENG-2026-04644,TMS,TMS-04644,ENG,ENG-TRACK-PATROL,,edge,ABU-AVD-DN,,18.00,20.00,DN,proactive,2026-06-24,58,minor,,false,none,121,2,none,false,false,false,done
SNT-2026-00823,SMMS,SMMS-00823,SNT,SNT-SIGNAL-LAMP,SG-MSBMS-03,edge,MSB-MS-DN_SUB,,1.66,1.76,DN_SUB,routine,2026-07-16,13,minor,,false,none,56,2,none,true,false,true,done
TRD-2026-01302,TDMS,TDMS-01302,TRD,TRD-OHE-INSULATOR,INS-TITRL-01,edge,TI-TRL-DN,,40.35,40.45,DN,defect,2026-08-25,13,minor,2026-12-16,false,power_block,107,4,OHE_tower_car,true,true,true,pending
TRD-2026-01303,TDMS,TDMS-01303,TRD,TRD-OHE-MAST,MST-MBMGI-04,edge,MBM-GI-UP_SUB,,11.60,11.80,UP_SUB,routine,2026-06-17,60,minor,2026-10-12,false,power_block,118,6,OHE_tower_car,true,true,true,done
TRD-2026-01304,TDMS,TDMS-01304,TRD,TRD-NEUTRAL-SECTION,OHE-PERABU-19,edge,PER-ABU-UP_SUB,,6.21,6.41,UP_SUB,routine,2026-08-06,32,minor,2026-09-17,false,power_block,147,6,OHE_tower_car,true,false,true,pending
ENG-2026-04645,TMS,TMS-04645,ENG,ENG-RAIL-WELD,RL-STMPV-12,edge,STM-PV-UP,,18.75,19.75,UP,defect,2026-07-23,22,3,2026-08-31,false,traffic_block,222,6,none,false,false,true,deferred
ENG-2025-04646,TMS,TMS-04646,ENG,ENG-SLEEPER-RENEWAL,SL-AVDTI-02,edge,AVD-TI-DN,,22.79,23.29,DN,defect,2025-12-19,168,minor,2026-02-10,false,traffic_block,364,16,none,true,true,true,done
TRD-2026-01305,TDMS,TDMS-01305,TRD,TRD-OHE-MAST,MST-MSMBM-02,edge,MS-MBM-DN,,6.96,7.16,DN,overdue,2026-07-24,17,minor,,false,power_block,173,7,OHE_tower_car,true,true,true,done
SNT-2025-00824,SMMS,SMMS-00824,SNT,SNT-POINT-REPLACE,PT-AJJ-12,node,,AJJ,69.00,69.00,,defect,2025-09-30,9,minor,,false,disconnection,148,4,none,true,false,true,done
TRD-2026-01306,TDMS,TDMS-01306,TRD,TRD-OHE-FAULT,OHE-TITRL-02,edge,TI-TRL-DN,,30.58,30.88,DN,defect,2026-06-25,10,major,,false,power_block,105,5,OHE_tower_car,true,true,true,done
TRD-2026-01307,TDMS,TDMS-01307,TRD,TRD-OHE-WIRE-RENEW,CW-AVDTI-07,edge,AVD-TI-UP_SUB,,25.15,26.15,UP_SUB,defect,2026-08-22,16,minor,,false,power_block,229,9,OHE_tower_car,true,true,true,pending
ENG-2026-04647,TMS,TMS-04647,ENG,ENG-TURNOUT-TAMP,TO-MAS-09,node,,MAS,0.00,0.00,,routine,2026-08-15,23,major,,false,traffic_block,181,10,tamper,true,true,true,in_progress
ENG-2025-04648,TMS,TMS-04648,ENG,ENG-RAIL-GRIND,RL-ABUAVD-10,edge,ABU-AVD-UP,,18.50,21.00,UP,overdue,2025-10-07,133,3,,false,traffic_block,244,5,rail_grinder,true,false,true,done
ENG-2025-04649,TMS,TMS-04649,ENG,ENG-DESTRESSING,RL-PVTBM-04,edge,PV-TBM-DN,,25.67,26.67,DN,proactive,2025-11-10,220,3,2026-01-16,false,traffic_block,343,10,none,true,false,true,done
TRD-2026-01308,TDMS,TDMS-01308,TRD,TRD-OHE-TENSION,OHE-MSMBM-05,edge,MS-MBM-DN_SUB,,6.37,6.67,DN_SUB,overdue,2026-06-13,21,minor,,false,power_block,143,4,OHE_tower_car,true,false,true,done
ENG-2026-04650,TMS,TMS-04650,ENG,ENG-USFD-TEST,RL-MSMBM-14,edge,MS-MBM-UP,,9.40,11.30,UP,routine,2026-04-01,80,3,,false,traffic_block,136,3,USFD_car,true,false,true,done
SNT-2026-00825,SMMS,SMMS-00825,SNT,SNT-TRACK-CIRCUIT,TC-WJCJ-06,edge,WJ-CJ-SINGLE,,82.67,83.17,SINGLE,routine,2026-08-24,13,major,2026-12-10,false,disconnection,74,3,none,true,true,true,done
ENG-2026-04651,TMS,TMS-04651,ENG,ENG-BRIDGE-REPAIR,BR-PONGPD-01,edge,PON-GPD-DN,,44.85,44.95,DN,defect,2026-06-07,24,critical,2026-06-18,true,traffic_block,415,10,none,true,true,false,deferred
SNT-2026-00826,SMMS,SMMS-00826,SNT,SNT-TRACK-CIRCUIT,TC-PVTBM-03,edge,PV-TBM-DN_SUB,,28.94,29.10,DN_SUB,routine,2026-02-18,158,minor,,false,disconnection,88,4,none,true,true,true,deferred
ENG-2026-04652,TMS,TMS-04652,ENG,ENG-TURNOUT-OVERHAUL,TO-MSB-08,node,,MSB,0.00,0.00,,overdue,2026-07-08,51,major,2026-10-22,false,traffic_block,283,13,none,true,true,true,done
ENG-2026-04653,TMS,TMS-04653,ENG,ENG-SLEEPER-RENEWAL,SL-TNPENR-02,edge,TNP-ENR-DN,,6.00,6.50,DN,emergency_followup,2026-06-23,76,major,,false,traffic_block,237,21,none,true,true,true,scheduled
ENG-2026-04654,TMS,TMS-04654,ENG,ENG-RAIL-GRIND,RL-TNPENR-01,edge,TNP-ENR-DN,,12.53,15.53,DN,routine,2026-08-08,30,2,2026-12-06,false,traffic_block,191,4,rail_grinder,true,false,true,in_progress
ENG-2025-04655,TMS,TMS-04655,ENG,ENG-TURNOUT-OVERHAUL,TO-TBM-05,node,,TBM,29.14,29.14,,routine,2025-10-21,259,minor,,false,traffic_block,279,12,none,true,true,true,done
SNT-2026-00827,SMMS,SMMS-00827,SNT,SNT-CABLE-LAY,,edge,MBM-GI-UP_SUB,,13.63,14.63,UP_SUB,proactive,2026-06-03,70,major,,false,none,289,8,none,true,true,false,done
SNT-2026-00828,SMMS,SMMS-00828,SNT,SNT-AXLE-COUNTER,AC-MSMBM-04,edge,MS-MBM-UP_SUB,,5.14,5.44,UP_SUB,routine,2026-08-16,22,major,,false,disconnection,104,3,none,true,true,true,pending
ENG-2025-04656,TMS,TMS-04656,ENG,ENG-TRACK-PATROL,,edge,STM-PV-DN,,21.51,23.10,DN,overdue,2025-09-25,187,minor,2025-11-24,false,none,122,2,none,true,false,false,done
SNT-2026-00829,SMMS,SMMS-00829,SNT,SNT-TRACK-CIRCUIT,TC-TNPENR-03,edge,TNP-ENR-DN,,10.39,10.89,DN,overdue,2026-02-05,174,minor,,false,disconnection,92,3,none,true,true,true,done
SNT-2026-00830,SMMS,SMMS-00830,SNT,SNT-POINT-REPLACE,PT-MAS-07,node,,MAS,0.00,0.00,,proactive,2026-02-20,52,minor,2026-06-02,false,disconnection,205,4,none,true,false,true,done
SNT-2025-00831,SMMS,SMMS-00831,SNT,SNT-POINT-REPLACE,PT-CGL-06,node,,CGL,59.84,59.84,,defect,2025-09-21,79,minor,,false,disconnection,143,4,none,true,false,true,deferred
TRD-2025-01309,TDMS,TDMS-01309,TRD,TRD-OHE-WIRE-RENEW,CW-ABUAVD-08,edge,ABU-AVD-UP_SUB,,16.38,17.38,UP_SUB,defect,2025-11-12,181,major,,false,power_block,242,9,OHE_tower_car,true,true,true,done
TRD-2026-01310,TDMS,TDMS-01310,TRD,TRD-OHE-DROPPER,CW-BBQPER-03,edge,BBQ-PER-UP,,2.09,2.59,UP,proactive,2026-05-07,99,minor,,false,power_block,96,4,OHE_tower_car,true,false,true,done
ENG-2026-04657,TMS,TMS-04657,ENG,ENG-DRAIN-CLEAR,,edge,GI-STM-DN,,16.22,17.10,DN,overdue,2026-08-24,8,minor,,false,none,201,7,none,true,true,false,done
ENG-2026-04658,TMS,TMS-04658,ENG,ENG-SLEEPER-RENEWAL,SL-WJCJ-04,edge,WJ-CJ-SINGLE,,88.24,88.74,SINGLE,defect,2026-07-16,52,minor,,false,traffic_block,275,19,none,false,true,true,done
ENG-2026-04659,TMS,TMS-04659,ENG,ENG-SLEEPER-RENEWAL,SL-TITRL-11,edge,TI-TRL-UP,,36.40,36.90,UP,defect,2026-07-31,38,minor,2026-09-28,false,traffic_block,348,16,none,true,true,true,pending
ENG-2026-04660,TMS,TMS-04660,ENG,ENG-DESTRESSING,RL-PERABU-01,edge,PER-ABU-DN,,5.36,6.36,DN,routine,2026-01-23,59,3,,false,traffic_block,182,12,none,true,false,true,done
ENG-2025-04661,TMS,TMS-04661,ENG,ENG-YARD-PWAY,BL-MS-02,node,,MS,4.32,4.32,,proactive,2025-12-13,160,minor,2026-04-11,false,traffic_block,189,10,none,true,true,true,done
TRD-2026-01311,TDMS,TDMS-01311,TRD,TRD-OHE-WIRE-RENEW,CW-TITRL-04,edge,TI-TRL-DN,,33.56,34.56,DN,defect,2026-03-08,23,minor,,false,power_block,237,8,OHE_tower_car,true,true,true,done
SNT-2026-00832,SMMS,SMMS-00832,SNT,SNT-POINT-REPLACE,PT-MS-08,node,,MS,4.32,4.32,,defect,2026-08-19,19,minor,,false,disconnection,178,5,none,true,false,true,in_progress
ENG-2026-04662,TMS,TMS-04662,ENG,ENG-SLEEPER-RENEWAL,SL-ABUAVD-05,edge,ABU-AVD-UP,,16.02,16.52,UP,defect,2026-08-05,33,minor,,false,traffic_block,330,17,none,true,true,true,done
ENG-2026-04663,TMS,TMS-04663,ENG,ENG-TURNOUT-TAMP,TO-MAS-12,node,,MAS,0.00,0.00,,overdue,2026-07-31,38,major,,false,traffic_block,159,10,tamper,false,true,true,in_progress
SNT-2026-00833,SMMS,SMMS-00833,SNT,SNT-SIGNAL-REPLACE,SG-TITRL-08,edge,TI-TRL-DN_SUB,,36.89,36.99,DN_SUB,defect,2026-02-08,157,major,2026-05-21,false,disconnection,242,5,none,true,true,true,done
ENG-2026-04664,TMS,TMS-04664,ENG,ENG-SLEEPER-RENEWAL,SL-MBMGI-03,edge,MBM-GI-UP,,13.62,14.12,UP,emergency_followup,2026-08-12,16,major,,false,traffic_block,357,19,none,true,true,true,done
ENG-2025-04665,TMS,TMS-04665,ENG,ENG-USFD-TEST,RL-TRLAJJ-68,edge,TRL-AJJ-UP_SUB,,46.74,54.74,UP_SUB,overdue,2025-12-04,187,2,,false,traffic_block,148,3,USFD_car,true,false,true,deferred
ENG-2026-04666,TMS,TMS-04666,ENG,ENG-TRACK-PATROL,,edge,CJ-TMLP-SINGLE,,98.62,100.62,SINGLE,routine,2026-07-09,8,major,,false,none,69,2,none,true,false,false,done
SNT-2026-00834,SMMS,SMMS-00834,SNT,SNT-TRACK-CIRCUIT,TC-MJRPON-08,edge,MJR-PON-UP,,30.92,31.42,UP,routine,2026-04-26,84,minor,,false,disconnection,129,3,none,false,true,true,deferred
ENG-2025-04667,TMS,TMS-04667,ENG,ENG-RAIL-RENEWAL,RL-MSBMS-11,edge,MSB-MS-UP_SUB,,0.48,0.98,UP_SUB,defect,2025-09-14,173,3,,false,traffic_block,402,25,none,true,true,true,done
TRD-2025-01312,TDMS,TDMS-01312,TRD,TRD-OHE-MAST,MST-TRLAJJ-08,edge,TRL-AJJ-DN,,62.03,62.23,DN,proactive,2025-09-26,268,major,,false,power_block,217,6,OHE_tower_car,true,true,true,done
TRD-2025-01313,TDMS,TDMS-01313,TRD,TRD-OHE-DROPPER,CW-MSMBM-04,edge,MS-MBM-DN_SUB,,7.50,8.00,DN_SUB,overdue,2025-10-31,141,major,,false,power_block,95,4,OHE_tower_car,true,false,true,done
ENG-2026-04668,TMS,TMS-04668,ENG,ENG-SLEEPER-RENEWAL,SL-PERABU-03,edge,PER-ABU-DN,,11.45,11.95,DN,defect,2026-05-24,40,critical,2026-06-20,true,traffic_block,323,18,none,true,true,true,done
SNT-2026-00835,SMMS,SMMS-00835,SNT,SNT-TRACK-CIRCUIT,TC-TITRL-05,edge,TI-TRL-DN,,31.02,31.52,DN,routine,2026-07-08,52,major,,false,disconnection,122,3,none,true,true,true,done
ENG-2026-04669,TMS,TMS-04669,ENG,ENG-DESTRESSING,RL-MASBBQ-02,edge,MAS-BBQ-DN_SUB,,1.86,2.00,DN_SUB,routine,2026-08-20,18,3,2026-12-13,false,traffic_block,277,12,none,true,false,true,pending
ENG-2026-04670,TMS,TMS-04670,ENG,ENG-CURVE-REALIGN,BL-ENRMJR-06,edge,ENR-MJR-UP,,23.13,23.93,UP,overdue,2026-07-23,6,minor,,false,traffic_block,149,11,tamper,true,true,true,done
ENG-2026-04671,TMS,TMS-04671,ENG,ENG-SLEEPER-RENEWAL,SL-ABUAVD-05,edge,ABU-AVD-UP,,16.02,16.52,UP,defect,2026-03-10,143,critical,2026-03-26,true,traffic_block,434,19,none,false,true,true,done
ENG-2025-04672,TMS,TMS-04672,ENG,ENG-RAIL-WELD,RL-TRLAJJ-41,edge,TRL-AJJ-UP,,46.98,47.98,UP,defect,2025-12-08,272,1,2025-12-24,true,traffic_block,181,7,none,false,false,true,done
SNT-2025-00836,SMMS,SMMS-00836,SNT,SNT-TRACK-CIRCUIT,TC-PVTBM-08,edge,PV-TBM-UP_SUB,,28.94,29.10,UP_SUB,emergency_followup,2025-11-16,232,major,,false,disconnection,89,3,none,false,true,true,cancelled
TRD-2025-01314,TDMS,TDMS-01314,TRD,TRD-OHE-DROPPER,CW-STMPV-03,edge,STM-PV-DN_SUB,,19.95,20.45,DN_SUB,routine,2025-11-30,218,minor,,false,power_block,106,4,OHE_tower_car,true,false,true,done
TRD-2026-01315,TDMS,TDMS-01315,TRD,TRD-OHE-INSULATOR,INS-AVDTI-03,edge,AVD-TI-DN_SUB,,26.54,26.64,DN_SUB,defect,2026-02-12,30,critical,2026-03-11,true,power_block,72,5,OHE_tower_car,true,true,true,done
SNT-2026-00837,SMMS,SMMS-00837,SNT,SNT-TRACK-CIRCUIT,TC-MSMBM-03,edge,MS-MBM-DN,,7.23,7.73,DN,routine,2026-01-31,192,minor,,false,disconnection,125,3,none,false,true,true,done
TRD-2025-01316,TDMS,TDMS-01316,TRD,TRD-OHE-DROPPER,CW-GISTM-04,edge,GI-STM-UP_SUB,,16.85,17.10,UP_SUB,routine,2025-10-25,263,minor,,false,power_block,82,4,OHE_tower_car,true,false,true,done
SNT-2026-00838,SMMS,SMMS-00838,SNT,SNT-AXLE-COUNTER,AC-PERABU-08,edge,PER-ABU-UP_SUB,,11.49,11.79,UP_SUB,proactive,2026-08-22,16,minor,,false,disconnection,100,3,none,true,true,true,scheduled
SNT-2026-00839,SMMS,SMMS-00839,SNT,SNT-AXLE-COUNTER,AC-MSMBM-03,edge,MS-MBM-UP,,6.48,6.78,UP,routine,2026-03-13,161,major,,false,disconnection,67,3,none,true,true,true,done
SNT-2026-00840,SMMS,SMMS-00840,SNT,SNT-POINT-SERVICE,PT-MSB-01,node,,MSB,0.00,0.00,,routine,2026-07-13,50,minor,,false,disconnection,68,3,none,true,false,true,done
TRD-2026-01317,TDMS,TDMS-01317,TRD,TRD-OHE-EARTHING,OHE-BBQTNP-01,edge,BBQ-TNP-DN,,3.39,4.39,DN,overdue,2026-02-12,53,major,,false,power_block,85,3,none,true,false,true,done
TRD-2026-01318,TDMS,TDMS-01318,TRD,TRD-OHE-MAST,MST-PERABU-13,edge,PER-ABU-UP_SUB,,5.35,5.55,UP_SUB,routine,2026-04-12,138,minor,,false,power_block,142,6,OHE_tower_car,true,true,true,done
ENG-2026-04673,TMS,TMS-04673,ENG,ENG-DRAIN-CLEAR,,edge,PON-GPD-DN,,43.95,45.45,DN,routine,2026-07-28,26,major,2026-11-17,false,none,205,6,none,true,true,false,done
SNT-2026-00841,SMMS,SMMS-00841,SNT,SNT-SIGNAL-LAMP,SG-PERABU-08,edge,PER-ABU-DN_SUB,,14.05,14.15,DN_SUB,routine,2026-07-01,61,major,2026-08-06,false,none,64,2,none,false,false,true,done
ENG-2026-04674,TMS,TMS-04674,ENG,ENG-SLEEPER-RENEWAL,SL-BBQPER-04,edge,BBQ-PER-UP_SUB,,2.90,3.40,UP_SUB,defect,2026-01-28,190,critical,2026-02-16,true,traffic_block,228,20,none,true,true,true,done
TRD-2026-01319,TDMS,TDMS-01319,TRD,TRD-OHE-INSULATOR,INS-MASBBQ-02,edge,MAS-BBQ-DN_SUB,,0.79,0.89,DN_SUB,defect,2026-03-22,47,minor,,false,power_block,126,5,OHE_tower_car,true,true,true,done
SNT-2026-00842,SMMS,SMMS-00842,SNT,SNT-TRACK-CIRCUIT,TC-MJRPON-05,edge,MJR-PON-UP,,33.08,33.58,UP,overdue,2026-08-06,5,major,,false,disconnection,128,3,none,true,true,true,done
ENG-2026-04675,TMS,TMS-04675,ENG,ENG-SLEEPER-RENEWAL,SL-TITRL-04,edge,TI-TRL-DN,,33.08,33.58,DN,defect,2026-03-11,20,minor,,false,traffic_block,276,16,none,true,true,true,done
SNT-2026-00843,SMMS,SMMS-00843,SNT,SNT-TRACK-CIRCUIT,TC-TRLAJJ-43,edge,TRL-AJJ-UP_SUB,,53.25,53.75,UP_SUB,overdue,2026-02-16,20,minor,,false,disconnection,75,3,none,true,true,true,done
SNT-2025-00844,SMMS,SMMS-00844,SNT,SNT-POINT-SERVICE,PT-AVD-07,node,,AVD,21.00,21.00,,overdue,2025-12-27,138,minor,,false,disconnection,46,3,none,false,false,true,done
ENG-2026-04676,TMS,TMS-04676,ENG,ENG-DRAIN-CLEAR,,edge,TI-TRL-DN,,30.91,32.41,DN,routine,2026-04-11,30,minor,2026-05-19,false,none,169,6,none,true,true,false,done
SNT-2026-00845,SMMS,SMMS-00845,SNT,SNT-SIGNAL-LAMP,SG-TRLAJJ-25,edge,TRL-AJJ-UP,,49.56,49.66,UP,overdue,2026-09-02,5,minor,2026-12-07,false,none,35,2,none,true,false,true,in_progress
SNT-2026-00846,SMMS,SMMS-00846,SNT,SNT-POINT-SERVICE,PT-MAS-06,node,,MAS,0.00,0.00,,overdue,2026-09-03,4,critical,2026-09-30,true,disconnection,81,3,none,true,false,true,in_progress
ENG-2026-04677,TMS,TMS-04677,ENG,ENG-TURNOUT-OVERHAUL,TO-TBM-02,node,,TBM,29.14,29.14,,routine,2026-01-20,53,major,,false,traffic_block,238,15,none,true,true,true,done
TRD-2025-01320,TDMS,TDMS-01320,TRD,TRD-OHE-DROPPER,CW-TRLAJJ-13,edge,TRL-AJJ-DN_SUB,,60.67,61.17,DN_SUB,routine,2025-11-04,295,major,,false,power_block,75,4,OHE_tower_car,true,false,true,done
SNT-2026-00847,SMMS,SMMS-00847,SNT,SNT-POINT-SERVICE,PT-AJJ-05,node,,AJJ,69.00,69.00,,overdue,2026-05-27,52,major,,false,disconnection,77,3,none,true,false,true,deferred
ENG-2026-04678,TMS,TMS-04678,ENG,ENG-DRAIN-CLEAR,,edge,MS-MBM-UP,,10.99,11.30,UP,routine,2026-05-29,49,minor,2026-07-03,false,none,155,7,none,true,true,false,done
ENG-2026-04679,TMS,TMS-04679,ENG,ENG-RAIL-GRIND,RL-TRLAJJ-12,edge,TRL-AJJ-DN,,48.42,51.42,DN,overdue,2026-08-27,11,3,2026-09-29,false,traffic_block,228,4,rail_grinder,true,false,true,pending
TRD-2026-01321,TDMS,TDMS-01321,TRD,TRD-OHE-MAST,MST-TRLAJJ-22,edge,TRL-AJJ-DN_SUB,,47.84,48.04,DN_SUB,overdue,2026-06-26,56,critical,2026-07-25,true,power_block,119,7,OHE_tower_car,false,true,true,done
ENG-2026-04680,TMS,TMS-04680,ENG,ENG-RAIL-GRIND,RL-TITRL-13,edge,TI-TRL-DN_SUB,,31.54,34.54,DN_SUB,routine,2026-05-30,6,2,2026-08-04,false,traffic_block,228,5,rail_grinder,true,false,true,done
ENG-2026-04681,TMS,TMS-04681,ENG,ENG-TAMPING,BL-MJRPON-04,edge,MJR-PON-UP,,33.79,35.00,UP,routine,2026-03-11,33,minor,,false,traffic_block,214,10,tamper,true,true,true,deferred
ENG-2026-04682,TMS,TMS-04682,ENG,ENG-BRIDGE-REPAIR,BR-PERABU-01,edge,PER-ABU-DN,,12.19,12.29,DN,defect,2026-02-15,56,minor,,false,traffic_block,410,11,none,true,true,false,done
ENG-2026-04683,TMS,TMS-04683,ENG,ENG-RAIL-GRIND,RL-AVDTI-04,edge,AVD-TI-DN,,28.21,29.00,DN,overdue,2026-06-14,63,1,2026-06-22,true,traffic_block,221,4,rail_grinder,true,false,true,done
ENG-2026-04684,TMS,TMS-04684,ENG,ENG-BRIDGE-INSP,BR-CJTMLP-01,edge,CJ-TMLP-SINGLE,,106.29,106.39,SINGLE,routine,2026-08-30,8,minor,,false,traffic_block,103,4,none,false,true,false,in_progress
ENG-2026-04685,TMS,TMS-04685,ENG,ENG-SLEEPER-RENEWAL,SL-MBMGI-04,edge,MBM-GI-UP_SUB,,11.80,12.30,UP_SUB,defect,2026-08-07,31,major,2026-09-13,false,traffic_block,409,19,none,true,true,true,pending
ENG-2026-04686,TMS,TMS-04686,ENG,ENG-TURNOUT-TAMP,TO-BBQ-10,node,,BBQ,2.00,2.00,,overdue,2026-07-01,19,minor,,false,traffic_block,226,8,tamper,true,true,true,done
TRD-2026-01322,TDMS,TDMS-01322,TRD,TRD-OHE-DROPPER,CW-PERABU-10,edge,PER-ABU-UP_SUB,,12.55,13.05,UP_SUB,routine,2026-05-15,87,minor,,false,power_block,80,4,OHE_tower_car,true,false,true,done
TRD-2026-01323,TDMS,TDMS-01323,TRD,TRD-OHE-INSULATOR,INS-TRLAJJ-03,edge,TRL-AJJ-DN,,62.17,62.27,DN,defect,2026-04-16,10,major,,false,power_block,103,4,OHE_tower_car,true,true,true,done
ENG-2025-04687,TMS,TMS-04687,ENG,ENG-RAIL-GRIND,RL-BBQTNP-02,edge,BBQ-TNP-DN,,3.73,5.00,DN,routine,2025-10-10,49,3,,false,traffic_block,194,4,rail_grinder,true,false,true,done
ENG-2026-04688,TMS,TMS-04688,ENG,ENG-RAIL-GRIND,RL-MJRPON-12,edge,MJR-PON-UP,,33.16,35.00,UP,routine,2026-02-15,173,3,,false,traffic_block,183,4,rail_grinder,true,false,true,done
SNT-2026-00848,SMMS,SMMS-00848,SNT,SNT-TRACK-CIRCUIT,TC-PONGPD-09,edge,PON-GPD-UP,,39.46,39.96,UP,proactive,2026-01-28,73,major,2026-04-04,false,disconnection,117,3,none,false,true,true,done
ENG-2026-04689,TMS,TMS-04689,ENG,ENG-USFD-TEST,RL-TRLAJJ-46,edge,TRL-AJJ-UP,,67.45,68.50,UP,proactive,2026-03-15,96,3,2026-06-06,false,traffic_block,94,3,USFD_car,true,false,true,done
SNT-2026-00849,SMMS,SMMS-00849,SNT,SNT-CABLE-LAY,,edge,PON-GPD-UP,,42.34,43.34,UP,defect,2026-03-16,104,major,,false,none,275,9,none,true,true,false,done
ENG-2026-04690,TMS,TMS-04690,ENG,ENG-TURNOUT-TAMP,TO-MSB-02,node,,MSB,0.00,0.00,,overdue,2026-08-20,18,minor,2026-12-08,false,traffic_block,236,8,tamper,true,true,true,scheduled
TRD-2025-01324,TDMS,TDMS-01324,TRD,TRD-OHE-EARTHING,OHE-TRLAJJ-39,edge,TRL-AJJ-UP,,65.02,66.02,UP,routine,2025-09-25,201,critical,2025-10-14,true,power_block,76,3,none,true,false,true,done
TRD-2026-01325,TDMS,TDMS-01325,TRD,TRD-OHE-MAST,MST-WJCJ-02,edge,WJ-CJ-SINGLE,,93.13,93.33,SINGLE,routine,2026-03-07,128,minor,,false,power_block,142,6,OHE_tower_car,true,true,true,done
ENG-2025-04691,TMS,TMS-04691,ENG,ENG-TURNOUT-TAMP,TO-TBM-09,node,,TBM,29.14,29.14,,routine,2025-10-19,187,minor,,false,traffic_block,180,9,tamper,false,true,true,done
ENG-2026-04692,TMS,TMS-04692,ENG,ENG-RAIL-GRIND,RL-AVDTI-16,edge,AVD-TI-UP_SUB,,24.02,27.02,UP_SUB,overdue,2026-08-31,5,2,,false,traffic_block,223,4,rail_grinder,true,false,true,done
SNT-2026-00850,SMMS,SMMS-00850,SNT,SNT-POINT-SERVICE,PT-PER-02,node,,PER,5.00,5.00,,overdue,2026-04-11,135,minor,,false,disconnection,61,3,none,true,false,true,done
ENG-2025-04693,TMS,TMS-04693,ENG,ENG-YARD-PWAY,BL-TNP-03,node,,TNP,5.00,5.00,,emergency_followup,2025-10-12,190,major,,false,traffic_block,185,8,none,false,true,true,done
ENG-2026-04694,TMS,TMS-04694,ENG,ENG-TURNOUT-TAMP,TO-AVD-05,node,,AVD,21.00,21.00,,overdue,2026-07-14,55,minor,,false,traffic_block,154,8,tamper,true,true,true,pending
TRD-2026-01326,TDMS,TDMS-01326,TRD,TRD-OHE-EARTHING,OHE-BBQPER-08,edge,BBQ-PER-UP_SUB,,4.27,5.00,UP_SUB,overdue,2026-02-10,57,critical,2026-03-07,true,power_block,62,3,none,true,false,true,done
ENG-2026-04695,TMS,TMS-04695,ENG,ENG-SLEEPER-RENEWAL,SL-CJTMLP-01,edge,CJ-TMLP-SINGLE,,101.36,101.86,SINGLE,defect,2026-01-09,241,major,,false,traffic_block,381,16,none,true,true,true,done
SNT-2026-00851,SMMS,SMMS-00851,SNT,SNT-SIGNAL-REPLACE,SG-WJCJ-03,edge,WJ-CJ-SINGLE,,90.67,90.77,SINGLE,defect,2026-01-10,87,major,,false,disconnection,150,6,none,true,true,true,done
ENG-2026-04696,TMS,TMS-04696,ENG,ENG-SLEEPER-RENEWAL,SL-TITRL-12,edge,TI-TRL-UP,,35.59,36.09,UP,defect,2026-02-25,143,minor,,false,traffic_block,347,17,none,true,true,true,done
ENG-2026-04697,TMS,TMS-04697,ENG,ENG-TURNOUT-TAMP,TO-MSB-02,node,,MSB,0.00,0.00,,overdue,2026-07-16,22,critical,2026-08-13,true,traffic_block,177,10,tamper,true,true,true,done
SNT-2026-00852,SMMS,SMMS-00852,SNT,SNT-CABLE-LAY,,edge,GI-STM-DN,,16.18,17.10,DN,defect,2026-02-17,3,minor,,false,none,207,9,none,true,true,false,done
SNT-2026-00853,SMMS,SMMS-00853,SNT,SNT-SIGNAL-REPLACE,SG-MSMBM-01,edge,MS-MBM-DN,,8.97,9.07,DN,defect,2026-07-23,46,minor,,false,disconnection,135,5,none,true,true,true,pending
SNT-2026-00854,SMMS,SMMS-00854,SNT,SNT-SIGNAL-LAMP,SG-AVDTI-02,edge,AVD-TI-DN,,24.85,24.95,DN,overdue,2026-06-05,13,major,,false,none,34,2,none,true,false,true,deferred
SNT-2026-00855,SMMS,SMMS-00855,SNT,SNT-TRACK-CIRCUIT,TC-MSBMS-04,edge,MSB-MS-DN_SUB,,3.21,3.71,DN_SUB,routine,2026-06-14,64,minor,,false,disconnection,78,3,none,false,true,true,cancelled
ENG-2026-04698,TMS,TMS-04698,ENG,ENG-RAIL-RENEWAL,RL-TRLAJJ-12,edge,TRL-AJJ-DN,,48.42,48.92,DN,proactive,2026-05-27,23,3,,false,traffic_block,486,25,none,true,true,true,done
ENG-2026-04699,TMS,TMS-04699,ENG,ENG-RAIL-WELD,RL-AVDTI-10,edge,AVD-TI-DN_SUB,,27.78,28.78,DN_SUB,defect,2026-01-29,61,1,2026-02-19,true,traffic_block,238,7,none,true,false,true,done
SNT-2026-00856,SMMS,SMMS-00856,SNT,SNT-POINT-SERVICE,PT-TNP-05,node,,TNP,5.00,5.00,,overdue,2026-07-18,51,major,,false,disconnection,46,3,none,true,false,true,pending
ENG-2026-04700,TMS,TMS-04700,ENG,ENG-SLEEPER-RENEWAL,SL-MASBBQ-01,edge,MAS-BBQ-DN,,1.36,1.86,DN,proactive,2026-08-27,5,minor,,false,traffic_block,337,18,none,true,true,true,done
SNT-2026-00857,SMMS,SMMS-00857,SNT,SNT-SIGNAL-REPLACE,SG-TRLAJJ-04,edge,TRL-AJJ-DN,,64.28,64.38,DN,defect,2026-04-16,54,major,,false,disconnection,211,5,none,true,true,true,cancelled
ENG-2026-04701,TMS,TMS-04701,ENG,ENG-USFD-TEST,RL-TKOAJJ-01,edge,TKO-AJJ-SINGLE,,120.68,127.80,SINGLE,routine,2026-05-11,19,1,2026-05-22,true,traffic_block,132,3,USFD_car,true,false,true,done
ENG-2025-04702,TMS,TMS-04702,ENG,ENG-RAIL-GRIND,RL-TNPENR-11,edge,TNP-ENR-UP,,7.41,10.41,UP,overdue,2025-11-20,44,1,2025-12-06,true,traffic_block,250,4,rail_grinder,true,false,true,done
SNT-2026-00858,SMMS,SMMS-00858,SNT,SNT-CABLE-LAY,,edge,AVD-TI-DN_SUB,,26.85,27.85,DN_SUB,proactive,2026-07-24,26,minor,2026-10-03,false,none,189,10,none,true,true,false,done
SNT-2026-00859,SMMS,SMMS-00859,SNT,SNT-SIGNAL-REPLACE,SG-TITRL-18,edge,TI-TRL-UP_SUB,,31.03,31.13,UP_SUB,defect,2026-05-13,58,critical,2026-06-06,true,disconnection,229,6,none,true,true,true,done
TRD-2026-01327,TDMS,TDMS-01327,TRD,TRD-NEUTRAL-SECTION,OHE-TITRL-11,edge,TI-TRL-DN_SUB,,29.67,29.87,DN_SUB,overdue,2026-08-06,32,minor,,false,power_block,220,7,OHE_tower_car,false,false,true,pending
SNT-2026-00860,SMMS,SMMS-00860,SNT,SNT-AXLE-COUNTER,AC-BBQPER-04,edge,BBQ-PER-UP_SUB,,2.65,2.95,UP_SUB,proactive,2026-08-29,9,major,,false,disconnection,72,3,none,true,true,true,pending
ENG-2026-04703,TMS,TMS-04703,ENG,ENG-SLEEPER-RENEWAL,SL-MBMGI-03,edge,MBM-GI-UP,,13.62,14.12,UP,defect,2026-08-05,33,minor,2026-11-25,false,traffic_block,358,17,none,true,true,true,in_progress
SNT-2026-00861,SMMS,SMMS-00861,SNT,SNT-AXLE-COUNTER,AC-TITRL-09,edge,TI-TRL-UP,,39.42,39.72,UP,routine,2026-08-10,11,major,,false,disconnection,104,3,none,true,true,true,done
SNT-2026-00862,SMMS,SMMS-00862,SNT,SNT-TRACK-CIRCUIT,TC-MASBBQ-03,edge,MAS-BBQ-UP,,1.05,1.55,UP,proactive,2026-01-02,159,minor,,false,disconnection,89,3,none,true,true,true,done
ENG-2026-04704,TMS,TMS-04704,ENG,ENG-RAIL-WELD,RL-BBQPER-07,edge,BBQ-PER-UP_SUB,,3.03,4.03,UP_SUB,defect,2026-02-03,165,3,,false,traffic_block,148,7,none,true,false,true,done
ENG-2025-04705,TMS,TMS-04705,ENG,ENG-BRIDGE-INSP,BR-TITRL-01,edge,TI-TRL-DN,,39.50,39.60,DN,proactive,2025-09-24,1,major,,false,traffic_block,83,4,none,true,true,false,done
ENG-2025-04706,TMS,TMS-04706,ENG,ENG-RAIL-WELD,RL-TITRL-24,edge,TI-TRL-UP,,32.06,33.06,UP,defect,2025-11-15,254,1,2025-11-22,true,traffic_block,199,6,none,false,false,true,cancelled
ENG-2025-04707,TMS,TMS-04707,ENG,ENG-SLEEPER-RENEWAL,SL-TRLAJJ-24,edge,TRL-AJJ-UP,,60.67,61.17,UP,defect,2025-12-26,76,critical,2026-01-07,true,traffic_block,376,19,none,false,true,true,done
TRD-2025-01328,TDMS,TDMS-01328,TRD,TRD-OHE-MAST,MST-MSBMS-02,edge,MSB-MS-DN,,2.93,3.13,DN,overdue,2025-10-01,169,minor,,false,power_block,124,6,OHE_tower_car,false,true,true,cancelled
TRD-2025-01329,TDMS,TDMS-01329,TRD,TRD-OHE-DROPPER,CW-TRLAJJ-25,edge,TRL-AJJ-UP_SUB,,58.74,59.24,UP_SUB,overdue,2025-12-31,59,major,,false,power_block,113,5,OHE_tower_car,true,false,true,done
ENG-2025-04708,TMS,TMS-04708,ENG,ENG-SLEEPER-RENEWAL,SL-MSBMS-03,edge,MSB-MS-DN_SUB,,3.92,4.30,DN_SUB,defect,2025-12-13,239,minor,,false,traffic_block,369,18,none,true,true,true,done
ENG-2025-04709,TMS,TMS-04709,ENG,ENG-SLEEPER-RENEWAL,SL-MSBMS-06,edge,MSB-MS-UP,,0.36,0.86,UP,defect,2025-11-16,273,major,,false,traffic_block,408,21,none,false,true,true,done
TRD-2026-01330,TDMS,TDMS-01330,TRD,TRD-OHE-INSULATOR,INS-MBMGI-04,edge,MBM-GI-UP_SUB,,14.46,14.56,UP_SUB,defect,2026-01-07,86,minor,2026-03-15,false,power_block,125,4,OHE_tower_car,true,true,true,done
SNT-2026-00863,SMMS,SMMS-00863,SNT,SNT-SIGNAL-REPLACE,SG-TKOAJJ-01,edge,TKO-AJJ-SINGLE,,122.60,122.70,SINGLE,defect,2026-04-02,42,minor,2026-07-08,false,disconnection,187,6,none,true,true,true,done
ENG-2026-04710,TMS,TMS-04710,ENG,ENG-TURNOUT-OVERHAUL,TO-MAS-01,node,,MAS,0.00,0.00,,overdue,2026-02-13,15,minor,,false,traffic_block,373,14,none,false,true,true,done
ENG-2025-04711,TMS,TMS-04711,ENG,ENG-RAIL-RENEWAL,RL-MASBBQ-01,edge,MAS-BBQ-DN,,1.06,1.56,DN,defect,2025-10-18,163,2,2025-11-21,false,traffic_block,271,25,none,true,true,true,done
ENG-2025-04712,TMS,TMS-04712,ENG,ENG-TURNOUT-OVERHAUL,TO-AVD-05,node,,AVD,21.00,21.00,,routine,2025-12-04,107,minor,2026-01-20,false,traffic_block,273,15,none,true,true,true,done
ENG-2026-04713,TMS,TMS-04713,ENG,ENG-TURNOUT-TAMP,TO-MSB-10,node,,MSB,0.00,0.00,,routine,2026-08-31,3,minor,2026-11-16,false,traffic_block,135,9,tamper,true,true,true,done
ENG-2026-04714,TMS,TMS-04714,ENG,ENG-TURNOUT-TAMP,TO-ENR-01,node,,ENR,16.00,16.00,,overdue,2026-02-12,27,minor,,false,traffic_block,210,8,tamper,true,true,true,done
ENG-2025-04715,TMS,TMS-04715,ENG,ENG-SLEEPER-RENEWAL,SL-MJRPON-01,edge,MJR-PON-DN,,27.59,28.09,DN,emergency_followup,2025-12-03,68,major,2026-03-30,false,traffic_block,274,19,none,false,true,true,done
TRD-2025-01331,TDMS,TDMS-01331,TRD,TRD-OHE-MAST,MST-TITRL-17,edge,TI-TRL-UP_SUB,,30.95,31.15,UP_SUB,routine,2025-12-06,198,major,,false,power_block,119,6,OHE_tower_car,true,true,true,done
TRD-2026-01332,TDMS,TDMS-01332,TRD,TRD-OHE-WIRE-RENEW,CW-PONGPD-06,edge,PON-GPD-UP,,46.42,47.00,UP,defect,2026-08-29,8,minor,,false,power_block,308,10,OHE_tower_car,true,true,true,done
ENG-2025-04716,TMS,TMS-04716,ENG,ENG-SLEEPER-RENEWAL,SL-PERABU-12,edge,PER-ABU-UP,,14.09,14.59,UP,defect,2025-09-19,1,major,,false,traffic_block,342,19,none,true,true,true,done
SNT-2025-00864,SMMS,SMMS-00864,SNT,SNT-INTERLOCK-TEST,IL-TBM-01,node,,TBM,29.14,29.14,,defect,2025-10-22,303,major,,false,disconnection,267,6,none,true,false,true,done
ENG-2026-04717,TMS,TMS-04717,ENG,ENG-TURNOUT-OVERHAUL,TO-MSB-06,node,,MSB,0.00,0.00,,routine,2026-02-07,12,minor,,false,traffic_block,234,15,none,true,true,true,done
SNT-2026-00865,SMMS,SMMS-00865,SNT,SNT-TRACK-CIRCUIT,TC-GISTM-03,edge,GI-STM-UP,,16.57,17.07,UP,overdue,2026-01-03,55,major,,false,disconnection,93,3,none,true,true,true,done
ENG-2026-04718,TMS,TMS-04718,ENG,ENG-TURNOUT-OVERHAUL,TO-TRL-02,node,,TRL,42.00,42.00,,routine,2026-06-15,51,minor,,false,traffic_block,345,12,none,true,true,true,done
ENG-2025-04719,TMS,TMS-04719,ENG,ENG-SLEEPER-RENEWAL,SL-GISTM-04,edge,GI-STM-UP_SUB,,15.17,15.67,UP_SUB,defect,2025-11-30,93,minor,,false,traffic_block,251,18,none,true,true,true,done
ENG-2026-04720,TMS,TMS-04720,ENG,ENG-RAIL-RENEWAL,RL-PERABU-15,edge,PER-ABU-UP,,10.36,10.86,UP,defect,2026-07-28,4,IMDT,2026-07-30,true,traffic_block,417,21,none,true,true,true,done
SNT-2026-00866,SMMS,SMMS-00866,SNT,SNT-TRACK-CIRCUIT,TC-MSMBM-02,edge,MS-MBM-DN,,11.11,11.30,DN,overdue,2026-03-15,38,minor,,false,disconnection,113,3,none,true,true,true,done
SNT-2026-00867,SMMS,SMMS-00867,SNT,SNT-SIGNAL-LAMP,SG-TRLAJJ-08,edge,TRL-AJJ-DN,,66.16,66.26,DN,overdue,2026-03-26,123,minor,,false,none,60,2,none,true,false,true,done
ENG-2025-04721,TMS,TMS-04721,ENG,ENG-DRAIN-CLEAR,,edge,MS-MBM-DN,,9.28,10.78,DN,overdue,2025-10-06,224,major,,false,none,143,7,none,true,true,false,deferred
ENG-2025-04722,TMS,TMS-04722,ENG,ENG-BALLAST-SCREEN,BL-STMPV-01,edge,STM-PV-DN,,19.72,20.22,DN,overdue,2025-12-01,31,major,2026-02-08,false,traffic_block,380,15,BCM,true,true,true,done
ENG-2025-04723,TMS,TMS-04723,ENG,ENG-TURNOUT-TAMP,TO-AJJ-04,node,,AJJ,69.00,69.00,,overdue,2025-10-09,160,major,,false,traffic_block,238,9,tamper,true,true,true,done
SNT-2026-00868,SMMS,SMMS-00868,SNT,SNT-TRACK-CIRCUIT,TC-MSBMS-04,edge,MSB-MS-DN_SUB,,3.21,3.71,DN_SUB,overdue,2026-02-12,125,minor,2026-04-21,false,disconnection,92,3,none,false,true,true,done
SNT-2026-00869,SMMS,SMMS-00869,SNT,SNT-SIGNAL-LAMP,SG-AVDTI-03,edge,AVD-TI-DN,,22.99,23.09,DN,routine,2026-03-29,17,major,,false,none,34,2,none,true,false,true,done
SNT-2026-00870,SMMS,SMMS-00870,SNT,SNT-POINT-REPLACE,PT-MSB-02,node,,MSB,0.00,0.00,,defect,2026-03-21,80,minor,,false,disconnection,215,4,none,true,false,true,done
SNT-2025-00871,SMMS,SMMS-00871,SNT,SNT-TRACK-CIRCUIT,TC-MSMBM-06,edge,MS-MBM-DN_SUB,,8.12,8.62,DN_SUB,routine,2025-11-30,219,minor,,false,disconnection,71,4,none,true,true,true,done
ENG-2026-04724,TMS,TMS-04724,ENG,ENG-RAIL-RENEWAL,RL-TRLAJJ-45,edge,TRL-AJJ-UP,,52.47,52.97,UP,defect,2026-07-10,3,3,2026-09-23,false,traffic_block,479,23,none,true,true,true,done
SNT-2026-00872,SMMS,SMMS-00872,SNT,SNT-AXLE-COUNTER,AC-TITRL-06,edge,TI-TRL-DN_SUB,,33.33,33.63,DN_SUB,overdue,2026-08-14,24,critical,2026-08-25,true,disconnection,82,3,none,true,true,true,scheduled
ENG-2026-04725,TMS,TMS-04725,ENG,ENG-SLEEPER-RENEWAL,SL-TRLAJJ-05,edge,TRL-AJJ-DN,,55.82,56.32,DN,defect,2026-05-25,28,major,,false,traffic_block,255,16,none,true,true,true,done
SNT-2026-00873,SMMS,SMMS-00873,SNT,SNT-TRACK-CIRCUIT,TC-PERABU-04,edge,PER-ABU-DN,,7.68,8.18,DN,routine,2026-08-29,9,major,2026-11-06,false,disconnection,113,3,none,true,true,true,scheduled
SNT-2026-00874,SMMS,SMMS-00874,SNT,SNT-TRACK-CIRCUIT,TC-GISTM-04,edge,GI-STM-UP_SUB,,15.48,15.98,UP_SUB,proactive,2026-08-29,9,major,,false,disconnection,112,4,none,true,true,true,pending
ENG-2025-04726,TMS,TMS-04726,ENG,ENG-TURNOUT-TAMP,TO-MSB-05,node,,MSB,0.00,0.00,,overdue,2025-11-25,270,minor,,false,traffic_block,241,8,tamper,true,true,true,done
ENG-2026-04727,TMS,TMS-04727,ENG,ENG-SLEEPER-RENEWAL,SL-PVTBM-04,edge,PV-TBM-DN_SUB,,24.48,24.98,DN_SUB,defect,2026-08-07,31,minor,,false,traffic_block,425,16,none,true,true,true,in_progress
ENG-2026-04728,TMS,TMS-04728,ENG,ENG-DESTRESSING,RL-MSMBM-15,edge,MS-MBM-UP,,5.90,6.90,UP,emergency_followup,2026-07-28,41,2,2026-09-27,false,traffic_block,221,13,none,true,false,true,pending
ENG-2025-04729,TMS,TMS-04729,ENG,ENG-TURNOUT-OVERHAUL,TO-TRL-05,node,,TRL,42.00,42.00,,emergency_followup,2025-09-20,153,critical,2025-10-20,true,traffic_block,293,15,none,true,true,true,done
SNT-2026-00875,SMMS,SMMS-00875,SNT,SNT-POINT-REPLACE,PT-MSB-04,node,,MSB,0.00,0.00,,defect,2026-05-06,39,minor,2026-07-28,false,disconnection,243,4,none,true,false,true,done
ENG-2025-04730,TMS,TMS-04730,ENG,ENG-BALLAST-REGULATE,BL-BBQTNP-02,edge,BBQ-TNP-UP,,3.39,5.00,UP,routine,2025-11-27,56,minor,2026-01-24,false,traffic_block,133,5,ballast_regulator,true,true,true,done
ENG-2026-04731,TMS,TMS-04731,ENG,ENG-TURNOUT-TAMP,TO-MS-07,node,,MS,4.32,4.32,,routine,2026-08-13,25,major,,false,traffic_block,142,9,tamper,true,true,true,pending
ENG-2026-04732,TMS,TMS-04732,ENG,ENG-BRIDGE-INSP,BR-PONGPD-01,edge,PON-GPD-DN,,44.85,44.95,DN,routine,2026-04-27,35,minor,,false,traffic_block,120,5,none,true,true,false,done
ENG-2026-04733,TMS,TMS-04733,ENG,ENG-RAIL-RENEWAL,RL-PONGPD-06,edge,PON-GPD-DN,,36.13,36.63,DN,defect,2026-07-25,15,3,,false,traffic_block,322,23,none,false,true,true,done
SNT-2026-00876,SMMS,SMMS-00876,SNT,SNT-TRACK-CIRCUIT,TC-GISTM-04,edge,GI-STM-UP_SUB,,15.48,15.98,UP_SUB,overdue,2026-07-09,60,minor,2026-10-02,false,disconnection,78,3,none,true,true,true,scheduled
ENG-2026-04734,TMS,TMS-04734,ENG,ENG-SLEEPER-RENEWAL,SL-ABUAVD-01,edge,ABU-AVD-DN,,20.06,20.56,DN,defect,2026-02-26,66,minor,,false,traffic_block,427,19,none,true,true,true,deferred
TRD-2025-01333,TDMS,TDMS-01333,TRD,TRD-OHE-MAST,MST-AVDTI-05,edge,AVD-TI-DN_SUB,,22.37,22.57,DN_SUB,routine,2025-10-12,104,minor,2025-12-19,false,power_block,181,6,OHE_tower_car,true,true,true,done
ENG-2025-04735,TMS,TMS-04735,ENG,ENG-SLEEPER-RENEWAL,SL-TRLAJJ-09,edge,TRL-AJJ-DN,,44.76,45.26,DN,defect,2025-12-13,235,minor,,false,traffic_block,272,20,none,true,true,true,deferred
ENG-2026-04736,TMS,TMS-04736,ENG,ENG-RAIL-WELD,RL-AVDTI-16,edge,AVD-TI-UP_SUB,,24.02,25.02,UP_SUB,emergency_followup,2026-09-04,3,IMDT,2026-09-06,true,traffic_block,185,7,none,true,false,true,done
SNT-2026-00877,SMMS,SMMS-00877,SNT,SNT-SIGNAL-LAMP,SG-TITRL-18,edge,TI-TRL-UP_SUB,,31.03,31.13,UP_SUB,overdue,2026-06-29,70,major,,false,none,50,2,none,true,false,true,pending
ENG-2025-04737,TMS,TMS-04737,ENG,ENG-BALLAST-SCREEN,BL-TMLPTKO-02,edge,TMLP-TKO-SINGLE,,109.96,110.46,SINGLE,overdue,2025-09-10,117,minor,2025-12-24,false,traffic_block,418,15,BCM,true,true,true,done
ENG-2025-04738,TMS,TMS-04738,ENG,ENG-YARD-PWAY,BL-PER-01,node,,PER,5.00,5.00,,overdue,2025-10-21,162,minor,,false,traffic_block,166,9,none,true,true,true,done
ENG-2026-04739,TMS,TMS-04739,ENG,ENG-USFD-TEST,RL-PERABU-09,edge,PER-ABU-DN_SUB,,12.23,15.00,DN_SUB,overdue,2026-05-20,100,3,,false,traffic_block,134,3,USFD_car,true,false,true,done
TRD-2026-01334,TDMS,TDMS-01334,TRD,TRD-OHE-INSULATOR,INS-TITRL-10,edge,TI-TRL-UP_SUB,,29.81,29.91,UP_SUB,defect,2026-07-25,18,major,,false,power_block,75,5,OHE_tower_car,false,true,true,done
SNT-2025-00878,SMMS,SMMS-00878,SNT,SNT-SIGNAL-LAMP,SG-ENRMJR-03,edge,ENR-MJR-DN,,21.31,21.41,DN,routine,2025-11-27,243,major,,false,none,47,2,none,true,false,true,done
ENG-2026-04740,TMS,TMS-04740,ENG,ENG-SLEEPER-RENEWAL,SL-TITRL-04,edge,TI-TRL-DN,,33.08,33.58,DN,emergency_followup,2026-02-16,173,major,,false,traffic_block,260,18,none,true,true,true,done
ENG-2026-04741,TMS,TMS-04741,ENG,ENG-SLEEPER-RENEWAL,SL-TRLAJJ-11,edge,TRL-AJJ-DN_SUB,,48.60,49.10,DN_SUB,defect,2026-02-05,71,minor,,false,traffic_block,382,20,none,true,true,true,done
SNT-2026-00879,SMMS,SMMS-00879,SNT,SNT-SIGNAL-REPLACE,SG-TRLAJJ-15,edge,TRL-AJJ-DN_SUB,,57.24,57.34,DN_SUB,defect,2026-05-12,95,major,,false,disconnection,175,6,none,true,true,true,done
ENG-2026-04742,TMS,TMS-04742,ENG,ENG-DESTRESSING,RL-PVTBM-14,edge,PV-TBM-UP_SUB,,24.15,25.15,UP_SUB,emergency_followup,2026-08-28,10,2,,false,traffic_block,312,13,none,true,false,true,in_progress
SNT-2026-00880,SMMS,SMMS-00880,SNT,SNT-SIGNAL-LAMP,SG-PERABU-03,edge,PER-ABU-DN,,10.83,10.93,DN,overdue,2026-07-23,6,major,,false,none,44,2,none,true,false,true,done
ENG-2026-04743,TMS,TMS-04743,ENG,ENG-SLEEPER-RENEWAL,SL-ENRMJR-08,edge,ENR-MJR-UP,,20.39,20.89,UP,defect,2026-09-04,2,minor,2026-10-08,false,traffic_block,228,17,none,true,true,true,done
TRD-2026-01335,TDMS,TDMS-01335,TRD,TRD-OHE-WIRE-RENEW,CW-PVTBM-06,edge,PV-TBM-UP,,26.98,27.98,UP,defect,2026-08-01,37,minor,,false,power_block,232,10,OHE_tower_car,true,true,true,in_progress
ENG-2026-04744,TMS,TMS-04744,ENG,ENG-RAIL-GRIND,RL-BBQPER-01,edge,BBQ-PER-DN,,3.01,5.00,DN,overdue,2026-05-26,75,1,2026-06-04,true,traffic_block,136,4,rail_grinder,true,false,true,done
SNT-2026-00881,SMMS,SMMS-00881,SNT,SNT-SIGNAL-REPLACE,SG-PERABU-04,edge,PER-ABU-DN,,13.34,13.44,DN,defect,2026-06-03,55,critical,2026-07-01,true,disconnection,187,6,none,true,true,true,done
ENG-2026-04745,TMS,TMS-04745,ENG,ENG-CURVE-REALIGN,BL-WJCJ-05,edge,WJ-CJ-SINGLE,,82.55,83.35,SINGLE,routine,2026-08-14,4,major,,false,traffic_block,148,12,tamper,true,true,true,done
ENG-2025-04746,TMS,TMS-04746,ENG,ENG-SLEEPER-RENEWAL,SL-MJRPON-01,edge,MJR-PON-DN,,27.59,28.09,DN,defect,2025-10-03,117,major,,false,traffic_block,395,17,none,true,true,true,cancelled
TRD-2026-01336,TDMS,TDMS-01336,TRD,TRD-OHE-INSULATOR,INS-AVDTI-02,edge,AVD-TI-DN,,27.85,27.95,DN,emergency_followup,2026-07-21,48,major,,false,power_block,99,4,OHE_tower_car,false,true,true,in_progress
SNT-2026-00882,SMMS,SMMS-00882,SNT,SNT-SIGNAL-LAMP,SG-ENRMJR-05,edge,ENR-MJR-UP,,17.56,17.66,UP,proactive,2026-08-27,11,minor,,false,none,63,2,none,true,false,true,scheduled
SNT-2025-00883,SMMS,SMMS-00883,SNT,SNT-AXLE-COUNTER,AC-STMPV-02,edge,STM-PV-DN_SUB,,18.40,18.70,DN_SUB,routine,2025-11-06,44,minor,,false,disconnection,100,3,none,false,true,true,done
TRD-2026-01337,TDMS,TDMS-01337,TRD,TRD-OHE-MAST,MST-MBMGI-04,edge,MBM-GI-UP_SUB,,11.60,11.80,UP_SUB,proactive,2026-07-08,57,major,,false,power_block,158,8,OHE_tower_car,true,true,true,done
TRD-2026-01338,TDMS,TDMS-01338,TRD,TRD-OHE-INSULATOR,INS-PONGPD-01,edge,PON-GPD-DN,,42.83,42.93,DN,defect,2026-08-03,11,major,,false,power_block,95,4,OHE_tower_car,true,true,true,done
ENG-2025-04747,TMS,TMS-04747,ENG,ENG-DESTRESSING,RL-TNPENR-07,edge,TNP-ENR-DN,,11.07,12.07,DN,overdue,2025-10-23,145,3,,false,traffic_block,279,10,none,true,false,true,done
TRD-2026-01339,TDMS,TDMS-01339,TRD,TRD-OHE-DROPPER,CW-MJRPON-06,edge,MJR-PON-UP,,30.78,31.28,UP,overdue,2026-05-02,64,minor,,false,power_block,94,5,OHE_tower_car,true,false,true,done
ENG-2025-04748,TMS,TMS-04748,ENG,ENG-USFD-TEST,RL-PERABU-04,edge,PER-ABU-DN,,6.54,14.54,DN,overdue,2025-12-27,23,2,,false,traffic_block,103,3,USFD_car,true,false,true,done
ENG-2026-04749,TMS,TMS-04749,ENG,ENG-TURNOUT-OVERHAUL,TO-MS-10,node,,MS,4.32,4.32,,proactive,2026-08-22,12,major,,false,traffic_block,368,12,none,true,true,true,done
TRD-2026-01340,TDMS,TDMS-01340,TRD,TRD-OHE-MAST,MST-MASBBQ-01,edge,MAS-BBQ-DN,,1.84,2.00,DN,overdue,2026-02-22,66,major,,false,power_block,136,7,OHE_tower_car,true,true,true,done
TRD-2026-01341,TDMS,TDMS-01341,TRD,TRD-SUBSTN-MAINT,SS-AJJ-01,node,,AJJ,69.00,69.00,,overdue,2026-06-09,49,minor,,false,none,324,5,none,true,false,true,done
ENG-2026-04750,TMS,TMS-04750,ENG,ENG-SLEEPER-RENEWAL,SL-MASBBQ-01,edge,MAS-BBQ-DN,,1.36,1.86,DN,defect,2026-02-21,155,critical,2026-03-08,true,traffic_block,351,16,none,true,true,true,done
ENG-2026-04751,TMS,TMS-04751,ENG,ENG-RAIL-WELD,RL-PERABU-05,edge,PER-ABU-DN,,12.10,13.10,DN,defect,2026-08-19,19,2,2026-10-17,false,traffic_block,227,6,none,true,false,true,scheduled
ENG-2025-04752,TMS,TMS-04752,ENG,ENG-RAIL-GRIND,RL-WJCJ-06,edge,WJ-CJ-SINGLE,,86.88,89.88,SINGLE,routine,2025-10-18,102,2,,false,traffic_block,206,4,rail_grinder,true,false,true,done
ENG-2026-04753,TMS,TMS-04753,ENG,ENG-TURNOUT-OVERHAUL,TO-MAS-16,node,,MAS,0.00,0.00,,overdue,2026-07-03,35,critical,2026-07-15,true,traffic_block,381,15,none,true,true,true,cancelled
SNT-2026-00884,SMMS,SMMS-00884,SNT,SNT-TRACK-CIRCUIT,TC-TITRL-07,edge,TI-TRL-DN_SUB,,41.14,41.64,DN_SUB,routine,2026-04-29,84,major,,false,disconnection,74,3,none,true,true,true,done
SNT-2026-00885,SMMS,SMMS-00885,SNT,SNT-POINT-SERVICE,PT-PER-05,node,,PER,5.00,5.00,,overdue,2026-06-27,18,minor,,false,disconnection,62,3,none,true,false,true,done
TRD-2026-01342,TDMS,TDMS-01342,TRD,TRD-OHE-INSULATOR,INS-AVDTI-06,edge,AVD-TI-UP,,26.78,26.88,UP,defect,2026-02-02,182,minor,,false,power_block,84,5,OHE_tower_car,true,true,true,done
ENG-2025-04754,TMS,TMS-04754,ENG,ENG-SLEEPER-RENEWAL,SL-BBQPER-01,edge,BBQ-PER-DN,,4.92,5.00,DN,defect,2025-12-13,9,minor,,false,traffic_block,303,17,none,false,true,true,cancelled
ENG-2026-04755,TMS,TMS-04755,ENG,ENG-SLEEPER-RENEWAL,SL-TNPENR-01,edge,TNP-ENR-DN,,14.60,15.10,DN,defect,2026-01-11,175,major,,false,traffic_block,230,17,none,true,true,true,done
ENG-2026-04756,TMS,TMS-04756,ENG,ENG-SLEEPER-RENEWAL,SL-AVDTI-08,edge,AVD-TI-UP,,27.64,28.14,UP,defect,2026-04-22,110,major,,false,traffic_block,374,17,none,false,true,true,done
SNT-2026-00886,SMMS,SMMS-00886,SNT,SNT-AXLE-COUNTER,AC-MASBBQ-01,edge,MAS-BBQ-DN,,0.31,0.61,DN,routine,2026-06-15,83,minor,,false,disconnection,85,3,none,true,true,true,done
ENG-2026-04757,TMS,TMS-04757,ENG,ENG-TURNOUT-TAMP,TO-AVD-09,node,,AVD,21.00,21.00,,overdue,2026-08-30,8,major,,false,traffic_block,239,10,tamper,true,true,true,pending
SNT-2026-00887,SMMS,SMMS-00887,SNT,SNT-POINT-SERVICE,PT-CGL-01,node,,CGL,59.84,59.84,,routine,2026-08-19,6,major,,false,disconnection,78,3,none,true,false,true,done
SNT-2026-00888,SMMS,SMMS-00888,SNT,SNT-AXLE-COUNTER,AC-MBMGI-04,edge,MBM-GI-UP_SUB,,13.02,13.32,UP_SUB,overdue,2026-05-25,11,minor,2026-09-12,false,disconnection,97,4,none,true,true,true,done
ENG-2026-04758,TMS,TMS-04758,ENG,ENG-SLEEPER-RENEWAL,SL-TRLAJJ-25,edge,TRL-AJJ-UP,,65.44,65.94,UP,defect,2026-07-07,54,major,2026-09-10,false,traffic_block,277,20,none,true,true,true,done
SNT-2025-00889,SMMS,SMMS-00889,SNT,SNT-TRACK-CIRCUIT,TC-AVDTI-09,edge,AVD-TI-UP,,28.71,29.00,UP,routine,2025-11-04,260,major,2025-12-19,false,disconnection,87,3,none,true,true,true,done
TRD-2026-01343,TDMS,TDMS-01343,TRD,TRD-OHE-MAST,MST-MBMGI-03,edge,MBM-GI-UP,,12.69,12.89,UP,routine,2026-07-05,21,minor,,false,power_block,171,6,OHE_tower_car,true,true,true,done
ENG-2025-04759,TMS,TMS-04759,ENG,ENG-SLEEPER-RENEWAL,SL-ABUAVD-02,edge,ABU-AVD-DN,,19.48,19.98,DN,defect,2025-10-25,211,minor,,false,traffic_block,345,17,none,true,true,true,done
SNT-2026-00890,SMMS,SMMS-00890,SNT,SNT-CABLE-LAY,,edge,TI-TRL-DN_SUB,,37.41,38.41,DN_SUB,defect,2026-05-15,45,minor,,false,none,281,10,none,true,true,false,done
ENG-2026-04760,TMS,TMS-04760,ENG,ENG-SLEEPER-RENEWAL,SL-GISTM-02,edge,GI-STM-DN_SUB,,16.56,17.06,DN_SUB,defect,2026-07-01,41,major,,false,traffic_block,250,21,none,true,true,true,done
ENG-2026-04761,TMS,TMS-04761,ENG,ENG-USFD-TEST,RL-TRLAJJ-32,edge,TRL-AJJ-DN_SUB,,47.09,55.09,DN_SUB,proactive,2026-07-23,28,2,,false,traffic_block,102,3,USFD_car,true,false,true,done
SNT-2025-00891,SMMS,SMMS-00891,SNT,SNT-TRACK-CIRCUIT,TC-STMPV-07,edge,STM-PV-UP_SUB,,22.87,23.10,UP_SUB,routine,2025-12-25,177,minor,,false,disconnection,67,3,none,true,true,true,done
ENG-2025-04762,TMS,TMS-04762,ENG,ENG-SLEEPER-RENEWAL,SL-PONGPD-06,edge,PON-GPD-UP,,42.03,42.53,UP,defect,2025-09-16,32,critical,2025-10-14,true,traffic_block,392,19,none,true,true,true,done
ENG-2025-04763,TMS,TMS-04763,ENG,ENG-USFD-TEST,RL-MSMBM-13,edge,MS-MBM-UP,,7.69,11.30,UP,routine,2025-11-26,24,3,,false,traffic_block,120,3,USFD_car,true,false,true,done
TRD-2026-01344,TDMS,TDMS-01344,TRD,TRD-OHE-INSULATOR,INS-TRLAJJ-12,edge,TRL-AJJ-DN_SUB,,48.52,48.62,DN_SUB,proactive,2026-08-19,19,minor,,false,power_block,88,5,OHE_tower_car,true,true,true,scheduled
ENG-2026-04764,TMS,TMS-04764,ENG,ENG-BALLAST-SCREEN,BL-STMPV-08,edge,STM-PV-UP_SUB,,19.31,19.81,UP_SUB,overdue,2026-06-23,30,minor,,false,traffic_block,430,15,BCM,true,true,true,deferred
ENG-2025-04765,TMS,TMS-04765,ENG,ENG-TURNOUT-OVERHAUL,TO-TNP-04,node,,TNP,5.00,5.00,,overdue,2025-09-14,286,major,,false,traffic_block,296,14,none,true,true,true,done
ENG-2026-04766,TMS,TMS-04766,ENG,ENG-USFD-TEST,RL-MJRPON-04,edge,MJR-PON-DN,,33.86,35.00,DN,overdue,2026-08-05,33,3,,false,traffic_block,161,3,USFD_car,true,false,true,pending
TRD-2026-01345,TDMS,TDMS-01345,TRD,TRD-OHE-MAST,MST-MSMBM-08,edge,MS-MBM-UP,,6.32,6.52,UP,routine,2026-08-29,9,minor,,false,power_block,163,7,OHE_tower_car,true,true,true,scheduled
ENG-2026-04767,TMS,TMS-04767,ENG,ENG-SLEEPER-RENEWAL,SL-TITRL-14,edge,TI-TRL-UP,,30.58,31.08,UP,proactive,2026-07-21,48,major,,false,traffic_block,419,20,none,false,true,true,pending
ENG-2026-04768,TMS,TMS-04768,ENG,ENG-USFD-TEST,RL-GISTM-04,edge,GI-STM-UP_SUB,,16.07,17.10,UP_SUB,overdue,2026-05-06,12,1,2026-05-18,true,traffic_block,169,3,USFD_car,true,false,true,done
SNT-2026-00892,SMMS,SMMS-00892,SNT,SNT-POINT-SERVICE,PT-GPD-01,node,,GPD,47.00,47.00,,overdue,2026-08-20,7,major,,false,disconnection,83,3,none,true,false,true,done
ENG-2026-04769,TMS,TMS-04769,ENG,ENG-RAIL-GRIND,RL-PONGPD-07,edge,PON-GPD-DN,,35.88,38.88,DN,emergency_followup,2026-02-04,173,IMDT,2026-02-06,true,traffic_block,243,4,rail_grinder,true,false,true,done
ENG-2026-04770,TMS,TMS-04770,ENG,ENG-USFD-TEST,RL-TITRL-07,edge,TI-TRL-DN,,40.64,42.00,DN,routine,2026-08-18,6,3,2026-10-06,false,traffic_block,106,3,USFD_car,true,false,true,done
ENG-2025-04771,TMS,TMS-04771,ENG,ENG-CURVE-REALIGN,BL-MJRPON-02,edge,MJR-PON-DN,,29.75,30.55,DN,overdue,2025-09-07,358,minor,,false,traffic_block,232,10,tamper,true,true,true,done
ENG-2026-04772,TMS,TMS-04772,ENG,ENG-RAIL-WELD,RL-STMPV-14,edge,STM-PV-UP_SUB,,22.79,23.10,UP_SUB,defect,2026-08-30,8,3,2026-10-05,false,traffic_block,199,7,none,false,false,true,pending
TRD-2025-01346,TDMS,TDMS-01346,TRD,TRD-OHE-WIRE-RENEW,CW-BBQPER-01,edge,BBQ-PER-DN,,3.84,4.84,DN,defect,2025-10-22,195,major,,false,power_block,398,8,OHE_tower_car,true,true,true,done
SNT-2025-00893,SMMS,SMMS-00893,SNT,SNT-SIGNAL-LAMP,SG-PERABU-02,edge,PER-ABU-DN,,9.74,9.84,DN,routine,2025-11-19,183,critical,2025-12-06,true,none,38,2,none,true,false,true,done
ENG-2026-04773,TMS,TMS-04773,ENG,ENG-TURNOUT-OVERHAUL,TO-MAS-18,node,,MAS,0.00,0.00,,overdue,2026-04-02,72,major,2026-05-05,false,traffic_block,346,13,none,true,true,true,done
SNT-2026-00894,SMMS,SMMS-00894,SNT,SNT-SIGNAL-LAMP,SG-GISTM-03,edge,GI-STM-UP,,15.67,15.77,UP,routine,2026-04-19,87,minor,2026-07-14,false,none,40,2,none,true,false,true,deferred
TRD-2026-01347,TDMS,TDMS-01347,TRD,TRD-OHE-MAST,MST-TRLAJJ-07,edge,TRL-AJJ-DN,,44.08,44.28,DN,overdue,2026-03-22,87,minor,,false,power_block,161,7,OHE_tower_car,true,true,true,done
SNT-2026-00895,SMMS,SMMS-00895,SNT,SNT-AXLE-COUNTER,AC-ABUAVD-01,edge,ABU-AVD-DN,,17.03,17.33,DN,overdue,2026-05-09,48,major,,false,disconnection,104,3,none,true,true,true,done
ENG-2026-04774,TMS,TMS-04774,ENG,ENG-YARD-PWAY,BL-MAS-08,node,,MAS,0.00,0.00,,routine,2026-01-29,136,major,,false,traffic_block,166,10,none,true,true,true,done
ENG-2026-04775,TMS,TMS-04775,ENG,ENG-BRIDGE-REPAIR,BR-CGLWJ-01,edge,CGL-WJ-SINGLE,,77.81,77.91,SINGLE,defect,2026-03-04,144,minor,,false,traffic_block,422,10,none,true,true,false,done
TRD-2026-01348,TDMS,TDMS-01348,TRD,TRD-OHE-WIRE-RENEW,CW-PERABU-01,edge,PER-ABU-DN,,7.96,8.96,DN,defect,2026-07-21,44,critical,2026-08-17,true,power_block,352,8,OHE_tower_car,true,true,true,done
ENG-2025-04776,TMS,TMS-04776,ENG,ENG-RAIL-RENEWAL,RL-TNPENR-01,edge,TNP-ENR-DN,,12.53,13.03,DN,defect,2025-10-31,92,3,,false,traffic_block,488,21,none,true,true,true,done
ENG-2026-04777,TMS,TMS-04777,ENG,ENG-RAIL-WELD,RL-MSMBM-17,edge,MS-MBM-UP_SUB,,7.75,8.75,UP_SUB,defect,2026-05-31,67,3,2026-08-13,false,traffic_block,195,6,none,true,false,true,done
ENG-2025-04778,TMS,TMS-04778,ENG,ENG-DESTRESSING,RL-TNPENR-02,edge,TNP-ENR-DN,,12.86,13.86,DN,overdue,2025-10-24,242,3,2026-02-20,false,traffic_block,277,10,none,true,false,true,cancelled
ENG-2026-04779,TMS,TMS-04779,ENG,ENG-RAIL-GRIND,RL-MSMBM-09,edge,MS-MBM-DN_SUB,,10.96,11.30,DN_SUB,overdue,2026-08-19,19,2,2026-09-28,false,traffic_block,167,4,rail_grinder,true,false,true,pending
SNT-2026-00896,SMMS,SMMS-00896,SNT,SNT-TRACK-CIRCUIT,TC-BBQPER-02,edge,BBQ-PER-DN_SUB,,4.26,4.76,DN_SUB,proactive,2026-07-27,1,major,,false,disconnection,100,3,none,true,true,true,done
ENG-2026-04780,TMS,TMS-04780,ENG,ENG-RAIL-RENEWAL,RL-MJRPON-07,edge,MJR-PON-UP,,31.64,32.14,UP,defect,2026-07-01,9,1,2026-07-10,true,traffic_block,402,24,none,true,true,true,done
TRD-2025-01349,TDMS,TDMS-01349,TRD,TRD-OHE-WIRE-RENEW,CW-TRLAJJ-19,edge,TRL-AJJ-UP,,67.81,68.50,UP,defect,2025-12-30,145,minor,,false,power_block,294,8,OHE_tower_car,true,true,true,done
TRD-2025-01350,TDMS,TDMS-01350,TRD,TRD-OHE-FAULT,OHE-PERABU-19,edge,PER-ABU-UP_SUB,,6.21,6.51,UP_SUB,defect,2025-09-14,102,minor,,false,power_block,144,6,OHE_tower_car,true,true,true,done
TRD-2026-01351,TDMS,TDMS-01351,TRD,TRD-OHE-MAST,MST-TRLAJJ-44,edge,TRL-AJJ-UP_SUB,,61.00,61.20,UP_SUB,overdue,2026-03-13,178,minor,2026-07-04,false,power_block,213,6,OHE_tower_car,false,true,true,done
ENG-2026-04781,TMS,TMS-04781,ENG,ENG-RAIL-RENEWAL,RL-PONGPD-07,edge,PON-GPD-DN,,35.88,36.38,DN,defect,2026-03-26,14,2,,false,traffic_block,275,22,none,true,true,true,cancelled
ENG-2026-04782,TMS,TMS-04782,ENG,ENG-TRACK-PATROL,,edge,ABU-AVD-UP,,16.70,18.70,UP,emergency_followup,2026-04-28,125,major,,false,none,95,2,none,true,false,false,cancelled
SNT-2026-00897,SMMS,SMMS-00897,SNT,SNT-SIGNAL-LAMP,SG-MBMGI-02,edge,MBM-GI-DN_SUB,,13.14,13.24,DN_SUB,overdue,2026-07-26,43,minor,,false,none,41,2,none,true,false,true,in_progress
TRD-2026-01352,TDMS,TDMS-01352,TRD,TRD-OHE-WIRE-RENEW,CW-TRLAJJ-24,edge,TRL-AJJ-UP_SUB,,56.54,57.54,UP_SUB,defect,2026-06-19,9,minor,,false,power_block,389,9,OHE_tower_car,false,true,true,deferred
TRD-2026-01353,TDMS,TDMS-01353,TRD,TRD-OHE-INSULATOR,INS-ABUAVD-04,edge,ABU-AVD-UP_SUB,,15.32,15.42,UP_SUB,defect,2026-08-18,13,minor,,false,power_block,76,4,OHE_tower_car,true,true,true,done
ENG-2026-04783,TMS,TMS-04783,ENG,ENG-RAIL-GRIND,RL-PVTBM-08,edge,PV-TBM-DN_SUB,,25.42,28.42,DN_SUB,overdue,2026-01-20,138,2,,false,traffic_block,239,4,rail_grinder,true,false,true,done
SNT-2025-00898,SMMS,SMMS-00898,SNT,SNT-AXLE-COUNTER,AC-TITRL-04,edge,TI-TRL-DN_SUB,,38.99,39.29,DN_SUB,overdue,2025-10-24,186,major,,false,disconnection,72,4,none,true,true,true,done
SNT-2026-00899,SMMS,SMMS-00899,SNT,SNT-POINT-REPLACE,PT-MS-02,node,,MS,4.32,4.32,,defect,2026-08-30,8,major,,false,disconnection,240,4,none,true,false,true,pending
ENG-2026-04784,TMS,TMS-04784,ENG,ENG-TURNOUT-OVERHAUL,TO-ENR-02,node,,ENR,16.00,16.00,,overdue,2026-04-29,127,minor,2026-06-23,false,traffic_block,433,15,none,false,true,true,done
TRD-2026-01354,TDMS,TDMS-01354,TRD,TRD-OHE-FAULT,OHE-BBQPER-04,edge,BBQ-PER-DN_SUB,,4.23,4.53,DN_SUB,defect,2026-07-29,33,minor,2026-11-07,false,power_block,101,6,OHE_tower_car,false,true,true,done
TRD-2026-01355,TDMS,TDMS-01355,TRD,TRD-OHE-WIRE-RENEW,CW-ABUAVD-03,edge,ABU-AVD-DN_SUB,,15.81,16.81,DN_SUB,defect,2026-09-04,1,minor,,false,power_block,282,9,OHE_tower_car,true,true,true,cancelled
ENG-2026-04785,TMS,TMS-04785,ENG,ENG-TURNOUT-OVERHAUL,TO-ENR-02,node,,ENR,16.00,16.00,,proactive,2026-01-11,162,minor,,false,traffic_block,283,15,none,true,true,true,done
SNT-2026-00900,SMMS,SMMS-00900,SNT,SNT-TRACK-CIRCUIT,TC-TITRL-20,edge,TI-TRL-UP_SUB,,41.29,41.79,UP_SUB,routine,2026-01-19,108,critical,2026-02-16,true,disconnection,119,3,none,true,true,true,done
ENG-2026-04786,TMS,TMS-04786,ENG,ENG-DESTRESSING,RL-TRLAJJ-67,edge,TRL-AJJ-UP_SUB,,59.27,60.27,UP_SUB,proactive,2026-02-05,60,2,,false,traffic_block,228,11,none,true,false,true,done
SNT-2026-00901,SMMS,SMMS-00901,SNT,SNT-TRACK-CIRCUIT,TC-TNPENR-08,edge,TNP-ENR-UP,,9.99,10.49,UP,routine,2026-08-03,35,minor,,false,disconnection,93,3,none,true,true,true,pending
ENG-2026-04787,TMS,TMS-04787,ENG,ENG-RAIL-WELD,RL-BBQPER-07,edge,BBQ-PER-UP_SUB,,3.03,4.03,UP_SUB,defect,2026-04-25,77,1,2026-05-09,true,traffic_block,255,7,none,true,false,true,done
ENG-2026-04788,TMS,TMS-04788,ENG,ENG-SLEEPER-RENEWAL,SL-TKOAJJ-02,edge,TKO-AJJ-SINGLE,,125.53,126.03,SINGLE,defect,2026-04-17,105,minor,,false,traffic_block,427,20,none,true,true,true,done
ENG-2026-04789,TMS,TMS-04789,ENG,ENG-RAIL-GRIND,RL-TITRL-06,edge,TI-TRL-DN,,32.37,35.37,DN,overdue,2026-08-09,29,1,2026-08-24,true,traffic_block,189,4,rail_grinder,true,false,true,in_progress
ENG-2026-04790,TMS,TMS-04790,ENG,ENG-USFD-TEST,RL-MSBMS-11,edge,MSB-MS-UP_SUB,,0.48,4.30,UP_SUB,overdue,2026-08-02,36,3,,false,traffic_block,167,3,USFD_car,true,false,true,pending
SNT-2026-00902,SMMS,SMMS-00902,SNT,SNT-AXLE-COUNTER,AC-AVDTI-01,edge,AVD-TI-DN,,26.92,27.22,DN,emergency_followup,2026-06-29,70,major,,false,disconnection,92,3,none,true,true,true,scheduled
TRD-2026-01356,TDMS,TDMS-01356,TRD,TRD-NEUTRAL-SECTION,OHE-MSMBM-08,edge,MS-MBM-DN_SUB,,6.06,6.26,DN_SUB,overdue,2026-04-06,2,minor,,false,power_block,155,6,OHE_tower_car,true,false,true,deferred
SNT-2026-00903,SMMS,SMMS-00903,SNT,SNT-SIGNAL-REPLACE,SG-MSMBM-08,edge,MS-MBM-UP_SUB,,9.89,9.99,UP_SUB,defect,2026-07-06,55,minor,,false,disconnection,207,6,none,true,true,true,done
ENG-2026-04791,TMS,TMS-04791,ENG,ENG-SLEEPER-RENEWAL,SL-GISTM-04,edge,GI-STM-UP_SUB,,15.17,15.67,UP_SUB,defect,2026-07-19,46,minor,,false,traffic_block,426,16,none,true,true,true,done
ENG-2026-04792,TMS,TMS-04792,ENG,ENG-RAIL-GRIND,RL-PVTBM-07,edge,PV-TBM-DN_SUB,,27.89,29.10,DN_SUB,routine,2026-06-11,58,2,2026-07-27,false,traffic_block,136,5,rail_grinder,true,false,true,done
TRD-2026-01357,TDMS,TDMS-01357,TRD,TRD-OHE-INSP,OHE-BBQPER-03,edge,BBQ-PER-DN_SUB,,3.25,5.00,DN_SUB,overdue,2026-08-16,10,minor,,false,power_block,86,4,OHE_tower_car,true,false,true,done
SNT-2026-00904,SMMS,SMMS-00904,SNT,SNT-POINT-REPLACE,PT-MSB-10,node,,MSB,0.00,0.00,,defect,2026-08-15,17,minor,,false,disconnection,183,4,none,true,false,true,done
SNT-2026-00905,SMMS,SMMS-00905,SNT,SNT-SIGNAL-REPLACE,SG-ENRMJR-08,edge,ENR-MJR-UP,,23.76,23.86,UP,defect,2026-09-05,2,minor,,false,disconnection,157,6,none,true,true,true,pending
TRD-2026-01358,TDMS,TDMS-01358,TRD,TRD-OHE-DROPPER,CW-PVTBM-06,edge,PV-TBM-UP,,26.98,27.48,UP,routine,2026-04-09,23,minor,2026-06-10,false,power_block,104,4,OHE_tower_car,true,false,true,done
TRD-2026-01359,TDMS,TDMS-01359,TRD,TRD-OHE-MAST,MST-TRLAJJ-25,edge,TRL-AJJ-UP,,67.34,67.54,UP,overdue,2026-07-21,17,minor,2026-10-14,false,power_block,171,6,OHE_tower_car,true,true,true,done
TRD-2026-01360,TDMS,TDMS-01360,TRD,TRD-NEUTRAL-SECTION,OHE-TITRL-01,edge,TI-TRL-DN,,36.60,36.80,DN,routine,2026-03-23,21,major,,false,power_block,223,7,OHE_tower_car,true,false,true,done
SNT-2025-00906,SMMS,SMMS-00906,SNT,SNT-TRACK-CIRCUIT,TC-TRLAJJ-02,edge,TRL-AJJ-DN,,58.21,58.71,DN,overdue,2025-11-17,103,critical,2025-12-17,true,disconnection,97,3,none,true,true,true,done
TRD-2026-01361,TDMS,TDMS-01361,TRD,TRD-OHE-DROPPER,CW-BBQTNP-02,edge,BBQ-TNP-UP,,2.46,2.96,UP,routine,2026-01-18,22,minor,,false,power_block,70,4,OHE_tower_car,true,false,true,done
TRD-2026-01362,TDMS,TDMS-01362,TRD,TRD-OHE-MAST,MST-TRLAJJ-40,edge,TRL-AJJ-UP_SUB,,43.38,43.58,UP_SUB,emergency_followup,2026-04-19,42,major,,false,power_block,178,6,OHE_tower_car,true,true,true,done
ENG-2026-04793,TMS,TMS-04793,ENG,ENG-TRACK-PATROL,,edge,PER-ABU-UP,,13.53,15.00,UP,overdue,2026-06-06,56,minor,,false,none,121,2,none,false,false,false,done
TRD-2025-01363,TDMS,TDMS-01363,TRD,TRD-OHE-YARD,OHE-MAS-03,node,,MAS,0.00,0.00,,overdue,2025-12-15,117,minor,,false,power_block,168,5,OHE_tower_car,true,true,true,done
SNT-2025-00907,SMMS,SMMS-00907,SNT,SNT-SIGNAL-REPLACE,SG-AVDTI-05,edge,AVD-TI-DN_SUB,,22.34,22.44,DN_SUB,emergency_followup,2025-09-17,229,major,2025-11-10,false,disconnection,260,6,none,true,true,true,done
ENG-2025-04794,TMS,TMS-04794,ENG,ENG-SLEEPER-RENEWAL,SL-PERABU-12,edge,PER-ABU-UP,,14.09,14.59,UP,defect,2025-11-11,52,minor,,false,traffic_block,288,17,none,true,true,true,done
ENG-2026-04795,TMS,TMS-04795,ENG,ENG-SLEEPER-RENEWAL,SL-TRLAJJ-21,edge,TRL-AJJ-UP,,48.84,49.34,UP,defect,2026-05-18,55,critical,2026-06-06,true,traffic_block,295,18,none,true,true,true,done
ENG-2026-04796,TMS,TMS-04796,ENG,ENG-DRAIN-CLEAR,,edge,PER-ABU-DN,,7.54,9.04,DN,routine,2026-07-21,32,minor,2026-08-31,false,none,143,6,none,true,true,false,done
ENG-2026-04797,TMS,TMS-04797,ENG,ENG-SLEEPER-RENEWAL,SL-GISTM-02,edge,GI-STM-DN_SUB,,16.56,17.06,DN_SUB,defect,2026-08-16,22,minor,,false,traffic_block,240,19,none,true,true,true,scheduled
ENG-2025-04798,TMS,TMS-04798,ENG,ENG-RAIL-RENEWAL,RL-TRLAJJ-04,edge,TRL-AJJ-DN,,57.75,58.25,DN,defect,2025-10-16,95,3,,false,traffic_block,500,21,none,true,true,true,done
TRD-2026-01364,TDMS,TDMS-01364,TRD,TRD-OHE-MAST,MST-TRLAJJ-31,edge,TRL-AJJ-UP,,65.44,65.64,UP,routine,2026-01-02,171,minor,,false,power_block,192,7,OHE_tower_car,true,true,true,done
TRD-2026-01365,TDMS,TDMS-01365,TRD,TRD-OHE-MAST,MST-CGLWJ-06,edge,CGL-WJ-SINGLE,,66.65,66.85,SINGLE,proactive,2026-04-21,31,minor,2026-07-06,false,power_block,152,7,OHE_tower_car,true,true,true,done
ENG-2026-04799,TMS,TMS-04799,ENG,ENG-TURNOUT-OVERHAUL,TO-MAS-09,node,,MAS,0.00,0.00,,overdue,2026-07-24,3,minor,,false,traffic_block,309,12,none,true,true,true,deferred
ENG-2026-04800,TMS,TMS-04800,ENG,ENG-USFD-TEST,RL-PERABU-18,edge,PER-ABU-UP,,7.35,15.00,UP,routine,2026-08-17,13,2,,false,traffic_block,168,3,USFD_car,false,false,true,done
SNT-2026-00908,SMMS,SMMS-00908,SNT,SNT-SIGNAL-REPLACE,SG-ENRMJR-06,edge,ENR-MJR-UP,,16.43,16.53,UP,defect,2026-08-21,17,minor,,false,disconnection,239,6,none,true,true,true,pending
ENG-2025-04801,TMS,TMS-04801,ENG,ENG-TURNOUT-OVERHAUL,TO-GPD-02,node,,GPD,47.00,47.00,,proactive,2025-12-13,35,major,,false,traffic_block,349,12,none,true,true,true,done
ENG-2026-04802,TMS,TMS-04802,ENG,ENG-DESTRESSING,RL-PVTBM-07,edge,PV-TBM-DN_SUB,,27.89,28.89,DN_SUB,overdue,2026-07-24,45,3,,false,traffic_block,312,11,none,true,false,true,in_progress
ENG-2025-04803,TMS,TMS-04803,ENG,ENG-SLEEPER-RENEWAL,SL-TITRL-04,edge,TI-TRL-DN,,33.08,33.58,DN,defect,2025-11-13,210,minor,,false,traffic_block,247,21,none,true,true,true,cancelled
SNT-2026-00909,SMMS,SMMS-00909,SNT,SNT-SIGNAL-REPLACE,SG-TRLAJJ-34,edge,TRL-AJJ-UP_SUB,,64.37,64.47,UP_SUB,defect,2026-06-17,12,minor,,false,disconnection,198,5,none,true,true,true,done
ENG-2025-04804,TMS,TMS-04804,ENG,ENG-SLEEPER-RENEWAL,SL-MSBMS-04,edge,MSB-MS-DN_SUB,,3.78,4.28,DN_SUB,defect,2025-09-25,190,major,,false,traffic_block,279,17,none,true,true,true,done
TRD-2026-01366,TDMS,TDMS-01366,TRD,TRD-OHE-MAST,MST-TRLAJJ-43,edge,TRL-AJJ-UP_SUB,,46.68,46.88,UP_SUB,routine,2026-08-11,19,critical,2026-08-23,true,power_block,145,6,OHE_tower_car,true,true,true,done
TRD-2026-01367,TDMS,TDMS-01367,TRD,TRD-OHE-MAST,MST-MJRPON-07,edge,MJR-PON-UP,,27.36,27.56,UP,overdue,2026-03-24,25,minor,,false,power_block,204,7,OHE_tower_car,true,true,true,done
TRD-2026-01368,TDMS,TDMS-01368,TRD,TRD-OHE-WIRE-RENEW,CW-CGLWJ-03,edge,CGL-WJ-SINGLE,,61.62,62.62,SINGLE,defect,2026-08-26,6,major,,false,power_block,373,10,OHE_tower_car,true,true,true,done
ENG-2026-04805,TMS,TMS-04805,ENG,ENG-DESTRESSING,RL-GISTM-02,edge,GI-STM-DN_SUB,,16.79,17.10,DN_SUB,overdue,2026-02-13,182,1,2026-02-21,true,traffic_block,187,12,none,true,false,true,done
ENG-2026-04806,TMS,TMS-04806,ENG,ENG-TRACK-PATROL,,edge,PV-TBM-UP_SUB,,23.92,25.92,UP_SUB,overdue,2026-05-17,54,minor,,false,none,71,2,none,false,false,false,deferred
ENG-2025-04807,TMS,TMS-04807,ENG,ENG-CURVE-REALIGN,BL-STMPV-01,edge,STM-PV-DN,,19.72,20.52,DN,overdue,2025-12-30,47,minor,2026-03-22,false,traffic_block,256,12,tamper,true,true,true,done
TRD-2026-01369,TDMS,TDMS-01369,TRD,TRD-OHE-MAST,MST-ABUAVD-06,edge,ABU-AVD-UP,,17.52,17.72,UP,emergency_followup,2026-08-13,25,major,2026-11-20,false,power_block,168,6,OHE_tower_car,false,true,true,pending
ENG-2026-04808,TMS,TMS-04808,ENG,ENG-SLEEPER-RENEWAL,SL-TRLAJJ-36,edge,TRL-AJJ-UP_SUB,,53.11,53.61,UP_SUB,defect,2026-08-31,7,critical,2026-09-30,true,traffic_block,397,16,none,true,true,true,scheduled
ENG-2026-04809,TMS,TMS-04809,ENG,ENG-RAIL-WELD,RL-TRLAJJ-13,edge,TRL-AJJ-DN,,53.87,54.87,DN,defect,2026-07-09,36,2,,false,traffic_block,200,6,none,true,false,true,done
ENG-2026-04810,TMS,TMS-04810,ENG,ENG-RAIL-RENEWAL,RL-CGLWJ-10,edge,CGL-WJ-SINGLE,,68.70,69.20,SINGLE,defect,2026-01-20,177,1,2026-02-10,true,traffic_block,440,21,none,false,true,true,done
SNT-2026-00910,SMMS,SMMS-00910,SNT,SNT-TRACK-CIRCUIT,TC-MSMBM-11,edge,MS-MBM-UP_SUB,,8.15,8.65,UP_SUB,overdue,2026-02-24,143,minor,,false,disconnection,119,3,none,true,true,true,done
SNT-2026-00911,SMMS,SMMS-00911,SNT,SNT-INTERLOCK-TEST,IL-TBM-01,node,,TBM,29.14,29.14,,defect,2026-07-17,32,minor,,false,disconnection,207,6,none,true,false,true,deferred
ENG-2026-04811,TMS,TMS-04811,ENG,ENG-DESTRESSING,RL-TRLAJJ-23,edge,TRL-AJJ-DN_SUB,,64.20,65.20,DN_SUB,routine,2026-06-04,95,2,,false,traffic_block,218,12,none,true,false,true,in_progress
ENG-2026-04812,TMS,TMS-04812,ENG,ENG-TURNOUT-TAMP,TO-AVD-07,node,,AVD,21.00,21.00,,routine,2026-03-04,169,minor,2026-05-14,false,traffic_block,189,9,tamper,true,true,true,done
ENG-2026-04813,TMS,TMS-04813,ENG,ENG-RAIL-RENEWAL,RL-PERABU-05,edge,PER-ABU-DN,,12.10,12.60,DN,defect,2026-02-01,135,2,,false,traffic_block,334,23,none,true,true,true,deferred
ENG-2025-04814,TMS,TMS-04814,ENG,ENG-TURNOUT-OVERHAUL,TO-MSB-05,node,,MSB,0.00,0.00,,overdue,2025-12-06,227,major,,false,traffic_block,432,13,none,true,true,true,done
ENG-2026-04815,TMS,TMS-04815,ENG,ENG-RAIL-RENEWAL,RL-PERABU-04,edge,PER-ABU-DN,,6.54,7.04,DN,defect,2026-08-18,20,3,,false,traffic_block,441,25,none,true,true,true,pending
SNT-2025-00912,SMMS,SMMS-00912,SNT,SNT-TRACK-CIRCUIT,TC-MSBMS-06,edge,MSB-MS-UP,,2.64,3.14,UP,overdue,2025-10-15,203,critical,2025-11-11,true,disconnection,114,3,none,true,true,true,done
ENG-2026-04816,TMS,TMS-04816,ENG,ENG-DRAIN-CLEAR,,edge,ENR-MJR-DN,,18.80,20.30,DN,proactive,2026-02-20,147,minor,2026-06-04,false,none,125,7,none,true,true,false,done
ENG-2026-04817,TMS,TMS-04817,ENG,ENG-DESTRESSING,RL-PONGPD-12,edge,PON-GPD-UP,,42.15,43.15,UP,emergency_followup,2026-04-27,128,2,,false,traffic_block,300,12,none,true,false,true,cancelled
TRD-2026-01370,TDMS,TDMS-01370,TRD,TRD-OHE-DROPPER,CW-PERABU-11,edge,PER-ABU-UP_SUB,,10.65,11.15,UP_SUB,routine,2026-05-05,81,minor,2026-06-09,false,power_block,116,5,OHE_tower_car,true,false,true,done
TRD-2026-01371,TDMS,TDMS-01371,TRD,TRD-OHE-DROPPER,CW-MSMBM-03,edge,MS-MBM-DN_SUB,,8.48,8.98,DN_SUB,overdue,2026-04-24,119,major,,false,power_block,104,4,OHE_tower_car,true,false,true,done
ENG-2026-04818,TMS,TMS-04818,ENG,ENG-USFD-TEST,RL-PERABU-12,edge,PER-ABU-DN_SUB,,10.40,15.00,DN_SUB,routine,2026-01-08,101,3,,false,traffic_block,131,3,USFD_car,true,false,true,done
TRD-2026-01372,TDMS,TDMS-01372,TRD,TRD-OHE-INSULATOR,INS-PVTBM-04,edge,PV-TBM-UP_SUB,,28.96,29.06,UP_SUB,defect,2026-01-10,66,major,2026-04-15,false,power_block,83,4,OHE_tower_car,true,true,true,done
ENG-2026-04819,TMS,TMS-04819,ENG,ENG-SLEEPER-RENEWAL,SL-MBMGI-04,edge,MBM-GI-UP_SUB,,11.80,12.30,UP_SUB,defect,2026-04-05,120,minor,,false,traffic_block,298,16,none,true,true,true,done
TRD-2026-01373,TDMS,TDMS-01373,TRD,TRD-OHE-INSP,OHE-ENRMJR-08,edge,ENR-MJR-UP,,19.69,23.69,UP,overdue,2026-07-03,47,minor,2026-10-04,false,power_block,123,4,OHE_tower_car,true,false,true,done
SNT-2026-00913,SMMS,SMMS-00913,SNT,SNT-AXLE-COUNTER,AC-GISTM-01,edge,GI-STM-DN,,15.96,16.26,DN,overdue,2026-01-17,106,minor,2026-04-24,false,disconnection,114,3,none,true,true,true,done
SNT-2026-00914,SMMS,SMMS-00914,SNT,SNT-SIGNAL-REPLACE,SG-ABUAVD-04,edge,ABU-AVD-DN_SUB,,20.51,20.61,DN_SUB,proactive,2026-07-27,42,major,,false,disconnection,213,5,none,false,true,true,pending
SNT-2026-00915,SMMS,SMMS-00915,SNT,SNT-SIGNAL-REPLACE,SG-CJTMLP-02,edge,CJ-TMLP-SINGLE,,96.32,96.42,SINGLE,defect,2026-02-04,184,minor,,false,disconnection,145,6,none,true,true,true,done
SNT-2026-00916,SMMS,SMMS-00916,SNT,SNT-TRACK-CIRCUIT,TC-ENRMJR-05,edge,ENR-MJR-UP,,17.88,18.38,UP,overdue,2026-02-03,33,major,,false,disconnection,69,3,none,true,true,true,done
ENG-2025-04820,TMS,TMS-04820,ENG,ENG-TRACK-PATROL,,edge,TNP-ENR-UP,,8.76,10.76,UP,routine,2025-11-16,213,minor,,false,none,127,2,none,false,false,false,done
ENG-2026-04821,TMS,TMS-04821,ENG,ENG-TURNOUT-TAMP,TO-AVD-09,node,,AVD,21.00,21.00,,overdue,2026-07-06,63,minor,,false,traffic_block,252,8,tamper,true,true,true,scheduled
SNT-2025-00917,SMMS,SMMS-00917,SNT,SNT-POINT-REPLACE,PT-TRL-01,node,,TRL,42.00,42.00,,defect,2025-11-26,115,minor,,false,disconnection,209,4,none,false,false,true,done
ENG-2026-04822,TMS,TMS-04822,ENG,ENG-SLEEPER-RENEWAL,SL-ENRMJR-07,edge,ENR-MJR-UP,,17.68,18.18,UP,defect,2026-08-22,3,minor,,false,traffic_block,387,18,none,false,true,true,done
ENG-2026-04823,TMS,TMS-04823,ENG,ENG-TURNOUT-OVERHAUL,TO-AVD-01,node,,AVD,21.00,21.00,,proactive,2026-03-05,95,minor,,false,traffic_block,340,12,none,true,true,true,done
SNT-2026-00918,SMMS,SMMS-00918,SNT,SNT-TRACK-CIRCUIT,TC-TRLAJJ-14,edge,TRL-AJJ-DN_SUB,,45.85,46.35,DN_SUB,overdue,2026-08-11,25,major,,false,disconnection,89,3,none,true,true,true,done
SNT-2026-00919,SMMS,SMMS-00919,SNT,SNT-CABLE-LAY,,edge,TI-TRL-DN,,30.68,31.68,DN,defect,2026-09-01,6,minor,,false,none,262,10,none,true,true,false,scheduled
ENG-2025-04824,TMS,TMS-04824,ENG,ENG-RAIL-GRIND,RL-PERABU-07,edge,PER-ABU-DN_SUB,,9.95,12.95,DN_SUB,routine,2025-11-14,213,3,2025-12-19,false,traffic_block,153,4,rail_grinder,true,false,true,done
ENG-2026-04825,TMS,TMS-04825,ENG,ENG-TURNOUT-TAMP,TO-CJ-04,node,,CJ,95.82,95.82,,overdue,2026-01-02,150,minor,,false,traffic_block,144,10,tamper,false,true,true,done
ENG-2026-04826,TMS,TMS-04826,ENG,ENG-USFD-TEST,RL-CJTMLP-04,edge,CJ-TMLP-SINGLE,,106.56,107.80,SINGLE,proactive,2026-01-21,139,2,2026-03-23,false,traffic_block,170,3,USFD_car,true,false,true,done
TRD-2025-01374,TDMS,TDMS-01374,TRD,TRD-OHE-MAST,MST-BBQPER-04,edge,BBQ-PER-UP_SUB,,3.33,3.53,UP_SUB,routine,2025-10-25,38,minor,,false,power_block,125,8,OHE_tower_car,true,true,true,done
ENG-2026-04827,TMS,TMS-04827,ENG,ENG-TAMPING,BL-ENRMJR-06,edge,ENR-MJR-UP,,23.13,25.13,UP,emergency_followup,2026-06-15,39,major,,false,traffic_block,212,8,tamper,true,true,true,deferred
TRD-2026-01375,TDMS,TDMS-01375,TRD,TRD-OHE-INSP,OHE-TRLAJJ-38,edge,TRL-AJJ-UP,,57.41,61.41,UP,overdue,2026-05-05,3,major,2026-08-13,false,power_block,99,4,OHE_tower_car,true,false,true,cancelled
SNT-2026-00920,SMMS,SMMS-00920,SNT,SNT-SIGNAL-REPLACE,SG-MSBMS-02,edge,MSB-MS-DN,,2.84,2.94,DN,defect,2026-08-04,34,minor,,false,disconnection,198,5,none,true,true,true,pending
ENG-2026-04828,TMS,TMS-04828,ENG,ENG-DESTRESSING,RL-TRLAJJ-37,edge,TRL-AJJ-UP,,57.36,58.36,UP,routine,2026-07-27,42,2,,false,traffic_block,193,11,none,true,false,true,pending
ENG-2026-04829,TMS,TMS-04829,ENG,ENG-BALLAST-REGULATE,BL-STMPV-03,edge,STM-PV-DN_SUB,,22.78,23.10,DN_SUB,routine,2026-03-30,119,critical,2026-04-20,true,traffic_block,150,4,ballast_regulator,true,true,true,done
ENG-2026-04830,TMS,TMS-04830,ENG,ENG-SLEEPER-RENEWAL,SL-TRLAJJ-21,edge,TRL-AJJ-UP,,48.84,49.34,UP,defect,2026-05-02,67,minor,,false,traffic_block,377,20,none,true,true,true,done
SNT-2026-00921,SMMS,SMMS-00921,SNT,SNT-SIGNAL-REPLACE,SG-MASBBQ-01,edge,MAS-BBQ-DN,,1.56,1.66,DN,defect,2026-07-11,28,major,,false,disconnection,231,5,none,true,true,true,done
SNT-2025-00922,SMMS,SMMS-00922,SNT,SNT-TRACK-CIRCUIT,TC-MSMBM-01,edge,MS-MBM-DN,,10.07,10.57,DN,emergency_followup,2025-11-12,67,major,,false,disconnection,118,3,none,true,true,true,done
SNT-2025-00923,SMMS,SMMS-00923,SNT,SNT-SIGNAL-LAMP,SG-ABUAVD-08,edge,ABU-AVD-UP_SUB,,20.50,20.60,UP_SUB,routine,2025-12-30,148,major,2026-01-31,false,none,34,2,none,true,false,true,done
ENG-2026-04831,TMS,TMS-04831,ENG,ENG-SLEEPER-RENEWAL,SL-PERABU-11,edge,PER-ABU-UP,,14.43,14.93,UP,defect,2026-04-28,114,major,,false,traffic_block,369,20,none,true,true,true,done
ENG-2026-04832,TMS,TMS-04832,ENG,ENG-USFD-TEST,RL-TNPENR-11,edge,TNP-ENR-UP,,7.41,15.41,UP,overdue,2026-03-06,144,IMDT,2026-03-07,true,traffic_block,97,3,USFD_car,true,false,true,done
ENG-2025-04833,TMS,TMS-04833,ENG,ENG-SLEEPER-RENEWAL,SL-MJRPON-02,edge,MJR-PON-DN,,32.82,33.32,DN,defect,2025-11-12,149,minor,,false,traffic_block,345,20,none,true,true,true,done
ENG-2026-04834,TMS,TMS-04834,ENG,ENG-DRAIN-CLEAR,,edge,GI-STM-DN,,15.51,17.01,DN,overdue,2026-07-29,40,major,,false,none,169,7,none,true,true,false,in_progress
SNT-2025-00924,SMMS,SMMS-00924,SNT,SNT-CABLE-LAY,,edge,MAS-BBQ-DN,,1.22,2.00,DN,defect,2025-12-18,188,minor,,false,none,206,9,none,true,true,false,done
SNT-2026-00925,SMMS,SMMS-00925,SNT,SNT-POINT-REPLACE,PT-ENR-02,node,,ENR,16.00,16.00,,defect,2026-06-23,59,minor,,false,disconnection,226,4,none,true,false,true,done
ENG-2026-04835,TMS,TMS-04835,ENG,ENG-LC-ATTENTION,LC-CGLWJ-01,edge,CGL-WJ-SINGLE,,62.35,62.45,SINGLE,overdue,2026-03-29,90,minor,,false,traffic_block,116,6,none,true,true,true,deferred
ENG-2025-04836,TMS,TMS-04836,ENG,ENG-RAIL-GRIND,RL-MJRPON-05,edge,MJR-PON-DN,,32.43,35.00,DN,overdue,2025-12-17,156,2,,false,traffic_block,151,4,rail_grinder,true,false,true,done
TRD-2026-01376,TDMS,TDMS-01376,TRD,TRD-OHE-DROPPER,CW-TRLAJJ-21,edge,TRL-AJJ-UP,,46.34,46.84,UP,routine,2026-03-01,51,minor,,false,power_block,88,4,OHE_tower_car,true,false,true,done
TRD-2026-01377,TDMS,TDMS-01377,TRD,TRD-OHE-INSP,OHE-TITRL-22,edge,TI-TRL-UP_SUB,,41.61,42.00,UP_SUB,proactive,2026-08-18,8,minor,,false,power_block,123,5,OHE_tower_car,true,false,true,done
ENG-2026-04837,TMS,TMS-04837,ENG,ENG-SLEEPER-RENEWAL,SL-TRLAJJ-20,edge,TRL-AJJ-UP,,43.47,43.97,UP,defect,2026-08-30,8,minor,,false,traffic_block,414,19,none,true,true,true,done
SNT-2026-00926,SMMS,SMMS-00926,SNT,SNT-SIGNAL-LAMP,SG-ENRMJR-03,edge,ENR-MJR-DN,,21.31,21.41,DN,overdue,2026-02-01,15,critical,2026-02-16,true,none,59,2,none,true,false,true,done
SNT-2026-00927,SMMS,SMMS-00927,SNT,SNT-POINT-SERVICE,PT-TBM-07,node,,TBM,29.14,29.14,,overdue,2026-05-08,64,minor,,false,disconnection,66,3,none,false,false,true,done
ENG-2025-04838,TMS,TMS-04838,ENG,ENG-TURNOUT-TAMP,TO-TBM-08,node,,TBM,29.14,29.14,,routine,2025-09-29,41,major,2025-12-16,false,traffic_block,161,10,tamper,true,true,true,deferred
ENG-2026-04839,TMS,TMS-04839,ENG,ENG-TURNOUT-TAMP,TO-BBQ-10,node,,BBQ,2.00,2.00,,overdue,2026-06-06,93,minor,,false,traffic_block,197,8,tamper,true,true,true,pending
TRD-2026-01378,TDMS,TDMS-01378,TRD,TRD-OHE-DROPPER,CW-MSMBM-04,edge,MS-MBM-DN_SUB,,7.50,8.00,DN_SUB,overdue,2026-02-27,161,minor,,false,power_block,103,4,OHE_tower_car,false,false,true,done
ENG-2026-04840,TMS,TMS-04840,ENG,ENG-TAMPING,BL-MBMGI-01,edge,MBM-GI-DN,,13.44,15.00,DN,overdue,2026-07-16,53,major,,false,traffic_block,333,10,tamper,true,true,true,in_progress
ENG-2025-04841,TMS,TMS-04841,ENG,ENG-SLEEPER-RENEWAL,SL-PERABU-14,edge,PER-ABU-UP_SUB,,13.34,13.84,UP_SUB,defect,2025-09-22,85,minor,,false,traffic_block,326,16,none,true,true,true,done
TRD-2025-01379,TDMS,TDMS-01379,TRD,TRD-OHE-WIRE-RENEW,CW-BBQPER-02,edge,BBQ-PER-DN_SUB,,4.44,5.00,DN_SUB,defect,2025-10-11,161,minor,,false,power_block,304,10,OHE_tower_car,false,true,true,done
ENG-2025-04842,TMS,TMS-04842,ENG,ENG-TRACK-PATROL,,edge,ENR-MJR-UP,,17.25,19.25,UP,overdue,2025-10-09,264,major,,false,none,118,2,none,true,false,false,done
SNT-2026-00928,SMMS,SMMS-00928,SNT,SNT-AXLE-COUNTER,AC-MBMGI-02,edge,MBM-GI-DN_SUB,,11.88,12.18,DN_SUB,overdue,2026-08-17,7,minor,,false,disconnection,112,3,none,true,true,true,done
TRD-2026-01380,TDMS,TDMS-01380,TRD,TRD-OHE-FAULT,OHE-MBMGI-08,edge,MBM-GI-UP_SUB,,14.49,14.79,UP_SUB,defect,2026-07-12,4,major,2026-10-22,false,power_block,150,5,OHE_tower_car,true,true,true,done
SNT-2026-00929,SMMS,SMMS-00929,SNT,SNT-POINT-SERVICE,PT-ENR-03,node,,ENR,16.00,16.00,,routine,2026-04-25,96,critical,2026-05-14,true,disconnection,76,3,none,false,false,true,done
ENG-2026-04843,TMS,TMS-04843,ENG,ENG-SLEEPER-RENEWAL,SL-PERABU-12,edge,PER-ABU-UP,,14.09,14.59,UP,defect,2026-04-28,5,minor,,false,traffic_block,232,18,none,true,true,true,done
ENG-2026-04844,TMS,TMS-04844,ENG,ENG-SLEEPER-RENEWAL,SL-STMPV-01,edge,STM-PV-DN,,19.73,20.23,DN,defect,2026-01-20,129,major,,false,traffic_block,238,20,none,true,true,true,done
ENG-2025-04845,TMS,TMS-04845,ENG,ENG-TURNOUT-TAMP,TO-MSB-03,node,,MSB,0.00,0.00,,routine,2025-10-21,44,minor,,false,traffic_block,153,8,tamper,false,true,true,done
ENG-2026-04846,TMS,TMS-04846,ENG,ENG-SLEEPER-RENEWAL,SL-PVTBM-02,edge,PV-TBM-DN,,25.96,26.46,DN,defect,2026-02-26,88,minor,,false,traffic_block,240,21,none,false,true,true,cancelled
ENG-2025-04847,TMS,TMS-04847,ENG,ENG-DESTRESSING,RL-CGLWJ-02,edge,CGL-WJ-SINGLE,,68.37,69.37,SINGLE,overdue,2025-11-06,242,3,2026-01-12,false,traffic_block,303,12,none,true,false,true,done
TRD-2026-01381,TDMS,TDMS-01381,TRD,TRD-OHE-MAST,MST-PERABU-01,edge,PER-ABU-DN,,5.83,6.03,DN,routine,2026-03-21,83,major,,false,power_block,121,7,OHE_tower_car,true,true,true,deferred
SNT-2026-00930,SMMS,SMMS-00930,SNT,SNT-POINT-SERVICE,PT-MS-09,node,,MS,4.32,4.32,,overdue,2026-01-13,67,major,,false,disconnection,49,3,none,true,false,true,done
ENG-2026-04848,TMS,TMS-04848,ENG,ENG-SLEEPER-RENEWAL,SL-TRLAJJ-16,edge,TRL-AJJ-DN_SUB,,59.79,60.29,DN_SUB,defect,2026-06-15,76,major,,false,traffic_block,353,20,none,true,true,true,done
ENG-2026-04849,TMS,TMS-04849,ENG,ENG-BRIDGE-INSP,BR-TRLAJJ-02,edge,TRL-AJJ-DN,,57.73,57.83,DN,proactive,2026-06-20,16,minor,,false,traffic_block,82,4,none,true,true,false,done
ENG-2026-04850,TMS,TMS-04850,ENG,ENG-CURVE-REALIGN,BL-CGLWJ-07,edge,CGL-WJ-SINGLE,,67.82,68.62,SINGLE,proactive,2026-07-03,19,major,2026-10-04,false,traffic_block,188,10,tamper,false,true,true,done
ENG-2026-04851,TMS,TMS-04851,ENG,ENG-USFD-TEST,RL-PVTBM-12,edge,PV-TBM-UP,,26.25,29.10,UP,overdue,2026-08-26,2,2,,false,traffic_block,114,3,USFD_car,true,false,true,cancelled
TRD-2026-01382,TDMS,TDMS-01382,TRD,TRD-OHE-MAST,MST-MBMGI-01,edge,MBM-GI-DN,,14.51,14.71,DN,overdue,2026-08-15,23,minor,,false,power_block,180,6,OHE_tower_car,true,true,true,in_progress
TRD-2026-01383,TDMS,TDMS-01383,TRD,TRD-OHE-INSP,OHE-ENRMJR-07,edge,ENR-MJR-UP,,18.84,22.84,UP,overdue,2026-01-03,1,major,2026-03-30,false,power_block,99,5,OHE_tower_car,false,false,true,done
SNT-2026-00931,SMMS,SMMS-00931,SNT,SNT-CABLE-LAY,,edge,MSB-MS-DN_SUB,,1.43,2.43,DN_SUB,defect,2026-08-08,30,minor,,false,none,261,9,none,true,true,false,scheduled
SNT-2026-00932,SMMS,SMMS-00932,SNT,SNT-TRACK-CIRCUIT,TC-MJRPON-05,edge,MJR-PON-UP,,33.08,33.58,UP,overdue,2026-07-20,39,minor,2026-11-03,false,disconnection,101,3,none,true,true,true,deferred
SNT-2026-00933,SMMS,SMMS-00933,SNT,SNT-AXLE-COUNTER,AC-STMPV-01,edge,STM-PV-DN,,18.04,18.34,DN,overdue,2026-06-03,32,minor,,false,disconnection,87,3,none,true,true,true,done
ENG-2026-04852,TMS,TMS-04852,ENG,ENG-SLEEPER-RENEWAL,SL-TITRL-11,edge,TI-TRL-UP,,36.40,36.90,UP,defect,2026-08-22,16,major,,false,traffic_block,431,20,none,true,true,true,pending
SNT-2026-00934,SMMS,SMMS-00934,SNT,SNT-LC-GATE,LC-CGLWJ-01,edge,CGL-WJ-SINGLE,,62.35,62.45,SINGLE,routine,2026-08-18,20,minor,,false,disconnection,107,4,none,true,true,true,scheduled
TRD-2026-01384,TDMS,TDMS-01384,TRD,TRD-SUBSTN-MAINT,SS-TBM-01,node,,TBM,29.14,29.14,,proactive,2026-07-19,10,minor,,false,none,319,6,none,true,false,true,done
ENG-2026-04853,TMS,TMS-04853,ENG,ENG-SLEEPER-RENEWAL,SL-TRLAJJ-27,edge,TRL-AJJ-UP,,64.41,64.91,UP,defect,2026-05-07,5,minor,,false,traffic_block,261,20,none,true,true,true,done
ENG-2026-04854,TMS,TMS-04854,ENG,ENG-SLEEPER-RENEWAL,SL-PVTBM-01,edge,PV-TBM-DN,,28.69,29.10,DN,proactive,2026-08-25,13,major,,false,traffic_block,411,21,none,true,true,true,pending
SNT-2026-00935,SMMS,SMMS-00935,SNT,SNT-RELAY-ROOM,IL-TRL-01,node,,TRL,42.00,42.00,,emergency_followup,2026-08-22,16,major,,false,none,166,3,none,true,false,true,pending
SNT-2025-00936,SMMS,SMMS-00936,SNT,SNT-SIGNAL-REPLACE,SG-TKOAJJ-01,edge,TKO-AJJ-SINGLE,,122.60,122.70,SINGLE,emergency_followup,2025-11-27,102,major,2026-02-12,false,disconnection,146,6,none,true,true,true,deferred
TRD-2026-01385,TDMS,TDMS-01385,TRD,TRD-OHE-WIRE-RENEW,CW-ABUAVD-06,edge,ABU-AVD-UP,,17.26,18.26,UP,defect,2026-01-22,82,minor,2026-03-22,false,power_block,354,10,OHE_tower_car,true,true,true,done
TRD-2026-01386,TDMS,TDMS-01386,TRD,TRD-OHE-INSP,OHE-BBQTNP-04,edge,BBQ-TNP-UP,,3.48,5.00,UP,overdue,2026-08-17,21,minor,,false,power_block,128,4,OHE_tower_car,true,false,true,scheduled
SNT-2026-00937,SMMS,SMMS-00937,SNT,SNT-POINT-SERVICE,PT-CGL-01,node,,CGL,59.84,59.84,,routine,2026-01-13,98,critical,2026-02-02,true,disconnection,81,3,none,true,false,true,done
ENG-2026-04855,TMS,TMS-04855,ENG,ENG-USFD-TEST,RL-PVTBM-08,edge,PV-TBM-DN_SUB,,25.42,29.10,DN_SUB,routine,2026-08-05,33,1,2026-08-24,true,traffic_block,129,3,USFD_car,true,false,true,scheduled
ENG-2026-04856,TMS,TMS-04856,ENG,ENG-RAIL-GRIND,RL-ABUAVD-03,edge,ABU-AVD-DN,,18.89,21.00,DN,routine,2026-08-05,33,1,2026-08-22,true,traffic_block,162,4,rail_grinder,false,false,true,in_progress
ENG-2026-04857,TMS,TMS-04857,ENG,ENG-USFD-TEST,RL-AVDTI-13,edge,AVD-TI-UP,,26.87,29.00,UP,proactive,2026-08-01,19,2,,false,traffic_block,118,3,USFD_car,true,false,true,done
SNT-2026-00938,SMMS,SMMS-00938,SNT,SNT-AXLE-COUNTER,AC-PONGPD-03,edge,PON-GPD-UP,,46.60,46.90,UP,overdue,2026-04-10,7,minor,2026-06-07,false,disconnection,102,3,none,true,true,true,done
ENG-2026-04858,TMS,TMS-04858,ENG,ENG-TURNOUT-OVERHAUL,TO-AJJ-06,node,,AJJ,69.00,69.00,,routine,2026-07-22,46,minor,,false,traffic_block,293,12,none,true,true,true,done
ENG-2025-04859,TMS,TMS-04859,ENG,ENG-RAIL-GRIND,RL-PVTBM-07,edge,PV-TBM-DN_SUB,,27.89,29.10,DN_SUB,routine,2025-12-12,263,2,,false,traffic_block,170,4,rail_grinder,true,false,true,done
ENG-2025-04860,TMS,TMS-04860,ENG,ENG-RAIL-RENEWAL,RL-PVTBM-02,edge,PV-TBM-DN,,24.22,24.72,DN,defect,2025-10-19,148,3,,false,traffic_block,408,24,none,true,true,true,done
TRD-2026-01387,TDMS,TDMS-01387,TRD,TRD-OHE-TENSION,OHE-PERABU-16,edge,PER-ABU-UP_SUB,,7.61,7.91,UP_SUB,routine,2026-08-22,11,major,,false,power_block,123,4,OHE_tower_car,true,false,true,done
ENG-2026-04861,TMS,TMS-04861,ENG,ENG-SLEEPER-RENEWAL,SL-TKOAJJ-05,edge,TKO-AJJ-SINGLE,,115.30,115.80,SINGLE,defect,2026-03-12,98,minor,,false,traffic_block,234,21,none,true,true,true,deferred
TRD-2026-01388,TDMS,TDMS-01388,TRD,TRD-OHE-MAST,MST-MSBMS-03,edge,MSB-MS-DN_SUB,,2.94,3.14,DN_SUB,routine,2026-01-23,99,minor,,false,power_block,181,8,OHE_tower_car,true,true,true,done
ENG-2025-04862,TMS,TMS-04862,ENG,ENG-TURNOUT-OVERHAUL,TO-MSB-06,node,,MSB,0.00,0.00,,overdue,2025-09-20,278,minor,,false,traffic_block,286,12,none,true,true,true,done
ENG-2025-04863,TMS,TMS-04863,ENG,ENG-SLEEPER-RENEWAL,SL-CGLWJ-04,edge,CGL-WJ-SINGLE,,63.24,63.74,SINGLE,defect,2025-12-18,204,major,2026-01-24,false,traffic_block,347,18,none,true,true,true,done
ENG-2026-04864,TMS,TMS-04864,ENG,ENG-TURNOUT-OVERHAUL,TO-TRL-04,node,,TRL,42.00,42.00,,routine,2026-06-10,6,major,,false,traffic_block,336,12,none,true,true,true,cancelled
ENG-2025-04865,TMS,TMS-04865,ENG,ENG-TURNOUT-OVERHAUL,TO-BBQ-07,node,,BBQ,2.00,2.00,,routine,2025-11-30,65,minor,,false,traffic_block,341,13,none,true,true,true,done
TRD-2026-01389,TDMS,TDMS-01389,TRD,TRD-OHE-INSULATOR,INS-PERABU-07,edge,PER-ABU-UP_SUB,,11.51,11.61,UP_SUB,defect,2026-08-27,11,critical,2026-09-23,true,power_block,119,4,OHE_tower_car,true,true,true,scheduled
ENG-2026-04866,TMS,TMS-04866,ENG,ENG-DRAIN-CLEAR,,edge,MSB-MS-DN,,1.96,3.46,DN,routine,2026-06-10,21,minor,,false,none,205,7,none,true,true,false,deferred
ENG-2026-04867,TMS,TMS-04867,ENG,ENG-SLEEPER-RENEWAL,SL-TITRL-09,edge,TI-TRL-DN_SUB,,40.11,40.61,DN_SUB,defect,2026-03-05,21,minor,2026-05-03,false,traffic_block,284,16,none,true,true,true,deferred
SNT-2026-00939,SMMS,SMMS-00939,SNT,SNT-TRACK-CIRCUIT,TC-STMPV-04,edge,STM-PV-DN_SUB,,19.41,19.91,DN_SUB,routine,2026-03-20,140,minor,,false,disconnection,79,3,none,true,true,true,done
SNT-2025-00940,SMMS,SMMS-00940,SNT,SNT-TRACK-CIRCUIT,TC-TRLAJJ-14,edge,TRL-AJJ-DN_SUB,,45.85,46.35,DN_SUB,overdue,2025-12-18,161,minor,2026-03-25,false,disconnection,94,3,none,false,true,true,done
TRD-2026-01390,TDMS,TDMS-01390,TRD,TRD-OHE-MAST,MST-TITRL-19,edge,TI-TRL-UP_SUB,,38.47,38.67,UP_SUB,proactive,2026-06-09,48,minor,2026-07-23,false,power_block,209,6,OHE_tower_car,true,true,true,done
TRD-2026-01391,TDMS,TDMS-01391,TRD,TRD-OHE-EARTHING,OHE-STMPV-05,edge,STM-PV-DN_SUB,,22.33,23.10,DN_SUB,routine,2026-04-19,57,minor,2026-07-26,false,power_block,77,3,none,true,false,true,done
SNT-2026-00941,SMMS,SMMS-00941,SNT,SNT-TRACK-CIRCUIT,TC-PERABU-16,edge,PER-ABU-UP_SUB,,5.58,6.08,UP_SUB,overdue,2026-06-16,30,minor,,false,disconnection,123,3,none,true,true,true,done
TRD-2026-01392,TDMS,TDMS-01392,TRD,TRD-OHE-INSULATOR,INS-PVTBM-04,edge,PV-TBM-UP_SUB,,28.96,29.06,UP_SUB,defect,2026-08-25,13,minor,,false,power_block,75,5,OHE_tower_car,true,true,true,scheduled
ENG-2025-04868,TMS,TMS-04868,ENG,ENG-RAIL-GRIND,RL-PONGPD-08,edge,PON-GPD-DN,,43.72,46.72,DN,overdue,2025-10-15,82,2,,false,traffic_block,228,4,rail_grinder,true,false,true,done
ENG-2026-04869,TMS,TMS-04869,ENG,ENG-DRAIN-CLEAR,,edge,TNP-ENR-UP,,11.48,12.98,UP,routine,2026-02-28,190,major,,false,none,188,6,none,true,true,false,done
ENG-2026-04870,TMS,TMS-04870,ENG,ENG-BRIDGE-INSP,BR-CJTMLP-01,edge,CJ-TMLP-SINGLE,,106.29,106.39,SINGLE,proactive,2026-02-05,189,major,,false,traffic_block,75,5,none,true,true,false,done
ENG-2026-04871,TMS,TMS-04871,ENG,ENG-DESTRESSING,RL-PVTBM-03,edge,PV-TBM-DN,,27.02,28.02,DN,overdue,2026-03-31,137,IMDT,2026-04-03,true,traffic_block,334,10,none,false,false,true,done
TRD-2025-01393,TDMS,TDMS-01393,TRD,TRD-OHE-FAULT,OHE-PERABU-13,edge,PER-ABU-UP,,13.92,14.22,UP,defect,2025-11-15,121,minor,,false,power_block,134,6,OHE_tower_car,true,true,true,done
ENG-2026-04872,TMS,TMS-04872,ENG,ENG-RAIL-WELD,RL-CJTMLP-06,edge,CJ-TMLP-SINGLE,,101.57,102.57,SINGLE,defect,2026-05-11,26,1,2026-05-26,true,traffic_block,211,8,none,true,false,true,deferred
TRD-2025-01394,TDMS,TDMS-01394,TRD,TRD-OHE-WIRE-RENEW,CW-PVTBM-01,edge,PV-TBM-DN,,23.84,24.84,DN,defect,2025-11-02,69,major,,false,power_block,405,8,OHE_tower_car,true,true,true,done
ENG-2025-04873,TMS,TMS-04873,ENG,ENG-CURVE-REALIGN,BL-AVDTI-01,edge,AVD-TI-DN,,23.75,24.55,DN,routine,2025-11-24,129,minor,,false,traffic_block,148,12,tamper,true,true,true,done
TRD-2025-01395,TDMS,TDMS-01395,TRD,TRD-OHE-WIRE-RENEW,CW-GISTM-04,edge,GI-STM-UP_SUB,,16.85,17.10,UP_SUB,defect,2025-10-13,186,major,,false,power_block,355,10,OHE_tower_car,true,true,true,done
TRD-2026-01396,TDMS,TDMS-01396,TRD,TRD-NEUTRAL-SECTION,OHE-TITRL-06,edge,TI-TRL-DN,,34.83,35.03,DN,overdue,2026-03-11,90,minor,,false,power_block,217,7,OHE_tower_car,false,false,true,done
ENG-2026-04874,TMS,TMS-04874,ENG,ENG-USFD-TEST,RL-PVTBM-08,edge,PV-TBM-DN_SUB,,25.42,29.10,DN_SUB,proactive,2026-04-09,18,2,,false,traffic_block,109,4,USFD_car,true,false,true,done
ENG-2026-04875,TMS,TMS-04875,ENG,ENG-BALLAST-SCREEN,BL-MBMGI-02,edge,MBM-GI-DN_SUB,,11.69,12.19,DN_SUB,overdue,2026-03-05,41,minor,,false,traffic_block,245,13,BCM,true,true,true,done
TRD-2026-01397,TDMS,TDMS-01397,TRD,TRD-OHE-DROPPER,CW-TNPENR-04,edge,TNP-ENR-UP,,10.11,10.61,UP,overdue,2026-08-10,28,minor,,false,power_block,129,5,OHE_tower_car,true,false,true,pending
SNT-2025-00942,SMMS,SMMS-00942,SNT,SNT-POINT-SERVICE,PT-BBQ-04,node,,BBQ,2.00,2.00,,routine,2025-12-22,203,minor,,false,disconnection,50,3,none,true,false,true,done
SNT-2026-00943,SMMS,SMMS-00943,SNT,SNT-TRACK-CIRCUIT,TC-MSBMS-07,edge,MSB-MS-UP_SUB,,0.61,1.11,UP_SUB,routine,2026-06-26,14,minor,2026-09-27,false,disconnection,102,3,none,true,true,true,done
ENG-2026-04876,TMS,TMS-04876,ENG,ENG-TURNOUT-TAMP,TO-MAS-11,node,,MAS,0.00,0.00,,routine,2026-03-23,47,minor,,false,traffic_block,239,8,tamper,false,true,true,done
TRD-2026-01398,TDMS,TDMS-01398,TRD,TRD-OHE-MAST,MST-ENRMJR-08,edge,ENR-MJR-UP,,18.32,18.52,UP,overdue,2026-01-22,27,major,,false,power_block,193,6,OHE_tower_car,true,true,true,done
ENG-2026-04877,TMS,TMS-04877,ENG,ENG-DESTRESSING,RL-PVTBM-16,edge,PV-TBM-UP_SUB,,27.16,28.16,UP_SUB,routine,2026-07-31,20,3,,false,traffic_block,258,11,none,true,false,true,done
ENG-2026-04878,TMS,TMS-04878,ENG,ENG-SLEEPER-RENEWAL,SL-PERABU-11,edge,PER-ABU-UP,,14.43,14.93,UP,defect,2026-03-08,152,major,2026-05-22,false,traffic_block,402,17,none,true,true,true,done
ENG-2026-04879,TMS,TMS-04879,ENG,ENG-SLEEPER-RENEWAL,SL-STMPV-07,edge,STM-PV-UP_SUB,,20.98,21.48,UP_SUB,defect,2026-07-01,19,major,,false,traffic_block,424,17,none,true,true,true,done
ENG-2026-04880,TMS,TMS-04880,ENG,ENG-TAMPING,BL-TRLAJJ-05,edge,TRL-AJJ-DN,,56.66,58.66,DN,overdue,2026-08-25,13,minor,,false,traffic_block,183,8,tamper,true,true,true,in_progress
ENG-2026-04881,TMS,TMS-04881,ENG,ENG-TRACK-PATROL,,edge,TI-TRL-DN_SUB,,31.05,33.05,DN_SUB,routine,2026-08-09,4,major,,false,none,87,2,none,false,false,false,done
SNT-2026-00944,SMMS,SMMS-00944,SNT,SNT-TRACK-CIRCUIT,TC-STMPV-08,edge,STM-PV-UP_SUB,,22.28,22.78,UP_SUB,routine,2026-07-25,41,critical,2026-08-19,true,disconnection,122,3,none,true,true,true,done
SNT-2026-00945,SMMS,SMMS-00945,SNT,SNT-POINT-REPLACE,PT-AJJ-06,node,,AJJ,69.00,69.00,,defect,2026-04-03,73,major,2026-07-18,false,disconnection,238,4,none,true,false,true,deferred
ENG-2026-04882,TMS,TMS-04882,ENG,ENG-TURNOUT-TAMP,TO-MSB-08,node,,MSB,0.00,0.00,,routine,2026-02-24,150,minor,2026-05-06,false,traffic_block,221,10,tamper,true,true,true,cancelled
ENG-2026-04883,TMS,TMS-04883,ENG,ENG-RAIL-RENEWAL,RL-TNPENR-11,edge,TNP-ENR-UP,,7.41,7.91,UP,defect,2026-06-22,62,2,,false,traffic_block,394,23,none,true,true,true,done
TRD-2025-01399,TDMS,TDMS-01399,TRD,TRD-OHE-EARTHING,OHE-TRLAJJ-34,edge,TRL-AJJ-UP,,51.26,52.26,UP,overdue,2025-10-05,158,minor,,false,power_block,54,3,none,true,false,true,done
ENG-2026-04884,TMS,TMS-04884,ENG,ENG-SLEEPER-RENEWAL,SL-AVDTI-12,edge,AVD-TI-UP_SUB,,24.55,25.05,UP_SUB,defect,2026-03-26,36,major,,false,traffic_block,369,19,none,true,true,true,done
SNT-2026-00946,SMMS,SMMS-00946,SNT,SNT-AXLE-COUNTER,AC-MBMGI-03,edge,MBM-GI-UP,,11.65,11.95,UP,overdue,2026-04-22,71,minor,2026-06-01,false,disconnection,100,3,none,false,true,true,done
ENG-2026-04885,TMS,TMS-04885,ENG,ENG-USFD-TEST,RL-TRLAJJ-09,edge,TRL-AJJ-DN,,64.83,68.50,DN,overdue,2026-06-28,49,2,2026-09-08,false,traffic_block,155,3,USFD_car,true,false,true,done
SNT-2026-00947,SMMS,SMMS-00947,SNT,SNT-TRACK-CIRCUIT,TC-AVDTI-12,edge,AVD-TI-UP_SUB,,22.02,22.52,UP_SUB,routine,2026-08-11,5,critical,2026-08-21,true,disconnection,77,3,none,true,true,true,done
TRD-2026-01400,TDMS,TDMS-01400,TRD,TRD-OHE-INSP,OHE-STMPV-06,edge,STM-PV-DN_SUB,,22.87,23.10,DN_SUB,overdue,2026-07-13,16,major,,false,power_block,111,4,OHE_tower_car,true,false,true,done
ENG-2026-04886,TMS,TMS-04886,ENG,ENG-TURNOUT-TAMP,TO-PER-07,node,,PER,5.00,5.00,,emergency_followup,2026-03-27,47,major,,false,traffic_block,241,9,tamper,true,true,true,cancelled
ENG-2026-04887,TMS,TMS-04887,ENG,ENG-SLEEPER-RENEWAL,SL-STMPV-08,edge,STM-PV-UP_SUB,,19.64,20.14,UP_SUB,defect,2026-06-28,22,minor,2026-10-17,false,traffic_block,288,21,none,true,true,true,done
ENG-2026-04888,TMS,TMS-04888,ENG,ENG-TAMPING,BL-PERABU-03,edge,PER-ABU-DN,,8.34,10.34,DN,overdue,2026-03-04,140,minor,,false,traffic_block,290,8,tamper,false,true,true,cancelled
ENG-2026-04889,TMS,TMS-04889,ENG,ENG-SLEEPER-RENEWAL,SL-TRLAJJ-01,edge,TRL-AJJ-DN,,60.93,61.43,DN,defect,2026-08-16,7,minor,,false,traffic_block,297,17,none,false,true,true,done
TRD-2026-01401,TDMS,TDMS-01401,TRD,TRD-OHE-MAST,MST-MASBBQ-04,edge,MAS-BBQ-UP_SUB,,0.70,0.90,UP_SUB,overdue,2026-01-10,195,major,2026-05-08,false,power_block,147,7,OHE_tower_car,true,true,true,done
ENG-2026-04890,TMS,TMS-04890,ENG,ENG-CURVE-REALIGN,BL-ENRMJR-03,edge,ENR-MJR-DN,,24.02,24.82,DN,routine,2026-04-03,8,minor,,false,traffic_block,239,12,tamper,true,true,true,done
ENG-2026-04891,TMS,TMS-04891,ENG,ENG-RAIL-GRIND,RL-TITRL-24,edge,TI-TRL-UP,,32.06,35.06,UP,routine,2026-08-30,8,3,,false,traffic_block,170,4,rail_grinder,true,false,true,pending
ENG-2025-04892,TMS,TMS-04892,ENG,ENG-SLEEPER-RENEWAL,SL-TNPENR-03,edge,TNP-ENR-DN,,12.65,13.15,DN,proactive,2025-11-09,178,minor,2025-12-30,false,traffic_block,374,18,none,true,true,true,done
ENG-2026-04893,TMS,TMS-04893,ENG,ENG-RAIL-GRIND,RL-ENRMJR-07,edge,ENR-MJR-UP,,23.83,26.00,UP,overdue,2026-08-16,19,3,2026-10-13,false,traffic_block,208,4,rail_grinder,true,false,true,done
ENG-2026-04894,TMS,TMS-04894,ENG,ENG-DESTRESSING,RL-TNPENR-09,edge,TNP-ENR-UP,,5.57,6.57,UP,routine,2026-04-22,47,3,,false,traffic_block,245,10,none,true,false,true,done
SNT-2026-00948,SMMS,SMMS-00948,SNT,SNT-POINT-SERVICE,PT-ENR-04,node,,ENR,16.00,16.00,,overdue,2026-07-28,41,minor,,false,disconnection,61,3,none,true,false,true,scheduled
ENG-2026-04895,TMS,TMS-04895,ENG,ENG-SLEEPER-RENEWAL,SL-TRLAJJ-23,edge,TRL-AJJ-UP,,65.64,66.14,UP,defect,2026-01-08,4,minor,2026-04-14,false,traffic_block,425,17,none,true,true,true,done
ENG-2026-04896,TMS,TMS-04896,ENG,ENG-TURNOUT-TAMP,TO-GPD-02,node,,GPD,47.00,47.00,,overdue,2026-08-06,32,minor,2026-09-15,false,traffic_block,160,9,tamper,true,true,true,pending
SNT-2026-00949,SMMS,SMMS-00949,SNT,SNT-CABLE-LAY,,edge,GI-STM-DN,,16.17,17.10,DN,defect,2026-01-25,40,major,,false,none,221,9,none,true,true,false,done
SNT-2026-00950,SMMS,SMMS-00950,SNT,SNT-SIGNAL-LAMP,SG-PVTBM-02,edge,PV-TBM-DN,,23.72,23.82,DN,overdue,2026-07-28,41,critical,2026-08-11,true,none,49,2,none,true,false,true,in_progress
TRD-2025-01402,TDMS,TDMS-01402,TRD,TRD-OHE-MAST,MST-AVDTI-08,edge,AVD-TI-UP,,21.95,22.15,UP,overdue,2025-11-02,98,minor,,false,power_block,129,6,OHE_tower_car,true,true,true,done
ENG-2026-04897,TMS,TMS-04897,ENG,ENG-DRAIN-CLEAR,,edge,TRL-AJJ-DN_SUB,,63.58,65.08,DN_SUB,emergency_followup,2026-06-19,10,major,2026-09-26,false,none,193,6,none,true,true,false,done
ENG-2026-04898,TMS,TMS-04898,ENG,ENG-DESTRESSING,RL-PERABU-07,edge,PER-ABU-DN_SUB,,9.95,10.95,DN_SUB,routine,2026-02-23,23,2,2026-05-26,false,traffic_block,293,10,none,true,false,true,done
ENG-2025-04899,TMS,TMS-04899,ENG,ENG-SLEEPER-RENEWAL,SL-PONGPD-01,edge,PON-GPD-DN,,36.81,37.31,DN,emergency_followup,2025-12-17,79,major,2026-04-06,false,traffic_block,263,18,none,true,true,true,done
ENG-2026-04900,TMS,TMS-04900,ENG,ENG-TURNOUT-OVERHAUL,TO-MSB-10,node,,MSB,0.00,0.00,,routine,2026-08-10,28,critical,2026-09-07,true,traffic_block,290,15,none,true,true,true,pending
SNT-2026-00951,SMMS,SMMS-00951,SNT,SNT-SIGNAL-REPLACE,SG-MASBBQ-02,edge,MAS-BBQ-DN_SUB,,1.50,1.60,DN_SUB,defect,2026-06-03,8,minor,,false,disconnection,164,6,none,true,true,true,done
ENG-2025-04901,TMS,TMS-04901,ENG,ENG-BALLAST-SCREEN,BL-PVTBM-04,edge,PV-TBM-DN_SUB,,27.65,28.15,DN_SUB,routine,2025-09-10,352,major,,false,traffic_block,271,12,BCM,true,true,true,done
SNT-2026-00952,SMMS,SMMS-00952,SNT,SNT-CABLE-LAY,,edge,MJR-PON-UP,,30.56,31.56,UP,defect,2026-04-24,54,major,2026-07-18,false,none,315,10,none,true,true,false,done
ENG-2025-04902,TMS,TMS-04902,ENG,ENG-TURNOUT-OVERHAUL,TO-BBQ-04,node,,BBQ,2.00,2.00,,overdue,2025-10-16,246,critical,2025-10-31,true,traffic_block,345,12,none,false,true,true,done
ENG-2025-04903,TMS,TMS-04903,ENG,ENG-RAIL-RENEWAL,RL-TRLAJJ-65,edge,TRL-AJJ-UP_SUB,,65.28,65.78,UP_SUB,proactive,2025-11-20,241,3,,false,traffic_block,422,20,none,true,true,true,done
ENG-2026-04904,TMS,TMS-04904,ENG,ENG-RAIL-RENEWAL,RL-PERABU-14,edge,PER-ABU-UP,,14.34,14.84,UP,defect,2026-08-17,21,3,2026-10-06,false,traffic_block,462,24,none,true,true,true,pending
SNT-2025-00953,SMMS,SMMS-00953,SNT,SNT-TRACK-CIRCUIT,TC-PERABU-10,edge,PER-ABU-UP,,10.20,10.70,UP,overdue,2025-12-22,258,major,,false,disconnection,102,3,none,true,true,true,done
SNT-2026-00954,SMMS,SMMS-00954,SNT,SNT-SIGNAL-LAMP,SG-AVDTI-09,edge,AVD-TI-UP,,21.53,21.63,UP,routine,2026-03-07,30,minor,2026-06-17,false,none,44,2,none,true,false,true,done
ENG-2026-04905,TMS,TMS-04905,ENG,ENG-BALLAST-SCREEN,BL-ENRMJR-01,edge,ENR-MJR-DN,,18.79,19.29,DN,proactive,2026-02-24,117,minor,2026-05-26,false,traffic_block,256,15,BCM,true,true,true,done
ENG-2026-04906,TMS,TMS-04906,ENG,ENG-RAIL-WELD,RL-MSMBM-03,edge,MS-MBM-DN,,9.28,10.28,DN,defect,2026-01-11,230,2,,false,traffic_block,230,7,none,true,false,true,done
ENG-2025-04907,TMS,TMS-04907,ENG,ENG-RAIL-RENEWAL,RL-CGLWJ-02,edge,CGL-WJ-SINGLE,,68.37,68.87,SINGLE,defect,2025-10-17,1,IMDT,2025-10-20,true,traffic_block,443,23,none,false,true,true,done
SNT-2025-00955,SMMS,SMMS-00955,SNT,SNT-TRACK-CIRCUIT,TC-BBQTNP-01,edge,BBQ-TNP-DN,,2.99,3.49,DN,proactive,2025-11-05,193,minor,2025-12-08,false,disconnection,79,3,none,true,true,true,done
SNT-2026-00956,SMMS,SMMS-00956,SNT,SNT-CABLE-LAY,,edge,TKO-AJJ-SINGLE,,119.23,120.23,SINGLE,defect,2026-06-11,58,critical,2026-06-23,true,none,201,8,none,false,true,false,done
ENG-2025-04908,TMS,TMS-04908,ENG,ENG-DESTRESSING,RL-MSMBM-06,edge,MS-MBM-DN_SUB,,9.80,10.80,DN_SUB,routine,2025-11-25,24,3,2026-01-22,false,traffic_block,253,12,none,true,false,true,done
SNT-2026-00957,SMMS,SMMS-00957,SNT,SNT-CABLE-LAY,,edge,MBM-GI-UP_SUB,,11.74,12.74,UP_SUB,defect,2026-03-30,118,minor,,false,none,241,8,none,false,true,false,done
TRD-2025-01403,TDMS,TDMS-01403,TRD,TRD-OHE-DROPPER,CW-TITRL-13,edge,TI-TRL-UP_SUB,,34.56,35.06,UP_SUB,overdue,2025-09-19,142,major,,false,power_block,95,4,OHE_tower_car,true,false,true,done
ENG-2026-04909,TMS,TMS-04909,ENG,ENG-DESTRESSING,RL-TRLAJJ-07,edge,TRL-AJJ-DN,,59.49,60.49,DN,overdue,2026-04-03,86,2,2026-05-08,false,traffic_block,216,10,none,true,false,true,done
SNT-2025-00958,SMMS,SMMS-00958,SNT,SNT-AXLE-COUNTER,AC-STMPV-03,edge,STM-PV-UP,,18.87,19.17,UP,routine,2025-11-16,109,major,,false,disconnection,117,3,none,true,true,true,done
SNT-2025-00959,SMMS,SMMS-00959,SNT,SNT-POINT-SERVICE,PT-TRL-04,node,,TRL,42.00,42.00,,overdue,2025-09-17,182,minor,2025-12-05,false,disconnection,57,3,none,true,false,true,done
ENG-2025-04910,TMS,TMS-04910,ENG,ENG-RAIL-WELD,RL-BBQTNP-01,edge,BBQ-TNP-DN,,3.08,4.08,DN,defect,2025-12-30,235,2,,false,traffic_block,249,6,none,true,false,true,done
SNT-2026-00960,SMMS,SMMS-00960,SNT,SNT-AXLE-COUNTER,AC-PERABU-01,edge,PER-ABU-DN,,8.61,8.91,DN,overdue,2026-03-29,160,minor,,false,disconnection,75,3,none,true,true,true,done
SNT-2026-00961,SMMS,SMMS-00961,SNT,SNT-TRACK-CIRCUIT,TC-ABUAVD-03,edge,ABU-AVD-DN_SUB,,15.60,16.10,DN_SUB,routine,2026-07-13,56,minor,2026-09-23,false,disconnection,83,4,none,true,true,true,in_progress
TRD-2026-01404,TDMS,TDMS-01404,TRD,TRD-OHE-MAST,MST-TRLAJJ-38,edge,TRL-AJJ-UP_SUB,,42.89,43.09,UP_SUB,routine,2026-08-21,3,major,2026-11-27,false,power_block,183,6,OHE_tower_car,true,true,true,done
ENG-2026-04911,TMS,TMS-04911,ENG,ENG-RAIL-GRIND,RL-CJTMLP-04,edge,CJ-TMLP-SINGLE,,106.56,107.80,SINGLE,routine,2026-07-23,28,3,,false,traffic_block,191,4,rail_grinder,true,false,true,done
ENG-2025-04912,TMS,TMS-04912,ENG,ENG-TURNOUT-TAMP,TO-BBQ-07,node,,BBQ,2.00,2.00,,routine,2025-09-23,248,major,,false,traffic_block,145,8,tamper,true,true,true,done
ENG-2026-04913,TMS,TMS-04913,ENG,ENG-SLEEPER-RENEWAL,SL-PONGPD-02,edge,PON-GPD-DN,,40.11,40.61,DN,defect,2026-08-15,23,major,,false,traffic_block,357,16,none,true,true,true,pending
SNT-2026-00962,SMMS,SMMS-00962,SNT,SNT-TRACK-CIRCUIT,TC-TNPENR-03,edge,TNP-ENR-DN,,10.39,10.89,DN,overdue,2026-08-18,10,major,,false,disconnection,126,3,none,true,true,true,done
SNT-2026-00963,SMMS,SMMS-00963,SNT,SNT-POINT-SERVICE,PT-AJJ-03,node,,AJJ,69.00,69.00,,routine,2026-04-10,69,major,,false,disconnection,51,3,none,false,false,true,deferred
TRD-2025-01405,TDMS,TDMS-01405,TRD,TRD-OHE-INSP,OHE-PVTBM-09,edge,PV-TBM-UP,,26.48,29.10,UP,routine,2025-11-29,151,minor,2026-03-22,false,power_block,82,4,OHE_tower_car,true,false,true,done
TRD-2026-01406,TDMS,TDMS-01406,TRD,TRD-OHE-INSULATOR,INS-GISTM-02,edge,GI-STM-DN_SUB,,16.41,16.51,DN_SUB,defect,2026-07-08,32,major,,false,power_block,104,5,OHE_tower_car,true,true,true,cancelled
ENG-2026-04914,TMS,TMS-04914,ENG,ENG-SLEEPER-RENEWAL,SL-MSMBM-01,edge,MS-MBM-DN,,6.30,6.80,DN,defect,2026-02-28,186,minor,,false,traffic_block,312,19,none,true,true,true,done
ENG-2026-04915,TMS,TMS-04915,ENG,ENG-SLEEPER-RENEWAL,SL-PERABU-14,edge,PER-ABU-UP_SUB,,13.34,13.84,UP_SUB,defect,2026-09-04,1,minor,2026-12-31,false,traffic_block,274,20,none,false,true,true,done
ENG-2026-04916,TMS,TMS-04916,ENG,ENG-TURNOUT-OVERHAUL,TO-AJJ-10,node,,AJJ,69.00,69.00,,overdue,2026-03-01,101,critical,2026-03-16,true,traffic_block,243,16,none,true,true,true,deferred
SNT-2026-00964,SMMS,SMMS-00964,SNT,SNT-AXLE-COUNTER,AC-AVDTI-01,edge,AVD-TI-DN,,26.92,27.22,DN,routine,2026-05-18,21,minor,,false,disconnection,112,4,none,true,true,true,done
TRD-2025-01407,TDMS,TDMS-01407,TRD,TRD-NEUTRAL-SECTION,OHE-AVDTI-12,edge,AVD-TI-UP,,25.61,25.81,UP,emergency_followup,2025-09-09,47,major,,false,power_block,176,6,OHE_tower_car,true,false,true,done
SNT-2026-00965,SMMS,SMMS-00965,SNT,SNT-AXLE-COUNTER,AC-TITRL-02,edge,TI-TRL-DN,,39.16,39.46,DN,routine,2026-08-27,11,minor,,false,disconnection,102,3,none,true,true,true,pending
TRD-2026-01408,TDMS,TDMS-01408,TRD,TRD-OHE-TENSION,OHE-MASBBQ-04,edge,MAS-BBQ-UP_SUB,,1.58,1.88,UP_SUB,emergency_followup,2026-08-03,35,major,2026-11-02,false,power_block,151,4,OHE_tower_car,true,false,true,pending
ENG-2026-04917,TMS,TMS-04917,ENG,ENG-BALLAST-SCREEN,BL-PERABU-03,edge,PER-ABU-DN,,8.34,8.84,DN,routine,2026-07-10,59,minor,,false,traffic_block,314,13,BCM,true,true,true,in_progress
ENG-2026-04918,TMS,TMS-04918,ENG,ENG-SLEEPER-RENEWAL,SL-TITRL-08,edge,TI-TRL-DN_SUB,,40.05,40.55,DN_SUB,defect,2026-01-04,78,critical,2026-01-14,true,traffic_block,376,16,none,true,true,true,done
SNT-2026-00966,SMMS,SMMS-00966,SNT,SNT-SIGNAL-REPLACE,SG-CGLWJ-07,edge,CGL-WJ-SINGLE,,78.46,78.56,SINGLE,emergency_followup,2026-05-01,5,major,,false,disconnection,156,5,none,true,true,true,done
ENG-2025-04919,TMS,TMS-04919,ENG,ENG-BALLAST-REGULATE,BL-MBMGI-02,edge,MBM-GI-DN_SUB,,11.69,13.69,DN_SUB,routine,2025-11-01,279,minor,2025-12-31,false,traffic_block,117,4,ballast_regulator,true,true,true,done
ENG-2025-04920,TMS,TMS-04920,ENG,ENG-SLEEPER-RENEWAL,SL-STMPV-08,edge,STM-PV-UP_SUB,,19.64,20.14,UP_SUB,emergency_followup,2025-11-23,185,major,,false,traffic_block,341,16,none,true,true,true,cancelled
TRD-2026-01409,TDMS,TDMS-01409,TRD,TRD-OHE-MAST,MST-WJCJ-04,edge,WJ-CJ-SINGLE,,93.34,93.54,SINGLE,proactive,2026-07-29,11,minor,2026-11-05,false,power_block,160,7,OHE_tower_car,true,true,true,done
SNT-2026-00967,SMMS,SMMS-00967,SNT,SNT-LC-GATE,LC-WJCJ-01,edge,WJ-CJ-SINGLE,,89.86,89.96,SINGLE,routine,2026-03-31,65,major,2026-05-15,false,disconnection,104,4,none,true,true,true,done
ENG-2025-04921,TMS,TMS-04921,ENG,ENG-RAIL-RENEWAL,RL-TRLAJJ-16,edge,TRL-AJJ-DN,,58.76,59.26,DN,defect,2025-12-01,179,3,2026-02-17,false,traffic_block,380,24,none,true,true,true,done
SNT-2026-00968,SMMS,SMMS-00968,SNT,SNT-AXLE-COUNTER,AC-MJRPON-03,edge,MJR-PON-UP,,26.50,26.80,UP,routine,2026-05-15,77,major,,false,disconnection,77,3,none,true,true,true,done
ENG-2026-04922,TMS,TMS-04922,ENG,ENG-USFD-TEST,RL-TRLAJJ-17,edge,TRL-AJJ-DN,,66.72,68.50,DN,routine,2026-03-29,137,1,2026-04-17,true,traffic_block,126,3,USFD_car,true,false,true,done
ENG-2025-04923,TMS,TMS-04923,ENG,ENG-SLEEPER-RENEWAL,SL-TNPENR-06,edge,TNP-ENR-UP,,8.87,9.37,UP,defect,2025-09-16,297,critical,2025-10-13,true,traffic_block,390,19,none,true,true,true,deferred
ENG-2026-04924,TMS,TMS-04924,ENG,ENG-BRIDGE-REPAIR,BR-TRLAJJ-01,edge,TRL-AJJ-DN,,52.88,52.98,DN,defect,2026-07-30,14,minor,2026-10-06,false,traffic_block,332,10,none,true,true,false,cancelled
TRD-2025-01410,TDMS,TDMS-01410,TRD,TRD-OHE-INSP,OHE-ABUAVD-06,edge,ABU-AVD-DN_SUB,,15.86,19.86,DN_SUB,proactive,2025-11-27,268,minor,,false,power_block,116,4,OHE_tower_car,true,false,true,done
ENG-2026-04925,TMS,TMS-04925,ENG,ENG-USFD-TEST,RL-TRLAJJ-44,edge,TRL-AJJ-UP,,65.91,68.50,UP,overdue,2026-08-15,23,1,2026-08-26,true,traffic_block,124,3,USFD_car,true,false,true,in_progress
SNT-2026-00969,SMMS,SMMS-00969,SNT,SNT-POINT-REPLACE,PT-PER-01,node,,PER,5.00,5.00,,defect,2026-08-30,7,minor,,false,disconnection,181,4,none,true,false,true,done
ENG-2026-04926,TMS,TMS-04926,ENG,ENG-SLEEPER-RENEWAL,SL-TITRL-04,edge,TI-TRL-DN,,33.08,33.58,DN,defect,2026-07-09,29,minor,2026-09-02,false,traffic_block,329,18,none,true,true,true,cancelled
SNT-2026-00970,SMMS,SMMS-00970,SNT,SNT-POINT-SERVICE,PT-TRL-01,node,,TRL,42.00,42.00,,overdue,2026-09-01,1,minor,,false,disconnection,65,3,none,true,false,true,cancelled
TRD-2026-01411,TDMS,TDMS-01411,TRD,TRD-OHE-INSULATOR,INS-TRLAJJ-03,edge,TRL-AJJ-DN,,62.17,62.27,DN,defect,2026-01-01,49,minor,,false,power_block,119,4,OHE_tower_car,false,true,true,done
ENG-2026-04927,TMS,TMS-04927,ENG,ENG-DRAIN-CLEAR,,edge,PON-GPD-UP,,44.63,46.13,UP,routine,2026-03-26,123,major,,false,none,136,6,none,false,true,false,deferred
ENG-2025-04928,TMS,TMS-04928,ENG,ENG-SLEEPER-RENEWAL,SL-MBMGI-04,edge,MBM-GI-UP_SUB,,11.80,12.30,UP_SUB,defect,2025-12-14,246,minor,,false,traffic_block,318,21,none,false,true,true,done
ENG-2026-04929,TMS,TMS-04929,ENG,ENG-SLEEPER-RENEWAL,SL-AVDTI-12,edge,AVD-TI-UP_SUB,,24.55,25.05,UP_SUB,defect,2026-04-24,44,major,,false,traffic_block,384,19,none,true,true,true,done
ENG-2026-04930,TMS,TMS-04930,ENG,ENG-SLEEPER-RENEWAL,SL-TRLAJJ-18,edge,TRL-AJJ-DN_SUB,,62.11,62.61,DN_SUB,defect,2026-02-23,47,minor,,false,traffic_block,420,21,none,true,true,true,done
TRD-2025-01412,TDMS,TDMS-01412,TRD,TRD-OHE-MAST,MST-PVTBM-01,edge,PV-TBM-DN,,27.50,27.70,DN,overdue,2025-12-30,115,major,,false,power_block,150,7,OHE_tower_car,true,true,true,done
ENG-2026-04931,TMS,TMS-04931,ENG,ENG-USFD-TEST,RL-GISTM-02,edge,GI-STM-DN_SUB,,16.79,17.10,DN_SUB,routine,2026-01-26,78,3,,false,traffic_block,141,3,USFD_car,true,false,true,done
TRD-2026-01413,TDMS,TDMS-01413,TRD,TRD-OHE-WIRE-RENEW,CW-MSMBM-03,edge,MS-MBM-DN_SUB,,8.48,9.48,DN_SUB,proactive,2026-08-08,30,major,,false,power_block,327,9,OHE_tower_car,true,true,true,scheduled
ENG-2025-04932,TMS,TMS-04932,ENG,ENG-SLEEPER-RENEWAL,SL-TRLAJJ-26,edge,TRL-AJJ-UP,,66.50,67.00,UP,defect,2025-09-26,276,major,2025-12-23,false,traffic_block,237,18,none,true,true,true,done
ENG-2026-04933,TMS,TMS-04933,ENG,ENG-RAIL-GRIND,RL-PERABU-04,edge,PER-ABU-DN,,6.54,9.54,DN,proactive,2026-03-22,88,3,2026-05-08,false,traffic_block,201,4,rail_grinder,true,false,true,done
TRD-2026-01414,TDMS,TDMS-01414,TRD,TRD-OHE-MAST,MST-TITRL-14,edge,TI-TRL-UP,,35.01,35.21,UP,emergency_followup,2026-08-19,19,major,,false,power_block,173,6,OHE_tower_car,true,true,true,in_progress
SNT-2025-00971,SMMS,SMMS-00971,SNT,SNT-SIGNAL-LAMP,SG-TITRL-18,edge,TI-TRL-UP_SUB,,31.03,31.13,UP_SUB,proactive,2025-10-30,263,minor,,false,none,50,2,none,false,false,true,done
SNT-2025-00972,SMMS,SMMS-00972,SNT,SNT-TRACK-CIRCUIT,TC-GISTM-01,edge,GI-STM-DN,,16.53,17.03,DN,overdue,2025-11-07,188,major,,false,disconnection,76,3,none,true,true,true,cancelled
ENG-2026-04934,TMS,TMS-04934,ENG,ENG-SLEEPER-RENEWAL,SL-WJCJ-04,edge,WJ-CJ-SINGLE,,88.24,88.74,SINGLE,proactive,2026-07-20,19,minor,,false,traffic_block,313,16,none,true,true,true,done
TRD-2026-01415,TDMS,TDMS-01415,TRD,TRD-OHE-MAST,MST-STMPV-02,edge,STM-PV-DN,,20.38,20.58,DN,emergency_followup,2026-08-17,21,major,,false,power_block,214,7,OHE_tower_car,false,true,true,in_progress
SNT-2025-00973,SMMS,SMMS-00973,SNT,SNT-SIGNAL-REPLACE,SG-ENRMJR-04,edge,ENR-MJR-DN,,23.18,23.28,DN,proactive,2025-10-21,160,minor,2025-11-25,false,disconnection,224,5,none,true,true,true,done
TRD-2026-01416,TDMS,TDMS-01416,TRD,TRD-OHE-MAST,MST-PERABU-02,edge,PER-ABU-DN,,11.86,12.06,DN,overdue,2026-03-25,110,minor,2026-07-08,false,power_block,189,7,OHE_tower_car,false,true,true,deferred
TRD-2026-01417,TDMS,TDMS-01417,TRD,TRD-OHE-INSULATOR,INS-MSMBM-07,edge,MS-MBM-UP_SUB,,10.03,10.13,UP_SUB,proactive,2026-08-18,20,minor,,false,power_block,123,4,OHE_tower_car,false,true,true,in_progress
ENG-2026-04935,TMS,TMS-04935,ENG,ENG-RAIL-GRIND,RL-MSBMS-01,edge,MSB-MS-DN,,1.72,4.30,DN,overdue,2026-05-12,85,3,,false,traffic_block,238,4,rail_grinder,true,false,true,done
ENG-2026-04936,TMS,TMS-04936,ENG,ENG-TURNOUT-OVERHAUL,TO-TBM-07,node,,TBM,29.14,29.14,,emergency_followup,2026-08-09,29,major,2026-10-30,false,traffic_block,247,14,none,true,true,true,in_progress
ENG-2026-04937,TMS,TMS-04937,ENG,ENG-TURNOUT-TAMP,TO-MAS-01,node,,MAS,0.00,0.00,,overdue,2026-02-25,36,minor,,false,traffic_block,147,8,tamper,true,true,true,done
SNT-2025-00974,SMMS,SMMS-00974,SNT,SNT-TRACK-CIRCUIT,TC-STMPV-08,edge,STM-PV-UP_SUB,,22.28,22.78,UP_SUB,routine,2025-09-15,16,minor,,false,disconnection,119,3,none,true,true,true,done
ENG-2026-04938,TMS,TMS-04938,ENG,ENG-TURNOUT-TAMP,TO-TNP-05,node,,TNP,5.00,5.00,,proactive,2026-03-07,22,minor,,false,traffic_block,146,10,tamper,true,true,true,done
ENG-2025-04939,TMS,TMS-04939,ENG,ENG-TURNOUT-OVERHAUL,TO-ENR-05,node,,ENR,16.00,16.00,,overdue,2025-09-27,311,major,,false,traffic_block,402,13,none,true,true,true,deferred
ENG-2026-04940,TMS,TMS-04940,ENG,ENG-SLEEPER-RENEWAL,SL-PONGPD-05,edge,PON-GPD-UP,,45.07,45.57,UP,defect,2026-01-14,167,major,2026-03-02,false,traffic_block,244,17,none,true,true,true,deferred
ENG-2026-04941,TMS,TMS-04941,ENG,ENG-DRAIN-CLEAR,,edge,STM-PV-UP,,20.49,21.99,UP,proactive,2026-03-01,130,minor,,false,none,170,7,none,true,true,false,done
SNT-2025-00975,SMMS,SMMS-00975,SNT,SNT-TRACK-CIRCUIT,TC-TRLAJJ-28,edge,TRL-AJJ-UP,,51.35,51.85,UP,overdue,2025-11-20,29,major,2026-03-13,false,disconnection,127,3,none,true,true,true,done
ENG-2026-04942,TMS,TMS-04942,ENG,ENG-SLEEPER-RENEWAL,SL-MBMGI-04,edge,MBM-GI-UP_SUB,,11.80,12.30,UP_SUB,defect,2026-01-20,156,minor,2026-04-01,false,traffic_block,304,21,none,true,true,true,done
ENG-2026-04943,TMS,TMS-04943,ENG,ENG-BALLAST-REGULATE,BL-PONGPD-01,edge,PON-GPD-DN,,35.64,37.64,DN,routine,2026-02-23,52,minor,,false,traffic_block,139,4,ballast_regulator,true,true,true,done
ENG-2026-04944,TMS,TMS-04944,ENG,ENG-DESTRESSING,RL-BBQPER-03,edge,BBQ-PER-DN_SUB,,4.26,5.00,DN_SUB,overdue,2026-03-31,94,IMDT,2026-04-02,true,traffic_block,191,12,none,false,false,true,done
ENG-2026-04945,TMS,TMS-04945,ENG,ENG-RAIL-GRIND,RL-PERABU-03,edge,PER-ABU-DN,,6.60,9.60,DN,overdue,2026-07-31,38,2,,false,traffic_block,146,4,rail_grinder,false,false,true,scheduled
ENG-2025-04946,TMS,TMS-04946,ENG,ENG-RAIL-WELD,RL-PVTBM-10,edge,PV-TBM-UP,,23.23,24.23,UP,proactive,2025-09-20,338,3,,false,traffic_block,186,6,none,true,false,true,done
ENG-2026-04947,TMS,TMS-04947,ENG,ENG-RAIL-RENEWAL,RL-STMPV-14,edge,STM-PV-UP_SUB,,22.79,23.10,UP_SUB,emergency_followup,2026-02-16,191,2,,false,traffic_block,440,26,none,true,true,true,done
SNT-2026-00976,SMMS,SMMS-00976,SNT,SNT-TRACK-CIRCUIT,TC-PERABU-10,edge,PER-ABU-UP,,10.20,10.70,UP,routine,2026-03-31,143,major,,false,disconnection,82,3,none,false,true,true,done
TRD-2026-01418,TDMS,TDMS-01418,TRD,TRD-OHE-DROPPER,CW-CGLWJ-06,edge,CGL-WJ-SINGLE,,65.70,66.20,SINGLE,overdue,2026-08-30,4,major,2026-12-02,false,power_block,93,5,OHE_tower_car,true,false,true,done
ENG-2026-04948,TMS,TMS-04948,ENG,ENG-RAIL-RENEWAL,RL-BBQTNP-02,edge,BBQ-TNP-DN,,3.73,4.23,DN,defect,2026-07-22,30,1,2026-08-07,true,traffic_block,340,24,none,true,true,true,done
ENG-2026-04949,TMS,TMS-04949,ENG,ENG-RAIL-WELD,RL-PONGPD-02,edge,PON-GPD-DN,,41.60,42.60,DN,proactive,2026-08-23,15,3,,false,traffic_block,161,7,none,true,false,true,scheduled
SNT-2026-00977,SMMS,SMMS-00977,SNT,SNT-TRACK-CIRCUIT,TC-MBMGI-02,edge,MBM-GI-DN_SUB,,14.57,15.00,DN_SUB,routine,2026-03-30,57,minor,2026-07-28,false,disconnection,87,3,none,true,true,true,done
ENG-2026-04950,TMS,TMS-04950,ENG,ENG-SLEEPER-RENEWAL,SL-TRLAJJ-26,edge,TRL-AJJ-UP,,66.50,67.00,UP,defect,2026-07-28,41,minor,,false,traffic_block,225,16,none,true,true,true,pending
ENG-2025-04951,TMS,TMS-04951,ENG,ENG-USFD-TEST,RL-ENRMJR-06,edge,ENR-MJR-DN,,21.47,26.00,DN,overdue,2025-12-28,159,1,2026-01-07,true,traffic_block,148,3,USFD_car,true,false,true,done
SNT-2025-00978,SMMS,SMMS-00978,SNT,SNT-TRACK-CIRCUIT,TC-CJTMLP-02,edge,CJ-TMLP-SINGLE,,104.85,105.35,SINGLE,overdue,2025-10-14,74,minor,,false,disconnection,115,3,none,false,true,true,deferred
ENG-2025-04952,TMS,TMS-04952,ENG,ENG-TURNOUT-OVERHAUL,TO-PER-04,node,,PER,5.00,5.00,,overdue,2025-10-17,177,minor,,false,traffic_block,388,15,none,true,true,true,done
SNT-2025-00979,SMMS,SMMS-00979,SNT,SNT-CABLE-LAY,,edge,TKO-AJJ-SINGLE,,118.68,119.68,SINGLE,defect,2025-10-07,51,major,,false,none,318,9,none,true,true,false,done
ENG-2026-04953,TMS,TMS-04953,ENG,ENG-SLEEPER-RENEWAL,SL-BBQPER-03,edge,BBQ-PER-UP,,4.12,4.62,UP,emergency_followup,2026-01-15,223,major,,false,traffic_block,344,19,none,true,true,true,done
TRD-2025-01419,TDMS,TDMS-01419,TRD,TRD-OHE-MAST,MST-PERABU-13,edge,PER-ABU-UP_SUB,,5.35,5.55,UP_SUB,overdue,2025-11-03,82,critical,2025-11-25,true,power_block,150,6,OHE_tower_car,false,true,true,deferred
SNT-2026-00980,SMMS,SMMS-00980,SNT,SNT-POINT-SERVICE,PT-MS-07,node,,MS,4.32,4.32,,overdue,2026-01-03,239,minor,,false,disconnection,50,3,none,true,false,true,done
SNT-2026-00981,SMMS,SMMS-00981,SNT,SNT-AXLE-COUNTER,AC-PERABU-07,edge,PER-ABU-UP_SUB,,12.39,12.69,UP_SUB,overdue,2026-08-19,3,minor,,false,disconnection,121,3,none,true,true,true,done
TRD-2026-01420,TDMS,TDMS-01420,TRD,TRD-OHE-WIRE-RENEW,CW-TRLAJJ-07,edge,TRL-AJJ-DN,,59.13,60.13,DN,defect,2026-03-09,121,minor,,false,power_block,285,9,OHE_tower_car,true,true,true,done
ENG-2026-04954,TMS,TMS-04954,ENG,ENG-TURNOUT-TAMP,TO-TBM-04,node,,TBM,29.14,29.14,,overdue,2026-05-28,102,minor,,false,traffic_block,224,10,tamper,true,true,true,scheduled
TRD-2026-01421,TDMS,TDMS-01421,TRD,TRD-OHE-DROPPER,CW-PERABU-03,edge,PER-ABU-DN,,13.48,13.98,DN,routine,2026-01-29,200,minor,2026-04-16,false,power_block,111,4,OHE_tower_car,true,false,true,done
ENG-2026-04955,TMS,TMS-04955,ENG,ENG-SLEEPER-RENEWAL,SL-MJRPON-01,edge,MJR-PON-DN,,27.59,28.09,DN,proactive,2026-06-07,90,major,,false,traffic_block,302,19,none,false,true,true,done
SNT-2026-00982,SMMS,SMMS-00982,SNT,SNT-SIGNAL-REPLACE,SG-TRLAJJ-28,edge,TRL-AJJ-UP_SUB,,44.19,44.29,UP_SUB,proactive,2026-05-18,101,minor,,false,disconnection,179,6,none,true,true,true,done
TRD-2026-01422,TDMS,TDMS-01422,TRD,TRD-OHE-MAST,MST-TITRL-19,edge,TI-TRL-UP_SUB,,38.47,38.67,UP_SUB,emergency_followup,2026-08-10,22,major,,false,power_block,128,7,OHE_tower_car,false,true,true,done
TRD-2026-01423,TDMS,TDMS-01423,TRD,TRD-OHE-MAST,MST-WJCJ-01,edge,WJ-CJ-SINGLE,,83.99,84.19,SINGLE,overdue,2026-08-21,17,critical,2026-09-19,true,power_block,216,8,OHE_tower_car,true,true,true,in_progress
TRD-2026-01424,TDMS,TDMS-01424,TRD,TRD-OHE-INSULATOR,INS-TNPENR-04,edge,TNP-ENR-UP,,9.38,9.48,UP,defect,2026-06-30,4,minor,,false,power_block,126,5,OHE_tower_car,true,true,true,done
SNT-2026-00983,SMMS,SMMS-00983,SNT,SNT-TRACK-CIRCUIT,TC-ABUAVD-04,edge,ABU-AVD-DN_SUB,,19.18,19.68,DN_SUB,routine,2026-08-20,18,minor,,false,disconnection,100,3,none,true,true,true,scheduled
ENG-2026-04956,TMS,TMS-04956,ENG,ENG-DESTRESSING,RL-MSBMS-03,edge,MSB-MS-DN,,2.59,3.59,DN,overdue,2026-06-10,50,3,2026-08-24,false,traffic_block,294,12,none,true,false,true,done
TRD-2026-01425,TDMS,TDMS-01425,TRD,TRD-NEUTRAL-SECTION,OHE-PVTBM-04,edge,PV-TBM-DN_SUB,,26.44,26.64,DN_SUB,overdue,2026-05-22,4,major,,false,power_block,207,7,OHE_tower_car,true,false,true,cancelled
ENG-2026-04957,TMS,TMS-04957,ENG,ENG-SLEEPER-RENEWAL,SL-MJRPON-03,edge,MJR-PON-DN,,26.51,27.01,DN,defect,2026-04-09,101,minor,,false,traffic_block,369,16,none,true,true,true,done
ENG-2025-04958,TMS,TMS-04958,ENG,ENG-BRIDGE-INSP,BR-MJRPON-01,edge,MJR-PON-DN,,31.63,31.73,DN,overdue,2025-11-09,39,minor,,false,traffic_block,114,4,none,true,true,false,done
ENG-2026-04959,TMS,TMS-04959,ENG,ENG-TURNOUT-TAMP,TO-TBM-01,node,,TBM,29.14,29.14,,overdue,2026-08-09,1,major,,false,traffic_block,239,8,tamper,true,true,true,done
ENG-2026-04960,TMS,TMS-04960,ENG,ENG-TURNOUT-TAMP,TO-PER-03,node,,PER,5.00,5.00,,routine,2026-04-03,91,minor,2026-06-29,false,traffic_block,195,9,tamper,true,true,true,done
ENG-2026-04961,TMS,TMS-04961,ENG,ENG-RAIL-WELD,RL-TKOAJJ-07,edge,TKO-AJJ-SINGLE,,119.01,120.01,SINGLE,defect,2026-06-19,71,1,2026-07-10,true,traffic_block,204,6,none,true,false,true,done
ENG-2026-04962,TMS,TMS-04962,ENG,ENG-TURNOUT-OVERHAUL,TO-AJJ-08,node,,AJJ,69.00,69.00,,routine,2026-06-02,14,major,,false,traffic_block,253,15,none,true,true,true,done
TRD-2025-01426,TDMS,TDMS-01426,TRD,TRD-OHE-WIRE-RENEW,CW-TRLAJJ-18,edge,TRL-AJJ-UP,,50.07,51.07,UP,defect,2025-10-17,4,minor,,false,power_block,278,8,OHE_tower_car,true,true,true,deferred
TRD-2026-01427,TDMS,TDMS-01427,TRD,TRD-OHE-DROPPER,CW-ENRMJR-03,edge,ENR-MJR-DN,,24.84,25.34,DN,overdue,2026-09-02,5,major,,false,power_block,98,4,OHE_tower_car,false,false,true,in_progress
SNT-2026-00984,SMMS,SMMS-00984,SNT,SNT-SIGNAL-REPLACE,SG-TRLAJJ-21,edge,TRL-AJJ-UP,,48.01,48.11,UP,defect,2026-04-20,60,major,2026-06-07,false,disconnection,257,6,none,true,true,true,done
ENG-2026-04963,TMS,TMS-04963,ENG,ENG-SLEEPER-RENEWAL,SL-MSBMS-06,edge,MSB-MS-UP,,0.36,0.86,UP,defect,2026-01-25,180,critical,2026-02-07,true,traffic_block,392,18,none,true,true,true,done
ENG-2026-04964,TMS,TMS-04964,ENG,ENG-DESTRESSING,RL-MSMBM-16,edge,MS-MBM-UP_SUB,,6.20,7.20,UP_SUB,overdue,2026-04-21,12,3,,false,traffic_block,225,13,none,true,false,true,done
ENG-2026-04965,TMS,TMS-04965,ENG,ENG-CURVE-REALIGN,BL-MJRPON-01,edge,MJR-PON-DN,,28.60,29.40,DN,overdue,2026-04-07,12,minor,,false,traffic_block,197,11,tamper,true,true,true,done
ENG-2026-04966,TMS,TMS-04966,ENG,ENG-DRAIN-CLEAR,,edge,STM-PV-DN_SUB,,19.65,21.15,DN_SUB,proactive,2026-04-23,101,major,,false,none,197,7,none,false,true,false,done
SNT-2025-00985,SMMS,SMMS-00985,SNT,SNT-AXLE-COUNTER,AC-TRLAJJ-09,edge,TRL-AJJ-DN_SUB,,65.07,65.37,DN_SUB,routine,2025-12-27,127,minor,,false,disconnection,76,3,none,true,true,true,done
ENG-2026-04967,TMS,TMS-04967,ENG,ENG-SLEEPER-RENEWAL,SL-TNPENR-07,edge,TNP-ENR-UP,,14.63,15.13,UP,defect,2026-05-04,12,minor,,false,traffic_block,332,21,none,true,true,true,done
ENG-2026-04968,TMS,TMS-04968,ENG,ENG-DRAIN-CLEAR,,edge,MS-MBM-UP_SUB,,10.45,11.30,UP_SUB,overdue,2026-04-01,47,critical,2026-04-28,true,none,166,6,none,false,true,false,done
TRD-2025-01428,TDMS,TDMS-01428,TRD,TRD-NEUTRAL-SECTION,OHE-TRLAJJ-40,edge,TRL-AJJ-UP_SUB,,44.03,44.23,UP_SUB,routine,2025-11-07,68,minor,,false,power_block,184,6,OHE_tower_car,true,false,true,done
ENG-2026-04969,TMS,TMS-04969,ENG,ENG-BALLAST-REGULATE,BL-ENRMJR-06,edge,ENR-MJR-UP,,23.13,25.13,UP,routine,2026-08-10,28,major,,false,traffic_block,121,4,ballast_regulator,true,true,true,pending
ENG-2026-04970,TMS,TMS-04970,ENG,ENG-TURNOUT-OVERHAUL,TO-MAS-16,node,,MAS,0.00,0.00,,routine,2026-04-15,50,major,2026-06-17,false,traffic_block,414,14,none,true,true,true,done
SNT-2026-00986,SMMS,SMMS-00986,SNT,SNT-POINT-SERVICE,PT-AJJ-07,node,,AJJ,69.00,69.00,,overdue,2026-01-07,189,critical,2026-01-25,true,disconnection,61,3,none,true,false,true,done
ENG-2026-04971,TMS,TMS-04971,ENG,ENG-RAIL-WELD,RL-PVTBM-08,edge,PV-TBM-DN_SUB,,25.42,26.42,DN_SUB,emergency_followup,2026-02-18,166,2,2026-05-02,false,traffic_block,151,7,none,true,false,true,done
SNT-2026-00987,SMMS,SMMS-00987,SNT,SNT-AXLE-COUNTER,AC-TRLAJJ-01,edge,TRL-AJJ-DN,,54.82,55.12,DN,proactive,2026-05-20,5,major,2026-06-24,false,disconnection,71,4,none,true,true,true,done
SNT-2025-00988,SMMS,SMMS-00988,SNT,SNT-AXLE-COUNTER,AC-AVDTI-07,edge,AVD-TI-UP_SUB,,25.70,26.00,UP_SUB,routine,2025-11-10,17,minor,,false,disconnection,128,3,none,true,true,true,done
SNT-2026-00989,SMMS,SMMS-00989,SNT,SNT-SIGNAL-LAMP,SG-MBMGI-02,edge,MBM-GI-DN_SUB,,13.14,13.24,DN_SUB,emergency_followup,2026-05-26,9,major,,false,none,40,2,none,true,false,true,done
ENG-2026-04972,TMS,TMS-04972,ENG,ENG-DESTRESSING,RL-TITRL-09,edge,TI-TRL-DN_SUB,,31.38,32.38,DN_SUB,routine,2026-05-30,54,2,,false,traffic_block,190,13,none,true,false,true,done
TRD-2026-01429,TDMS,TDMS-01429,TRD,TRD-OHE-TENSION,OHE-MSMBM-15,edge,MS-MBM-UP_SUB,,9.11,9.41,UP_SUB,overdue,2026-08-05,33,minor,,false,power_block,125,4,OHE_tower_car,true,false,true,pending
ENG-2026-04973,TMS,TMS-04973,ENG,ENG-SLEEPER-RENEWAL,SL-STMPV-02,edge,STM-PV-DN,,20.17,20.67,DN,defect,2026-06-10,87,minor,,false,traffic_block,297,17,none,true,true,true,done
TRD-2025-01430,TDMS,TDMS-01430,TRD,TRD-OHE-MAST,MST-GISTM-02,edge,GI-STM-DN_SUB,,16.43,16.63,DN_SUB,routine,2025-12-02,9,minor,,false,power_block,214,7,OHE_tower_car,false,true,true,done
TRD-2026-01431,TDMS,TDMS-01431,TRD,TRD-OHE-MAST,MST-PVTBM-01,edge,PV-TBM-DN,,27.50,27.70,DN,overdue,2026-08-22,16,minor,,false,power_block,143,7,OHE_tower_car,false,true,true,in_progress
ENG-2025-04974,TMS,TMS-04974,ENG,ENG-CURVE-REALIGN,BL-BBQPER-01,edge,BBQ-PER-DN,,4.89,5.00,DN,proactive,2025-10-19,40,major,,false,traffic_block,182,11,tamper,true,true,true,done
TRD-2026-01432,TDMS,TDMS-01432,TRD,TRD-OHE-DROPPER,CW-BBQTNP-02,edge,BBQ-TNP-UP,,2.46,2.96,UP,overdue,2026-07-25,29,minor,,false,power_block,125,5,OHE_tower_car,true,false,true,done
SNT-2026-00990,SMMS,SMMS-00990,SNT,SNT-SIGNAL-REPLACE,SG-TRLAJJ-14,edge,TRL-AJJ-DN_SUB,,56.71,56.81,DN_SUB,proactive,2026-05-02,45,minor,,false,disconnection,146,5,none,true,true,true,deferred
SNT-2025-00991,SMMS,SMMS-00991,SNT,SNT-AXLE-COUNTER,AC-MASBBQ-03,edge,MAS-BBQ-UP,,0.49,0.79,UP,overdue,2025-10-07,55,minor,,false,disconnection,99,3,none,true,true,true,done
ENG-2025-04975,TMS,TMS-04975,ENG,ENG-SLEEPER-RENEWAL,SL-TITRL-02,edge,TI-TRL-DN,,32.48,32.98,DN,defect,2025-12-03,274,major,,false,traffic_block,371,20,none,true,true,true,done
SNT-2025-00992,SMMS,SMMS-00992,SNT,SNT-TRACK-CIRCUIT,TC-MJRPON-02,edge,MJR-PON-DN,,33.69,34.19,DN,overdue,2025-12-11,194,minor,,false,disconnection,119,3,none,true,true,true,deferred
ENG-2025-04976,TMS,TMS-04976,ENG,ENG-CURVE-REALIGN,BL-PVTBM-07,edge,PV-TBM-UP_SUB,,24.57,25.37,UP_SUB,routine,2025-12-21,200,minor,,false,traffic_block,181,11,tamper,true,true,true,done
SNT-2025-00993,SMMS,SMMS-00993,SNT,SNT-TRACK-CIRCUIT,TC-CGLWJ-06,edge,CGL-WJ-SINGLE,,67.86,68.36,SINGLE,routine,2025-12-13,149,major,2026-03-01,false,disconnection,99,3,none,false,true,true,done
TRD-2026-01433,TDMS,TDMS-01433,TRD,TRD-OHE-INSP,OHE-MASBBQ-02,edge,MAS-BBQ-DN_SUB,,1.52,2.00,DN_SUB,overdue,2026-03-09,19,major,2026-06-28,false,power_block,94,5,OHE_tower_car,true,false,true,done
ENG-2026-04977,TMS,TMS-04977,ENG,ENG-DESTRESSING,RL-TNPENR-03,edge,TNP-ENR-DN,,12.97,13.97,DN,overdue,2026-08-31,7,2,,false,traffic_block,263,13,none,false,false,true,pending
ENG-2026-04978,TMS,TMS-04978,ENG,ENG-BRIDGE-INSP,BR-PONGPD-01,edge,PON-GPD-DN,,44.85,44.95,DN,routine,2026-09-01,6,minor,,false,traffic_block,69,5,none,true,true,false,done
ENG-2026-04979,TMS,TMS-04979,ENG,ENG-TRACK-PATROL,,edge,BBQ-PER-UP,,4.01,5.00,UP,proactive,2026-05-08,115,minor,,false,none,105,2,none,true,false,false,done
ENG-2025-04980,TMS,TMS-04980,ENG,ENG-TURNOUT-OVERHAUL,TO-BBQ-02,node,,BBQ,2.00,2.00,,overdue,2025-09-07,335,critical,2025-09-28,true,traffic_block,412,15,none,true,true,true,done
TRD-2026-01434,TDMS,TDMS-01434,TRD,TRD-OHE-EARTHING,OHE-TITRL-19,edge,TI-TRL-UP_SUB,,33.13,34.13,UP_SUB,overdue,2026-05-17,21,major,,false,power_block,62,3,none,true,false,true,done
ENG-2026-04981,TMS,TMS-04981,ENG,ENG-TAMPING,BL-GISTM-02,edge,GI-STM-DN_SUB,,16.03,17.10,DN_SUB,overdue,2026-04-16,32,minor,,false,traffic_block,259,9,tamper,true,true,true,done
ENG-2025-04982,TMS,TMS-04982,ENG,ENG-TURNOUT-OVERHAUL,TO-MAS-04,node,,MAS,0.00,0.00,,routine,2025-10-29,199,major,,false,traffic_block,249,13,none,true,true,true,done
TRD-2026-01435,TDMS,TDMS-01435,TRD,TRD-OHE-INSP,OHE-MSMBM-08,edge,MS-MBM-DN_SUB,,6.06,10.06,DN_SUB,overdue,2026-04-21,84,minor,,false,power_block,68,4,OHE_tower_car,true,false,true,done
TRD-2025-01436,TDMS,TDMS-01436,TRD,TRD-OHE-DROPPER,CW-STMPV-02,edge,STM-PV-DN,,19.48,19.98,DN,overdue,2025-10-14,68,minor,,false,power_block,118,4,OHE_tower_car,true,false,true,done
ENG-2026-04983,TMS,TMS-04983,ENG,ENG-SLEEPER-RENEWAL,SL-PERABU-10,edge,PER-ABU-UP,,7.15,7.65,UP,emergency_followup,2026-04-17,125,major,,false,traffic_block,251,16,none,true,true,true,done
ENG-2025-04984,TMS,TMS-04984,ENG,ENG-BALLAST-REGULATE,BL-MJRPON-02,edge,MJR-PON-DN,,29.75,31.75,DN,overdue,2025-11-16,231,minor,,false,traffic_block,149,4,ballast_regulator,true,true,true,done
TRD-2025-01437,TDMS,TDMS-01437,TRD,TRD-NEUTRAL-SECTION,OHE-ABUAVD-04,edge,ABU-AVD-DN_SUB,,19.53,19.73,DN_SUB,overdue,2025-10-16,9,major,,false,power_block,238,6,OHE_tower_car,true,false,true,deferred
SNT-2025-00994,SMMS,SMMS-00994,SNT,SNT-TRACK-CIRCUIT,TC-PERABU-15,edge,PER-ABU-UP_SUB,,13.50,14.00,UP_SUB,overdue,2025-09-07,247,minor,2025-11-19,false,disconnection,93,3,none,true,true,true,done
ENG-2025-04985,TMS,TMS-04985,ENG,ENG-TAMPING,BL-TRLAJJ-08,edge,TRL-AJJ-DN,,53.49,55.49,DN,overdue,2025-11-12,134,major,,false,traffic_block,281,10,tamper,true,true,true,done
ENG-2026-04986,TMS,TMS-04986,ENG,ENG-RAIL-RENEWAL,RL-TRLAJJ-61,edge,TRL-AJJ-UP_SUB,,64.22,64.72,UP_SUB,proactive,2026-08-28,10,3,,false,traffic_block,285,21,none,true,true,true,scheduled
ENG-2026-04987,TMS,TMS-04987,ENG,ENG-CURVE-REALIGN,BL-MBMGI-04,edge,MBM-GI-UP_SUB,,12.52,13.32,UP_SUB,overdue,2026-03-03,184,minor,,false,traffic_block,231,12,tamper,true,true,true,done
SNT-2026-00995,SMMS,SMMS-00995,SNT,SNT-INTERLOCK-TEST,IL-MAS-01,node,,MAS,0.00,0.00,,defect,2026-08-02,14,major,2026-10-12,false,disconnection,215,6,none,false,false,true,done
SNT-2026-00996,SMMS,SMMS-00996,SNT,SNT-TRACK-CIRCUIT,TC-PERABU-07,edge,PER-ABU-DN_SUB,,8.52,9.02,DN_SUB,routine,2026-08-05,33,major,,false,disconnection,129,3,none,true,true,true,pending
ENG-2026-04988,TMS,TMS-04988,ENG,ENG-RAIL-RENEWAL,RL-MASBBQ-01,edge,MAS-BBQ-DN,,1.06,1.56,DN,defect,2026-02-23,150,3,,false,traffic_block,454,21,none,true,true,true,done
SNT-2026-00997,SMMS,SMMS-00997,SNT,SNT-SIGNAL-LAMP,SG-BBQPER-01,edge,BBQ-PER-DN,,3.32,3.42,DN,routine,2026-01-10,98,major,,false,none,42,2,none,true,false,true,done
ENG-2026-04989,TMS,TMS-04989,ENG,ENG-USFD-TEST,RL-PERABU-04,edge,PER-ABU-DN,,6.54,14.54,DN,routine,2026-02-19,147,2,,false,traffic_block,110,3,USFD_car,true,false,true,done
ENG-2026-04990,TMS,TMS-04990,ENG,ENG-TURNOUT-OVERHAUL,TO-AVD-02,node,,AVD,21.00,21.00,,routine,2026-06-12,46,major,,false,traffic_block,353,13,none,true,true,true,done
SNT-2026-00998,SMMS,SMMS-00998,SNT,SNT-TRACK-CIRCUIT,TC-TRLAJJ-27,edge,TRL-AJJ-UP,,55.29,55.79,UP,overdue,2026-08-13,25,major,,false,disconnection,126,3,none,true,true,true,scheduled
ENG-2026-04991,TMS,TMS-04991,ENG,ENG-SLEEPER-RENEWAL,SL-ENRMJR-01,edge,ENR-MJR-DN,,24.01,24.51,DN,defect,2026-02-04,155,critical,2026-03-04,true,traffic_block,261,20,none,true,true,true,done
SNT-2026-00999,SMMS,SMMS-00999,SNT,SNT-CABLE-LAY,,edge,TI-TRL-UP,,30.50,31.50,UP,defect,2026-04-06,100,major,,false,none,322,10,none,true,true,false,done
ENG-2025-04992,TMS,TMS-04992,ENG,ENG-RAIL-WELD,RL-MASBBQ-04,edge,MAS-BBQ-UP_SUB,,0.94,1.94,UP_SUB,defect,2025-10-22,34,2,,false,traffic_block,197,6,none,true,false,true,deferred
TRD-2025-01438,TDMS,TDMS-01438,TRD,TRD-OHE-TENSION,OHE-MSMBM-06,edge,MS-MBM-DN_SUB,,5.52,5.82,DN_SUB,routine,2025-12-24,202,major,2026-03-27,false,power_block,157,4,OHE_tower_car,true,false,true,done
ENG-2026-04993,TMS,TMS-04993,ENG,ENG-USFD-TEST,RL-TRLAJJ-35,edge,TRL-AJJ-UP,,51.83,59.83,UP,overdue,2026-08-17,21,1,2026-08-24,true,traffic_block,150,3,USFD_car,true,false,true,pending
ENG-2026-04994,TMS,TMS-04994,ENG,ENG-TURNOUT-TAMP,TO-AJJ-01,node,,AJJ,69.00,69.00,,proactive,2026-04-18,36,minor,,false,traffic_block,248,10,tamper,true,true,true,done
SNT-2025-01000,SMMS,SMMS-01000,SNT,SNT-AXLE-COUNTER,AC-CGLWJ-04,edge,CGL-WJ-SINGLE,,65.95,66.25,SINGLE,overdue,2025-11-27,75,major,,false,disconnection,109,3,none,true,true,true,done
ENG-2025-04995,TMS,TMS-04995,ENG,ENG-TRACK-PATROL,,edge,STM-PV-UP_SUB,,20.98,22.98,UP_SUB,overdue,2025-09-17,295,critical,2025-10-15,true,none,107,2,none,true,false,false,done
SNT-2026-01001,SMMS,SMMS-01001,SNT,SNT-AXLE-COUNTER,AC-AVDTI-06,edge,AVD-TI-UP,,27.17,27.47,UP,proactive,2026-03-08,107,minor,,false,disconnection,94,3,none,false,true,true,done
SNT-2026-01002,SMMS,SMMS-01002,SNT,SNT-TRACK-CIRCUIT,TC-CGLWJ-06,edge,CGL-WJ-SINGLE,,67.86,68.36,SINGLE,overdue,2026-07-16,29,minor,,false,disconnection,123,3,none,false,true,true,done
ENG-2026-04996,TMS,TMS-04996,ENG,ENG-SLEEPER-RENEWAL,SL-TITRL-16,edge,TI-TRL-UP_SUB,,39.74,40.24,UP_SUB,defect,2026-09-06,1,minor,,false,traffic_block,363,19,none,true,true,true,pending
ENG-2026-04997,TMS,TMS-04997,ENG,ENG-TRACK-PATROL,,edge,PER-ABU-DN,,12.78,14.78,DN,routine,2026-08-04,5,minor,,false,none,126,2,none,true,false,false,done
ENG-2026-04998,TMS,TMS-04998,ENG,ENG-DESTRESSING,RL-TITRL-17,edge,TI-TRL-UP,,41.03,42.00,UP,routine,2026-07-17,52,2,,false,traffic_block,328,13,none,true,false,true,pending
TRD-2025-01439,TDMS,TDMS-01439,TRD,TRD-OHE-INSULATOR,INS-MSMBM-02,edge,MS-MBM-DN,,7.45,7.55,DN,defect,2025-09-19,278,minor,,false,power_block,68,4,OHE_tower_car,true,true,true,done
SNT-2026-01003,SMMS,SMMS-01003,SNT,SNT-POINT-SERVICE,PT-TRL-01,node,,TRL,42.00,42.00,,overdue,2026-08-03,35,major,,false,disconnection,52,3,none,true,false,true,scheduled
ENG-2026-04999,TMS,TMS-04999,ENG,ENG-BALLAST-REGULATE,BL-TRLAJJ-27,edge,TRL-AJJ-UP,,47.11,49.11,UP,overdue,2026-08-13,25,minor,,false,traffic_block,138,4,ballast_regulator,true,true,true,in_progress
ENG-2026-05000,TMS,TMS-05000,ENG,ENG-TURNOUT-TAMP,TO-TBM-07,node,,TBM,29.14,29.14,,overdue,2026-02-16,6,minor,,false,traffic_block,224,10,tamper,true,true,true,done
TRD-2026-01440,TDMS,TDMS-01440,TRD,TRD-NEUTRAL-SECTION,OHE-MBMGI-07,edge,MBM-GI-UP_SUB,,12.74,12.94,UP_SUB,routine,2026-08-28,10,critical,2026-09-12,true,power_block,213,7,OHE_tower_car,false,false,true,done
SNT-2026-01004,SMMS,SMMS-01004,SNT,SNT-AXLE-COUNTER,AC-AVDTI-07,edge,AVD-TI-UP_SUB,,25.70,26.00,UP_SUB,routine,2026-06-02,51,major,,false,disconnection,100,3,none,true,true,true,done
TRD-2026-01441,TDMS,TDMS-01441,TRD,TRD-OHE-MAST,MST-MBMGI-04,edge,MBM-GI-UP_SUB,,11.60,11.80,UP_SUB,overdue,2026-07-18,51,minor,,false,power_block,196,7,OHE_tower_car,true,true,true,pending
SNT-2026-01005,SMMS,SMMS-01005,SNT,SNT-TRACK-CIRCUIT,TC-TRLAJJ-30,edge,TRL-AJJ-UP,,64.21,64.71,UP,overdue,2026-08-14,24,major,,false,disconnection,129,3,none,true,true,true,pending
SNT-2025-01006,SMMS,SMMS-01006,SNT,SNT-TRACK-CIRCUIT,TC-TRLAJJ-35,edge,TRL-AJJ-UP_SUB,,48.35,48.85,UP_SUB,overdue,2025-12-14,55,major,,false,disconnection,70,3,none,true,true,true,done
ENG-2026-05001,TMS,TMS-05001,ENG,ENG-SLEEPER-RENEWAL,SL-TITRL-18,edge,TI-TRL-UP_SUB,,36.66,37.16,UP_SUB,defect,2026-01-11,42,minor,,false,traffic_block,381,16,none,true,true,true,deferred
SNT-2026-01007,SMMS,SMMS-01007,SNT,SNT-CABLE-LAY,,edge,MSB-MS-DN_SUB,,3.69,4.30,DN_SUB,defect,2026-07-09,13,critical,2026-07-19,true,none,217,9,none,true,true,false,done
ENG-2026-05002,TMS,TMS-05002,ENG,ENG-TURNOUT-OVERHAUL,TO-MSB-06,node,,MSB,0.00,0.00,,routine,2026-07-26,43,minor,,false,traffic_block,340,12,none,true,true,true,pending
SNT-2026-01008,SMMS,SMMS-01008,SNT,SNT-TRACK-CIRCUIT,TC-PERABU-02,edge,PER-ABU-DN,,5.23,5.73,DN,routine,2026-06-26,40,critical,2026-07-09,true,disconnection,79,3,none,true,true,true,done
TRD-2026-01442,TDMS,TDMS-01442,TRD,TRD-OHE-FAULT,OHE-CGLWJ-04,edge,CGL-WJ-SINGLE,,80.07,80.37,SINGLE,defect,2026-04-06,148,major,2026-07-13,false,power_block,93,6,OHE_tower_car,true,true,true,done
ENG-2025-05003,TMS,TMS-05003,ENG,ENG-TURNOUT-OVERHAUL,TO-AVD-01,node,,AVD,21.00,21.00,,overdue,2025-09-18,302,minor,,false,traffic_block,338,15,none,false,true,true,done
ENG-2025-05004,TMS,TMS-05004,ENG,ENG-SLEEPER-RENEWAL,SL-ENRMJR-08,edge,ENR-MJR-UP,,20.39,20.89,UP,defect,2025-12-07,263,major,,false,traffic_block,270,17,none,true,true,true,done
ENG-2026-05005,TMS,TMS-05005,ENG,ENG-USFD-TEST,RL-MJRPON-12,edge,MJR-PON-UP,,33.16,35.00,UP,overdue,2026-07-18,2,3,,false,traffic_block,105,3,USFD_car,true,false,true,done
TRD-2026-01443,TDMS,TDMS-01443,TRD,TRD-OHE-INSULATOR,INS-PERABU-01,edge,PER-ABU-DN,,8.74,8.84,DN,proactive,2026-04-15,75,minor,,false,power_block,98,4,OHE_tower_car,true,true,true,done
SNT-2026-01009,SMMS,SMMS-01009,SNT,SNT-TRACK-CIRCUIT,TC-TITRL-02,edge,TI-TRL-DN,,36.95,37.45,DN,proactive,2026-07-13,41,major,,false,disconnection,83,3,none,true,true,true,done
ENG-2025-05006,TMS,TMS-05006,ENG,ENG-RAIL-GRIND,RL-ABUAVD-06,edge,ABU-AVD-DN_SUB,,19.13,21.00,DN_SUB,routine,2025-12-17,110,1,2025-12-26,true,traffic_block,157,4,rail_grinder,true,false,true,done
ENG-2026-05007,TMS,TMS-05007,ENG,ENG-SLEEPER-RENEWAL,SL-TITRL-14,edge,TI-TRL-UP,,30.58,31.08,UP,defect,2026-03-28,71,minor,,false,traffic_block,272,16,none,true,true,true,done
TRD-2026-01444,TDMS,TDMS-01444,TRD,TRD-NEUTRAL-SECTION,OHE-MSMBM-11,edge,MS-MBM-UP,,9.57,9.77,UP,overdue,2026-08-10,22,minor,2026-11-05,false,power_block,178,7,OHE_tower_car,true,false,true,done
ENG-2026-05008,TMS,TMS-05008,ENG,ENG-CURVE-REALIGN,BL-PERABU-08,edge,PER-ABU-DN_SUB,,9.36,10.16,DN_SUB,emergency_followup,2026-03-11,13,major,2026-06-06,false,traffic_block,187,12,tamper,true,true,true,done
ENG-2026-05009,TMS,TMS-05009,ENG,ENG-TURNOUT-OVERHAUL,TO-AVD-07,node,,AVD,21.00,21.00,,routine,2026-02-08,19,major,2026-05-17,false,traffic_block,306,14,none,true,true,true,done
SNT-2026-01010,SMMS,SMMS-01010,SNT,SNT-TRACK-CIRCUIT,TC-MSBMS-03,edge,MSB-MS-DN_SUB,,2.50,3.00,DN_SUB,overdue,2026-08-04,34,minor,,false,disconnection,120,4,none,false,true,true,pending
SNT-2025-01011,SMMS,SMMS-01011,SNT,SNT-TRACK-CIRCUIT,TC-MBMGI-03,edge,MBM-GI-UP,,13.89,14.39,UP,routine,2025-10-05,237,major,2025-12-29,false,disconnection,72,3,none,true,true,true,done
ENG-2026-05010,TMS,TMS-05010,ENG,ENG-USFD-TEST,RL-ABUAVD-11,edge,ABU-AVD-UP,,15.16,21.00,UP,overdue,2026-08-23,10,2,,false,traffic_block,100,3,USFD_car,true,false,true,done
TRD-2026-01445,TDMS,TDMS-01445,TRD,TRD-OHE-MAST,MST-PONGPD-08,edge,PON-GPD-UP,,46.65,46.85,UP,overdue,2026-05-10,13,major,2026-07-10,false,power_block,148,6,OHE_tower_car,true,true,true,done
ENG-2026-05011,TMS,TMS-05011,ENG,ENG-BRIDGE-INSP,BR-TRLAJJ-01,edge,TRL-AJJ-DN,,52.88,52.98,DN,proactive,2026-08-19,6,minor,,false,traffic_block,117,4,none,true,true,false,done
SNT-2026-01012,SMMS,SMMS-01012,SNT,SNT-TRACK-CIRCUIT,TC-STMPV-02,edge,STM-PV-DN,,21.02,21.52,DN,overdue,2026-08-20,18,minor,,false,disconnection,109,3,none,true,true,true,scheduled
ENG-2026-05012,TMS,TMS-05012,ENG,ENG-USFD-TEST,RL-PERABU-11,edge,PER-ABU-DN_SUB,,7.08,15.00,DN_SUB,routine,2026-02-15,178,2,,false,traffic_block,126,3,USFD_car,true,false,true,done
SNT-2025-01013,SMMS,SMMS-01013,SNT,SNT-POINT-SERVICE,PT-BBQ-03,node,,BBQ,2.00,2.00,,overdue,2025-09-27,228,critical,2025-10-19,true,disconnection,72,3,none,true,false,true,done
SNT-2025-01014,SMMS,SMMS-01014,SNT,SNT-CABLE-LAY,,edge,ENR-MJR-DN,,19.54,20.54,DN,defect,2025-12-19,158,major,,false,none,291,8,none,true,true,false,deferred
ENG-2026-05013,TMS,TMS-05013,ENG,ENG-RAIL-GRIND,RL-TRLAJJ-61,edge,TRL-AJJ-UP_SUB,,64.22,67.22,UP_SUB,routine,2026-06-10,5,3,2026-09-22,false,traffic_block,180,5,rail_grinder,false,false,true,done
SNT-2025-01015,SMMS,SMMS-01015,SNT,SNT-TRACK-CIRCUIT,TC-TRLAJJ-22,edge,TRL-AJJ-DN_SUB,,54.99,55.49,DN_SUB,overdue,2025-10-31,117,minor,,false,disconnection,104,3,none,true,true,true,done
SNT-2025-01016,SMMS,SMMS-01016,SNT,SNT-CABLE-LAY,,edge,MSB-MS-DN_SUB,,2.97,3.97,DN_SUB,defect,2025-10-09,271,major,,false,none,195,9,none,true,true,false,done
ENG-2026-05014,TMS,TMS-05014,ENG,ENG-BRIDGE-REPAIR,BR-WJCJ-01,edge,WJ-CJ-SINGLE,,88.71,88.81,SINGLE,defect,2026-07-14,55,minor,2026-08-25,false,traffic_block,364,13,none,true,true,false,scheduled
SNT-2026-01017,SMMS,SMMS-01017,SNT,SNT-AXLE-COUNTER,AC-GISTM-04,edge,GI-STM-UP_SUB,,16.70,17.00,UP_SUB,routine,2026-07-03,42,major,,false,disconnection,125,3,none,true,true,true,deferred
ENG-2026-05015,TMS,TMS-05015,ENG,ENG-CURVE-REALIGN,BL-TNPENR-08,edge,TNP-ENR-UP,,6.01,6.81,UP,routine,2026-08-15,23,major,,false,traffic_block,192,11,tamper,true,true,true,pending
TRD-2025-01446,TDMS,TDMS-01446,TRD,TRD-OHE-WIRE-RENEW,CW-TRLAJJ-12,edge,TRL-AJJ-DN_SUB,,54.51,55.51,DN_SUB,defect,2025-09-28,120,minor,,false,power_block,396,10,OHE_tower_car,true,true,true,done
ENG-2025-05016,TMS,TMS-05016,ENG,ENG-TURNOUT-TAMP,TO-TNP-06,node,,TNP,5.00,5.00,,overdue,2025-11-25,96,major,,false,traffic_block,153,8,tamper,true,true,true,done
ENG-2026-05017,TMS,TMS-05017,ENG,ENG-TURNOUT-TAMP,TO-TNP-04,node,,TNP,5.00,5.00,,emergency_followup,2026-07-27,25,critical,2026-08-10,true,traffic_block,218,9,tamper,true,true,true,cancelled
SNT-2025-01018,SMMS,SMMS-01018,SNT,SNT-AXLE-COUNTER,AC-PVTBM-01,edge,PV-TBM-DN,,23.61,23.91,DN,routine,2025-11-12,147,critical,2025-12-05,true,disconnection,70,3,none,false,true,true,done
ENG-2026-05018,TMS,TMS-05018,ENG,ENG-TURNOUT-OVERHAUL,TO-TBM-06,node,,TBM,29.14,29.14,,overdue,2026-07-04,18,minor,,false,traffic_block,320,13,none,true,true,true,done
ENG-2026-05019,TMS,TMS-05019,ENG,ENG-TURNOUT-TAMP,TO-MAS-07,node,,MAS,0.00,0.00,,overdue,2026-07-02,4,major,2026-09-01,false,traffic_block,153,8,tamper,true,true,true,done
SNT-2026-01019,SMMS,SMMS-01019,SNT,SNT-SIGNAL-LAMP,SG-PERABU-15,edge,PER-ABU-UP_SUB,,5.20,5.30,UP_SUB,overdue,2026-02-16,3,critical,2026-03-13,true,none,59,2,none,false,false,true,done
ENG-2026-05020,TMS,TMS-05020,ENG,ENG-SLEEPER-RENEWAL,SL-MSMBM-05,edge,MS-MBM-UP,,9.13,9.63,UP,defect,2026-08-22,16,minor,,false,traffic_block,296,16,none,false,true,true,in_progress
TRD-2026-01447,TDMS,TDMS-01447,TRD,TRD-OHE-FAULT,OHE-PVTBM-12,edge,PV-TBM-UP_SUB,,28.03,28.33,UP_SUB,proactive,2026-08-03,35,minor,,false,power_block,126,6,OHE_tower_car,true,true,true,pending
ENG-2026-05021,TMS,TMS-05021,ENG,ENG-TRACK-PATROL,,edge,MS-MBM-UP_SUB,,7.45,9.45,UP_SUB,overdue,2026-08-12,12,minor,2026-11-13,false,none,92,2,none,true,false,false,done
SNT-2025-01020,SMMS,SMMS-01020,SNT,SNT-TRACK-CIRCUIT,TC-PERABU-14,edge,PER-ABU-UP_SUB,,14.64,15.00,UP_SUB,overdue,2025-11-20,53,minor,,false,disconnection,70,3,none,true,true,true,done
SNT-2026-01021,SMMS,SMMS-01021,SNT,SNT-AXLE-COUNTER,AC-TITRL-06,edge,TI-TRL-DN_SUB,,33.33,33.63,DN_SUB,proactive,2026-01-15,196,minor,2026-02-20,false,disconnection,93,3,none,true,true,true,done
ENG-2025-05022,TMS,TMS-05022,ENG,ENG-RAIL-WELD,RL-TITRL-24,edge,TI-TRL-UP,,32.06,33.06,UP,defect,2025-11-02,56,2,,false,traffic_block,209,6,none,true,false,true,done
ENG-2026-05023,TMS,TMS-05023,ENG,ENG-RAIL-RENEWAL,RL-TRLAJJ-07,edge,TRL-AJJ-DN,,59.49,59.99,DN,defect,2026-03-03,85,3,,false,traffic_block,506,23,none,true,true,true,done
TRD-2025-01448,TDMS,TDMS-01448,TRD,TRD-OHE-EARTHING,OHE-MJRPON-06,edge,MJR-PON-UP,,34.02,35.00,UP,overdue,2025-09-19,280,major,,false,power_block,49,3,none,true,false,true,done
SNT-2026-01022,SMMS,SMMS-01022,SNT,SNT-POINT-SERVICE,PT-PER-09,node,,PER,5.00,5.00,,overdue,2026-03-19,116,critical,2026-04-17,true,disconnection,85,4,none,true,false,true,done
ENG-2026-05024,TMS,TMS-05024,ENG,ENG-DRAIN-CLEAR,,edge,PON-GPD-UP,,45.81,47.00,UP,proactive,2026-02-28,17,minor,,false,none,147,7,none,true,true,false,done
SNT-2025-01023,SMMS,SMMS-01023,SNT,SNT-TRACK-CIRCUIT,TC-PERABU-10,edge,PER-ABU-UP,,10.20,10.70,UP,routine,2025-10-16,244,minor,,false,disconnection,110,4,none,true,true,true,done
ENG-2026-05025,TMS,TMS-05025,ENG,ENG-RAIL-GRIND,RL-ABUAVD-14,edge,ABU-AVD-UP_SUB,,19.89,21.00,UP_SUB,routine,2026-05-01,91,3,,false,traffic_block,172,4,rail_grinder,true,false,true,done
ENG-2026-05026,TMS,TMS-05026,ENG,ENG-RAIL-WELD,RL-PERABU-05,edge,PER-ABU-DN,,12.10,13.10,DN,defect,2026-05-10,8,IMDT,2026-05-13,true,traffic_block,159,6,none,true,false,true,done
ENG-2025-05027,TMS,TMS-05027,ENG,ENG-TURNOUT-TAMP,TO-CGL-06,node,,CGL,59.84,59.84,,routine,2025-11-05,192,minor,,false,traffic_block,198,10,tamper,true,true,true,done
ENG-2026-05028,TMS,TMS-05028,ENG,ENG-DRAIN-CLEAR,,edge,MSB-MS-UP,,2.58,4.08,UP,overdue,2026-05-24,9,critical,2026-06-14,true,none,136,6,none,false,true,false,done
SNT-2026-01024,SMMS,SMMS-01024,SNT,SNT-TRACK-CIRCUIT,TC-PERABU-12,edge,PER-ABU-UP,,10.02,10.52,UP,routine,2026-04-28,1,major,,false,disconnection,117,3,none,true,true,true,done
TRD-2026-01449,TDMS,TDMS-01449,TRD,TRD-OHE-TENSION,OHE-PERABU-19,edge,PER-ABU-UP_SUB,,6.21,6.51,UP_SUB,routine,2026-04-26,55,major,,false,power_block,156,4,OHE_tower_car,false,false,true,done
SNT-2026-01025,SMMS,SMMS-01025,SNT,SNT-POINT-REPLACE,PT-TBM-07,node,,TBM,29.14,29.14,,defect,2026-05-18,13,major,2026-07-10,false,disconnection,215,5,none,true,false,true,done
ENG-2026-05029,TMS,TMS-05029,ENG,ENG-SLEEPER-RENEWAL,SL-PERABU-02,edge,PER-ABU-DN,,9.53,10.03,DN,defect,2026-07-31,31,minor,2026-09-05,false,traffic_block,259,18,none,true,true,true,done
SNT-2026-01026,SMMS,SMMS-01026,SNT,SNT-POINT-SERVICE,PT-MAS-10,node,,MAS,0.00,0.00,,overdue,2026-08-06,32,minor,,false,disconnection,80,3,none,false,false,true,scheduled
TRD-2026-01450,TDMS,TDMS-01450,TRD,TRD-OHE-DROPPER,CW-TRLAJJ-16,edge,TRL-AJJ-UP,,49.22,49.72,UP,proactive,2026-02-09,64,major,2026-03-26,false,power_block,86,4,OHE_tower_car,true,false,true,done
SNT-2025-01027,SMMS,SMMS-01027,SNT,SNT-SIGNAL-REPLACE,SG-TRLAJJ-13,edge,TRL-AJJ-DN_SUB,,55.71,55.81,DN_SUB,defect,2025-10-11,92,major,,false,disconnection,214,5,none,true,true,true,done
ENG-2026-05030,TMS,TMS-05030,ENG,ENG-TURNOUT-OVERHAUL,TO-MS-08,node,,MS,4.32,4.32,,routine,2026-01-11,208,critical,2026-01-25,true,traffic_block,423,15,none,true,true,true,done
TRD-2026-01451,TDMS,TDMS-01451,TRD,TRD-NEUTRAL-SECTION,OHE-ENRMJR-08,edge,ENR-MJR-UP,,19.69,19.89,UP,overdue,2026-08-17,21,major,,false,power_block,239,7,OHE_tower_car,true,false,true,in_progress
TRD-2026-01452,TDMS,TDMS-01452,TRD,TRD-OHE-FAULT,OHE-ABUAVD-11,edge,ABU-AVD-UP_SUB,,17.27,17.57,UP_SUB,defect,2026-05-06,57,minor,2026-06-23,false,power_block,172,5,OHE_tower_car,false,true,true,done
ENG-2026-05031,TMS,TMS-05031,ENG,ENG-TURNOUT-TAMP,TO-PER-07,node,,PER,5.00,5.00,,routine,2026-09-03,4,minor,,false,traffic_block,188,8,tamper,true,true,true,done
SNT-2026-01028,SMMS,SMMS-01028,SNT,SNT-SIGNAL-LAMP,SG-ENRMJR-07,edge,ENR-MJR-UP,,17.51,17.61,UP,routine,2026-08-23,15,minor,2026-10-26,false,none,45,2,none,true,false,true,pending
ENG-2026-05032,TMS,TMS-05032,ENG,ENG-DRAIN-CLEAR,,edge,MS-MBM-DN_SUB,,4.82,6.32,DN_SUB,routine,2026-01-04,8,critical,2026-01-30,true,none,121,7,none,true,true,false,done
ENG-2026-05033,TMS,TMS-05033,ENG,ENG-CURVE-REALIGN,BL-GISTM-04,edge,GI-STM-UP_SUB,,16.54,17.10,UP_SUB,overdue,2026-05-13,87,minor,,false,traffic_block,198,10,tamper,true,true,true,done
SNT-2025-01029,SMMS,SMMS-01029,SNT,SNT-POINT-REPLACE,PT-AVD-06,node,,AVD,21.00,21.00,,defect,2025-09-18,21,minor,,false,disconnection,237,5,none,true,false,true,done
ENG-2026-05034,TMS,TMS-05034,ENG,ENG-TRACK-PATROL,,edge,ABU-AVD-UP,,17.84,19.84,UP,proactive,2026-08-11,27,major,2026-09-28,false,none,102,2,none,true,false,false,pending
TRD-2025-01453,TDMS,TDMS-01453,TRD,TRD-OHE-TENSION,OHE-TNPENR-07,edge,TNP-ENR-UP,,10.75,11.05,UP,emergency_followup,2025-10-08,35,major,2025-12-01,false,power_block,104,5,OHE_tower_car,true,false,true,done
ENG-2026-05035,TMS,TMS-05035,ENG,ENG-SLEEPER-RENEWAL,SL-ABUAVD-02,edge,ABU-AVD-DN,,19.48,19.98,DN,defect,2026-07-09,36,major,,false,traffic_block,337,16,none,true,true,true,done
SNT-2025-01030,SMMS,SMMS-01030,SNT,SNT-TRACK-CIRCUIT,TC-PERABU-15,edge,PER-ABU-UP_SUB,,13.50,14.00,UP_SUB,routine,2025-09-17,187,minor,2025-10-17,false,disconnection,107,3,none,true,true,true,done
ENG-2026-05036,TMS,TMS-05036,ENG,ENG-RAIL-WELD,RL-ABUAVD-14,edge,ABU-AVD-UP_SUB,,19.89,20.89,UP_SUB,defect,2026-04-23,125,3,,false,traffic_block,221,7,none,true,false,true,done
SNT-2026-01031,SMMS,SMMS-01031,SNT,SNT-TRACK-CIRCUIT,TC-TRLAJJ-28,edge,TRL-AJJ-UP,,51.35,51.85,UP,routine,2026-03-17,57,critical,2026-04-06,true,disconnection,90,3,none,true,true,true,done
ENG-2026-05037,TMS,TMS-05037,ENG,ENG-DESTRESSING,RL-TITRL-05,edge,TI-TRL-DN,,32.51,33.51,DN,routine,2026-02-13,177,3,2026-04-09,false,traffic_block,301,10,none,true,false,true,done
ENG-2026-05038,TMS,TMS-05038,ENG,ENG-BALLAST-SCREEN,BL-ABUAVD-04,edge,ABU-AVD-DN_SUB,,19.86,20.36,DN_SUB,routine,2026-06-11,12,minor,2026-09-23,false,traffic_block,413,15,BCM,true,true,true,done
ENG-2026-05039,TMS,TMS-05039,ENG,ENG-RAIL-GRIND,RL-ENRMJR-12,edge,ENR-MJR-UP,,18.13,21.13,UP,overdue,2026-04-17,88,3,2026-08-04,false,traffic_block,160,5,rail_grinder,true,false,true,done
ENG-2026-05040,TMS,TMS-05040,ENG,ENG-RAIL-WELD,RL-CGLWJ-11,edge,CGL-WJ-SINGLE,,77.79,78.79,SINGLE,proactive,2026-05-23,89,3,,false,traffic_block,183,7,none,true,false,true,done
ENG-2025-05041,TMS,TMS-05041,ENG,ENG-BALLAST-SCREEN,BL-MJRPON-02,edge,MJR-PON-DN,,29.75,30.25,DN,proactive,2025-09-28,89,minor,2025-11-23,false,traffic_block,364,14,BCM,false,true,true,done
TRD-2026-01454,TDMS,TDMS-01454,TRD,TRD-OHE-INSULATOR,INS-TITRL-06,edge,TI-TRL-DN_SUB,,41.72,41.82,DN_SUB,proactive,2026-08-21,11,minor,,false,power_block,122,4,OHE_tower_car,true,true,true,done
TRD-2025-01455,TDMS,TDMS-01455,TRD,TRD-OHE-INSULATOR,INS-PERABU-08,edge,PER-ABU-UP_SUB,,13.19,13.29,UP_SUB,defect,2025-12-22,145,major,,false,power_block,114,4,OHE_tower_car,true,true,true,deferred
SNT-2026-01032,SMMS,SMMS-01032,SNT,SNT-TRACK-CIRCUIT,TC-TNPENR-08,edge,TNP-ENR-UP,,9.99,10.49,UP,overdue,2026-03-26,103,minor,,false,disconnection,93,3,none,true,true,true,done
ENG-2026-05042,TMS,TMS-05042,ENG,ENG-BRIDGE-INSP,BR-TNPENR-01,edge,TNP-ENR-DN,,8.69,8.79,DN,emergency_followup,2026-04-26,48,major,,false,traffic_block,105,5,none,true,true,false,done
SNT-2026-01033,SMMS,SMMS-01033,SNT,SNT-TRACK-CIRCUIT,TC-TITRL-02,edge,TI-TRL-DN,,36.95,37.45,DN,emergency_followup,2026-08-04,16,major,,false,disconnection,96,4,none,true,true,true,deferred
ENG-2026-05043,TMS,TMS-05043,ENG,ENG-RAIL-WELD,RL-TKOAJJ-05,edge,TKO-AJJ-SINGLE,,124.10,125.10,SINGLE,defect,2026-08-18,20,1,2026-08-27,true,traffic_block,204,6,none,false,false,true,pending
TRD-2026-01456,TDMS,TDMS-01456,TRD,TRD-OHE-MAST,MST-TITRL-09,edge,TI-TRL-DN_SUB,,31.31,31.51,DN_SUB,overdue,2026-02-06,145,minor,,false,power_block,152,6,OHE_tower_car,true,true,true,done
ENG-2026-05044,TMS,TMS-05044,ENG,ENG-CURVE-REALIGN,BL-MJRPON-01,edge,MJR-PON-DN,,28.60,29.40,DN,emergency_followup,2026-08-06,32,major,,false,traffic_block,147,10,tamper,true,true,true,scheduled
ENG-2025-05045,TMS,TMS-05045,ENG,ENG-SLEEPER-RENEWAL,SL-MSBMS-08,edge,MSB-MS-UP_SUB,,1.09,1.59,UP_SUB,defect,2025-09-17,307,minor,,false,traffic_block,378,18,none,true,true,true,done
ENG-2026-05046,TMS,TMS-05046,ENG,ENG-TURNOUT-TAMP,TO-MAS-15,node,,MAS,0.00,0.00,,routine,2026-02-07,174,critical,2026-03-09,true,traffic_block,159,8,tamper,true,true,true,done
TRD-2025-01457,TDMS,TDMS-01457,TRD,TRD-NEUTRAL-SECTION,OHE-PVTBM-10,edge,PV-TBM-UP_SUB,,24.34,24.54,UP_SUB,routine,2025-10-12,172,minor,,false,power_block,224,7,OHE_tower_car,true,false,true,done
TRD-2026-01458,TDMS,TDMS-01458,TRD,TRD-OHE-MAST,MST-TITRL-14,edge,TI-TRL-UP,,35.01,35.21,UP,routine,2026-08-13,25,minor,,false,power_block,212,7,OHE_tower_car,true,true,true,scheduled
TRD-2026-01459,TDMS,TDMS-01459,TRD,TRD-OHE-EARTHING,OHE-ENRMJR-07,edge,ENR-MJR-UP,,18.84,19.84,UP,overdue,2026-01-17,79,minor,,false,power_block,51,3,none,true,false,true,done
ENG-2026-05047,TMS,TMS-05047,ENG,ENG-DESTRESSING,RL-TKOAJJ-03,edge,TKO-AJJ-SINGLE,,119.69,120.69,SINGLE,overdue,2026-08-21,1,3,2026-11-24,false,traffic_block,289,10,none,true,false,true,done
SNT-2025-01034,SMMS,SMMS-01034,SNT,SNT-SIGNAL-REPLACE,SG-PERABU-03,edge,PER-ABU-DN,,10.83,10.93,DN,defect,2025-12-15,171,minor,,false,disconnection,151,5,none,true,true,true,deferred
ENG-2026-05048,TMS,TMS-05048,ENG,ENG-DRAIN-CLEAR,,edge,AVD-TI-DN_SUB,,23.27,24.77,DN_SUB,overdue,2026-09-01,6,major,,false,none,213,7,none,false,true,false,in_progress
SNT-2026-01035,SMMS,SMMS-01035,SNT,SNT-INTERLOCK-TEST,IL-AJJ-01,node,,AJJ,69.00,69.00,,defect,2026-08-13,25,minor,,false,disconnection,235,7,none,true,false,true,in_progress
TRD-2026-01460,TDMS,TDMS-01460,TRD,TRD-OHE-MAST,MST-CGLWJ-09,edge,CGL-WJ-SINGLE,,81.05,81.25,SINGLE,overdue,2026-07-26,13,major,,false,power_block,186,6,OHE_tower_car,true,true,true,done
ENG-2026-05049,TMS,TMS-05049,ENG,ENG-USFD-TEST,RL-TRLAJJ-01,edge,TRL-AJJ-DN,,49.36,57.36,DN,overdue,2026-01-11,201,2,,false,traffic_block,122,3,USFD_car,false,false,true,done
TRD-2026-01461,TDMS,TDMS-01461,TRD,TRD-OHE-WIRE-RENEW,CW-TRLAJJ-05,edge,TRL-AJJ-DN,,51.04,52.04,DN,defect,2026-04-26,50,major,,false,power_block,420,10,OHE_tower_car,true,true,true,done
TRD-2025-01462,TDMS,TDMS-01462,TRD,TRD-OHE-WIRE-RENEW,CW-TRLAJJ-12,edge,TRL-AJJ-DN_SUB,,54.51,55.51,DN_SUB,defect,2025-12-01,48,major,2026-01-18,false,power_block,383,8,OHE_tower_car,true,true,true,done
ENG-2025-05050,TMS,TMS-05050,ENG,ENG-TURNOUT-OVERHAUL,TO-MAS-16,node,,MAS,0.00,0.00,,routine,2025-11-23,146,major,,false,traffic_block,281,14,none,true,true,true,done
TRD-2026-01463,TDMS,TDMS-01463,TRD,TRD-OHE-MAST,MST-MSBMS-03,edge,MSB-MS-DN_SUB,,2.94,3.14,DN_SUB,overdue,2026-08-06,32,major,,false,power_block,174,6,OHE_tower_car,true,true,true,scheduled
ENG-2025-05051,TMS,TMS-05051,ENG,ENG-TURNOUT-TAMP,TO-PER-01,node,,PER,5.00,5.00,,overdue,2025-12-30,192,minor,2026-04-24,false,traffic_block,250,10,tamper,true,true,true,done
SNT-2026-01036,SMMS,SMMS-01036,SNT,SNT-SIGNAL-LAMP,SG-TRLAJJ-08,edge,TRL-AJJ-DN,,66.16,66.26,DN,overdue,2026-08-01,37,critical,2026-08-13,true,none,62,2,none,true,false,true,in_progress
ENG-2025-05052,TMS,TMS-05052,ENG,ENG-TRACK-PATROL,,edge,MSB-MS-DN_SUB,,1.69,3.69,DN_SUB,routine,2025-11-20,6,minor,,false,none,129,2,none,true,false,false,deferred
SNT-2025-01037,SMMS,SMMS-01037,SNT,SNT-AXLE-COUNTER,AC-AVDTI-07,edge,AVD-TI-UP_SUB,,25.70,26.00,UP_SUB,emergency_followup,2025-09-15,281,critical,2025-09-27,true,disconnection,87,3,none,true,true,true,done
TRD-2025-01464,TDMS,TDMS-01464,TRD,TRD-OHE-MAST,MST-MBMGI-01,edge,MBM-GI-DN,,14.51,14.71,DN,routine,2025-11-08,204,minor,,false,power_block,163,7,OHE_tower_car,true,true,true,done
TRD-2026-01465,TDMS,TDMS-01465,TRD,TRD-OHE-INSULATOR,INS-TRLAJJ-14,edge,TRL-AJJ-UP,,65.96,66.06,UP,defect,2026-03-29,67,minor,2026-07-18,false,power_block,83,5,OHE_tower_car,true,true,true,done
ENG-2026-05053,TMS,TMS-05053,ENG,ENG-TURNOUT-OVERHAUL,TO-AVD-09,node,,AVD,21.00,21.00,,overdue,2026-07-16,53,major,,false,traffic_block,334,12,none,true,true,true,scheduled
TRD-2026-01466,TDMS,TDMS-01466,TRD,TRD-OHE-MAST,MST-MSMBM-11,edge,MS-MBM-UP_SUB,,9.97,10.17,UP_SUB,routine,2026-02-14,98,critical,2026-03-02,true,power_block,118,6,OHE_tower_car,true,true,true,done
SNT-2026-01038,SMMS,SMMS-01038,SNT,SNT-AXLE-COUNTER,AC-TKOAJJ-01,edge,TKO-AJJ-SINGLE,,125.34,125.64,SINGLE,routine,2026-05-16,94,critical,2026-06-04,true,disconnection,116,3,none,true,true,true,done
ENG-2025-05054,TMS,TMS-05054,ENG,ENG-RAIL-GRIND,RL-TRLAJJ-42,edge,TRL-AJJ-UP,,43.73,46.73,UP,overdue,2025-11-14,147,3,2026-03-14,false,traffic_block,207,4,rail_grinder,true,false,true,done
SNT-2026-01039,SMMS,SMMS-01039,SNT,SNT-TRACK-CIRCUIT,TC-TITRL-01,edge,TI-TRL-DN,,29.38,29.88,DN,routine,2026-01-10,65,minor,,false,disconnection,68,3,none,true,true,true,done
ENG-2026-05055,TMS,TMS-05055,ENG,ENG-DRAIN-CLEAR,,edge,MSB-MS-UP_SUB,,0.19,1.69,UP_SUB,overdue,2026-05-18,10,major,,false,none,164,6,none,true,true,false,done
TRD-2025-01467,TDMS,TDMS-01467,TRD,TRD-OHE-INSP,OHE-WJCJ-04,edge,WJ-CJ-SINGLE,,84.12,88.12,SINGLE,overdue,2025-10-06,320,minor,2025-12-26,false,power_block,108,4,OHE_tower_car,true,false,true,deferred
SNT-2025-01040,SMMS,SMMS-01040,SNT,SNT-AXLE-COUNTER,AC-BBQTNP-02,edge,BBQ-TNP-UP,,2.37,2.67,UP,proactive,2025-09-14,346,minor,2025-10-21,false,disconnection,95,3,none,true,true,true,done
SNT-2025-01041,SMMS,SMMS-01041,SNT,SNT-TRACK-CIRCUIT,TC-AVDTI-04,edge,AVD-TI-DN_SUB,,22.16,22.66,DN_SUB,overdue,2025-11-24,85,minor,,false,disconnection,123,3,none,true,true,true,done
ENG-2025-05056,TMS,TMS-05056,ENG,ENG-DRAIN-CLEAR,,edge,BBQ-PER-UP_SUB,,2.86,4.36,UP_SUB,overdue,2025-11-13,21,major,,false,none,174,6,none,true,true,false,done
ENG-2025-05057,TMS,TMS-05057,ENG,ENG-DESTRESSING,RL-PONGPD-12,edge,PON-GPD-UP,,42.15,43.15,UP,routine,2025-11-10,299,3,,false,traffic_block,225,11,none,true,false,true,done
ENG-2026-05058,TMS,TMS-05058,ENG,ENG-BALLAST-SCREEN,BL-PERABU-04,edge,PER-ABU-DN,,11.42,11.92,DN,overdue,2026-07-11,12,major,,false,traffic_block,354,14,BCM,true,true,true,done
ENG-2026-05059,TMS,TMS-05059,ENG,ENG-RAIL-RENEWAL,RL-AVDTI-07,edge,AVD-TI-DN_SUB,,22.00,22.50,DN_SUB,proactive,2026-08-31,1,2,,false,traffic_block,427,26,none,true,true,true,done
SNT-2026-01042,SMMS,SMMS-01042,SNT,SNT-AXLE-COUNTER,AC-TITRL-03,edge,TI-TRL-DN,,33.13,33.43,DN,overdue,2026-03-31,123,critical,2026-04-14,true,disconnection,75,3,none,false,true,true,done
TRD-2026-01468,TDMS,TDMS-01468,TRD,TRD-OHE-MAST,MST-TRLAJJ-27,edge,TRL-AJJ-UP,,56.07,56.27,UP,overdue,2026-02-14,2,minor,2026-04-15,false,power_block,162,6,OHE_tower_car,false,true,true,done
SNT-2026-01043,SMMS,SMMS-01043,SNT,SNT-POINT-REPLACE,PT-TBM-05,node,,TBM,29.14,29.14,,defect,2026-02-12,71,minor,,false,disconnection,214,4,none,true,false,true,done
TRD-2026-01469,TDMS,TDMS-01469,TRD,TRD-OHE-DROPPER,CW-MASBBQ-02,edge,MAS-BBQ-DN_SUB,,0.40,0.90,DN_SUB,routine,2026-07-04,19,minor,2026-08-06,false,power_block,108,5,OHE_tower_car,true,false,true,done
ENG-2025-05060,TMS,TMS-05060,ENG,ENG-RAIL-WELD,RL-MBMGI-08,edge,MBM-GI-UP_SUB,,13.89,14.89,UP_SUB,defect,2025-10-19,236,2,,false,traffic_block,182,7,none,true,false,true,done
ENG-2026-05061,TMS,TMS-05061,ENG,ENG-TURNOUT-TAMP,TO-MAS-09,node,,MAS,0.00,0.00,,overdue,2026-07-10,59,major,,false,traffic_block,219,9,tamper,true,true,true,pending
ENG-2026-05062,TMS,TMS-05062,ENG,ENG-DESTRESSING,RL-PONGPD-08,edge,PON-GPD-DN,,43.72,44.72,DN,routine,2026-03-23,166,2,,false,traffic_block,229,11,none,true,false,true,done
ENG-2026-05063,TMS,TMS-05063,ENG,ENG-TURNOUT-TAMP,TO-BBQ-01,node,,BBQ,2.00,2.00,,proactive,2026-03-02,69,major,,false,traffic_block,247,9,tamper,true,true,true,done
SNT-2026-01044,SMMS,SMMS-01044,SNT,SNT-SIGNAL-REPLACE,SG-TKOAJJ-01,edge,TKO-AJJ-SINGLE,,122.60,122.70,SINGLE,defect,2026-07-01,45,minor,,false,disconnection,143,6,none,true,true,true,done
ENG-2025-05064,TMS,TMS-05064,ENG,ENG-USFD-TEST,RL-PERABU-07,edge,PER-ABU-DN_SUB,,9.95,15.00,DN_SUB,overdue,2025-12-09,233,3,,false,traffic_block,149,3,USFD_car,true,false,true,done
ENG-2026-05065,TMS,TMS-05065,ENG,ENG-RAIL-GRIND,RL-TRLAJJ-22,edge,TRL-AJJ-DN_SUB,,67.68,68.50,DN_SUB,overdue,2026-08-15,23,2,2026-10-03,false,traffic_block,187,4,rail_grinder,true,false,true,in_progress
ENG-2025-05066,TMS,TMS-05066,ENG,ENG-DESTRESSING,RL-TRLAJJ-08,edge,TRL-AJJ-DN,,54.72,55.72,DN,proactive,2025-09-24,325,2,,false,traffic_block,208,11,none,true,false,true,done
ENG-2026-05067,TMS,TMS-05067,ENG,ENG-SLEEPER-RENEWAL,SL-MASBBQ-04,edge,MAS-BBQ-UP_SUB,,1.76,2.00,UP_SUB,defect,2026-07-25,30,critical,2026-08-15,true,traffic_block,303,19,none,true,true,true,done
SNT-2026-01045,SMMS,SMMS-01045,SNT,SNT-POINT-REPLACE,PT-AVD-02,node,,AVD,21.00,21.00,,emergency_followup,2026-06-01,10,critical,2026-06-20,true,disconnection,223,4,none,true,false,true,done
TRD-2026-01470,TDMS,TDMS-01470,TRD,TRD-OHE-WIRE-RENEW,CW-STMPV-07,edge,STM-PV-UP_SUB,,19.94,20.94,UP_SUB,emergency_followup,2026-05-10,61,major,2026-07-13,false,power_block,392,9,OHE_tower_car,true,true,true,done
TRD-2026-01471,TDMS,TDMS-01471,TRD,TRD-OHE-WIRE-RENEW,CW-AVDTI-06,edge,AVD-TI-UP,,28.14,29.00,UP,defect,2026-02-21,122,minor,,false,power_block,422,10,OHE_tower_car,true,true,true,done
ENG-2026-05068,TMS,TMS-05068,ENG,ENG-RAIL-GRIND,RL-MSMBM-15,edge,MS-MBM-UP,,5.90,8.90,UP,routine,2026-03-13,26,2,2026-06-14,false,traffic_block,143,5,rail_grinder,true,false,true,done
ENG-2026-05069,TMS,TMS-05069,ENG,ENG-TRACK-PATROL,,edge,PER-ABU-UP,,9.66,11.66,UP,overdue,2026-08-21,17,major,,false,none,96,2,none,true,false,false,scheduled
ENG-2026-05070,TMS,TMS-05070,ENG,ENG-BRIDGE-INSP,BR-MJRPON-01,edge,MJR-PON-DN,,31.63,31.73,DN,routine,2026-05-22,70,minor,2026-07-19,false,traffic_block,114,4,none,true,true,false,done
SNT-2026-01046,SMMS,SMMS-01046,SNT,SNT-AXLE-COUNTER,AC-BBQPER-01,edge,BBQ-PER-DN,,4.82,5.00,DN,routine,2026-05-16,95,minor,2026-08-19,false,disconnection,78,3,none,true,true,true,done
ENG-2025-05071,TMS,TMS-05071,ENG,ENG-DESTRESSING,RL-TITRL-04,edge,TI-TRL-DN,,31.19,32.19,DN,routine,2025-12-11,200,2,,false,traffic_block,192,11,none,true,false,true,done
ENG-2026-05072,TMS,TMS-05072,ENG,ENG-DESTRESSING,RL-TNPENR-04,edge,TNP-ENR-DN,,8.51,9.51,DN,overdue,2026-07-26,43,2,,false,traffic_block,235,13,none,true,false,true,in_progress
ENG-2026-05073,TMS,TMS-05073,ENG,ENG-TAMPING,BL-TMLPTKO-02,edge,TMLP-TKO-SINGLE,,109.96,111.96,SINGLE,overdue,2026-06-28,53,major,,false,traffic_block,285,8,tamper,true,true,true,done
ENG-2026-05074,TMS,TMS-05074,ENG,ENG-TURNOUT-OVERHAUL,TO-ENR-01,node,,ENR,16.00,16.00,,routine,2026-03-28,126,minor,,false,traffic_block,378,12,none,true,true,true,done
ENG-2025-05075,TMS,TMS-05075,ENG,ENG-DRAIN-CLEAR,,edge,ENR-MJR-UP,,25.16,26.00,UP,routine,2025-12-15,224,major,2026-04-12,false,none,147,6,none,true,true,false,done
ENG-2026-05076,TMS,TMS-05076,ENG,ENG-TURNOUT-TAMP,TO-MSB-12,node,,MSB,0.00,0.00,,routine,2026-01-24,201,critical,2026-02-04,true,traffic_block,179,9,tamper,true,true,true,done
ENG-2026-05077,TMS,TMS-05077,ENG,ENG-SLEEPER-RENEWAL,SL-ENRMJR-08,edge,ENR-MJR-UP,,20.39,20.89,UP,defect,2026-07-23,26,minor,2026-09-18,false,traffic_block,232,17,none,true,true,true,done
TRD-2026-01472,TDMS,TDMS-01472,TRD,TRD-OHE-EARTHING,OHE-TRLAJJ-36,edge,TRL-AJJ-UP,,59.34,60.34,UP,proactive,2026-08-23,15,minor,,false,power_block,62,3,none,true,false,true,pending
SNT-2026-01047,SMMS,SMMS-01047,SNT,SNT-TRACK-CIRCUIT,TC-MSBMS-07,edge,MSB-MS-UP_SUB,,0.61,1.11,UP_SUB,routine,2026-05-26,12,major,2026-09-10,false,disconnection,86,3,none,true,true,true,done
SNT-2026-01048,SMMS,SMMS-01048,SNT,SNT-POINT-SERVICE,PT-TNP-03,node,,TNP,5.00,5.00,,routine,2026-03-05,93,minor,,false,disconnection,52,3,none,true,false,true,deferred
SNT-2026-01049,SMMS,SMMS-01049,SNT,SNT-AXLE-COUNTER,AC-BBQTNP-01,edge,BBQ-TNP-DN,,2.12,2.42,DN,overdue,2026-06-12,35,major,2026-08-14,false,disconnection,79,3,none,false,true,true,done
ENG-2026-05078,TMS,TMS-05078,ENG,ENG-TURNOUT-OVERHAUL,TO-MAS-16,node,,MAS,0.00,0.00,,overdue,2026-06-30,40,major,,false,traffic_block,402,13,none,true,true,true,done
ENG-2025-05079,TMS,TMS-05079,ENG,ENG-DESTRESSING,RL-STMPV-14,edge,STM-PV-UP_SUB,,22.79,23.10,UP_SUB,routine,2025-11-23,130,IMDT,2025-11-26,true,traffic_block,277,10,none,true,false,true,done
ENG-2026-05080,TMS,TMS-05080,ENG,ENG-TURNOUT-OVERHAUL,TO-MAS-06,node,,MAS,0.00,0.00,,routine,2026-08-19,19,minor,,false,traffic_block,356,15,none,true,true,true,pending
TRD-2026-01473,TDMS,TDMS-01473,TRD,TRD-OHE-WIRE-RENEW,CW-MSMBM-03,edge,MS-MBM-DN_SUB,,8.48,9.48,DN_SUB,defect,2026-01-18,139,critical,2026-01-31,true,power_block,394,8,OHE_tower_car,false,true,true,done
SNT-2025-01050,SMMS,SMMS-01050,SNT,SNT-TRACK-CIRCUIT,TC-CJTMLP-03,edge,CJ-TMLP-SINGLE,,105.92,106.42,SINGLE,overdue,2025-10-03,325,minor,,false,disconnection,81,3,none,true,true,true,done
ENG-2025-05081,TMS,TMS-05081,ENG,ENG-SLEEPER-RENEWAL,SL-PERABU-10,edge,PER-ABU-UP,,7.15,7.65,UP,emergency_followup,2025-12-18,1,major,,false,traffic_block,400,16,none,true,true,true,done
SNT-2026-01051,SMMS,SMMS-01051,SNT,SNT-POINT-SERVICE,PT-PER-04,node,,PER,5.00,5.00,,overdue,2026-06-23,21,major,,false,disconnection,54,3,none,true,false,true,done
ENG-2026-05082,TMS,TMS-05082,ENG,ENG-SLEEPER-RENEWAL,SL-MSBMS-03,edge,MSB-MS-DN_SUB,,3.92,4.30,DN_SUB,defect,2026-01-18,113,minor,,false,traffic_block,336,20,none,false,true,true,done
ENG-2026-05083,TMS,TMS-05083,ENG,ENG-RAIL-GRIND,RL-MSMBM-10,edge,MS-MBM-DN_SUB,,6.44,9.44,DN_SUB,routine,2026-07-17,31,3,2026-10-30,false,traffic_block,213,4,rail_grinder,true,false,true,done
SNT-2025-01052,SMMS,SMMS-01052,SNT,SNT-TRACK-CIRCUIT,TC-ENRMJR-07,edge,ENR-MJR-UP,,17.21,17.71,UP,overdue,2025-09-16,190,major,,false,disconnection,72,3,none,true,true,true,cancelled
TRD-2025-01474,TDMS,TDMS-01474,TRD,TRD-OHE-WIRE-RENEW,CW-GISTM-01,edge,GI-STM-DN,,16.42,17.10,DN,defect,2025-12-21,6,major,2026-02-05,false,power_block,325,9,OHE_tower_car,true,true,true,done
TRD-2026-01475,TDMS,TDMS-01475,TRD,TRD-OHE-WIRE-RENEW,CW-MSBMS-02,edge,MSB-MS-DN_SUB,,2.30,3.30,DN_SUB,defect,2026-08-04,7,minor,,false,power_block,338,9,OHE_tower_car,false,true,true,done
SNT-2026-01053,SMMS,SMMS-01053,SNT,SNT-TRACK-CIRCUIT,TC-TRLAJJ-20,edge,TRL-AJJ-DN_SUB,,47.07,47.57,DN_SUB,routine,2026-03-30,75,major,,false,disconnection,83,3,none,false,true,true,done
TRD-2026-01476,TDMS,TDMS-01476,TRD,TRD-OHE-MAST,MST-PONGPD-07,edge,PON-GPD-UP,,41.43,41.63,UP,overdue,2026-02-07,136,minor,2026-05-28,false,power_block,163,6,OHE_tower_car,true,true,true,cancelled
TRD-2026-01477,TDMS,TDMS-01477,TRD,TRD-OHE-INSULATOR,INS-PVTBM-04,edge,PV-TBM-UP_SUB,,28.96,29.06,UP_SUB,defect,2026-08-07,21,minor,2026-11-29,false,power_block,116,4,OHE_tower_car,true,true,true,done
ENG-2026-05084,TMS,TMS-05084,ENG,ENG-TRACK-PATROL,,edge,BBQ-TNP-DN,,2.34,4.34,DN,overdue,2026-01-10,188,minor,2026-04-04,false,none,108,2,none,true,false,false,done
SNT-2025-01054,SMMS,SMMS-01054,SNT,SNT-TRACK-CIRCUIT,TC-TNPENR-02,edge,TNP-ENR-DN,,8.70,9.20,DN,emergency_followup,2025-11-15,228,major,,false,disconnection,114,3,none,true,true,true,done
SNT-2025-01055,SMMS,SMMS-01055,SNT,SNT-SIGNAL-LAMP,SG-ABUAVD-06,edge,ABU-AVD-UP,,15.55,15.65,UP,routine,2025-10-01,108,minor,,false,none,51,2,none,true,false,true,done
ENG-2026-05085,TMS,TMS-05085,ENG,ENG-TRACK-PATROL,,edge,STM-PV-DN_SUB,,17.17,19.17,DN_SUB,routine,2026-01-16,193,minor,,false,none,74,2,none,true,false,false,done
ENG-2026-05086,TMS,TMS-05086,ENG,ENG-BRIDGE-INSP,BR-TNPENR-01,edge,TNP-ENR-DN,,8.69,8.79,DN,routine,2026-06-14,66,minor,2026-08-24,false,traffic_block,88,5,none,true,true,false,done
ENG-2026-05087,TMS,TMS-05087,ENG,ENG-BRIDGE-INSP,BR-WJCJ-01,edge,WJ-CJ-SINGLE,,88.71,88.81,SINGLE,routine,2026-01-19,207,major,2026-04-26,false,traffic_block,111,4,none,true,true,false,done
TRD-2026-01478,TDMS,TDMS-01478,TRD,TRD-OHE-DROPPER,CW-TRLAJJ-02,edge,TRL-AJJ-DN,,57.19,57.69,DN,routine,2026-06-13,31,major,,false,power_block,94,5,OHE_tower_car,true,false,true,done
ENG-2026-05088,TMS,TMS-05088,ENG,ENG-SLEEPER-RENEWAL,SL-STMPV-07,edge,STM-PV-UP_SUB,,20.98,21.48,UP_SUB,defect,2026-08-23,15,major,2026-10-22,false,traffic_block,291,16,none,true,true,true,pending
ENG-2026-05089,TMS,TMS-05089,ENG,ENG-RAIL-RENEWAL,RL-TRLAJJ-21,edge,TRL-AJJ-DN_SUB,,49.59,50.09,DN_SUB,defect,2026-05-13,80,2,,false,traffic_block,501,23,none,true,true,true,done
ENG-2026-05090,TMS,TMS-05090,ENG,ENG-USFD-TEST,RL-TRLAJJ-15,edge,TRL-AJJ-DN,,46.76,54.76,DN,overdue,2026-03-27,77,2,2026-05-14,false,traffic_block,91,3,USFD_car,true,false,true,done
SNT-2026-01056,SMMS,SMMS-01056,SNT,SNT-AXLE-COUNTER,AC-MASBBQ-03,edge,MAS-BBQ-UP,,0.49,0.79,UP,routine,2026-02-11,155,minor,2026-04-18,false,disconnection,84,3,none,true,true,true,cancelled
TRD-2025-01479,TDMS,TDMS-01479,TRD,TRD-OHE-MAST,MST-TRLAJJ-42,edge,TRL-AJJ-UP_SUB,,55.22,55.42,UP_SUB,overdue,2025-10-19,228,critical,2025-11-12,true,power_block,207,6,OHE_tower_car,true,true,true,done
SNT-2025-01057,SMMS,SMMS-01057,SNT,SNT-CABLE-LAY,,edge,MJR-PON-UP,,31.98,32.98,UP,proactive,2025-10-17,18,major,,false,none,312,8,none,true,true,false,deferred
TRD-2026-01480,TDMS,TDMS-01480,TRD,TRD-OHE-MAST,MST-MJRPON-02,edge,MJR-PON-DN,,31.99,32.19,DN,routine,2026-07-05,64,major,,false,power_block,156,6,OHE_tower_car,true,true,true,scheduled
ENG-2026-05091,TMS,TMS-05091,ENG,ENG-RAIL-WELD,RL-TNPENR-03,edge,TNP-ENR-DN,,12.97,13.97,DN,defect,2026-05-15,83,3,,false,traffic_block,192,6,none,true,false,true,done
ENG-2025-05092,TMS,TMS-05092,ENG,ENG-RAIL-RENEWAL,RL-TRLAJJ-16,edge,TRL-AJJ-DN,,58.76,59.26,DN,defect,2025-10-14,154,2,,false,traffic_block,328,21,none,true,true,true,done
TRD-2026-01481,TDMS,TDMS-01481,TRD,TRD-NEUTRAL-SECTION,OHE-WJCJ-02,edge,WJ-CJ-SINGLE,,89.01,89.21,SINGLE,overdue,2026-08-15,23,minor,,false,power_block,233,6,OHE_tower_car,true,false,true,scheduled
TRD-2026-01482,TDMS,TDMS-01482,TRD,TRD-OHE-EARTHING,OHE-PERABU-20,edge,PER-ABU-UP_SUB,,11.70,12.70,UP_SUB,routine,2026-04-02,40,minor,2026-07-21,false,power_block,74,3,none,true,false,true,done
SNT-2026-01058,SMMS,SMMS-01058,SNT,SNT-AXLE-COUNTER,AC-GISTM-04,edge,GI-STM-UP_SUB,,16.70,17.00,UP_SUB,emergency_followup,2026-07-12,54,major,,false,disconnection,80,3,none,true,true,true,done
SNT-2026-01059,SMMS,SMMS-01059,SNT,SNT-POINT-SERVICE,PT-AVD-07,node,,AVD,21.00,21.00,,routine,2026-04-27,29,minor,2026-07-16,false,disconnection,81,3,none,false,false,true,done
SNT-2026-01060,SMMS,SMMS-01060,SNT,SNT-TRACK-CIRCUIT,TC-PONGPD-07,edge,PON-GPD-UP,,45.68,46.18,UP,routine,2026-06-21,78,minor,,false,disconnection,74,3,none,true,true,true,in_progress
SNT-2026-01061,SMMS,SMMS-01061,SNT,SNT-AXLE-COUNTER,AC-MBMGI-03,edge,MBM-GI-UP,,11.65,11.95,UP,routine,2026-08-07,31,minor,,false,disconnection,76,3,none,true,true,true,pending
ENG-2026-05093,TMS,TMS-05093,ENG,ENG-DRAIN-CLEAR,,edge,PON-GPD-DN,,44.99,46.49,DN,routine,2026-08-31,7,minor,,false,none,175,6,none,true,true,false,scheduled
TRD-2026-01483,TDMS,TDMS-01483,TRD,TRD-OHE-FAULT,OHE-TRLAJJ-12,edge,TRL-AJJ-DN,,61.78,62.08,DN,defect,2026-02-07,9,minor,2026-05-06,false,power_block,111,5,OHE_tower_car,false,true,true,done
ENG-2026-05094,TMS,TMS-05094,ENG,ENG-RAIL-WELD,RL-PVTBM-14,edge,PV-TBM-UP_SUB,,24.15,25.15,UP_SUB,defect,2026-07-02,41,1,2026-07-21,true,traffic_block,239,6,none,true,false,true,cancelled
SNT-2026-01062,SMMS,SMMS-01062,SNT,SNT-CABLE-LAY,,edge,TRL-AJJ-UP_SUB,,58.11,59.11,UP_SUB,defect,2026-02-22,73,major,,false,none,225,9,none,true,true,false,done
SNT-2026-01063,SMMS,SMMS-01063,SNT,SNT-TRACK-CIRCUIT,TC-TITRL-02,edge,TI-TRL-DN,,36.95,37.45,DN,proactive,2026-07-26,43,major,,false,disconnection,72,3,none,true,true,true,pending
ENG-2026-05095,TMS,TMS-05095,ENG,ENG-RAIL-WELD,RL-TNPENR-07,edge,TNP-ENR-DN,,11.07,12.07,DN,defect,2026-02-26,91,IMDT,2026-03-01,true,traffic_block,224,7,none,true,false,true,done
ENG-2026-05096,TMS,TMS-05096,ENG,ENG-DRAIN-CLEAR,,edge,PER-ABU-DN_SUB,,9.21,10.71,DN_SUB,overdue,2026-02-08,5,major,2026-05-22,false,none,146,7,none,true,true,false,done
ENG-2026-05097,TMS,TMS-05097,ENG,ENG-SLEEPER-RENEWAL,SL-ABUAVD-05,edge,ABU-AVD-UP,,16.02,16.52,UP,defect,2026-02-17,163,minor,,false,traffic_block,387,19,none,true,true,true,done
ENG-2026-05098,TMS,TMS-05098,ENG,ENG-TURNOUT-TAMP,TO-MAS-07,node,,MAS,0.00,0.00,,routine,2026-07-19,50,minor,,false,traffic_block,253,8,tamper,false,true,true,in_progress
ENG-2026-05099,TMS,TMS-05099,ENG,ENG-SLEEPER-RENEWAL,SL-MSBMS-06,edge,MSB-MS-UP,,0.36,0.86,UP,defect,2026-09-01,2,minor,2026-12-14,false,traffic_block,317,19,none,true,true,true,done
ENG-2025-05100,TMS,TMS-05100,ENG,ENG-TURNOUT-OVERHAUL,TO-TBM-07,node,,TBM,29.14,29.14,,overdue,2025-11-17,29,critical,2025-12-07,true,traffic_block,289,14,none,true,true,true,done
TRD-2026-01484,TDMS,TDMS-01484,TRD,TRD-OHE-MAST,MST-MSBMS-04,edge,MSB-MS-DN_SUB,,0.62,0.82,DN_SUB,routine,2026-05-07,38,major,,false,power_block,138,7,OHE_tower_car,true,true,true,done
ENG-2026-05101,TMS,TMS-05101,ENG,ENG-RAIL-WELD,RL-TRLAJJ-63,edge,TRL-AJJ-UP_SUB,,55.74,56.74,UP_SUB,defect,2026-01-02,93,2,2026-03-11,false,traffic_block,252,6,none,true,false,true,done
SNT-2026-01064,SMMS,SMMS-01064,SNT,SNT-POINT-SERVICE,PT-PER-04,node,,PER,5.00,5.00,,emergency_followup,2026-01-08,4,major,,false,disconnection,65,4,none,true,false,true,done
ENG-2026-05102,TMS,TMS-05102,ENG,ENG-RAIL-WELD,RL-BBQPER-04,edge,BBQ-PER-DN_SUB,,3.32,4.32,DN_SUB,defect,2026-04-18,41,1,2026-04-26,true,traffic_block,165,6,none,true,false,true,done
ENG-2026-05103,TMS,TMS-05103,ENG,ENG-DESTRESSING,RL-PERABU-11,edge,PER-ABU-DN_SUB,,7.08,8.08,DN_SUB,overdue,2026-07-13,22,2,2026-10-23,false,traffic_block,262,10,none,true,false,true,done
ENG-2025-05104,TMS,TMS-05104,ENG,ENG-TAMPING,BL-STMPV-03,edge,STM-PV-DN_SUB,,22.78,23.10,DN_SUB,overdue,2025-10-04,214,minor,,false,traffic_block,276,10,tamper,true,true,true,done
TRD-2025-01485,TDMS,TDMS-01485,TRD,TRD-OHE-DROPPER,CW-AVDTI-08,edge,AVD-TI-UP_SUB,,24.98,25.48,UP_SUB,routine,2025-11-19,222,major,2026-01-21,false,power_block,106,4,OHE_tower_car,true,false,true,done
SNT-2026-01065,SMMS,SMMS-01065,SNT,SNT-AXLE-COUNTER,AC-TMLPTKO-01,edge,TMLP-TKO-SINGLE,,111.81,112.11,SINGLE,proactive,2026-02-01,137,major,2026-03-19,false,disconnection,82,3,none,true,true,true,done
ENG-2026-05105,TMS,TMS-05105,ENG,ENG-SLEEPER-RENEWAL,SL-TITRL-04,edge,TI-TRL-DN,,33.08,33.58,DN,defect,2026-02-18,52,major,2026-05-13,false,traffic_block,232,19,none,false,true,true,done
ENG-2026-05106,TMS,TMS-05106,ENG,ENG-TRACK-PATROL,,edge,TI-TRL-DN,,30.75,32.75,DN,routine,2026-05-28,99,critical,2026-06-07,true,none,82,2,none,true,false,false,done
ENG-2026-05107,TMS,TMS-05107,ENG,ENG-TURNOUT-TAMP,TO-MS-12,node,,MS,4.32,4.32,,proactive,2026-07-09,8,minor,,false,traffic_block,184,9,tamper,true,true,true,cancelled
ENG-2025-05108,TMS,TMS-05108,ENG,ENG-RAIL-RENEWAL,RL-PERABU-10,edge,PER-ABU-DN_SUB,,7.07,7.57,DN_SUB,defect,2025-10-27,137,1,2025-11-14,true,traffic_block,445,20,none,true,true,true,done
ENG-2026-05109,TMS,TMS-05109,ENG,ENG-TAMPING,BL-MASBBQ-03,edge,MAS-BBQ-UP,,1.88,2.00,UP,routine,2026-04-03,102,major,,false,traffic_block,243,8,tamper,true,true,true,done
SNT-2026-01066,SMMS,SMMS-01066,SNT,SNT-TRACK-CIRCUIT,TC-AVDTI-12,edge,AVD-TI-UP_SUB,,22.02,22.52,UP_SUB,emergency_followup,2026-03-05,152,major,,false,disconnection,106,3,none,true,true,true,done
ENG-2025-05110,TMS,TMS-05110,ENG,ENG-SLEEPER-RENEWAL,SL-TRLAJJ-06,edge,TRL-AJJ-DN,,49.24,49.74,DN,defect,2025-10-13,63,minor,,false,traffic_block,354,17,none,true,true,true,done
TRD-2026-01486,TDMS,TDMS-01486,TRD,TRD-OHE-TENSION,OHE-BBQTNP-04,edge,BBQ-TNP-UP,,3.48,3.78,UP,overdue,2026-04-06,123,major,,false,power_block,137,5,OHE_tower_car,true,false,true,done
ENG-2026-05111,TMS,TMS-05111,ENG,ENG-TURNOUT-OVERHAUL,TO-TNP-03,node,,TNP,5.00,5.00,,overdue,2026-01-02,23,minor,,false,traffic_block,354,14,none,true,true,true,done
ENG-2025-05112,TMS,TMS-05112,ENG,ENG-RAIL-WELD,RL-TRLAJJ-13,edge,TRL-AJJ-DN,,53.87,54.87,DN,defect,2025-09-24,137,3,,false,traffic_block,244,7,none,true,false,true,done
SNT-2026-01067,SMMS,SMMS-01067,SNT,SNT-TRACK-CIRCUIT,TC-STMPV-08,edge,STM-PV-UP_SUB,,22.28,22.78,UP_SUB,emergency_followup,2026-08-04,34,major,,false,disconnection,98,3,none,true,true,true,pending
SNT-2026-01068,SMMS,SMMS-01068,SNT,SNT-SIGNAL-LAMP,SG-TITRL-12,edge,TI-TRL-UP,,39.26,39.36,UP,overdue,2026-03-27,134,minor,2026-06-16,false,none,47,2,none,true,false,true,done
ENG-2025-05113,TMS,TMS-05113,ENG,ENG-DESTRESSING,RL-TRLAJJ-55,edge,TRL-AJJ-UP_SUB,,66.73,67.73,UP_SUB,proactive,2025-11-21,100,2,,false,traffic_block,299,12,none,true,false,true,done
ENG-2026-05114,TMS,TMS-05114,ENG,ENG-SLEEPER-RENEWAL,SL-PERABU-09,edge,PER-ABU-UP,,7.86,8.36,UP,defect,2026-07-28,41,major,2026-11-24,false,traffic_block,386,18,none,true,true,true,pending
TRD-2026-01487,TDMS,TDMS-01487,TRD,TRD-OHE-EARTHING,OHE-PERABU-18,edge,PER-ABU-UP_SUB,,9.09,10.09,UP_SUB,routine,2026-08-24,1,major,2026-09-27,false,power_block,72,3,none,true,false,true,done
TRD-2026-01488,TDMS,TDMS-01488,TRD,TRD-OHE-MAST,MST-MSMBM-07,edge,MS-MBM-UP,,8.84,9.04,UP,routine,2026-07-05,19,minor,,false,power_block,143,6,OHE_tower_car,true,true,true,done
TRD-2026-01489,TDMS,TDMS-01489,TRD,TRD-OHE-MAST,MST-MJRPON-07,edge,MJR-PON-UP,,27.36,27.56,UP,routine,2026-05-31,4,minor,,false,power_block,201,7,OHE_tower_car,true,true,true,done
ENG-2025-05115,TMS,TMS-05115,ENG,ENG-RAIL-WELD,RL-TRLAJJ-10,edge,TRL-AJJ-DN,,66.02,67.02,DN,defect,2025-12-01,131,2,,false,traffic_block,199,7,none,true,false,true,done
TRD-2026-01490,TDMS,TDMS-01490,TRD,TRD-OHE-MAST,MST-TRLAJJ-34,edge,TRL-AJJ-UP_SUB,,59.48,59.68,UP_SUB,proactive,2026-07-29,40,major,,false,power_block,161,7,OHE_tower_car,true,true,true,pending
SNT-2026-01069,SMMS,SMMS-01069,SNT,SNT-AXLE-COUNTER,AC-MASBBQ-02,edge,MAS-BBQ-DN_SUB,,0.40,0.70,DN_SUB,routine,2026-08-17,3,major,,false,disconnection,128,3,none,true,true,true,done
SNT-2025-01070,SMMS,SMMS-01070,SNT,SNT-TRACK-CIRCUIT,TC-TRLAJJ-02,edge,TRL-AJJ-DN,,58.21,58.71,DN,routine,2025-10-13,172,major,,false,disconnection,125,3,none,true,true,true,done
SNT-2025-01071,SMMS,SMMS-01071,SNT,SNT-TRACK-CIRCUIT,TC-TITRL-18,edge,TI-TRL-UP_SUB,,34.45,34.95,UP_SUB,routine,2025-12-27,223,minor,2026-02-01,false,disconnection,68,3,none,true,true,true,done
SNT-2026-01072,SMMS,SMMS-01072,SNT,SNT-TRACK-CIRCUIT,TC-ENRMJR-01,edge,ENR-MJR-DN,,24.01,24.51,DN,overdue,2026-02-02,128,major,,false,disconnection,93,3,none,true,true,true,done
ENG-2026-05116,TMS,TMS-05116,ENG,ENG-TURNOUT-OVERHAUL,TO-AVD-06,node,,AVD,21.00,21.00,,overdue,2026-08-06,25,minor,2026-11-03,false,traffic_block,363,12,none,true,true,true,done
ENG-2026-05117,TMS,TMS-05117,ENG,ENG-SLEEPER-RENEWAL,SL-PERABU-02,edge,PER-ABU-DN,,9.53,10.03,DN,defect,2026-02-05,104,minor,,false,traffic_block,268,18,none,true,true,true,done
TRD-2026-01491,TDMS,TDMS-01491,TRD,TRD-OHE-DROPPER,CW-ABUAVD-07,edge,ABU-AVD-UP_SUB,,20.25,20.75,UP_SUB,overdue,2026-04-07,74,minor,,false,power_block,69,4,OHE_tower_car,true,false,true,done
SNT-2026-01073,SMMS,SMMS-01073,SNT,SNT-POINT-REPLACE,PT-MAS-12,node,,MAS,0.00,0.00,,proactive,2026-04-23,63,major,,false,disconnection,168,4,none,true,false,true,done
SNT-2026-01074,SMMS,SMMS-01074,SNT,SNT-POINT-SERVICE,PT-TBM-05,node,,TBM,29.14,29.14,,routine,2026-08-05,33,minor,,false,disconnection,49,3,none,true,false,true,pending
TRD-2025-01492,TDMS,TDMS-01492,TRD,TRD-OHE-FAULT,OHE-TRLAJJ-27,edge,TRL-AJJ-UP,,54.56,54.86,UP,defect,2025-12-09,159,minor,,false,power_block,120,6,OHE_tower_car,true,true,true,done
ENG-2026-05118,TMS,TMS-05118,ENG,ENG-RAIL-RENEWAL,RL-MSMBM-15,edge,MS-MBM-UP,,5.90,6.40,UP,defect,2026-01-12,232,3,,false,traffic_block,454,22,none,true,true,true,done
ENG-2026-05119,TMS,TMS-05119,ENG,ENG-TURNOUT-OVERHAUL,TO-AVD-07,node,,AVD,21.00,21.00,,routine,2026-06-10,24,minor,2026-08-11,false,traffic_block,348,14,none,true,true,true,done
ENG-2025-05120,TMS,TMS-05120,ENG,ENG-USFD-TEST,RL-TNPENR-01,edge,TNP-ENR-DN,,12.53,16.00,DN,routine,2025-11-13,130,3,2026-01-13,false,traffic_block,141,3,USFD_car,false,false,true,done
TRD-2025-01493,TDMS,TDMS-01493,TRD,TRD-OHE-WIRE-RENEW,CW-MSBMS-03,edge,MSB-MS-UP,,3.70,4.30,UP,defect,2025-09-09,270,major,,false,power_block,348,8,OHE_tower_car,false,true,true,done
ENG-2025-05121,TMS,TMS-05121,ENG,ENG-SLEEPER-RENEWAL,SL-PERABU-02,edge,PER-ABU-DN,,9.53,10.03,DN,defect,2025-12-27,36,major,,false,traffic_block,297,16,none,true,true,true,done
ENG-2026-05122,TMS,TMS-05122,ENG,ENG-DESTRESSING,RL-MJRPON-10,edge,MJR-PON-UP,,30.00,31.00,UP,routine,2026-01-03,61,2,,false,traffic_block,321,10,none,false,false,true,done
TRD-2026-01494,TDMS,TDMS-01494,TRD,TRD-OHE-MAST,MST-BBQPER-04,edge,BBQ-PER-UP_SUB,,3.33,3.53,UP_SUB,routine,2026-03-27,96,major,,false,power_block,118,6,OHE_tower_car,true,true,true,done
TRD-2026-01495,TDMS,TDMS-01495,TRD,TRD-OHE-EARTHING,OHE-TRLAJJ-48,edge,TRL-AJJ-UP_SUB,,51.87,52.87,UP_SUB,routine,2026-06-03,8,minor,,false,power_block,86,3,none,true,false,true,done
ENG-2025-05123,TMS,TMS-05123,ENG,ENG-USFD-TEST,RL-AVDTI-08,edge,AVD-TI-DN_SUB,,22.29,29.00,DN_SUB,overdue,2025-10-15,77,2,,false,traffic_block,106,3,USFD_car,false,false,true,deferred
SNT-2026-01075,SMMS,SMMS-01075,SNT,SNT-SIGNAL-REPLACE,SG-MASBBQ-02,edge,MAS-BBQ-DN_SUB,,1.50,1.60,DN_SUB,defect,2026-02-04,204,minor,,false,disconnection,189,5,none,false,true,true,done
ENG-2026-05124,TMS,TMS-05124,ENG,ENG-RAIL-WELD,RL-TNPENR-08,edge,TNP-ENR-UP,,9.81,10.81,UP,defect,2026-06-23,13,1,2026-07-05,true,traffic_block,260,7,none,true,false,true,done
SNT-2026-01076,SMMS,SMMS-01076,SNT,SNT-SIGNAL-REPLACE,SG-ENRMJR-04,edge,ENR-MJR-DN,,23.18,23.28,DN,defect,2026-08-12,26,major,,false,disconnection,206,5,none,true,true,true,scheduled
ENG-2026-05125,TMS,TMS-05125,ENG,ENG-TAMPING,BL-TRLAJJ-11,edge,TRL-AJJ-DN_SUB,,46.06,48.06,DN_SUB,overdue,2026-07-20,16,major,,false,traffic_block,345,8,tamper,true,true,true,done
SNT-2025-01077,SMMS,SMMS-01077,SNT,SNT-SIGNAL-LAMP,SG-MJRPON-03,edge,MJR-PON-DN,,27.54,27.64,DN,overdue,2025-10-22,54,minor,,false,none,55,2,none,true,false,true,done
ENG-2026-05126,TMS,TMS-05126,ENG,ENG-TRACK-PATROL,,edge,TRL-AJJ-UP,,63.38,65.38,UP,routine,2026-07-09,57,minor,,false,none,88,2,none,true,false,false,done
ENG-2025-05127,TMS,TMS-05127,ENG,ENG-CURVE-REALIGN,BL-MBMGI-03,edge,MBM-GI-UP,,12.26,13.06,UP,emergency_followup,2025-11-06,34,major,,false,traffic_block,182,10,tamper,true,true,true,done
TRD-2026-01496,TDMS,TDMS-01496,TRD,TRD-NEUTRAL-SECTION,OHE-PVTBM-05,edge,PV-TBM-DN_SUB,,24.96,25.16,DN_SUB,overdue,2026-01-08,139,major,,false,power_block,182,7,OHE_tower_car,true,false,true,done
ENG-2025-05128,TMS,TMS-05128,ENG,ENG-RAIL-WELD,RL-TRLAJJ-65,edge,TRL-AJJ-UP_SUB,,65.28,66.28,UP_SUB,emergency_followup,2025-11-04,169,2,,false,traffic_block,172,7,none,true,false,true,done
SNT-2026-01078,SMMS,SMMS-01078,SNT,SNT-TRACK-CIRCUIT,TC-PONGPD-04,edge,PON-GPD-DN,,43.77,44.27,DN,proactive,2026-05-13,24,minor,,false,disconnection,122,3,none,true,true,true,done
TRD-2026-01497,TDMS,TDMS-01497,TRD,TRD-OHE-MAST,MST-MBMGI-04,edge,MBM-GI-UP_SUB,,11.60,11.80,UP_SUB,overdue,2026-08-02,35,minor,,false,power_block,149,6,OHE_tower_car,true,true,true,done
ENG-2026-05129,TMS,TMS-05129,ENG,ENG-TURNOUT-TAMP,TO-AVD-09,node,,AVD,21.00,21.00,,routine,2026-06-09,4,minor,,false,traffic_block,181,8,tamper,true,true,true,done
SNT-2026-01079,SMMS,SMMS-01079,SNT,SNT-TRACK-CIRCUIT,TC-TRLAJJ-19,edge,TRL-AJJ-DN_SUB,,58.30,58.80,DN_SUB,routine,2026-08-21,17,minor,,false,disconnection,67,3,none,true,true,true,scheduled
ENG-2026-05130,TMS,TMS-05130,ENG,ENG-RAIL-WELD,RL-TITRL-24,edge,TI-TRL-UP,,32.06,33.06,UP,defect,2026-07-28,41,2,,false,traffic_block,248,6,none,true,false,true,scheduled
ENG-2026-05131,TMS,TMS-05131,ENG,ENG-TURNOUT-TAMP,TO-TNP-06,node,,TNP,5.00,5.00,,routine,2026-08-15,23,minor,,false,traffic_block,188,9,tamper,true,true,true,pending
ENG-2025-05132,TMS,TMS-05132,ENG,ENG-TURNOUT-TAMP,TO-BBQ-04,node,,BBQ,2.00,2.00,,overdue,2025-11-21,168,critical,2025-12-19,true,traffic_block,189,8,tamper,true,true,true,done
TRD-2026-01498,TDMS,TDMS-01498,TRD,TRD-NEUTRAL-SECTION,OHE-MSBMS-02,edge,MSB-MS-DN,,4.20,4.30,DN,routine,2026-07-22,47,major,,false,power_block,222,6,OHE_tower_car,true,false,true,in_progress
SNT-2026-01080,SMMS,SMMS-01080,SNT,SNT-SIGNAL-REPLACE,SG-TITRL-10,edge,TI-TRL-DN_SUB,,35.35,35.45,DN_SUB,defect,2026-05-06,44,major,2026-07-03,false,disconnection,168,5,none,true,true,true,done
SNT-2025-01081,SMMS,SMMS-01081,SNT,SNT-AXLE-COUNTER,AC-TKOAJJ-02,edge,TKO-AJJ-SINGLE,,116.72,117.02,SINGLE,routine,2025-09-30,125,minor,,false,disconnection,118,3,none,true,true,true,done
ENG-2026-05133,TMS,TMS-05133,ENG,ENG-SLEEPER-RENEWAL,SL-TITRL-01,edge,TI-TRL-DN,,37.78,38.28,DN,proactive,2026-02-12,125,minor,,false,traffic_block,274,16,none,false,true,true,done
ENG-2026-05134,TMS,TMS-05134,ENG,ENG-SLEEPER-RENEWAL,SL-MSMBM-04,edge,MS-MBM-DN_SUB,,8.94,9.44,DN_SUB,defect,2026-06-07,92,minor,,false,traffic_block,286,19,none,true,true,true,pending
SNT-2026-01082,SMMS,SMMS-01082,SNT,SNT-POINT-REPLACE,PT-PER-02,node,,PER,5.00,5.00,,defect,2026-07-25,21,minor,2026-10-03,false,disconnection,204,4,none,true,false,true,done
ENG-2026-05135,TMS,TMS-05135,ENG,ENG-SLEEPER-RENEWAL,SL-MSBMS-07,edge,MSB-MS-UP_SUB,,0.34,0.84,UP_SUB,proactive,2026-01-26,135,minor,,false,traffic_block,314,18,none,true,true,true,done
ENG-2026-05136,TMS,TMS-05136,ENG,ENG-TURNOUT-OVERHAUL,TO-TNP-05,node,,TNP,5.00,5.00,,routine,2026-02-19,97,minor,,false,traffic_block,319,14,none,true,true,true,done
ENG-2026-05137,TMS,TMS-05137,ENG,ENG-BALLAST-SCREEN,BL-TRLAJJ-04,edge,TRL-AJJ-DN,,57.22,57.72,DN,overdue,2026-06-03,27,major,,false,traffic_block,326,12,BCM,true,true,true,done
SNT-2025-01083,SMMS,SMMS-01083,SNT,SNT-POINT-REPLACE,PT-CGL-09,node,,CGL,59.84,59.84,,proactive,2025-11-30,208,minor,,false,disconnection,258,5,none,true,false,true,deferred
ENG-2026-05138,TMS,TMS-05138,ENG,ENG-RAIL-WELD,RL-TRLAJJ-61,edge,TRL-AJJ-UP_SUB,,64.22,65.22,UP_SUB,defect,2026-07-03,66,2,,false,traffic_block,248,7,none,true,false,true,scheduled
SNT-2026-01084,SMMS,SMMS-01084,SNT,SNT-TRACK-CIRCUIT,TC-PERABU-09,edge,PER-ABU-UP,,11.55,12.05,UP,routine,2026-08-22,16,minor,,false,disconnection,100,3,none,true,true,true,scheduled
ENG-2026-05139,TMS,TMS-05139,ENG,ENG-SLEEPER-RENEWAL,SL-PERABU-02,edge,PER-ABU-DN,,9.53,10.03,DN,defect,2026-08-26,11,minor,,false,traffic_block,304,17,none,false,true,true,done
ENG-2026-05140,TMS,TMS-05140,ENG,ENG-YARD-PWAY,BL-MSB-01,node,,MSB,0.00,0.00,,proactive,2026-06-05,5,major,,false,traffic_block,212,10,none,true,true,true,done
ENG-2026-05141,TMS,TMS-05141,ENG,ENG-RAIL-RENEWAL,RL-TRLAJJ-38,edge,TRL-AJJ-UP,,60.96,61.46,UP,defect,2026-01-16,222,1,2026-02-06,true,traffic_block,291,23,none,true,true,true,done
SNT-2026-01085,SMMS,SMMS-01085,SNT,SNT-TRACK-CIRCUIT,TC-MSMBM-06,edge,MS-MBM-DN_SUB,,8.12,8.62,DN_SUB,overdue,2026-08-16,22,minor,,false,disconnection,90,4,none,false,true,true,pending
SNT-2026-01086,SMMS,SMMS-01086,SNT,SNT-POINT-SERVICE,PT-MS-09,node,,MS,4.32,4.32,,overdue,2026-05-26,36,minor,,false,disconnection,55,3,none,true,false,true,done
ENG-2026-05142,TMS,TMS-05142,ENG,ENG-RAIL-GRIND,RL-STMPV-13,edge,STM-PV-UP_SUB,,21.56,23.10,UP_SUB,routine,2026-07-22,47,3,,false,traffic_block,137,4,rail_grinder,false,false,true,pending
SNT-2025-01087,SMMS,SMMS-01087,SNT,SNT-CABLE-LAY,,edge,MAS-BBQ-DN,,1.10,2.00,DN,defect,2025-10-24,112,critical,2025-11-17,true,none,250,9,none,false,true,false,done
TRD-2025-01499,TDMS,TDMS-01499,TRD,TRD-OHE-INSP,OHE-TITRL-22,edge,TI-TRL-UP_SUB,,41.61,42.00,UP_SUB,overdue,2025-12-03,32,minor,2026-01-08,false,power_block,81,5,OHE_tower_car,true,false,true,done
ENG-2026-05143,TMS,TMS-05143,ENG,ENG-DRAIN-CLEAR,,edge,WJ-CJ-SINGLE,,90.34,91.84,SINGLE,routine,2026-03-07,167,critical,2026-03-21,true,none,141,7,none,true,true,false,done
TRD-2025-01500,TDMS,TDMS-01500,TRD,TRD-OHE-MAST,MST-MASBBQ-03,edge,MAS-BBQ-UP,,0.82,1.02,UP,overdue,2025-10-11,54,major,2026-01-09,false,power_block,199,6,OHE_tower_car,true,true,true,deferred
SNT-2025-01088,SMMS,SMMS-01088,SNT,SNT-POINT-REPLACE,PT-CGL-02,node,,CGL,59.84,59.84,,defect,2025-09-27,52,major,2025-11-09,false,disconnection,162,5,none,true,false,true,done
ENG-2026-05144,TMS,TMS-05144,ENG,ENG-SLEEPER-RENEWAL,SL-TRLAJJ-24,edge,TRL-AJJ-UP,,60.67,61.17,UP,defect,2026-07-27,42,minor,2026-10-29,false,traffic_block,244,18,none,true,true,true,pending
ENG-2025-05145,TMS,TMS-05145,ENG,ENG-DRAIN-CLEAR,,edge,MS-MBM-DN_SUB,,10.33,11.30,DN_SUB,routine,2025-09-15,249,minor,,false,none,139,7,none,true,true,false,done
ENG-2026-05146,TMS,TMS-05146,ENG,ENG-TURNOUT-TAMP,TO-TNP-04,node,,TNP,5.00,5.00,,routine,2026-03-31,157,minor,,false,traffic_block,165,8,tamper,true,true,true,done
ENG-2026-05147,TMS,TMS-05147,ENG,ENG-TURNOUT-TAMP,TO-BBQ-11,node,,BBQ,2.00,2.00,,overdue,2026-06-13,48,minor,,false,traffic_block,180,9,tamper,true,true,true,done
SNT-2026-01089,SMMS,SMMS-01089,SNT,SNT-SIGNAL-REPLACE,SG-ENRMJR-02,edge,ENR-MJR-DN,,22.14,22.24,DN,defect,2026-08-27,11,minor,,false,disconnection,151,6,none,true,true,true,in_progress
ENG-2026-05148,TMS,TMS-05148,ENG,ENG-SLEEPER-RENEWAL,SL-TNPENR-02,edge,TNP-ENR-DN,,6.00,6.50,DN,defect,2026-07-03,41,minor,2026-09-28,false,traffic_block,382,19,none,true,true,true,done
ENG-2026-05149,TMS,TMS-05149,ENG,ENG-TAMPING,BL-GISTM-04,edge,GI-STM-UP_SUB,,16.54,17.10,UP_SUB,routine,2026-07-18,51,minor,,false,traffic_block,269,8,tamper,false,true,true,scheduled
SNT-2026-01090,SMMS,SMMS-01090,SNT,SNT-SIGNAL-LAMP,SG-TMLPTKO-02,edge,TMLP-TKO-SINGLE,,109.69,109.79,SINGLE,overdue,2026-04-28,69,minor,,false,none,52,2,none,false,false,true,done
ENG-2026-05150,TMS,TMS-05150,ENG,ENG-SLEEPER-RENEWAL,SL-PERABU-14,edge,PER-ABU-UP_SUB,,13.34,13.84,UP_SUB,defect,2026-08-11,27,major,,false,traffic_block,412,21,none,true,true,true,pending
ENG-2026-05151,TMS,TMS-05151,ENG,ENG-SLEEPER-RENEWAL,SL-CGLWJ-03,edge,CGL-WJ-SINGLE,,73.16,73.66,SINGLE,defect,2026-07-10,59,minor,,false,traffic_block,430,16,none,true,true,true,pending
ENG-2026-05152,TMS,TMS-05152,ENG,ENG-RAIL-RENEWAL,RL-PVTBM-07,edge,PV-TBM-DN_SUB,,27.89,28.39,DN_SUB,defect,2026-08-20,18,2,,false,traffic_block,416,20,none,true,true,true,pending
ENG-2026-05153,TMS,TMS-05153,ENG,ENG-USFD-TEST,RL-STMPV-02,edge,STM-PV-DN,,19.20,23.10,DN,proactive,2026-08-16,22,2,,false,traffic_block,113,3,USFD_car,true,false,true,scheduled
TRD-2025-01501,TDMS,TDMS-01501,TRD,TRD-OHE-INSULATOR,INS-STMPV-04,edge,STM-PV-UP_SUB,,19.06,19.16,UP_SUB,defect,2025-12-19,261,minor,,false,power_block,68,4,OHE_tower_car,true,true,true,done
SNT-2026-01091,SMMS,SMMS-01091,SNT,SNT-CABLE-LAY,,edge,AVD-TI-UP,,22.70,23.70,UP,defect,2026-01-03,20,minor,,false,none,295,9,none,false,true,false,done
ENG-2026-05154,TMS,TMS-05154,ENG,ENG-RAIL-GRIND,RL-MSMBM-03,edge,MS-MBM-DN,,9.28,11.30,DN,overdue,2026-08-05,33,3,,false,traffic_block,225,4,rail_grinder,true,false,true,pending
ENG-2026-05155,TMS,TMS-05155,ENG,ENG-USFD-TEST,RL-MSMBM-01,edge,MS-MBM-DN,,8.03,11.30,DN,routine,2026-07-01,62,3,2026-08-26,false,traffic_block,105,3,USFD_car,true,false,true,done
ENG-2026-05156,TMS,TMS-05156,ENG,ENG-TURNOUT-OVERHAUL,TO-MS-09,node,,MS,4.32,4.32,,routine,2026-09-03,4,major,,false,traffic_block,286,12,none,true,true,true,scheduled
SNT-2026-01092,SMMS,SMMS-01092,SNT,SNT-CABLE-LAY,,edge,CJ-TMLP-SINGLE,,105.75,106.75,SINGLE,defect,2026-02-18,176,major,,false,none,294,10,none,true,true,false,done
ENG-2026-05157,TMS,TMS-05157,ENG,ENG-SLEEPER-RENEWAL,SL-MBMGI-03,edge,MBM-GI-UP,,13.62,14.12,UP,defect,2026-02-17,34,major,,false,traffic_block,388,18,none,true,true,true,done
ENG-2026-05158,TMS,TMS-05158,ENG,ENG-TURNOUT-TAMP,TO-TNP-05,node,,TNP,5.00,5.00,,overdue,2026-03-04,164,major,,false,traffic_block,242,10,tamper,true,true,true,done
ENG-2026-05159,TMS,TMS-05159,ENG,ENG-DESTRESSING,RL-TRLAJJ-48,edge,TRL-AJJ-UP,,42.59,43.59,UP,emergency_followup,2026-07-14,28,2,,false,traffic_block,264,11,none,true,false,true,done
ENG-2026-05160,TMS,TMS-05160,ENG,ENG-SLEEPER-RENEWAL,SL-PERABU-01,edge,PER-ABU-DN,,6.19,6.69,DN,defect,2026-08-05,10,major,2026-09-21,false,traffic_block,430,18,none,false,true,true,done
ENG-2026-05161,TMS,TMS-05161,ENG,ENG-RAIL-GRIND,RL-ENRMJR-06,edge,ENR-MJR-DN,,21.47,24.47,DN,overdue,2026-08-14,24,2,2026-09-28,false,traffic_block,229,5,rail_grinder,true,false,true,scheduled
ENG-2026-05162,TMS,TMS-05162,ENG,ENG-SLEEPER-RENEWAL,SL-PONGPD-05,edge,PON-GPD-UP,,45.07,45.57,UP,proactive,2026-04-11,25,major,2026-06-27,false,traffic_block,230,17,none,true,true,true,done
ENG-2026-05163,TMS,TMS-05163,ENG,ENG-SLEEPER-RENEWAL,SL-AVDTI-09,edge,AVD-TI-UP,,22.82,23.32,UP,proactive,2026-06-19,54,minor,,false,traffic_block,342,19,none,true,true,true,done
ENG-2026-05164,TMS,TMS-05164,ENG,ENG-DRAIN-CLEAR,,edge,MAS-BBQ-DN,,1.56,2.00,DN,routine,2026-03-16,131,major,2026-04-21,false,none,180,7,none,true,true,false,done
ENG-2026-05165,TMS,TMS-05165,ENG,ENG-SLEEPER-RENEWAL,SL-CGLWJ-08,edge,CGL-WJ-SINGLE,,70.81,71.31,SINGLE,proactive,2026-05-09,33,minor,,false,traffic_block,387,19,none,true,true,true,deferred
ENG-2026-05166,TMS,TMS-05166,ENG,ENG-TURNOUT-TAMP,TO-MS-02,node,,MS,4.32,4.32,,overdue,2026-05-04,114,major,,false,traffic_block,216,10,tamper,false,true,true,done
SNT-2026-01093,SMMS,SMMS-01093,SNT,SNT-POINT-SERVICE,PT-AVD-04,node,,AVD,21.00,21.00,,routine,2026-06-01,56,major,,false,disconnection,69,3,none,true,false,true,done
ENG-2026-05167,TMS,TMS-05167,ENG,ENG-SLEEPER-RENEWAL,SL-TRLAJJ-01,edge,TRL-AJJ-DN,,60.93,61.43,DN,defect,2026-03-19,67,minor,,false,traffic_block,406,19,none,true,true,true,done
ENG-2026-05168,TMS,TMS-05168,ENG,ENG-SLEEPER-RENEWAL,SL-AVDTI-01,edge,AVD-TI-DN,,23.79,24.29,DN,defect,2026-08-28,10,major,,false,traffic_block,380,20,none,true,true,true,pending
ENG-2026-05169,TMS,TMS-05169,ENG,ENG-RAIL-WELD,RL-TRLAJJ-12,edge,TRL-AJJ-DN,,48.42,49.42,DN,defect,2026-08-19,12,2,,false,traffic_block,202,6,none,true,false,true,done
TRD-2026-01502,TDMS,TDMS-01502,TRD,TRD-OHE-INSULATOR,INS-MJRPON-04,edge,MJR-PON-UP,,33.37,33.47,UP,emergency_followup,2026-01-11,193,major,2026-04-22,false,power_block,97,4,OHE_tower_car,true,true,true,done
ENG-2025-05170,TMS,TMS-05170,ENG,ENG-SLEEPER-RENEWAL,SL-AVDTI-08,edge,AVD-TI-UP,,27.64,28.14,UP,defect,2025-11-24,161,major,,false,traffic_block,301,21,none,true,true,true,cancelled
SNT-2026-01094,SMMS,SMMS-01094,SNT,SNT-POINT-SERVICE,PT-AJJ-03,node,,AJJ,69.00,69.00,,routine,2026-08-16,22,minor,,false,disconnection,81,3,none,true,false,true,pending
ENG-2026-05171,TMS,TMS-05171,ENG,ENG-TAMPING,BL-MSBMS-07,edge,MSB-MS-UP_SUB,,0.20,2.20,UP_SUB,overdue,2026-01-05,138,major,2026-04-25,false,traffic_block,296,9,tamper,true,true,true,done
ENG-2026-05172,TMS,TMS-05172,ENG,ENG-SLEEPER-RENEWAL,SL-TRLAJJ-27,edge,TRL-AJJ-UP,,64.41,64.91,UP,defect,2026-01-17,125,minor,,false,traffic_block,406,16,none,true,true,true,done
ENG-2025-05173,TMS,TMS-05173,ENG,ENG-TAMPING,BL-ENRMJR-06,edge,ENR-MJR-UP,,23.13,25.13,UP,routine,2025-12-27,27,minor,,false,traffic_block,214,10,tamper,true,true,true,done
SNT-2025-01095,SMMS,SMMS-01095,SNT,SNT-POINT-REPLACE,PT-TBM-05,node,,TBM,29.14,29.14,,proactive,2025-12-02,99,minor,,false,disconnection,235,4,none,true,false,true,done
TRD-2026-01503,TDMS,TDMS-01503,TRD,TRD-OHE-FAULT,OHE-TRLAJJ-38,edge,TRL-AJJ-UP,,57.41,57.71,UP,defect,2026-05-27,64,major,,false,power_block,146,6,OHE_tower_car,true,true,true,done
SNT-2026-01096,SMMS,SMMS-01096,SNT,SNT-SIGNAL-REPLACE,SG-TITRL-01,edge,TI-TRL-DN,,41.07,41.17,DN,defect,2026-08-11,1,minor,,false,disconnection,240,5,none,true,true,true,done
ENG-2026-05174,TMS,TMS-05174,ENG,ENG-YARD-PWAY,BL-MAS-06,node,,MAS,0.00,0.00,,routine,2026-07-28,41,minor,,false,traffic_block,179,9,none,true,true,true,pending
TRD-2025-01504,TDMS,TDMS-01504,TRD,TRD-OHE-MAST,MST-PERABU-15,edge,PER-ABU-UP_SUB,,13.38,13.58,UP_SUB,proactive,2025-12-13,165,minor,,false,power_block,171,6,OHE_tower_car,true,true,true,done
ENG-2025-05175,TMS,TMS-05175,ENG,ENG-TURNOUT-OVERHAUL,TO-GPD-02,node,,GPD,47.00,47.00,,routine,2025-11-16,120,minor,2026-03-06,false,traffic_block,391,15,none,true,true,true,done
ENG-2026-05176,TMS,TMS-05176,ENG,ENG-SLEEPER-RENEWAL,SL-BBQPER-01,edge,BBQ-PER-DN,,4.92,5.00,DN,defect,2026-06-04,8,minor,,false,traffic_block,325,18,none,true,true,true,done
SNT-2026-01097,SMMS,SMMS-01097,SNT,SNT-SIGNAL-LAMP,SG-TITRL-12,edge,TI-TRL-UP,,39.26,39.36,UP,routine,2026-08-24,3,minor,,false,none,48,2,none,true,false,true,done
TRD-2026-01505,TDMS,TDMS-01505,TRD,TRD-NEUTRAL-SECTION,OHE-AVDTI-07,edge,AVD-TI-DN_SUB,,27.21,27.41,DN_SUB,overdue,2026-08-27,11,minor,,false,power_block,143,6,OHE_tower_car,true,false,true,done
ENG-2025-05177,TMS,TMS-05177,ENG,ENG-USFD-TEST,RL-TRLAJJ-14,edge,TRL-AJJ-DN,,46.45,54.45,DN,proactive,2025-10-01,113,2,,false,traffic_block,123,3,USFD_car,false,false,true,done
ENG-2026-05178,TMS,TMS-05178,ENG,ENG-TAMPING,BL-PERABU-15,edge,PER-ABU-UP_SUB,,7.40,9.40,UP_SUB,routine,2026-08-07,31,critical,2026-08-30,true,traffic_block,222,9,tamper,false,true,true,pending
SNT-2026-01098,SMMS,SMMS-01098,SNT,SNT-TRACK-CIRCUIT,TC-PVTBM-06,edge,PV-TBM-UP,,27.89,28.39,UP,routine,2026-08-03,35,minor,2026-09-16,false,disconnection,73,3,none,true,true,true,pending
ENG-2026-05179,TMS,TMS-05179,ENG,ENG-BRIDGE-REPAIR,BR-CGLWJ-01,edge,CGL-WJ-SINGLE,,77.81,77.91,SINGLE,defect,2026-03-10,112,minor,,false,traffic_block,281,10,none,true,true,false,done
ENG-2026-05180,TMS,TMS-05180,ENG,ENG-RAIL-RENEWAL,RL-STMPV-05,edge,STM-PV-DN_SUB,,22.02,22.52,DN_SUB,proactive,2026-08-19,11,2,,false,traffic_block,275,21,none,true,true,true,done
ENG-2026-05181,TMS,TMS-05181,ENG,ENG-TURNOUT-TAMP,TO-MAS-11,node,,MAS,0.00,0.00,,overdue,2026-03-08,181,major,2026-04-19,false,traffic_block,254,10,tamper,true,true,true,done
TRD-2026-01506,TDMS,TDMS-01506,TRD,TRD-OHE-INSULATOR,INS-MASBBQ-03,edge,MAS-BBQ-UP,,0.45,0.55,UP,defect,2026-03-14,170,minor,,false,power_block,118,4,OHE_tower_car,true,true,true,done
TRD-2026-01507,TDMS,TDMS-01507,TRD,TRD-OHE-DROPPER,CW-GISTM-04,edge,GI-STM-UP_SUB,,16.85,17.10,UP_SUB,overdue,2026-02-12,194,major,,false,power_block,110,4,OHE_tower_car,true,false,true,cancelled
ENG-2026-05182,TMS,TMS-05182,ENG,ENG-RAIL-GRIND,RL-TRLAJJ-62,edge,TRL-AJJ-UP_SUB,,63.57,66.57,UP_SUB,overdue,2026-02-14,133,1,2026-02-25,true,traffic_block,151,5,rail_grinder,true,false,true,cancelled
ENG-2026-05183,TMS,TMS-05183,ENG,ENG-SLEEPER-RENEWAL,SL-TRLAJJ-22,edge,TRL-AJJ-UP,,64.42,64.92,UP,defect,2026-02-22,107,major,,false,traffic_block,318,21,none,false,true,true,done
SNT-2026-01099,SMMS,SMMS-01099,SNT,SNT-TRACK-CIRCUIT,TC-GISTM-04,edge,GI-STM-UP_SUB,,15.48,15.98,UP_SUB,routine,2026-07-24,16,minor,,false,disconnection,83,3,none,false,true,true,done
SNT-2026-01100,SMMS,SMMS-01100,SNT,SNT-TRACK-CIRCUIT,TC-AVDTI-02,edge,AVD-TI-DN,,27.80,28.30,DN,overdue,2026-04-14,36,minor,2026-07-05,false,disconnection,79,3,none,true,true,true,done
ENG-2026-05184,TMS,TMS-05184,ENG,ENG-DESTRESSING,RL-STMPV-06,edge,STM-PV-DN_SUB,,20.95,21.95,DN_SUB,overdue,2026-02-14,172,3,,false,traffic_block,343,10,none,true,false,true,done
SNT-2026-01101,SMMS,SMMS-01101,SNT,SNT-TRACK-CIRCUIT,TC-MSBMS-05,edge,MSB-MS-UP,,1.00,1.50,UP,overdue,2026-08-23,7,minor,,false,disconnection,117,3,none,true,true,true,done
ENG-2025-05185,TMS,TMS-05185,ENG,ENG-RAIL-WELD,RL-TITRL-22,edge,TI-TRL-UP,,40.06,41.06,UP,defect,2025-11-10,253,2,,false,traffic_block,241,6,none,true,false,true,done
TRD-2025-01508,TDMS,TDMS-01508,TRD,TRD-OHE-MAST,MST-GISTM-01,edge,GI-STM-DN,,16.60,16.80,DN,overdue,2025-10-20,153,minor,,false,power_block,140,8,OHE_tower_car,true,true,true,done
TRD-2026-01509,TDMS,TDMS-01509,TRD,TRD-OHE-TENSION,OHE-TRLAJJ-06,edge,TRL-AJJ-DN,,62.43,62.73,DN,routine,2026-02-07,92,major,,false,power_block,130,5,OHE_tower_car,true,false,true,done
ENG-2025-05186,TMS,TMS-05186,ENG,ENG-BALLAST-SCREEN,BL-PVTBM-02,edge,PV-TBM-DN,,27.94,28.44,DN,overdue,2025-11-24,54,minor,2026-03-20,false,traffic_block,281,13,BCM,true,true,true,done
ENG-2026-05187,TMS,TMS-05187,ENG,ENG-TURNOUT-OVERHAUL,TO-PER-05,node,,PER,5.00,5.00,,routine,2026-05-02,76,minor,,false,traffic_block,337,15,none,false,true,true,deferred
ENG-2025-05188,TMS,TMS-05188,ENG,ENG-TAMPING,BL-PERABU-08,edge,PER-ABU-DN_SUB,,9.36,11.36,DN_SUB,proactive,2025-10-31,53,minor,,false,traffic_block,193,8,tamper,true,true,true,done
SNT-2026-01102,SMMS,SMMS-01102,SNT,SNT-CABLE-LAY,,edge,MBM-GI-DN_SUB,,12.16,13.16,DN_SUB,defect,2026-08-28,8,minor,,false,none,253,8,none,false,true,false,cancelled
SNT-2025-01103,SMMS,SMMS-01103,SNT,SNT-LC-GATE,LC-AVDTI-01,edge,AVD-TI-DN,,21.92,22.02,DN,routine,2025-11-23,6,major,,false,disconnection,109,4,none,true,true,true,done
TRD-2026-01510,TDMS,TDMS-01510,TRD,TRD-OHE-DROPPER,CW-TITRL-14,edge,TI-TRL-UP_SUB,,34.96,35.46,UP_SUB,routine,2026-06-17,29,major,,false,power_block,113,5,OHE_tower_car,true,false,true,done
ENG-2026-05189,TMS,TMS-05189,ENG,ENG-RAIL-GRIND,RL-BBQPER-05,edge,BBQ-PER-UP,,2.64,5.00,UP,overdue,2026-07-22,25,1,2026-08-10,true,traffic_block,136,4,rail_grinder,false,false,true,done
SNT-2026-01104,SMMS,SMMS-01104,SNT,SNT-CABLE-LAY,,edge,CGL-WJ-SINGLE,,62.78,63.78,SINGLE,emergency_followup,2026-08-19,19,major,2026-11-24,false,none,311,9,none,true,true,false,pending
ENG-2026-05190,TMS,TMS-05190,ENG,ENG-USFD-TEST,RL-TITRL-22,edge,TI-TRL-UP,,40.06,42.00,UP,emergency_followup,2026-04-26,124,2,2026-07-09,false,traffic_block,116,3,USFD_car,true,false,true,done
ENG-2026-05191,TMS,TMS-05191,ENG,ENG-BRIDGE-INSP,BR-TITRL-01,edge,TI-TRL-DN,,39.50,39.60,DN,overdue,2026-02-02,141,minor,,false,traffic_block,98,4,none,true,true,false,done
SNT-2026-01105,SMMS,SMMS-01105,SNT,SNT-AXLE-COUNTER,AC-BBQTNP-02,edge,BBQ-TNP-UP,,2.37,2.67,UP,emergency_followup,2026-08-21,4,major,,false,disconnection,99,3,none,true,true,true,done
SNT-2026-01106,SMMS,SMMS-01106,SNT,SNT-TRACK-CIRCUIT,TC-MSBMS-06,edge,MSB-MS-UP,,2.64,3.14,UP,routine,2026-04-07,48,minor,,false,disconnection,94,3,none,false,true,true,done
ENG-2025-05192,TMS,TMS-05192,ENG,ENG-TRACK-PATROL,,edge,MAS-BBQ-UP_SUB,,1.24,2.00,UP_SUB,proactive,2025-10-08,288,minor,2025-12-24,false,none,100,2,none,false,false,false,deferred
ENG-2026-05193,TMS,TMS-05193,ENG,ENG-BALLAST-SCREEN,BL-MASBBQ-03,edge,MAS-BBQ-UP,,1.88,2.00,UP,overdue,2026-08-21,17,minor,,false,traffic_block,240,15,BCM,true,true,true,scheduled
ENG-2026-05194,TMS,TMS-05194,ENG,ENG-TURNOUT-TAMP,TO-PER-09,node,,PER,5.00,5.00,,proactive,2026-02-08,36,minor,,false,traffic_block,247,10,tamper,true,true,true,done
ENG-2026-05195,TMS,TMS-05195,ENG,ENG-TURNOUT-TAMP,TO-TRL-04,node,,TRL,42.00,42.00,,overdue,2026-07-13,15,major,2026-11-09,false,traffic_block,218,9,tamper,true,true,true,done
ENG-2026-05196,TMS,TMS-05196,ENG,ENG-RAIL-RENEWAL,RL-PERABU-12,edge,PER-ABU-DN_SUB,,10.40,10.90,DN_SUB,defect,2026-01-22,217,3,2026-04-20,false,traffic_block,292,23,none,true,true,true,done
SNT-2026-01107,SMMS,SMMS-01107,SNT,SNT-POINT-REPLACE,PT-MS-10,node,,MS,4.32,4.32,,defect,2026-02-05,27,minor,,false,disconnection,158,4,none,true,false,true,done
TRD-2026-01511,TDMS,TDMS-01511,TRD,TRD-OHE-INSULATOR,INS-PONGPD-02,edge,PON-GPD-DN,,44.64,44.74,DN,proactive,2026-06-15,39,major,2026-08-22,false,power_block,122,5,OHE_tower_car,true,true,true,deferred
SNT-2026-01108,SMMS,SMMS-01108,SNT,SNT-SIGNAL-REPLACE,SG-PERABU-08,edge,PER-ABU-DN_SUB,,14.05,14.15,DN_SUB,defect,2026-07-09,22,major,,false,disconnection,149,6,none,true,true,true,done
TRD-2025-01512,TDMS,TDMS-01512,TRD,TRD-OHE-INSULATOR,INS-MSBMS-02,edge,MSB-MS-DN_SUB,,2.83,2.93,DN_SUB,defect,2025-11-07,17,minor,2026-03-01,false,power_block,107,4,OHE_tower_car,true,true,true,done
ENG-2026-05197,TMS,TMS-05197,ENG,ENG-RAIL-GRIND,RL-ABUAVD-11,edge,ABU-AVD-UP,,15.16,18.16,UP,proactive,2026-01-30,99,3,,false,traffic_block,191,4,rail_grinder,true,false,true,cancelled
ENG-2026-05198,TMS,TMS-05198,ENG,ENG-TURNOUT-OVERHAUL,TO-MSB-08,node,,MSB,0.00,0.00,,overdue,2026-08-06,21,minor,2026-11-15,false,traffic_block,313,12,none,false,true,true,done
TRD-2026-01513,TDMS,TDMS-01513,TRD,TRD-OHE-INSP,OHE-BBQTNP-01,edge,BBQ-TNP-DN,,3.39,5.00,DN,routine,2026-06-15,15,minor,,false,power_block,108,4,OHE_tower_car,true,false,true,done
SNT-2026-01109,SMMS,SMMS-01109,SNT,SNT-AXLE-COUNTER,AC-TRLAJJ-18,edge,TRL-AJJ-UP_SUB,,51.97,52.27,UP_SUB,overdue,2026-08-21,17,minor,2026-12-09,false,disconnection,93,3,none,false,true,true,pending
ENG-2026-05199,TMS,TMS-05199,ENG,ENG-USFD-TEST,RL-TITRL-05,edge,TI-TRL-DN,,32.51,40.51,DN,overdue,2026-03-24,35,3,,false,traffic_block,133,3,USFD_car,true,false,true,done
SNT-2025-01110,SMMS,SMMS-01110,SNT,SNT-SIGNAL-REPLACE,SG-TRLAJJ-01,edge,TRL-AJJ-DN,,66.89,66.99,DN,defect,2025-12-13,235,minor,2026-03-14,false,disconnection,148,6,none,true,true,true,done
SNT-2026-01111,SMMS,SMMS-01111,SNT,SNT-SIGNAL-LAMP,SG-TRLAJJ-19,edge,TRL-AJJ-UP,,56.73,56.83,UP,routine,2026-05-06,85,major,,false,none,45,2,none,true,false,true,done
ENG-2025-05200,TMS,TMS-05200,ENG,ENG-USFD-TEST,RL-PERABU-18,edge,PER-ABU-UP,,7.35,15.00,UP,routine,2025-09-17,104,3,2025-10-30,false,traffic_block,136,3,USFD_car,true,false,true,done
ENG-2026-05201,TMS,TMS-05201,ENG,ENG-USFD-TEST,RL-TMLPTKO-03,edge,TMLP-TKO-SINGLE,,109.48,114.80,SINGLE,overdue,2026-08-20,18,2,,false,traffic_block,114,3,USFD_car,true,false,true,pending
SNT-2025-01112,SMMS,SMMS-01112,SNT,SNT-TRACK-CIRCUIT,TC-TNPENR-01,edge,TNP-ENR-DN,,15.55,16.00,DN,overdue,2025-11-20,116,minor,,false,disconnection,88,3,none,true,true,true,done
ENG-2026-05202,TMS,TMS-05202,ENG,ENG-BRIDGE-REPAIR,BR-CGLWJ-01,edge,CGL-WJ-SINGLE,,77.81,77.91,SINGLE,defect,2026-08-16,14,minor,,false,traffic_block,317,10,none,false,true,false,done
ENG-2026-05203,TMS,TMS-05203,ENG,ENG-RAIL-RENEWAL,RL-TNPENR-01,edge,TNP-ENR-DN,,12.53,13.03,DN,defect,2026-08-30,8,3,,false,traffic_block,290,22,none,true,true,true,scheduled
TRD-2026-01514,TDMS,TDMS-01514,TRD,TRD-OHE-MAST,MST-ABUAVD-03,edge,ABU-AVD-DN_SUB,,16.09,16.29,DN_SUB,routine,2026-02-22,104,major,,false,power_block,129,7,OHE_tower_car,true,true,true,done
ENG-2025-05204,TMS,TMS-05204,ENG,ENG-SLEEPER-RENEWAL,SL-AVDTI-04,edge,AVD-TI-DN_SUB,,27.56,28.06,DN_SUB,defect,2025-09-14,248,minor,,false,traffic_block,419,18,none,true,true,true,done
ENG-2026-05205,TMS,TMS-05205,ENG,ENG-BRIDGE-REPAIR,BR-CGLWJ-01,edge,CGL-WJ-SINGLE,,77.81,77.91,SINGLE,defect,2026-07-20,12,major,2026-10-31,false,traffic_block,271,10,none,true,true,false,done
ENG-2026-05206,TMS,TMS-05206,ENG,ENG-SLEEPER-RENEWAL,SL-TITRL-18,edge,TI-TRL-UP_SUB,,36.66,37.16,UP_SUB,defect,2026-06-24,22,minor,,false,traffic_block,331,17,none,true,true,true,done
ENG-2026-05207,TMS,TMS-05207,ENG,ENG-TURNOUT-OVERHAUL,TO-BBQ-07,node,,BBQ,2.00,2.00,,overdue,2026-01-22,176,minor,,false,traffic_block,246,13,none,true,true,true,done
ENG-2026-05208,TMS,TMS-05208,ENG,ENG-TURNOUT-OVERHAUL,TO-GPD-02,node,,GPD,47.00,47.00,,overdue,2026-07-31,34,minor,,false,traffic_block,400,12,none,false,true,true,done
SNT-2026-01113,SMMS,SMMS-01113,SNT,SNT-POINT-REPLACE,PT-CJ-04,node,,CJ,95.82,95.82,,defect,2026-04-22,71,minor,,false,disconnection,239,4,none,true,false,true,done
SNT-2026-01114,SMMS,SMMS-01114,SNT,SNT-TRACK-CIRCUIT,TC-MSBMS-06,edge,MSB-MS-UP,,2.64,3.14,UP,routine,2026-05-21,95,minor,2026-06-27,false,disconnection,96,3,none,true,true,true,done
SNT-2026-01115,SMMS,SMMS-01115,SNT,SNT-POINT-REPLACE,PT-MS-01,node,,MS,4.32,4.32,,defect,2026-02-11,167,major,,false,disconnection,224,4,none,false,false,true,done
SNT-2026-01116,SMMS,SMMS-01116,SNT,SNT-INTERLOCK-TEST,IL-TNP-01,node,,TNP,5.00,5.00,,defect,2026-04-22,85,minor,,false,disconnection,269,7,none,true,false,true,done
TRD-2025-01515,TDMS,TDMS-01515,TRD,TRD-OHE-DROPPER,CW-TRLAJJ-07,edge,TRL-AJJ-DN,,59.13,59.63,DN,overdue,2025-12-11,180,critical,2025-12-29,true,power_block,83,5,OHE_tower_car,true,false,true,done
TRD-2026-01516,TDMS,TDMS-01516,TRD,TRD-OHE-TENSION,OHE-PERABU-08,edge,PER-ABU-DN_SUB,,5.79,6.09,DN_SUB,overdue,2026-02-22,135,major,2026-05-13,false,power_block,123,5,OHE_tower_car,true,false,true,done
ENG-2026-05209,TMS,TMS-05209,ENG,ENG-SLEEPER-RENEWAL,SL-AVDTI-11,edge,AVD-TI-UP_SUB,,27.92,28.42,UP_SUB,defect,2026-06-13,61,major,2026-07-25,false,traffic_block,320,17,none,true,true,true,done
SNT-2026-01117,SMMS,SMMS-01117,SNT,SNT-TRACK-CIRCUIT,TC-PONGPD-10,edge,PON-GPD-UP,,38.73,39.23,UP,overdue,2026-08-25,6,major,,false,disconnection,84,3,none,false,true,true,done
ENG-2026-05210,TMS,TMS-05210,ENG,ENG-USFD-TEST,RL-MBMGI-03,edge,MBM-GI-DN_SUB,,13.10,15.00,DN_SUB,overdue,2026-07-19,22,1,2026-08-08,true,traffic_block,105,3,USFD_car,true,false,true,done
ENG-2026-05211,TMS,TMS-05211,ENG,ENG-RAIL-RENEWAL,RL-TRLAJJ-07,edge,TRL-AJJ-DN,,59.49,59.99,DN,defect,2026-08-26,12,3,2026-11-21,false,traffic_block,507,22,none,true,true,true,scheduled
ENG-2026-05212,TMS,TMS-05212,ENG,ENG-SLEEPER-RENEWAL,SL-BBQPER-03,edge,BBQ-PER-UP,,4.12,4.62,UP,defect,2026-04-14,78,major,,false,traffic_block,413,17,none,true,true,true,done
ENG-2026-05213,TMS,TMS-05213,ENG,ENG-TURNOUT-TAMP,TO-TBM-08,node,,TBM,29.14,29.14,,overdue,2026-08-17,21,major,,false,traffic_block,180,10,tamper,true,true,true,scheduled
ENG-2025-05214,TMS,TMS-05214,ENG,ENG-SLEEPER-RENEWAL,SL-MBMGI-01,edge,MBM-GI-DN,,14.68,15.00,DN,defect,2025-09-19,27,major,2025-12-08,false,traffic_block,416,21,none,true,true,true,done
SNT-2026-01118,SMMS,SMMS-01118,SNT,SNT-SIGNAL-LAMP,SG-ABUAVD-06,edge,ABU-AVD-UP,,15.55,15.65,UP,overdue,2026-08-14,24,minor,,false,none,41,2,none,true,false,true,pending
TRD-2025-01517,TDMS,TDMS-01517,TRD,TRD-OHE-INSULATOR,INS-TRLAJJ-07,edge,TRL-AJJ-DN_SUB,,44.86,44.96,DN_SUB,defect,2025-11-12,287,minor,,false,power_block,125,4,OHE_tower_car,true,true,true,done
ENG-2026-05215,TMS,TMS-05215,ENG,ENG-RAIL-GRIND,RL-TNPENR-12,edge,TNP-ENR-UP,,15.24,16.00,UP,overdue,2026-08-22,16,3,,false,traffic_block,149,4,rail_grinder,true,false,true,pending
ENG-2026-05216,TMS,TMS-05216,ENG,ENG-SLEEPER-RENEWAL,SL-PERABU-14,edge,PER-ABU-UP_SUB,,13.34,13.84,UP_SUB,defect,2026-05-06,3,minor,,false,traffic_block,401,21,none,true,true,true,done
ENG-2026-05217,TMS,TMS-05217,ENG,ENG-USFD-TEST,RL-STMPV-13,edge,STM-PV-UP_SUB,,21.56,23.10,UP_SUB,routine,2026-05-01,104,2,,false,traffic_block,117,3,USFD_car,true,false,true,cancelled
TRD-2025-01518,TDMS,TDMS-01518,TRD,TRD-OHE-YARD,OHE-AJJ-04,node,,AJJ,69.00,69.00,,emergency_followup,2025-10-26,312,major,,false,power_block,155,5,OHE_tower_car,false,true,true,done
ENG-2026-05218,TMS,TMS-05218,ENG,ENG-TAMPING,BL-MJRPON-03,edge,MJR-PON-DN,,33.40,35.00,DN,routine,2026-09-04,3,major,,false,traffic_block,208,8,tamper,true,true,true,done
ENG-2026-05219,TMS,TMS-05219,ENG,ENG-SLEEPER-RENEWAL,SL-ABUAVD-01,edge,ABU-AVD-DN,,20.06,20.56,DN,defect,2026-09-01,1,minor,,false,traffic_block,412,16,none,true,true,true,done
ENG-2026-05220,TMS,TMS-05220,ENG,ENG-SLEEPER-RENEWAL,SL-PERABU-09,edge,PER-ABU-UP,,7.86,8.36,UP,defect,2026-03-25,157,minor,,false,traffic_block,341,20,none,true,true,true,done
ENG-2025-05221,TMS,TMS-05221,ENG,ENG-SLEEPER-RENEWAL,SL-TRLAJJ-33,edge,TRL-AJJ-UP_SUB,,54.80,55.30,UP_SUB,proactive,2025-09-25,167,minor,,false,traffic_block,334,16,none,true,true,true,done
TRD-2026-01519,TDMS,TDMS-01519,TRD,TRD-OHE-INSULATOR,INS-TRLAJJ-03,edge,TRL-AJJ-DN,,62.17,62.27,DN,defect,2026-05-22,26,major,2026-06-29,false,power_block,129,4,OHE_tower_car,true,true,true,done
SNT-2026-01119,SMMS,SMMS-01119,SNT,SNT-POINT-REPLACE,PT-MAS-08,node,,MAS,0.00,0.00,,defect,2026-08-17,15,major,,false,disconnection,159,5,none,false,false,true,done
SNT-2026-01120,SMMS,SMMS-01120,SNT,SNT-CABLE-LAY,,edge,MSB-MS-UP,,2.09,3.09,UP,defect,2026-04-13,112,minor,,false,none,291,8,none,true,true,false,done
ENG-2026-05222,TMS,TMS-05222,ENG,ENG-TURNOUT-TAMP,TO-MSB-10,node,,MSB,0.00,0.00,,proactive,2026-04-16,130,major,,false,traffic_block,250,8,tamper,true,true,true,done
ENG-2025-05223,TMS,TMS-05223,ENG,ENG-RAIL-GRIND,RL-TNPENR-03,edge,TNP-ENR-DN,,12.97,15.97,DN,routine,2025-12-11,182,3,2026-01-28,false,traffic_block,229,4,rail_grinder,true,false,true,done
SNT-2025-01121,SMMS,SMMS-01121,SNT,SNT-AXLE-COUNTER,AC-CGLWJ-02,edge,CGL-WJ-SINGLE,,80.17,80.47,SINGLE,overdue,2025-12-04,276,minor,2026-03-25,false,disconnection,87,3,none,true,true,true,done
SNT-2025-01122,SMMS,SMMS-01122,SNT,SNT-POINT-REPLACE,PT-MAS-03,node,,MAS,0.00,0.00,,defect,2025-10-22,53,minor,,false,disconnection,222,5,none,false,false,true,done
ENG-2026-05224,TMS,TMS-05224,ENG,ENG-SLEEPER-RENEWAL,SL-TRLAJJ-04,edge,TRL-AJJ-DN,,58.94,59.44,DN,emergency_followup,2026-08-05,33,major,,false,traffic_block,433,19,none,true,true,true,in_progress
ENG-2025-05225,TMS,TMS-05225,ENG,ENG-RAIL-WELD,RL-TNPENR-01,edge,TNP-ENR-DN,,12.53,13.53,DN,defect,2025-11-18,22,1,2025-12-07,true,traffic_block,225,7,none,true,false,true,done
TRD-2026-01520,TDMS,TDMS-01520,TRD,TRD-OHE-MAST,MST-TITRL-19,edge,TI-TRL-UP_SUB,,38.47,38.67,UP_SUB,routine,2026-07-15,10,critical,2026-08-05,true,power_block,118,7,OHE_tower_car,true,true,true,deferred
SNT-2025-01123,SMMS,SMMS-01123,SNT,SNT-SIGNAL-LAMP,SG-AVDTI-05,edge,AVD-TI-DN_SUB,,22.34,22.44,DN_SUB,overdue,2025-12-23,136,minor,,false,none,51,2,none,true,false,true,done
SNT-2026-01124,SMMS,SMMS-01124,SNT,SNT-SIGNAL-LAMP,SG-TNPENR-02,edge,TNP-ENR-DN,,14.08,14.18,DN,routine,2026-06-29,45,major,2026-09-22,false,none,57,2,none,true,false,true,done
SNT-2026-01125,SMMS,SMMS-01125,SNT,SNT-AXLE-COUNTER,AC-TRLAJJ-01,edge,TRL-AJJ-DN,,54.82,55.12,DN,overdue,2026-01-29,167,critical,2026-02-21,true,disconnection,73,3,none,true,true,true,done
SNT-2026-01126,SMMS,SMMS-01126,SNT,SNT-POINT-REPLACE,PT-PER-03,node,,PER,5.00,5.00,,emergency_followup,2026-05-03,82,major,,false,disconnection,255,5,none,false,false,true,done
SNT-2025-01127,SMMS,SMMS-01127,SNT,SNT-TRACK-CIRCUIT,TC-MSBMS-04,edge,MSB-MS-DN_SUB,,3.21,3.71,DN_SUB,proactive,2025-11-19,102,major,2025-12-23,false,disconnection,71,3,none,true,true,true,done
TRD-2026-01521,TDMS,TDMS-01521,TRD,TRD-OHE-TENSION,OHE-TRLAJJ-30,edge,TRL-AJJ-UP,,55.85,56.15,UP,routine,2026-03-11,14,critical,2026-04-04,true,power_block,136,4,OHE_tower_car,true,false,true,done
ENG-2026-05226,TMS,TMS-05226,ENG,ENG-TAMPING,BL-TITRL-18,edge,TI-TRL-UP_SUB,,40.50,42.00,UP_SUB,overdue,2026-03-09,91,critical,2026-03-23,true,traffic_block,196,8,tamper,true,true,true,done
SNT-2026-01128,SMMS,SMMS-01128,SNT,SNT-SIGNAL-LAMP,SG-MSBMS-07,edge,MSB-MS-UP_SUB,,0.91,1.01,UP_SUB,routine,2026-08-22,16,minor,2026-12-20,false,none,52,2,none,true,false,true,scheduled
TRD-2025-01522,TDMS,TDMS-01522,TRD,TRD-OHE-MAST,MST-MASBBQ-01,edge,MAS-BBQ-DN,,1.84,2.00,DN,overdue,2025-11-06,190,minor,,false,power_block,215,6,OHE_tower_car,false,true,true,cancelled
TRD-2026-01523,TDMS,TDMS-01523,TRD,TRD-OHE-MAST,MST-CGLWJ-03,edge,CGL-WJ-SINGLE,,67.74,67.94,SINGLE,routine,2026-07-30,24,minor,,false,power_block,126,8,OHE_tower_car,false,true,true,done
ENG-2025-05227,TMS,TMS-05227,ENG,ENG-TURNOUT-OVERHAUL,TO-TBM-09,node,,TBM,29.14,29.14,,routine,2025-10-01,29,major,2026-01-02,false,traffic_block,359,12,none,true,true,true,done
ENG-2026-05228,TMS,TMS-05228,ENG,ENG-BALLAST-REGULATE,BL-TMLPTKO-02,edge,TMLP-TKO-SINGLE,,109.96,111.96,SINGLE,overdue,2026-06-08,57,major,,false,traffic_block,164,4,ballast_regulator,false,true,true,done
ENG-2026-05229,TMS,TMS-05229,ENG,ENG-SLEEPER-RENEWAL,SL-AVDTI-02,edge,AVD-TI-DN,,22.79,23.29,DN,defect,2026-06-03,74,minor,,false,traffic_block,418,16,none,true,true,true,done
ENG-2026-05230,TMS,TMS-05230,ENG,ENG-TURNOUT-TAMP,TO-TBM-09,node,,TBM,29.14,29.14,,overdue,2026-08-28,10,minor,,false,traffic_block,171,10,tamper,true,true,true,pending
ENG-2026-05231,TMS,TMS-05231,ENG,ENG-CURVE-REALIGN,BL-MSBMS-07,edge,MSB-MS-UP_SUB,,0.20,1.00,UP_SUB,overdue,2026-06-29,35,major,,false,traffic_block,185,11,tamper,true,true,true,done
ENG-2026-05232,TMS,TMS-05232,ENG,ENG-RAIL-RENEWAL,RL-PONGPD-16,edge,PON-GPD-UP,,45.60,46.10,UP,defect,2026-03-31,147,3,,false,traffic_block,306,22,none,true,true,true,done
ENG-2025-05233,TMS,TMS-05233,ENG,ENG-TRACK-PATROL,,edge,AVD-TI-UP,,22.13,24.13,UP,emergency_followup,2025-12-24,38,major,2026-03-31,false,none,97,2,none,true,false,false,done
ENG-2026-05234,TMS,TMS-05234,ENG,ENG-BRIDGE-REPAIR,BR-TKOAJJ-01,edge,TKO-AJJ-SINGLE,,123.48,123.58,SINGLE,defect,2026-08-15,6,major,2026-11-25,false,traffic_block,316,10,none,true,true,false,done
SNT-2026-01129,SMMS,SMMS-01129,SNT,SNT-CABLE-LAY,,edge,MS-MBM-DN_SUB,,6.43,7.43,DN_SUB,defect,2026-06-25,74,major,2026-10-22,false,none,254,9,none,true,true,false,in_progress
ENG-2026-05235,TMS,TMS-05235,ENG,ENG-RAIL-RENEWAL,RL-PONGPD-06,edge,PON-GPD-DN,,36.13,36.63,DN,defect,2026-07-10,47,3,,false,traffic_block,412,25,none,true,true,true,done
SNT-2026-01130,SMMS,SMMS-01130,SNT,SNT-RELAY-ROOM,IL-MAS-01,node,,MAS,0.00,0.00,,routine,2026-07-12,25,major,,false,none,256,4,none,false,false,true,done
ENG-2026-05236,TMS,TMS-05236,ENG,ENG-TURNOUT-TAMP,TO-MS-01,node,,MS,4.32,4.32,,routine,2026-09-05,2,minor,2026-11-17,false,traffic_block,249,9,tamper,true,true,true,pending
ENG-2026-05237,TMS,TMS-05237,ENG,ENG-TURNOUT-OVERHAUL,TO-MAS-07,node,,MAS,0.00,0.00,,overdue,2026-07-15,50,major,2026-09-30,false,traffic_block,413,13,none,true,true,true,done
SNT-2026-01131,SMMS,SMMS-01131,SNT,SNT-POINT-REPLACE,PT-AVD-08,node,,AVD,21.00,21.00,,defect,2026-03-07,123,critical,2026-04-02,true,disconnection,242,4,none,true,false,true,done
SNT-2026-01132,SMMS,SMMS-01132,SNT,SNT-TRACK-CIRCUIT,TC-MJRPON-03,edge,MJR-PON-DN,,34.25,34.75,DN,proactive,2026-09-02,5,major,,false,disconnection,89,3,none,true,true,true,scheduled
SNT-2026-01133,SMMS,SMMS-01133,SNT,SNT-SIGNAL-LAMP,SG-ENRMJR-08,edge,ENR-MJR-UP,,23.76,23.86,UP,overdue,2026-07-30,21,major,,false,none,61,2,none,true,false,true,done
ENG-2025-05238,TMS,TMS-05238,ENG,ENG-SLEEPER-RENEWAL,SL-MSBMS-03,edge,MSB-MS-DN_SUB,,3.92,4.30,DN_SUB,defect,2025-12-26,130,minor,2026-02-17,false,traffic_block,235,16,none,true,true,true,done
SNT-2026-01134,SMMS,SMMS-01134,SNT,SNT-AXLE-COUNTER,AC-ENRMJR-01,edge,ENR-MJR-DN,,21.16,21.46,DN,overdue,2026-05-21,53,minor,,false,disconnection,73,3,none,true,true,true,done
ENG-2025-05239,TMS,TMS-05239,ENG,ENG-SLEEPER-RENEWAL,SL-MSBMS-08,edge,MSB-MS-UP_SUB,,1.09,1.59,UP_SUB,defect,2025-10-16,69,minor,,false,traffic_block,305,20,none,true,true,true,done
SNT-2026-01135,SMMS,SMMS-01135,SNT,SNT-POINT-SERVICE,PT-AVD-07,node,,AVD,21.00,21.00,,routine,2026-07-26,43,major,2026-11-13,false,disconnection,77,3,none,true,false,true,scheduled
ENG-2025-05240,TMS,TMS-05240,ENG,ENG-USFD-TEST,RL-TNPENR-05,edge,TNP-ENR-DN,,13.00,16.00,DN,overdue,2025-10-10,313,2,,false,traffic_block,169,3,USFD_car,true,false,true,done
TRD-2025-01524,TDMS,TDMS-01524,TRD,TRD-NEUTRAL-SECTION,OHE-STMPV-12,edge,STM-PV-UP_SUB,,17.65,17.85,UP_SUB,routine,2025-09-13,333,major,,false,power_block,216,7,OHE_tower_car,true,false,true,done
ENG-2026-05241,TMS,TMS-05241,ENG,ENG-TURNOUT-TAMP,TO-BBQ-10,node,,BBQ,2.00,2.00,,routine,2026-08-22,4,minor,,false,traffic_block,195,9,tamper,true,true,true,done
TRD-2026-01525,TDMS,TDMS-01525,TRD,TRD-SWITCHING-POST,SS-AVD-01,node,,AVD,21.00,21.00,,overdue,2026-01-17,51,critical,2026-02-08,true,power_block,146,4,none,true,false,true,done
ENG-2026-05242,TMS,TMS-05242,ENG,ENG-TURNOUT-TAMP,TO-MAS-15,node,,MAS,0.00,0.00,,overdue,2026-06-20,23,minor,2026-08-12,false,traffic_block,222,10,tamper,true,true,true,deferred
ENG-2026-05243,TMS,TMS-05243,ENG,ENG-RAIL-RENEWAL,RL-TRLAJJ-46,edge,TRL-AJJ-UP,,67.45,67.95,UP,defect,2026-05-26,6,3,,false,traffic_block,340,22,none,true,true,true,done
SNT-2026-01136,SMMS,SMMS-01136,SNT,SNT-CABLE-LAY,,edge,MSB-MS-UP,,4.14,4.30,UP,defect,2026-03-26,121,major,,false,none,234,8,none,true,true,false,done
SNT-2025-01137,SMMS,SMMS-01137,SNT,SNT-POINT-REPLACE,PT-TRL-01,node,,TRL,42.00,42.00,,defect,2025-12-04,220,major,,false,disconnection,178,5,none,true,false,true,done
ENG-2026-05244,TMS,TMS-05244,ENG,ENG-CURVE-REALIGN,BL-AVDTI-01,edge,AVD-TI-DN,,23.75,24.55,DN,routine,2026-02-24,43,minor,,false,traffic_block,173,11,tamper,false,true,true,done
SNT-2026-01138,SMMS,SMMS-01138,SNT,SNT-SIGNAL-REPLACE,SG-MJRPON-04,edge,MJR-PON-UP,,26.20,26.30,UP,defect,2026-08-27,8,major,,false,disconnection,173,5,none,false,true,true,done
ENG-2026-05245,TMS,TMS-05245,ENG,ENG-YARD-PWAY,BL-AJJ-05,node,,AJJ,69.00,69.00,,routine,2026-06-20,8,minor,,false,traffic_block,118,8,none,true,true,true,done
ENG-2025-05246,TMS,TMS-05246,ENG,ENG-SLEEPER-RENEWAL,SL-ABUAVD-03,edge,ABU-AVD-DN_SUB,,20.48,20.98,DN_SUB,defect,2025-10-15,308,minor,2025-12-21,false,traffic_block,320,18,none,true,true,true,done
ENG-2026-05247,TMS,TMS-05247,ENG,ENG-DESTRESSING,RL-STMPV-13,edge,STM-PV-UP_SUB,,21.56,22.56,UP_SUB,overdue,2026-02-12,68,1,2026-02-23,true,traffic_block,287,10,none,true,false,true,done
TRD-2025-01526,TDMS,TDMS-01526,TRD,TRD-OHE-MAST,MST-TRLAJJ-32,edge,TRL-AJJ-UP,,63.95,64.15,UP,overdue,2025-12-19,252,minor,,false,power_block,215,6,OHE_tower_car,true,true,true,done
ENG-2026-05248,TMS,TMS-05248,ENG,ENG-SLEEPER-RENEWAL,SL-PONGPD-01,edge,PON-GPD-DN,,36.81,37.31,DN,defect,2026-07-18,51,minor,,false,traffic_block,228,20,none,true,true,true,in_progress
ENG-2026-05249,TMS,TMS-05249,ENG,ENG-CURVE-REALIGN,BL-TITRL-12,edge,TI-TRL-UP,,31.78,32.58,UP,routine,2026-01-10,66,major,,false,traffic_block,195,12,tamper,true,true,true,done
ENG-2026-05250,TMS,TMS-05250,ENG,ENG-TURNOUT-OVERHAUL,TO-PER-01,node,,PER,5.00,5.00,,overdue,2026-01-05,139,critical,2026-01-16,true,traffic_block,269,12,none,true,true,true,done
ENG-2026-05251,TMS,TMS-05251,ENG,ENG-RAIL-GRIND,RL-TITRL-11,edge,TI-TRL-DN_SUB,,38.42,41.42,DN_SUB,overdue,2026-07-21,31,2,,false,traffic_block,231,5,rail_grinder,true,false,true,done
SNT-2025-01139,SMMS,SMMS-01139,SNT,SNT-TRACK-CIRCUIT,TC-PERABU-03,edge,PER-ABU-DN,,10.53,11.03,DN,routine,2025-11-24,211,minor,,false,disconnection,72,3,none,true,true,true,done
TRD-2026-01527,TDMS,TDMS-01527,TRD,TRD-OHE-DROPPER,CW-TITRL-06,edge,TI-TRL-DN_SUB,,40.32,40.82,DN_SUB,routine,2026-04-08,95,minor,,false,power_block,106,4,OHE_tower_car,true,false,true,done
ENG-2026-05252,TMS,TMS-05252,ENG,ENG-DRAIN-CLEAR,,edge,GI-STM-DN_SUB,,16.71,17.10,DN_SUB,proactive,2026-08-26,3,major,,false,none,115,6,none,true,true,false,done
SNT-2026-01140,SMMS,SMMS-01140,SNT,SNT-SIGNAL-REPLACE,SG-ABUAVD-07,edge,ABU-AVD-UP_SUB,,15.81,15.91,UP_SUB,defect,2026-01-12,41,minor,2026-04-30,false,disconnection,237,6,none,true,true,true,done
SNT-2025-01141,SMMS,SMMS-01141,SNT,SNT-TRACK-CIRCUIT,TC-MSBMS-02,edge,MSB-MS-DN,,2.29,2.79,DN,overdue,2025-11-11,125,major,,false,disconnection,119,3,none,true,true,true,done
ENG-2025-05253,TMS,TMS-05253,ENG,ENG-TURNOUT-OVERHAUL,TO-GPD-06,node,,GPD,47.00,47.00,,proactive,2025-10-21,218,major,,false,traffic_block,276,13,none,true,true,true,done
SNT-2026-01142,SMMS,SMMS-01142,SNT,SNT-POINT-SERVICE,PT-TNP-06,node,,TNP,5.00,5.00,,proactive,2026-03-17,41,minor,,false,disconnection,85,3,none,true,false,true,done
ENG-2026-05254,TMS,TMS-05254,ENG,ENG-TURNOUT-TAMP,TO-PER-03,node,,PER,5.00,5.00,,routine,2026-07-16,53,major,,false,traffic_block,198,10,tamper,false,true,true,pending
ENG-2026-05255,TMS,TMS-05255,ENG,ENG-DESTRESSING,RL-TRLAJJ-03,edge,TRL-AJJ-DN,,50.61,51.61,DN,overdue,2026-05-27,32,2,2026-08-26,false,traffic_block,283,10,none,true,false,true,cancelled
SNT-2026-01143,SMMS,SMMS-01143,SNT,SNT-AXLE-COUNTER,AC-CGLWJ-04,edge,CGL-WJ-SINGLE,,65.95,66.25,SINGLE,routine,2026-02-25,135,critical,2026-03-15,true,disconnection,95,3,none,true,true,true,done
SNT-2026-01144,SMMS,SMMS-01144,SNT,SNT-POINT-REPLACE,PT-BBQ-08,node,,BBQ,2.00,2.00,,defect,2026-02-21,105,minor,2026-04-27,false,disconnection,160,4,none,true,false,true,done
ENG-2026-05256,TMS,TMS-05256,ENG,ENG-RAIL-GRIND,RL-ABUAVD-08,edge,ABU-AVD-DN_SUB,,20.41,21.00,DN_SUB,routine,2026-08-08,1,2,,false,traffic_block,215,4,rail_grinder,true,false,true,done
ENG-2026-05257,TMS,TMS-05257,ENG,ENG-TURNOUT-OVERHAUL,TO-MAS-14,node,,MAS,0.00,0.00,,overdue,2026-02-13,97,minor,,false,traffic_block,319,13,none,true,true,true,done
ENG-2026-05258,TMS,TMS-05258,ENG,ENG-RAIL-RENEWAL,RL-ABUAVD-03,edge,ABU-AVD-DN,,18.89,19.39,DN,defect,2026-06-05,57,2,,false,traffic_block,422,20,none,false,true,true,done
ENG-2025-05259,TMS,TMS-05259,ENG,ENG-SLEEPER-RENEWAL,SL-PERABU-11,edge,PER-ABU-UP,,14.43,14.93,UP,defect,2025-12-04,231,major,,false,traffic_block,409,20,none,true,true,true,done
SNT-2026-01145,SMMS,SMMS-01145,SNT,SNT-SIGNAL-LAMP,SG-TITRL-20,edge,TI-TRL-UP_SUB,,39.71,39.81,UP_SUB,overdue,2026-07-16,53,minor,,false,none,37,2,none,true,false,true,scheduled
ENG-2026-05260,TMS,TMS-05260,ENG,ENG-DESTRESSING,RL-MJRPON-03,edge,MJR-PON-DN,,33.12,34.12,DN,overdue,2026-06-14,46,3,2026-07-28,false,traffic_block,298,11,none,true,false,true,done
ENG-2025-05261,TMS,TMS-05261,ENG,ENG-SLEEPER-RENEWAL,SL-MJRPON-05,edge,MJR-PON-UP,,34.71,35.00,UP,defect,2025-09-20,321,critical,2025-10-11,true,traffic_block,343,18,none,true,true,true,done
SNT-2026-01146,SMMS,SMMS-01146,SNT,SNT-TRACK-CIRCUIT,TC-TRLAJJ-30,edge,TRL-AJJ-UP,,64.21,64.71,UP,overdue,2026-01-05,18,minor,,false,disconnection,81,3,none,true,true,true,done
ENG-2026-05262,TMS,TMS-05262,ENG,ENG-TAMPING,BL-TITRL-01,edge,TI-TRL-DN,,31.95,33.95,DN,routine,2026-06-14,42,major,2026-07-21,false,traffic_block,326,9,tamper,true,true,true,done
TRD-2025-01528,TDMS,TDMS-01528,TRD,TRD-OHE-MAST,MST-PVTBM-03,edge,PV-TBM-DN_SUB,,23.66,23.86,DN_SUB,proactive,2025-10-23,214,major,,false,power_block,192,7,OHE_tower_car,true,true,true,deferred
ENG-2026-05263,TMS,TMS-05263,ENG,ENG-SLEEPER-RENEWAL,SL-PVTBM-03,edge,PV-TBM-DN_SUB,,24.05,24.55,DN_SUB,defect,2026-05-30,13,major,,false,traffic_block,275,17,none,true,true,true,done
SNT-2026-01147,SMMS,SMMS-01147,SNT,SNT-TRACK-CIRCUIT,TC-PVTBM-08,edge,PV-TBM-UP_SUB,,28.94,29.10,UP_SUB,overdue,2026-01-30,27,minor,,false,disconnection,98,3,none,true,true,true,done
SNT-2026-01148,SMMS,SMMS-01148,SNT,SNT-SIGNAL-LAMP,SG-MSMBM-03,edge,MS-MBM-DN_SUB,,7.46,7.56,DN_SUB,routine,2026-03-05,89,minor,,false,none,34,2,none,true,false,true,done
ENG-2026-05264,TMS,TMS-05264,ENG,ENG-CURVE-REALIGN,BL-TRLAJJ-29,edge,TRL-AJJ-UP_SUB,,61.87,62.67,UP_SUB,overdue,2026-05-13,71,minor,,false,traffic_block,139,13,tamper,true,true,true,done
TRD-2026-01529,TDMS,TDMS-01529,TRD,TRD-OHE-FAULT,OHE-TRLAJJ-16,edge,TRL-AJJ-DN_SUB,,67.69,67.99,DN_SUB,defect,2026-07-25,11,minor,,false,power_block,158,6,OHE_tower_car,true,true,true,done
SNT-2026-01149,SMMS,SMMS-01149,SNT,SNT-SIGNAL-REPLACE,SG-PERABU-10,edge,PER-ABU-UP,,14.02,14.12,UP,emergency_followup,2026-04-29,28,major,,false,disconnection,242,5,none,true,true,true,done
ENG-2025-05265,TMS,TMS-05265,ENG,ENG-RAIL-RENEWAL,RL-PONGPD-02,edge,PON-GPD-DN,,41.60,42.10,DN,defect,2025-11-23,9,3,,false,traffic_block,286,26,none,true,true,true,done
ENG-2026-05266,TMS,TMS-05266,ENG,ENG-SLEEPER-RENEWAL,SL-ENRMJR-07,edge,ENR-MJR-UP,,17.68,18.18,UP,defect,2026-05-05,31,major,2026-07-09,false,traffic_block,260,19,none,true,true,true,done
SNT-2026-01150,SMMS,SMMS-01150,SNT,SNT-TRACK-CIRCUIT,TC-MASBBQ-03,edge,MAS-BBQ-UP,,1.05,1.55,UP,overdue,2026-01-25,59,minor,,false,disconnection,125,3,none,true,true,true,deferred
ENG-2026-05267,TMS,TMS-05267,ENG,ENG-BALLAST-SCREEN,BL-TITRL-03,edge,TI-TRL-DN,,38.14,38.64,DN,overdue,2026-05-17,74,major,,false,traffic_block,403,15,BCM,true,true,true,done
SNT-2026-01151,SMMS,SMMS-01151,SNT,SNT-AXLE-COUNTER,AC-MJRPON-01,edge,MJR-PON-DN,,32.78,33.08,DN,routine,2026-05-18,85,minor,,false,disconnection,77,3,none,true,true,true,done
SNT-2026-01152,SMMS,SMMS-01152,SNT,SNT-TRACK-CIRCUIT,TC-MASBBQ-04,edge,MAS-BBQ-UP_SUB,,0.98,1.48,UP_SUB,routine,2026-08-25,9,critical,2026-09-05,true,disconnection,93,3,none,false,true,true,done
ENG-2026-05268,TMS,TMS-05268,ENG,ENG-BALLAST-REGULATE,BL-WJCJ-05,edge,WJ-CJ-SINGLE,,82.55,84.55,SINGLE,overdue,2026-07-28,41,minor,,false,traffic_block,126,4,ballast_regulator,true,true,true,in_progress
TRD-2025-01530,TDMS,TDMS-01530,TRD,TRD-OHE-INSULATOR,INS-ABUAVD-04,edge,ABU-AVD-UP_SUB,,15.32,15.42,UP_SUB,proactive,2025-12-22,155,minor,,false,power_block,84,5,OHE_tower_car,true,true,true,done
ENG-2026-05269,TMS,TMS-05269,ENG,ENG-DRAIN-CLEAR,,edge,MSB-MS-DN_SUB,,2.85,4.30,DN_SUB,routine,2026-08-11,27,minor,,false,none,119,8,none,true,true,false,pending
ENG-2026-05270,TMS,TMS-05270,ENG,ENG-SLEEPER-RENEWAL,SL-MSBMS-08,edge,MSB-MS-UP_SUB,,1.09,1.59,UP_SUB,defect,2026-01-04,194,major,,false,traffic_block,233,17,none,true,true,true,done
ENG-2026-05271,TMS,TMS-05271,ENG,ENG-RAIL-GRIND,RL-MSBMS-09,edge,MSB-MS-UP,,4.14,4.30,UP,overdue,2026-03-26,122,3,,false,traffic_block,233,4,rail_grinder,true,false,true,done
ENG-2026-05272,TMS,TMS-05272,ENG,ENG-DRAIN-CLEAR,,edge,PON-GPD-UP,,40.87,42.37,UP,overdue,2026-03-13,108,minor,,false,none,172,7,none,true,true,false,done
SNT-2025-01153,SMMS,SMMS-01153,SNT,SNT-TRACK-CIRCUIT,TC-GISTM-03,edge,GI-STM-UP,,16.57,17.07,UP,routine,2025-11-07,233,minor,,false,disconnection,125,3,none,true,true,true,done
ENG-2026-05273,TMS,TMS-05273,ENG,ENG-SLEEPER-RENEWAL,SL-MSBMS-01,edge,MSB-MS-DN,,1.02,1.52,DN,defect,2026-01-21,124,minor,2026-04-07,false,traffic_block,312,18,none,true,true,true,done
SNT-2026-01154,SMMS,SMMS-01154,SNT,SNT-TRACK-CIRCUIT,TC-MSBMS-05,edge,MSB-MS-UP,,1.00,1.50,UP,proactive,2026-03-17,149,major,2026-04-24,false,disconnection,76,3,none,true,true,true,done
TRD-2026-01531,TDMS,TDMS-01531,TRD,TRD-OHE-TENSION,OHE-TRLAJJ-11,edge,TRL-AJJ-DN,,47.37,47.67,DN,routine,2026-05-29,101,minor,,false,power_block,140,5,OHE_tower_car,true,false,true,scheduled
ENG-2025-05274,TMS,TMS-05274,ENG,ENG-RAIL-WELD,RL-PERABU-15,edge,PER-ABU-UP,,10.36,11.36,UP,defect,2025-12-25,211,3,,false,traffic_block,241,7,none,true,false,true,done
TRD-2026-01532,TDMS,TDMS-01532,TRD,TRD-OHE-MAST,MST-TITRL-03,edge,TI-TRL-DN,,32.22,32.42,DN,overdue,2026-08-17,21,minor,2026-11-12,false,power_block,133,7,OHE_tower_car,true,true,true,scheduled
ENG-2026-05275,TMS,TMS-05275,ENG,ENG-RAIL-GRIND,RL-AVDTI-09,edge,AVD-TI-DN_SUB,,21.20,24.20,DN_SUB,proactive,2026-06-26,42,2,2026-08-29,false,traffic_block,239,4,rail_grinder,true,false,true,done
SNT-2026-01155,SMMS,SMMS-01155,SNT,SNT-POINT-SERVICE,PT-BBQ-09,node,,BBQ,2.00,2.00,,routine,2026-07-27,42,minor,,false,disconnection,78,3,none,true,false,true,scheduled
ENG-2025-05276,TMS,TMS-05276,ENG,ENG-SLEEPER-RENEWAL,SL-MASBBQ-04,edge,MAS-BBQ-UP_SUB,,1.76,2.00,UP_SUB,emergency_followup,2025-11-22,67,major,,false,traffic_block,409,16,none,true,true,true,done
ENG-2026-05277,TMS,TMS-05277,ENG,ENG-USFD-TEST,RL-TNPENR-04,edge,TNP-ENR-DN,,8.51,16.00,DN,routine,2026-05-17,4,3,,false,traffic_block,93,3,USFD_car,false,false,true,done
SNT-2026-01156,SMMS,SMMS-01156,SNT,SNT-AXLE-COUNTER,AC-GISTM-04,edge,GI-STM-UP_SUB,,16.70,17.00,UP_SUB,overdue,2026-06-25,74,major,2026-07-29,false,disconnection,93,3,none,true,true,true,done
TRD-2026-01533,TDMS,TDMS-01533,TRD,TRD-NEUTRAL-SECTION,OHE-WJCJ-04,edge,WJ-CJ-SINGLE,,84.12,84.32,SINGLE,routine,2026-06-06,70,major,,false,power_block,199,6,OHE_tower_car,true,false,true,done
ENG-2025-05278,TMS,TMS-05278,ENG,ENG-RAIL-RENEWAL,RL-MBMGI-05,edge,MBM-GI-UP,,12.06,12.56,UP,defect,2025-10-30,114,2,,false,traffic_block,362,25,none,true,true,true,done
TRD-2025-01534,TDMS,TDMS-01534,TRD,TRD-NEUTRAL-SECTION,OHE-BBQPER-08,edge,BBQ-PER-UP_SUB,,4.27,4.47,UP_SUB,overdue,2025-12-22,54,minor,2026-04-08,false,power_block,196,7,OHE_tower_car,true,false,true,deferred
ENG-2025-05279,TMS,TMS-05279,ENG,ENG-RAIL-GRIND,RL-TITRL-13,edge,TI-TRL-DN_SUB,,31.54,34.54,DN_SUB,routine,2025-11-21,201,IMDT,2025-11-22,true,traffic_block,205,4,rail_grinder,true,false,true,done
TRD-2026-01535,TDMS,TDMS-01535,TRD,TRD-OHE-MAST,MST-MASBBQ-03,edge,MAS-BBQ-UP,,0.82,1.02,UP,overdue,2026-03-01,42,minor,2026-05-16,false,power_block,149,7,OHE_tower_car,true,true,true,done
ENG-2025-05280,TMS,TMS-05280,ENG,ENG-RAIL-GRIND,RL-TNPENR-07,edge,TNP-ENR-DN,,11.07,14.07,DN,routine,2025-11-08,220,2,,false,traffic_block,256,4,rail_grinder,true,false,true,done
ENG-2026-05281,TMS,TMS-05281,ENG,ENG-BALLAST-REGULATE,BL-ABUAVD-02,edge,ABU-AVD-DN,,17.99,19.99,DN,routine,2026-06-26,22,minor,,false,traffic_block,104,4,ballast_regulator,false,true,true,done
ENG-2025-05282,TMS,TMS-05282,ENG,ENG-USFD-TEST,RL-MSMBM-12,edge,MS-MBM-UP,,9.94,11.30,UP,overdue,2025-09-08,202,3,,false,traffic_block,146,3,USFD_car,true,false,true,done
TRD-2026-01536,TDMS,TDMS-01536,TRD,TRD-OHE-MAST,MST-PONGPD-03,edge,PON-GPD-DN,,36.91,37.11,DN,overdue,2026-01-26,210,critical,2026-02-11,true,power_block,157,6,OHE_tower_car,true,true,true,done
ENG-2025-05283,TMS,TMS-05283,ENG,ENG-RAIL-RENEWAL,RL-MJRPON-03,edge,MJR-PON-DN,,33.12,33.62,DN,defect,2025-09-12,335,3,,false,traffic_block,391,23,none,true,true,true,done
TRD-2025-01537,TDMS,TDMS-01537,TRD,TRD-OHE-FAULT,OHE-PVTBM-12,edge,PV-TBM-UP_SUB,,28.03,28.33,UP_SUB,defect,2025-10-03,302,minor,,false,power_block,91,6,OHE_tower_car,true,true,true,done
TRD-2026-01538,TDMS,TDMS-01538,TRD,TRD-OHE-MAST,MST-TRLAJJ-01,edge,TRL-AJJ-DN,,57.18,57.38,DN,routine,2026-05-06,83,minor,,false,power_block,212,6,OHE_tower_car,true,true,true,done
TRD-2026-01539,TDMS,TDMS-01539,TRD,TRD-OHE-DROPPER,CW-MASBBQ-03,edge,MAS-BBQ-UP,,1.53,2.00,UP,routine,2026-07-06,62,major,,false,power_block,108,4,OHE_tower_car,true,false,true,done
SNT-2026-01157,SMMS,SMMS-01157,SNT,SNT-TRACK-CIRCUIT,TC-TMLPTKO-02,edge,TMLP-TKO-SINGLE,,110.83,111.33,SINGLE,emergency_followup,2026-07-26,43,major,,false,disconnection,74,3,none,false,true,true,scheduled
SNT-2026-01158,SMMS,SMMS-01158,SNT,SNT-POINT-REPLACE,PT-ENR-06,node,,ENR,16.00,16.00,,defect,2026-05-17,109,minor,,false,disconnection,231,4,none,true,false,true,done
SNT-2025-01159,SMMS,SMMS-01159,SNT,SNT-SIGNAL-LAMP,SG-TNPENR-05,edge,TNP-ENR-UP,,12.11,12.21,UP,overdue,2025-11-15,17,major,2026-02-04,false,none,49,2,none,true,false,true,done
ENG-2026-05284,TMS,TMS-05284,ENG,ENG-BALLAST-REGULATE,BL-MASBBQ-03,edge,MAS-BBQ-UP,,1.88,2.00,UP,overdue,2026-04-23,56,major,,false,traffic_block,123,5,ballast_regulator,true,true,true,done
TRD-2026-01540,TDMS,TDMS-01540,TRD,TRD-OHE-FAULT,OHE-ENRMJR-04,edge,ENR-MJR-DN,,17.62,17.92,DN,defect,2026-04-27,46,minor,,false,power_block,156,6,OHE_tower_car,true,true,true,deferred
ENG-2026-05285,TMS,TMS-05285,ENG,ENG-RAIL-WELD,RL-STMPV-03,edge,STM-PV-DN,,21.57,22.57,DN,defect,2026-08-23,15,3,,false,traffic_block,182,6,none,true,false,true,pending
TRD-2026-01541,TDMS,TDMS-01541,TRD,TRD-OHE-EARTHING,OHE-TRLAJJ-16,edge,TRL-AJJ-DN_SUB,,67.69,68.50,DN_SUB,overdue,2026-06-30,63,major,2026-09-28,false,power_block,83,3,none,true,false,true,done
TRD-2025-01542,TDMS,TDMS-01542,TRD,TRD-OHE-TENSION,OHE-PVTBM-06,edge,PV-TBM-DN_SUB,,28.68,28.98,DN_SUB,overdue,2025-11-18,107,critical,2025-12-05,true,power_block,137,4,OHE_tower_car,true,false,true,done
SNT-2026-01160,SMMS,SMMS-01160,SNT,SNT-SIGNAL-REPLACE,SG-CGLWJ-04,edge,CGL-WJ-SINGLE,,69.20,69.30,SINGLE,proactive,2026-06-08,15,minor,2026-10-06,false,disconnection,218,5,none,false,true,true,deferred
SNT-2026-01161,SMMS,SMMS-01161,SNT,SNT-TRACK-CIRCUIT,TC-PONGPD-07,edge,PON-GPD-UP,,45.68,46.18,UP,overdue,2026-01-02,8,major,2026-04-24,false,disconnection,77,4,none,true,true,true,deferred
ENG-2025-05286,TMS,TMS-05286,ENG,ENG-RAIL-WELD,RL-TRLAJJ-03,edge,TRL-AJJ-DN,,50.61,51.61,DN,defect,2025-11-03,3,3,2026-01-14,false,traffic_block,244,6,none,true,false,true,done
ENG-2025-05287,TMS,TMS-05287,ENG,ENG-TURNOUT-TAMP,TO-MAS-08,node,,MAS,0.00,0.00,,routine,2025-09-24,305,major,,false,traffic_block,216,9,tamper,true,true,true,done
SNT-2026-01162,SMMS,SMMS-01162,SNT,SNT-CABLE-LAY,,edge,TNP-ENR-UP,,10.16,11.16,UP,defect,2026-06-13,64,critical,2026-07-11,true,none,229,8,none,true,true,false,deferred
TRD-2025-01543,TDMS,TDMS-01543,TRD,TRD-OHE-INSP,OHE-BBQPER-04,edge,BBQ-PER-DN_SUB,,4.23,5.00,DN_SUB,emergency_followup,2025-10-23,195,major,,false,power_block,120,4,OHE_tower_car,false,false,true,done
SNT-2026-01163,SMMS,SMMS-01163,SNT,SNT-POINT-SERVICE,PT-PER-09,node,,PER,5.00,5.00,,routine,2026-03-11,109,minor,,false,disconnection,52,3,none,true,false,true,done
SNT-2026-01164,SMMS,SMMS-01164,SNT,SNT-AXLE-COUNTER,AC-AVDTI-04,edge,AVD-TI-DN_SUB,,27.32,27.62,DN_SUB,overdue,2026-07-10,59,critical,2026-08-01,true,disconnection,121,3,none,true,true,true,scheduled
SNT-2026-01165,SMMS,SMMS-01165,SNT,SNT-POINT-SERVICE,PT-AJJ-12,node,,AJJ,69.00,69.00,,overdue,2026-05-01,15,minor,,false,disconnection,46,3,none,true,false,true,done
ENG-2026-05288,TMS,TMS-05288,ENG,ENG-DRAIN-CLEAR,,edge,GI-STM-UP,,15.27,16.77,UP,routine,2026-05-16,67,critical,2026-05-28,true,none,207,6,none,true,true,false,done
ENG-2026-05289,TMS,TMS-05289,ENG,ENG-DRAIN-CLEAR,,edge,GI-STM-DN,,17.02,17.10,DN,routine,2026-02-04,93,minor,,false,none,141,7,none,true,true,false,deferred
TRD-2026-01544,TDMS,TDMS-01544,TRD,TRD-OHE-TENSION,OHE-TRLAJJ-11,edge,TRL-AJJ-DN,,47.37,47.67,DN,routine,2026-05-23,10,minor,,false,power_block,158,4,OHE_tower_car,true,false,true,done
ENG-2026-05290,TMS,TMS-05290,ENG,ENG-SLEEPER-RENEWAL,SL-PONGPD-04,edge,PON-GPD-DN,,42.19,42.69,DN,defect,2026-08-02,1,minor,2026-10-22,false,traffic_block,264,17,none,true,true,true,done
ENG-2026-05291,TMS,TMS-05291,ENG,ENG-SLEEPER-RENEWAL,SL-PONGPD-02,edge,PON-GPD-DN,,40.11,40.61,DN,defect,2026-04-15,31,major,2026-07-25,false,traffic_block,313,19,none,true,true,true,done
TRD-2025-01545,TDMS,TDMS-01545,TRD,TRD-OHE-WIRE-RENEW,CW-PONGPD-01,edge,PON-GPD-DN,,36.01,37.01,DN,defect,2025-09-12,289,minor,,false,power_block,284,9,OHE_tower_car,false,true,true,done
SNT-2026-01166,SMMS,SMMS-01166,SNT,SNT-SIGNAL-LAMP,SG-MSBMS-06,edge,MSB-MS-UP,,0.16,0.26,UP,routine,2026-02-11,59,minor,,false,none,52,2,none,true,false,true,done
ENG-2026-05292,TMS,TMS-05292,ENG,ENG-BRIDGE-INSP,BR-MJRPON-01,edge,MJR-PON-DN,,31.63,31.73,DN,routine,2026-08-02,3,minor,,false,traffic_block,109,4,none,true,true,false,done
TRD-2025-01546,TDMS,TDMS-01546,TRD,TRD-OHE-INSP,OHE-GISTM-04,edge,GI-STM-UP_SUB,,15.35,17.10,UP_SUB,overdue,2025-10-18,20,critical,2025-11-03,true,power_block,114,4,OHE_tower_car,true,false,true,cancelled
ENG-2025-05293,TMS,TMS-05293,ENG,ENG-DRAIN-CLEAR,,edge,GI-STM-DN,,16.32,17.10,DN,routine,2025-09-20,57,critical,2025-10-02,true,none,166,7,none,false,true,false,done
ENG-2026-05294,TMS,TMS-05294,ENG,ENG-RAIL-RENEWAL,RL-TRLAJJ-35,edge,TRL-AJJ-UP,,51.83,52.33,UP,proactive,2026-05-20,105,3,2026-08-11,false,traffic_block,340,26,none,true,true,true,done
SNT-2026-01167,SMMS,SMMS-01167,SNT,SNT-TRACK-CIRCUIT,TC-CJTMLP-03,edge,CJ-TMLP-SINGLE,,105.92,106.42,SINGLE,overdue,2026-06-01,85,major,,false,disconnection,95,3,none,true,true,true,done
SNT-2026-01168,SMMS,SMMS-01168,SNT,SNT-SIGNAL-REPLACE,SG-TRLAJJ-29,edge,TRL-AJJ-UP_SUB,,59.49,59.59,UP_SUB,defect,2026-02-03,22,major,2026-03-11,false,disconnection,177,5,none,true,true,true,done
SNT-2025-01169,SMMS,SMMS-01169,SNT,SNT-TRACK-CIRCUIT,TC-ABUAVD-07,edge,ABU-AVD-UP_SUB,,18.16,18.66,UP_SUB,routine,2025-10-13,199,minor,,false,disconnection,99,3,none,false,true,true,done
SNT-2026-01170,SMMS,SMMS-01170,SNT,SNT-TRACK-CIRCUIT,TC-GISTM-03,edge,GI-STM-UP,,16.57,17.07,UP,routine,2026-04-29,84,minor,,false,disconnection,74,3,none,true,true,true,done
ENG-2026-05295,TMS,TMS-05295,ENG,ENG-TURNOUT-TAMP,TO-MAS-09,node,,MAS,0.00,0.00,,overdue,2026-07-15,53,minor,,false,traffic_block,233,8,tamper,true,true,true,done
SNT-2026-01171,SMMS,SMMS-01171,SNT,SNT-SIGNAL-LAMP,SG-MSBMS-05,edge,MSB-MS-UP,,1.61,1.71,UP,routine,2026-05-15,101,minor,,false,none,37,2,none,true,false,true,done
ENG-2025-05296,TMS,TMS-05296,ENG,ENG-RAIL-GRIND,RL-TITRL-10,edge,TI-TRL-DN_SUB,,35.19,38.19,DN_SUB,overdue,2025-11-25,31,3,,false,traffic_block,227,4,rail_grinder,true,false,true,done
TRD-2026-01547,TDMS,TDMS-01547,TRD,TRD-OHE-FAULT,OHE-BBQPER-06,edge,BBQ-PER-UP,,4.30,4.60,UP,defect,2026-02-25,150,major,2026-04-18,false,power_block,90,6,OHE_tower_car,true,true,true,deferred
SNT-2025-01172,SMMS,SMMS-01172,SNT,SNT-TRACK-CIRCUIT,TC-TRLAJJ-28,edge,TRL-AJJ-UP,,51.35,51.85,UP,overdue,2025-11-18,89,minor,2026-02-20,false,disconnection,89,3,none,false,true,true,done
ENG-2026-05297,TMS,TMS-05297,ENG,ENG-SLEEPER-RENEWAL,SL-MASBBQ-01,edge,MAS-BBQ-DN,,1.36,1.86,DN,defect,2026-01-26,63,minor,2026-03-20,false,traffic_block,360,19,none,true,true,true,done
SNT-2026-01173,SMMS,SMMS-01173,SNT,SNT-TRACK-CIRCUIT,TC-PERABU-12,edge,PER-ABU-UP,,10.02,10.52,UP,overdue,2026-07-18,51,major,2026-10-17,false,disconnection,130,3,none,true,true,true,scheduled
SNT-2026-01174,SMMS,SMMS-01174,SNT,SNT-SIGNAL-LAMP,SG-AVDTI-11,edge,AVD-TI-UP_SUB,,21.46,21.56,UP_SUB,overdue,2026-01-26,161,minor,2026-03-17,false,none,53,2,none,true,false,true,done
ENG-2026-05298,TMS,TMS-05298,ENG,ENG-SLEEPER-RENEWAL,SL-ENRMJR-02,edge,ENR-MJR-DN,,22.41,22.91,DN,proactive,2026-08-22,16,major,,false,traffic_block,233,21,none,true,true,true,done
SNT-2026-01175,SMMS,SMMS-01175,SNT,SNT-TRACK-CIRCUIT,TC-TITRL-06,edge,TI-TRL-DN_SUB,,39.92,40.42,DN_SUB,proactive,2026-01-13,157,minor,,false,disconnection,123,3,none,true,true,true,done
ENG-2026-05299,TMS,TMS-05299,ENG,ENG-TURNOUT-OVERHAUL,TO-BBQ-10,node,,BBQ,2.00,2.00,,routine,2026-06-27,16,minor,,false,traffic_block,310,13,none,false,true,true,done
ENG-2026-05300,TMS,TMS-05300,ENG,ENG-BALLAST-SCREEN,BL-ABUAVD-05,edge,ABU-AVD-UP,,18.15,18.65,UP,overdue,2026-08-13,7,critical,2026-08-27,true,traffic_block,293,14,BCM,true,true,true,done
ENG-2026-05301,TMS,TMS-05301,ENG,ENG-SLEEPER-RENEWAL,SL-CJTMLP-01,edge,CJ-TMLP-SINGLE,,101.36,101.86,SINGLE,defect,2026-06-02,81,critical,2026-06-12,true,traffic_block,261,16,none,true,true,true,done
ENG-2026-05302,TMS,TMS-05302,ENG,ENG-BALLAST-SCREEN,BL-BBQPER-03,edge,BBQ-PER-UP,,4.11,4.61,UP,overdue,2026-04-13,111,minor,2026-08-04,false,traffic_block,265,15,BCM,false,true,true,done
TRD-2026-01548,TDMS,TDMS-01548,TRD,TRD-NEUTRAL-SECTION,OHE-PERABU-16,edge,PER-ABU-UP_SUB,,7.61,7.81,UP_SUB,proactive,2026-04-09,55,major,,false,power_block,204,7,OHE_tower_car,true,false,true,done
ENG-2025-05303,TMS,TMS-05303,ENG,ENG-SLEEPER-RENEWAL,SL-GISTM-02,edge,GI-STM-DN_SUB,,16.56,17.06,DN_SUB,proactive,2025-10-24,238,minor,,false,traffic_block,251,16,none,true,true,true,done
ENG-2025-05304,TMS,TMS-05304,ENG,ENG-DESTRESSING,RL-BBQPER-02,edge,BBQ-PER-DN,,2.86,3.86,DN,overdue,2025-12-22,57,2,,false,traffic_block,245,11,none,true,false,true,done
ENG-2026-05305,TMS,TMS-05305,ENG,ENG-DESTRESSING,RL-PONGPD-01,edge,PON-GPD-DN,,38.84,39.84,DN,overdue,2026-08-18,20,3,,false,traffic_block,338,10,none,true,false,true,in_progress
SNT-2026-01176,SMMS,SMMS-01176,SNT,SNT-SIGNAL-LAMP,SG-ABUAVD-01,edge,ABU-AVD-DN,,20.23,20.33,DN,overdue,2026-08-18,20,minor,,false,none,43,2,none,true,false,true,scheduled
SNT-2026-01177,SMMS,SMMS-01177,SNT,SNT-SIGNAL-LAMP,SG-MSBMS-03,edge,MSB-MS-DN_SUB,,1.66,1.76,DN_SUB,routine,2026-02-08,24,minor,,false,none,61,2,none,false,false,true,done
ENG-2026-05306,TMS,TMS-05306,ENG,ENG-TRACK-PATROL,,edge,MJR-PON-UP,,30.24,32.24,UP,routine,2026-04-27,23,minor,,false,none,100,2,none,false,false,false,done
TRD-2026-01549,TDMS,TDMS-01549,TRD,TRD-OHE-WIRE-RENEW,CW-PONGPD-01,edge,PON-GPD-DN,,36.01,37.01,DN,defect,2026-07-29,30,critical,2026-08-28,true,power_block,308,10,OHE_tower_car,true,true,true,done
TRD-2026-01550,TDMS,TDMS-01550,TRD,TRD-OHE-MAST,MST-PVTBM-01,edge,PV-TBM-DN,,27.50,27.70,DN,overdue,2026-05-11,13,minor,,false,power_block,134,7,OHE_tower_car,true,true,true,done
TRD-2026-01551,TDMS,TDMS-01551,TRD,TRD-OHE-FAULT,OHE-ENRMJR-03,edge,ENR-MJR-DN,,19.10,19.40,DN,defect,2026-05-20,50,minor,,false,power_block,153,5,OHE_tower_car,true,true,true,done
ENG-2026-05307,TMS,TMS-05307,ENG,ENG-TRACK-PATROL,,edge,MSB-MS-UP,,1.65,3.65,UP,overdue,2026-03-13,93,minor,,false,none,67,2,none,true,false,false,done
ENG-2026-05308,TMS,TMS-05308,ENG,ENG-SLEEPER-RENEWAL,SL-PONGPD-06,edge,PON-GPD-UP,,42.03,42.53,UP,defect,2026-02-21,144,major,,false,traffic_block,389,17,none,true,true,true,done
TRD-2026-01552,TDMS,TDMS-01552,TRD,TRD-OHE-EARTHING,OHE-TRLAJJ-27,edge,TRL-AJJ-UP,,54.56,55.56,UP,emergency_followup,2026-07-15,54,major,,false,power_block,62,3,none,true,false,true,pending
TRD-2026-01553,TDMS,TDMS-01553,TRD,TRD-OHE-INSULATOR,INS-PONGPD-02,edge,PON-GPD-DN,,44.64,44.74,DN,defect,2026-08-25,13,minor,2026-11-17,false,power_block,125,4,OHE_tower_car,true,true,true,in_progress
ENG-2026-05309,TMS,TMS-05309,ENG,ENG-YARD-PWAY,BL-MAS-05,node,,MAS,0.00,0.00,,overdue,2026-06-02,94,major,,false,traffic_block,194,10,none,true,true,true,done
SNT-2026-01178,SMMS,SMMS-01178,SNT,SNT-TRACK-CIRCUIT,TC-MASBBQ-04,edge,MAS-BBQ-UP_SUB,,0.98,1.48,UP_SUB,overdue,2026-08-22,16,major,,false,disconnection,105,3,none,false,true,true,pending
ENG-2026-05310,TMS,TMS-05310,ENG,ENG-DRAIN-CLEAR,,edge,PV-TBM-UP,,27.01,28.51,UP,overdue,2026-04-15,101,minor,,false,none,175,6,none,true,true,false,done
ENG-2026-05311,TMS,TMS-05311,ENG,ENG-SLEEPER-RENEWAL,SL-PERABU-10,edge,PER-ABU-UP,,7.15,7.65,UP,defect,2026-01-03,183,major,,false,traffic_block,260,16,none,true,true,true,done
SNT-2026-01179,SMMS,SMMS-01179,SNT,SNT-POINT-SERVICE,PT-ENR-06,node,,ENR,16.00,16.00,,overdue,2026-01-10,192,major,,false,disconnection,55,3,none,true,false,true,done
ENG-2026-05312,TMS,TMS-05312,ENG,ENG-SLEEPER-RENEWAL,SL-MASBBQ-03,edge,MAS-BBQ-UP,,0.76,1.26,UP,defect,2026-07-14,8,minor,,false,traffic_block,411,18,none,true,true,true,done
ENG-2026-05313,TMS,TMS-05313,ENG,ENG-USFD-TEST,RL-CGLWJ-03,edge,CGL-WJ-SINGLE,,73.54,81.54,SINGLE,routine,2026-04-01,32,3,,false,traffic_block,125,3,USFD_car,true,false,true,done
SNT-2026-01180,SMMS,SMMS-01180,SNT,SNT-SIGNAL-REPLACE,SG-PERABU-14,edge,PER-ABU-UP_SUB,,10.14,10.24,UP_SUB,proactive,2026-07-18,27,minor,,false,disconnection,153,5,none,true,true,true,done
TRD-2026-01554,TDMS,TDMS-01554,TRD,TRD-OHE-MAST,MST-PONGPD-06,edge,PON-GPD-UP,,42.49,42.69,UP,routine,2026-08-30,7,major,,false,power_block,113,7,OHE_tower_car,true,true,true,done
TRD-2025-01555,TDMS,TDMS-01555,TRD,TRD-OHE-FAULT,OHE-STMPV-10,edge,STM-PV-UP_SUB,,18.76,19.06,UP_SUB,defect,2025-11-06,303,minor,,false,power_block,130,6,OHE_tower_car,true,true,true,done
ENG-2025-05314,TMS,TMS-05314,ENG,ENG-CURVE-REALIGN,BL-AVDTI-03,edge,AVD-TI-DN,,23.58,24.38,DN,overdue,2025-11-15,38,major,,false,traffic_block,145,10,tamper,true,true,true,done
ENG-2026-05315,TMS,TMS-05315,ENG,ENG-TURNOUT-OVERHAUL,TO-GPD-01,node,,GPD,47.00,47.00,,proactive,2026-05-25,57,major,,false,traffic_block,294,15,none,false,true,true,done
TRD-2025-01556,TDMS,TDMS-01556,TRD,TRD-OHE-INSULATOR,INS-TRLAJJ-22,edge,TRL-AJJ-UP_SUB,,50.74,50.84,UP_SUB,defect,2025-12-25,230,major,2026-04-23,false,power_block,127,5,OHE_tower_car,true,true,true,done
ENG-2026-05316,TMS,TMS-05316,ENG,ENG-YARD-PWAY,BL-CGL-04,node,,CGL,59.84,59.84,,routine,2026-06-30,35,minor,2026-09-24,false,traffic_block,145,8,none,true,true,true,done
ENG-2026-05317,TMS,TMS-05317,ENG,ENG-USFD-TEST,RL-PERABU-02,edge,PER-ABU-DN,,13.39,15.00,DN,emergency_followup,2026-02-11,117,2,,false,traffic_block,160,3,USFD_car,true,false,true,done
ENG-2026-05318,TMS,TMS-05318,ENG,ENG-USFD-TEST,RL-PVTBM-15,edge,PV-TBM-UP_SUB,,27.82,29.10,UP_SUB,overdue,2026-05-11,65,2,,false,traffic_block,107,3,USFD_car,true,false,true,done
SNT-2026-01181,SMMS,SMMS-01181,SNT,SNT-TRACK-CIRCUIT,TC-TRLAJJ-16,edge,TRL-AJJ-DN_SUB,,52.28,52.78,DN_SUB,overdue,2026-04-21,98,minor,2026-08-07,false,disconnection,72,3,none,false,true,true,done
SNT-2026-01182,SMMS,SMMS-01182,SNT,SNT-CABLE-LAY,,edge,PER-ABU-UP,,10.17,11.17,UP,defect,2026-02-04,215,minor,2026-05-13,false,none,219,9,none,false,true,false,done
ENG-2026-05319,TMS,TMS-05319,ENG,ENG-SLEEPER-RENEWAL,SL-TITRL-02,edge,TI-TRL-DN,,32.48,32.98,DN,defect,2026-08-16,19,major,2026-10-03,false,traffic_block,232,19,none,true,true,true,done
ENG-2026-05320,TMS,TMS-05320,ENG,ENG-SLEEPER-RENEWAL,SL-ENRMJR-05,edge,ENR-MJR-UP,,23.86,24.36,UP,defect,2026-08-23,15,minor,,false,traffic_block,308,17,none,true,true,true,in_progress
ENG-2026-05321,TMS,TMS-05321,ENG,ENG-TURNOUT-TAMP,TO-PER-01,node,,PER,5.00,5.00,,overdue,2026-04-18,2,minor,,false,traffic_block,154,9,tamper,true,true,true,done
SNT-2026-01183,SMMS,SMMS-01183,SNT,SNT-CABLE-LAY,,edge,MS-MBM-DN,,8.45,9.45,DN,proactive,2026-06-08,38,major,,false,none,274,10,none,true,true,false,done
ENG-2025-05322,TMS,TMS-05322,ENG,ENG-RAIL-RENEWAL,RL-PVTBM-14,edge,PV-TBM-UP_SUB,,24.15,24.65,UP_SUB,defect,2025-09-16,254,3,,false,traffic_block,509,21,none,false,true,true,done
SNT-2026-01184,SMMS,SMMS-01184,SNT,SNT-AXLE-COUNTER,AC-PERABU-02,edge,PER-ABU-DN,,12.55,12.85,DN,overdue,2026-07-26,27,minor,,false,disconnection,74,3,none,true,true,true,done
TRD-2025-01557,TDMS,TDMS-01557,TRD,TRD-OHE-MAST,MST-MBMGI-04,edge,MBM-GI-UP_SUB,,11.60,11.80,UP_SUB,routine,2025-10-20,301,minor,,false,power_block,186,7,OHE_tower_car,true,true,true,done
SNT-2025-01185,SMMS,SMMS-01185,SNT,SNT-SIGNAL-LAMP,SG-MSBMS-04,edge,MSB-MS-DN_SUB,,2.56,2.66,DN_SUB,routine,2025-12-16,49,minor,2026-01-23,false,none,53,2,none,true,false,true,done
SNT-2026-01186,SMMS,SMMS-01186,SNT,SNT-CABLE-LAY,,edge,TRL-AJJ-UP,,54.34,55.34,UP,defect,2026-03-08,41,minor,2026-05-02,false,none,241,8,none,true,true,false,done
ENG-2026-05323,TMS,TMS-05323,ENG,ENG-DESTRESSING,RL-TNPENR-06,edge,TNP-ENR-DN,,14.65,15.65,DN,proactive,2026-05-15,80,3,,false,traffic_block,282,11,none,true,false,true,done
TRD-2026-01558,TDMS,TDMS-01558,TRD,TRD-NEUTRAL-SECTION,OHE-MBMGI-01,edge,MBM-GI-DN,,13.30,13.50,DN,overdue,2026-07-25,44,minor,2026-09-06,false,power_block,155,6,OHE_tower_car,true,false,true,scheduled
ENG-2026-05324,TMS,TMS-05324,ENG,ENG-RAIL-WELD,RL-PERABU-04,edge,PER-ABU-DN,,6.54,7.54,DN,defect,2026-03-27,60,3,,false,traffic_block,170,6,none,true,false,true,done
ENG-2026-05325,TMS,TMS-05325,ENG,ENG-USFD-TEST,RL-STMPV-08,edge,STM-PV-DN_SUB,,22.35,23.10,DN_SUB,routine,2026-08-21,17,3,,false,traffic_block,129,3,USFD_car,true,false,true,in_progress
TRD-2026-01559,TDMS,TDMS-01559,TRD,TRD-OHE-WIRE-RENEW,CW-PVTBM-03,edge,PV-TBM-DN_SUB,,25.46,26.46,DN_SUB,defect,2026-05-28,80,major,2026-07-23,false,power_block,291,10,OHE_tower_car,true,true,true,done
SNT-2025-01187,SMMS,SMMS-01187,SNT,SNT-CABLE-LAY,,edge,BBQ-PER-UP_SUB,,3.23,4.23,UP_SUB,defect,2025-12-18,215,minor,,false,none,223,8,none,true,true,false,done
TRD-2026-01560,TDMS,TDMS-01560,TRD,TRD-OHE-INSP,OHE-MSBMS-01,edge,MSB-MS-DN,,1.07,4.30,DN,routine,2026-01-08,154,major,,false,power_block,113,5,OHE_tower_car,true,false,true,done
TRD-2026-01561,TDMS,TDMS-01561,TRD,TRD-OHE-MAST,MST-TITRL-20,edge,TI-TRL-UP_SUB,,38.74,38.94,UP_SUB,overdue,2026-08-05,33,major,,false,power_block,168,6,OHE_tower_car,true,true,true,pending
TRD-2026-01562,TDMS,TDMS-01562,TRD,TRD-OHE-DROPPER,CW-TITRL-11,edge,TI-TRL-UP,,29.71,30.21,UP,overdue,2026-01-06,121,minor,,false,power_block,74,4,OHE_tower_car,true,false,true,done
TRD-2026-01563,TDMS,TDMS-01563,TRD,TRD-OHE-DROPPER,CW-MASBBQ-04,edge,MAS-BBQ-UP_SUB,,0.24,0.74,UP_SUB,overdue,2026-08-31,3,minor,,false,power_block,76,4,OHE_tower_car,true,false,true,done
ENG-2026-05326,TMS,TMS-05326,ENG,ENG-SLEEPER-RENEWAL,SL-TITRL-11,edge,TI-TRL-UP,,36.40,36.90,UP,defect,2026-07-20,49,minor,,false,traffic_block,345,21,none,false,true,true,done
ENG-2026-05327,TMS,TMS-05327,ENG,ENG-TURNOUT-TAMP,TO-TBM-05,node,,TBM,29.14,29.14,,routine,2026-08-08,30,major,,false,traffic_block,218,9,tamper,true,true,true,in_progress
ENG-2026-05328,TMS,TMS-05328,ENG,ENG-RAIL-RENEWAL,RL-GISTM-04,edge,GI-STM-UP_SUB,,16.07,16.57,UP_SUB,defect,2026-08-23,4,1,2026-08-30,true,traffic_block,295,25,none,true,true,true,done
SNT-2025-01188,SMMS,SMMS-01188,SNT,SNT-POINT-SERVICE,PT-AVD-09,node,,AVD,21.00,21.00,,overdue,2025-10-10,193,critical,2025-10-25,true,disconnection,77,3,none,true,false,true,done
ENG-2026-05329,TMS,TMS-05329,ENG,ENG-CURVE-REALIGN,BL-PONGPD-04,edge,PON-GPD-DN,,38.02,38.82,DN,overdue,2026-08-12,26,minor,2026-10-26,false,traffic_block,244,11,tamper,false,true,true,pending
TRD-2026-01564,TDMS,TDMS-01564,TRD,TRD-SUBSTN-MAINT,SS-AVD-01,node,,AVD,21.00,21.00,,overdue,2026-02-11,148,minor,,false,none,324,5,none,true,false,true,done
ENG-2026-05330,TMS,TMS-05330,ENG,ENG-RAIL-WELD,RL-PONGPD-12,edge,PON-GPD-UP,,42.15,43.15,UP,defect,2026-05-28,80,2,2026-09-03,false,traffic_block,196,6,none,true,false,true,done
SNT-2026-01189,SMMS,SMMS-01189,SNT,SNT-TRACK-CIRCUIT,TC-TRLAJJ-30,edge,TRL-AJJ-UP,,64.21,64.71,UP,overdue,2026-05-15,23,minor,,false,disconnection,104,3,none,true,true,true,done
ENG-2026-05331,TMS,TMS-05331,ENG,ENG-USFD-TEST,RL-ABUAVD-12,edge,ABU-AVD-UP,,19.36,21.00,UP,overdue,2026-07-05,64,1,2026-07-23,true,traffic_block,133,3,USFD_car,true,false,true,in_progress
ENG-2025-05332,TMS,TMS-05332,ENG,ENG-BALLAST-SCREEN,BL-MJRPON-02,edge,MJR-PON-DN,,29.75,30.25,DN,routine,2025-10-15,232,minor,2026-01-22,false,traffic_block,346,14,BCM,true,true,true,done
SNT-2025-01190,SMMS,SMMS-01190,SNT,SNT-BLOCK-INSTRUMENT,IL-MS-01,node,,MS,4.32,4.32,,overdue,2025-09-19,203,minor,,false,disconnection,114,3,none,true,false,true,done
SNT-2026-01191,SMMS,SMMS-01191,SNT,SNT-AXLE-COUNTER,AC-TRLAJJ-12,edge,TRL-AJJ-UP,,46.04,46.34,UP,routine,2026-07-17,33,minor,,false,disconnection,101,3,none,true,true,true,done
TRD-2025-01565,TDMS,TDMS-01565,TRD,TRD-OHE-FAULT,OHE-AVDTI-10,edge,AVD-TI-UP,,27.45,27.75,UP,emergency_followup,2025-11-16,35,major,,false,power_block,139,6,OHE_tower_car,true,true,true,done
ENG-2026-05333,TMS,TMS-05333,ENG,ENG-DRAIN-CLEAR,,edge,PV-TBM-UP_SUB,,24.01,25.51,UP_SUB,overdue,2026-07-14,3,major,2026-09-29,false,none,127,7,none,true,true,false,cancelled
TRD-2025-01566,TDMS,TDMS-01566,TRD,TRD-OHE-INSP,OHE-MSMBM-05,edge,MS-MBM-DN_SUB,,6.37,10.37,DN_SUB,overdue,2025-12-31,53,minor,,false,power_block,125,4,OHE_tower_car,true,false,true,done
SNT-2026-01192,SMMS,SMMS-01192,SNT,SNT-TRACK-CIRCUIT,TC-ABUAVD-07,edge,ABU-AVD-UP_SUB,,18.16,18.66,UP_SUB,routine,2026-03-09,106,minor,,false,disconnection,103,4,none,true,true,true,done
SNT-2026-01193,SMMS,SMMS-01193,SNT,SNT-SIGNAL-REPLACE,SG-MJRPON-04,edge,MJR-PON-UP,,26.20,26.30,UP,defect,2026-02-16,125,minor,,false,disconnection,195,6,none,true,true,true,done
ENG-2025-05334,TMS,TMS-05334,ENG,ENG-TURNOUT-OVERHAUL,TO-TBM-01,node,,TBM,29.14,29.14,,routine,2025-09-18,165,critical,2025-10-05,true,traffic_block,353,14,none,false,true,true,done
ENG-2026-05335,TMS,TMS-05335,ENG,ENG-TURNOUT-OVERHAUL,TO-AVD-04,node,,AVD,21.00,21.00,,overdue,2026-01-27,114,major,,false,traffic_block,370,15,none,true,true,true,done
ENG-2026-05336,TMS,TMS-05336,ENG,ENG-USFD-TEST,RL-TRLAJJ-39,edge,TRL-AJJ-UP,,49.08,57.08,UP,routine,2026-04-16,44,3,,false,traffic_block,117,3,USFD_car,true,false,true,done
ENG-2026-05337,TMS,TMS-05337,ENG,ENG-USFD-TEST,RL-MBMGI-01,edge,MBM-GI-DN,,11.91,15.00,DN,proactive,2026-09-03,4,3,,false,traffic_block,163,3,USFD_car,false,false,true,pending
SNT-2025-01194,SMMS,SMMS-01194,SNT,SNT-TRACK-CIRCUIT,TC-PERABU-15,edge,PER-ABU-UP_SUB,,13.50,14.00,UP_SUB,overdue,2025-09-16,280,minor,2025-12-11,false,disconnection,75,3,none,true,true,true,done
ENG-2026-05338,TMS,TMS-05338,ENG,ENG-SLEEPER-RENEWAL,SL-MSBMS-01,edge,MSB-MS-DN,,1.02,1.52,DN,proactive,2026-02-24,82,minor,,false,traffic_block,367,20,none,true,true,true,done
SNT-2026-01195,SMMS,SMMS-01195,SNT,SNT-AXLE-COUNTER,AC-TITRL-12,edge,TI-TRL-UP_SUB,,33.48,33.78,UP_SUB,overdue,2026-06-30,36,minor,,false,disconnection,130,4,none,true,true,true,done
ENG-2026-05339,TMS,TMS-05339,ENG,ENG-TURNOUT-TAMP,TO-AJJ-02,node,,AJJ,69.00,69.00,,proactive,2026-07-25,44,minor,2026-10-01,false,traffic_block,205,9,tamper,true,true,true,pending
TRD-2026-01567,TDMS,TDMS-01567,TRD,TRD-OHE-INSULATOR,INS-CGLWJ-02,edge,CGL-WJ-SINGLE,,80.70,80.80,SINGLE,defect,2026-08-24,14,critical,2026-09-12,true,power_block,80,4,OHE_tower_car,true,true,true,done
ENG-2026-05340,TMS,TMS-05340,ENG,ENG-SLEEPER-RENEWAL,SL-TNPENR-01,edge,TNP-ENR-DN,,14.60,15.10,DN,defect,2026-02-14,154,major,2026-05-09,false,traffic_block,434,21,none,true,true,true,done
ENG-2026-05341,TMS,TMS-05341,ENG,ENG-SLEEPER-RENEWAL,SL-PONGPD-03,edge,PON-GPD-DN,,36.67,37.17,DN,defect,2026-01-07,117,minor,2026-02-21,false,traffic_block,351,19,none,true,true,true,done
ENG-2026-05342,TMS,TMS-05342,ENG,ENG-RAIL-RENEWAL,RL-STMPV-02,edge,STM-PV-DN,,19.20,19.70,DN,defect,2026-02-13,117,3,,false,traffic_block,352,25,none,true,true,true,done
TRD-2026-01568,TDMS,TDMS-01568,TRD,TRD-OHE-EARTHING,OHE-AVDTI-07,edge,AVD-TI-DN_SUB,,27.21,28.21,DN_SUB,overdue,2026-07-20,49,minor,,false,power_block,53,3,none,true,false,true,scheduled
ENG-2026-05343,TMS,TMS-05343,ENG,ENG-BALLAST-SCREEN,BL-MSMBM-04,edge,MS-MBM-DN_SUB,,6.67,7.17,DN_SUB,overdue,2026-09-04,2,major,,false,traffic_block,407,13,BCM,true,true,true,done
ENG-2026-05344,TMS,TMS-05344,ENG,ENG-USFD-TEST,RL-TRLAJJ-38,edge,TRL-AJJ-UP,,60.96,68.50,UP,routine,2026-07-02,46,2,,false,traffic_block,160,3,USFD_car,true,false,true,done
ENG-2026-05345,TMS,TMS-05345,ENG,ENG-RAIL-WELD,RL-PONGPD-08,edge,PON-GPD-DN,,43.72,44.72,DN,defect,2026-05-11,21,3,,false,traffic_block,185,6,none,true,false,true,done
SNT-2026-01196,SMMS,SMMS-01196,SNT,SNT-TRACK-CIRCUIT,TC-PONGPD-06,edge,PON-GPD-UP,,41.47,41.97,UP,overdue,2026-07-25,44,major,,false,disconnection,94,3,none,true,true,true,pending
TRD-2025-01569,TDMS,TDMS-01569,TRD,TRD-OHE-WIRE-RENEW,CW-PVTBM-04,edge,PV-TBM-DN_SUB,,28.80,29.10,DN_SUB,defect,2025-11-28,35,minor,,false,power_block,367,10,OHE_tower_car,false,true,true,done
SNT-2026-01197,SMMS,SMMS-01197,SNT,SNT-TRACK-CIRCUIT,TC-CGLWJ-06,edge,CGL-WJ-SINGLE,,67.86,68.36,SINGLE,overdue,2026-06-14,22,minor,,false,disconnection,96,3,none,true,true,true,done
SNT-2025-01198,SMMS,SMMS-01198,SNT,SNT-SIGNAL-LAMP,SG-TITRL-08,edge,TI-TRL-DN_SUB,,36.89,36.99,DN_SUB,overdue,2025-10-25,229,major,,false,none,36,2,none,true,false,true,done
SNT-2026-01199,SMMS,SMMS-01199,SNT,SNT-AXLE-COUNTER,AC-TRLAJJ-13,edge,TRL-AJJ-UP,,47.48,47.78,UP,emergency_followup,2026-05-30,50,major,2026-08-13,false,disconnection,108,3,none,true,true,true,cancelled
ENG-2026-05346,TMS,TMS-05346,ENG,ENG-DRAIN-CLEAR,,edge,CGL-WJ-SINGLE,,81.28,81.80,SINGLE,proactive,2026-04-19,77,major,,false,none,127,7,none,true,true,false,done
SNT-2026-01200,SMMS,SMMS-01200,SNT,SNT-TRACK-CIRCUIT,TC-PERABU-08,edge,PER-ABU-DN_SUB,,10.09,10.59,DN_SUB,overdue,2026-02-17,86,major,,false,disconnection,81,3,none,true,true,true,done
TRD-2025-01570,TDMS,TDMS-01570,TRD,TRD-OHE-TENSION,OHE-BBQTNP-03,edge,BBQ-TNP-UP,,4.20,4.50,UP,overdue,2025-12-11,86,major,2026-01-19,false,power_block,121,5,OHE_tower_car,true,false,true,done
ENG-2026-05347,TMS,TMS-05347,ENG,ENG-RAIL-WELD,RL-MSMBM-06,edge,MS-MBM-DN_SUB,,9.80,10.80,DN_SUB,defect,2026-05-17,98,2,,false,traffic_block,173,7,none,true,false,true,done
ENG-2026-05348,TMS,TMS-05348,ENG,ENG-SLEEPER-RENEWAL,SL-TITRL-05,edge,TI-TRL-DN,,31.23,31.73,DN,defect,2026-08-31,7,minor,,false,traffic_block,344,18,none,true,true,true,in_progress
ENG-2026-05349,TMS,TMS-05349,ENG,ENG-DRAIN-CLEAR,,edge,PV-TBM-UP,,23.28,24.78,UP,overdue,2026-03-24,140,minor,,false,none,186,7,none,true,true,false,done
ENG-2025-05350,TMS,TMS-05350,ENG,ENG-TURNOUT-OVERHAUL,TO-BBQ-05,node,,BBQ,2.00,2.00,,routine,2025-11-13,170,minor,,false,traffic_block,421,14,none,false,true,true,done
ENG-2026-05351,TMS,TMS-05351,ENG,ENG-DESTRESSING,RL-TRLAJJ-46,edge,TRL-AJJ-UP,,67.45,68.45,UP,routine,2026-08-15,3,2,,false,traffic_block,239,13,none,true,false,true,done
ENG-2026-05352,TMS,TMS-05352,ENG,ENG-RAIL-RENEWAL,RL-TRLAJJ-49,edge,TRL-AJJ-UP,,45.81,46.31,UP,defect,2026-07-29,25,3,2026-11-17,false,traffic_block,479,25,none,true,true,true,done
ENG-2026-05353,TMS,TMS-05353,ENG,ENG-USFD-TEST,RL-MJRPON-03,edge,MJR-PON-DN,,33.12,35.00,DN,proactive,2026-02-13,61,3,,false,traffic_block,103,3,USFD_car,true,false,true,done
ENG-2025-05354,TMS,TMS-05354,ENG,ENG-USFD-TEST,RL-TITRL-03,edge,TI-TRL-DN,,36.43,42.00,DN,overdue,2025-11-25,186,3,2026-03-02,false,traffic_block,126,3,USFD_car,false,false,true,done
SNT-2026-01201,SMMS,SMMS-01201,SNT,SNT-AXLE-COUNTER,AC-AVDTI-04,edge,AVD-TI-DN_SUB,,27.32,27.62,DN_SUB,routine,2026-07-25,34,minor,2026-11-07,false,disconnection,91,3,none,true,true,true,done
ENG-2026-05355,TMS,TMS-05355,ENG,ENG-CURVE-REALIGN,BL-MASBBQ-04,edge,MAS-BBQ-UP_SUB,,0.85,1.65,UP_SUB,routine,2026-06-04,32,minor,,false,traffic_block,260,11,tamper,true,true,true,done
ENG-2025-05356,TMS,TMS-05356,ENG,ENG-SLEEPER-RENEWAL,SL-BBQPER-04,edge,BBQ-PER-UP_SUB,,2.90,3.40,UP_SUB,defect,2025-12-18,80,minor,,false,traffic_block,272,20,none,true,true,true,deferred
SNT-2026-01202,SMMS,SMMS-01202,SNT,SNT-AXLE-COUNTER,AC-TKOAJJ-02,edge,TKO-AJJ-SINGLE,,116.72,117.02,SINGLE,overdue,2026-07-25,44,minor,,false,disconnection,111,3,none,true,true,true,in_progress
SNT-2026-01203,SMMS,SMMS-01203,SNT,SNT-SIGNAL-LAMP,SG-PONGPD-05,edge,PON-GPD-UP,,44.70,44.80,UP,overdue,2026-07-05,33,major,,false,none,35,2,none,true,false,true,done
ENG-2025-05357,TMS,TMS-05357,ENG,ENG-DESTRESSING,RL-PERABU-03,edge,PER-ABU-DN,,6.60,7.60,DN,routine,2025-10-05,65,1,2025-10-19,true,traffic_block,228,13,none,true,false,true,done
ENG-2026-05358,TMS,TMS-05358,ENG,ENG-RAIL-RENEWAL,RL-GISTM-02,edge,GI-STM-DN_SUB,,16.79,17.10,DN_SUB,defect,2026-09-07,0,3,,false,traffic_block,347,21,none,true,true,true,pending
ENG-2026-05359,TMS,TMS-05359,ENG,ENG-SLEEPER-RENEWAL,SL-MJRPON-05,edge,MJR-PON-UP,,34.71,35.00,UP,emergency_followup,2026-02-25,30,major,2026-05-27,false,traffic_block,392,20,none,true,true,true,done
TRD-2026-01571,TDMS,TDMS-01571,TRD,TRD-OHE-MAST,MST-PERABU-16,edge,PER-ABU-UP_SUB,,9.72,9.92,UP_SUB,proactive,2026-02-17,170,minor,,false,power_block,163,6,OHE_tower_car,true,true,true,done
ENG-2025-05360,TMS,TMS-05360,ENG,ENG-SLEEPER-RENEWAL,SL-PERABU-09,edge,PER-ABU-UP,,7.86,8.36,UP,defect,2025-10-12,96,minor,2025-12-09,false,traffic_block,357,19,none,true,true,true,done
ENG-2026-05361,TMS,TMS-05361,ENG,ENG-DRAIN-CLEAR,,edge,PV-TBM-DN,,23.44,24.94,DN,routine,2026-01-27,160,minor,,false,none,175,7,none,true,true,false,done
ENG-2026-05362,TMS,TMS-05362,ENG,ENG-BALLAST-SCREEN,BL-MSMBM-07,edge,MS-MBM-UP_SUB,,5.67,6.17,UP_SUB,overdue,2026-07-31,38,minor,,false,traffic_block,385,15,BCM,false,true,true,pending
SNT-2026-01204,SMMS,SMMS-01204,SNT,SNT-SIGNAL-REPLACE,SG-STMPV-04,edge,STM-PV-DN_SUB,,19.12,19.22,DN_SUB,defect,2026-07-06,10,minor,,false,disconnection,234,5,none,true,true,true,deferred
SNT-2026-01205,SMMS,SMMS-01205,SNT,SNT-LC-GATE,LC-CJTMLP-01,edge,CJ-TMLP-SINGLE,,103.41,103.51,SINGLE,emergency_followup,2026-02-01,65,major,2026-04-09,false,disconnection,147,4,none,true,true,true,done
TRD-2026-01572,TDMS,TDMS-01572,TRD,TRD-OHE-DROPPER,CW-STMPV-07,edge,STM-PV-UP_SUB,,19.94,20.44,UP_SUB,routine,2026-08-05,33,major,2026-09-08,false,power_block,130,4,OHE_tower_car,true,false,true,pending
TRD-2026-01573,TDMS,TDMS-01573,TRD,TRD-OHE-MAST,MST-CGLWJ-05,edge,CGL-WJ-SINGLE,,74.49,74.69,SINGLE,overdue,2026-08-06,27,minor,,false,power_block,125,6,OHE_tower_car,true,true,true,done
SNT-2026-01206,SMMS,SMMS-01206,SNT,SNT-TRACK-CIRCUIT,TC-ABUAVD-07,edge,ABU-AVD-UP_SUB,,18.16,18.66,UP_SUB,overdue,2026-05-29,5,minor,,false,disconnection,121,3,none,true,true,true,done
TRD-2026-01574,TDMS,TDMS-01574,TRD,TRD-OHE-FAULT,OHE-PERABU-18,edge,PER-ABU-UP_SUB,,9.09,9.39,UP_SUB,defect,2026-07-14,55,major,,false,power_block,120,5,OHE_tower_car,true,true,true,in_progress
SNT-2025-01207,SMMS,SMMS-01207,SNT,SNT-TRACK-CIRCUIT,TC-PVTBM-07,edge,PV-TBM-UP_SUB,,27.20,27.70,UP_SUB,overdue,2025-11-09,289,minor,2025-12-17,false,disconnection,124,3,none,true,true,true,done
ENG-2026-05363,TMS,TMS-05363,ENG,ENG-DESTRESSING,RL-PERABU-21,edge,PER-ABU-UP_SUB,,5.60,6.60,UP_SUB,overdue,2026-02-19,57,1,2026-03-01,true,traffic_block,318,11,none,true,false,true,done
ENG-2026-05364,TMS,TMS-05364,ENG,ENG-RAIL-GRIND,RL-MJRPON-06,edge,MJR-PON-DN,,26.22,29.22,DN,overdue,2026-01-09,89,2,,false,traffic_block,206,5,rail_grinder,false,false,true,cancelled
ENG-2025-05365,TMS,TMS-05365,ENG,ENG-DESTRESSING,RL-TNPENR-03,edge,TNP-ENR-DN,,12.97,13.97,DN,proactive,2025-12-30,245,3,,false,traffic_block,224,13,none,false,false,true,done
SNT-2025-01208,SMMS,SMMS-01208,SNT,SNT-TRACK-CIRCUIT,TC-PERABU-14,edge,PER-ABU-UP_SUB,,14.64,15.00,UP_SUB,routine,2025-10-20,10,major,,false,disconnection,102,3,none,true,true,true,done
ENG-2026-05366,TMS,TMS-05366,ENG,ENG-SLEEPER-RENEWAL,SL-ENRMJR-06,edge,ENR-MJR-UP,,21.84,22.34,UP,defect,2026-04-21,8,minor,,false,traffic_block,351,20,none,true,true,true,done
ENG-2026-05367,TMS,TMS-05367,ENG,ENG-DESTRESSING,RL-MBMGI-01,edge,MBM-GI-DN,,11.91,12.91,DN,proactive,2026-05-01,51,2,2026-06-27,false,traffic_block,220,11,none,false,false,true,done
TRD-2026-01575,TDMS,TDMS-01575,TRD,TRD-OHE-MAST,MST-MJRPON-02,edge,MJR-PON-DN,,31.99,32.19,DN,proactive,2026-01-15,176,minor,,false,power_block,166,7,OHE_tower_car,true,true,true,done
ENG-2026-05368,TMS,TMS-05368,ENG,ENG-SLEEPER-RENEWAL,SL-TITRL-04,edge,TI-TRL-DN,,33.08,33.58,DN,defect,2026-08-16,22,major,,false,traffic_block,255,19,none,true,true,true,pending
TRD-2026-01576,TDMS,TDMS-01576,TRD,TRD-OHE-INSP,OHE-MJRPON-03,edge,MJR-PON-DN,,27.84,31.84,DN,proactive,2026-02-18,159,minor,,false,power_block,96,4,OHE_tower_car,true,false,true,done
SNT-2026-01209,SMMS,SMMS-01209,SNT,SNT-SIGNAL-LAMP,SG-BBQPER-01,edge,BBQ-PER-DN,,3.32,3.42,DN,routine,2026-07-25,44,major,,false,none,53,2,none,true,false,true,scheduled
ENG-2026-05369,TMS,TMS-05369,ENG,ENG-CURVE-REALIGN,BL-TITRL-07,edge,TI-TRL-DN_SUB,,37.91,38.71,DN_SUB,proactive,2026-07-11,30,minor,,false,traffic_block,156,11,tamper,true,true,true,done
SNT-2025-01210,SMMS,SMMS-01210,SNT,SNT-POINT-SERVICE,PT-BBQ-08,node,,BBQ,2.00,2.00,,routine,2025-11-03,212,major,2026-02-27,false,disconnection,59,3,none,true,false,true,done
ENG-2025-05370,TMS,TMS-05370,ENG,ENG-DESTRESSING,RL-MSMBM-07,edge,MS-MBM-DN_SUB,,8.90,9.90,DN_SUB,routine,2025-12-10,74,2,,false,traffic_block,211,13,none,true,false,true,done
ENG-2026-05371,TMS,TMS-05371,ENG,ENG-BALLAST-SCREEN,BL-TITRL-09,edge,TI-TRL-DN_SUB,,39.65,40.15,DN_SUB,overdue,2026-03-24,27,minor,2026-05-07,false,traffic_block,308,15,BCM,true,true,true,done
SNT-2025-01211,SMMS,SMMS-01211,SNT,SNT-AXLE-COUNTER,AC-ABUAVD-02,edge,ABU-AVD-DN_SUB,,18.11,18.41,DN_SUB,routine,2025-12-06,195,major,,false,disconnection,111,3,none,false,true,true,done
ENG-2026-05372,TMS,TMS-05372,ENG,ENG-RAIL-WELD,RL-AVDTI-14,edge,AVD-TI-UP,,26.70,27.70,UP,defect,2026-08-19,19,2,,false,traffic_block,140,7,none,true,false,true,in_progress
ENG-2026-05373,TMS,TMS-05373,ENG,ENG-BALLAST-REGULATE,BL-TITRL-15,edge,TI-TRL-UP,,37.63,39.63,UP,overdue,2026-08-23,7,minor,2026-11-21,false,traffic_block,92,5,ballast_regulator,true,true,true,done
ENG-2026-05374,TMS,TMS-05374,ENG,ENG-USFD-TEST,RL-MJRPON-10,edge,MJR-PON-UP,,30.00,35.00,UP,routine,2026-02-11,168,3,,false,traffic_block,136,3,USFD_car,true,false,true,done
TRD-2026-01577,TDMS,TDMS-01577,TRD,TRD-OHE-DROPPER,CW-TITRL-16,edge,TI-TRL-UP_SUB,,41.72,42.00,UP_SUB,routine,2026-04-13,101,minor,,false,power_block,68,5,OHE_tower_car,true,false,true,done
TRD-2026-01578,TDMS,TDMS-01578,TRD,TRD-OHE-TENSION,OHE-TRLAJJ-02,edge,TRL-AJJ-DN,,44.57,44.87,DN,routine,2026-07-18,51,minor,,false,power_block,155,4,OHE_tower_car,true,false,true,scheduled
ENG-2025-05375,TMS,TMS-05375,ENG,ENG-TURNOUT-OVERHAUL,TO-TRL-04,node,,TRL,42.00,42.00,,routine,2025-10-23,181,major,,false,traffic_block,276,15,none,true,true,true,done
ENG-2026-05376,TMS,TMS-05376,ENG,ENG-TURNOUT-OVERHAUL,TO-TBM-04,node,,TBM,29.14,29.14,,overdue,2026-06-15,51,minor,,false,traffic_block,266,12,none,true,true,true,done
SNT-2026-01212,SMMS,SMMS-01212,SNT,SNT-SIGNAL-REPLACE,SG-MBMGI-01,edge,MBM-GI-DN,,12.64,12.74,DN,defect,2026-01-18,194,minor,2026-05-07,false,disconnection,231,6,none,true,true,true,done
SNT-2026-01213,SMMS,SMMS-01213,SNT,SNT-SIGNAL-LAMP,SG-CJTMLP-01,edge,CJ-TMLP-SINGLE,,102.60,102.70,SINGLE,overdue,2026-01-19,43,major,2026-05-16,false,none,45,2,none,false,false,true,deferred
ENG-2025-05377,TMS,TMS-05377,ENG,ENG-DESTRESSING,RL-PONGPD-12,edge,PON-GPD-UP,,42.15,43.15,UP,routine,2025-09-08,310,3,,false,traffic_block,269,10,none,true,false,true,done
SNT-2025-01214,SMMS,SMMS-01214,SNT,SNT-TRACK-CIRCUIT,TC-PVTBM-06,edge,PV-TBM-UP,,27.89,28.39,UP,overdue,2025-11-04,213,major,,false,disconnection,75,3,none,true,true,true,done
TRD-2025-01579,TDMS,TDMS-01579,TRD,TRD-OHE-MAST,MST-TRLAJJ-42,edge,TRL-AJJ-UP_SUB,,55.22,55.42,UP_SUB,proactive,2025-12-29,18,minor,,false,power_block,159,7,OHE_tower_car,true,true,true,done
ENG-2025-05378,TMS,TMS-05378,ENG,ENG-BALLAST-REGULATE,BL-TITRL-17,edge,TI-TRL-UP_SUB,,34.63,36.63,UP_SUB,overdue,2025-12-10,179,minor,,false,traffic_block,170,4,ballast_regulator,true,true,true,done
SNT-2026-01215,SMMS,SMMS-01215,SNT,SNT-AXLE-COUNTER,AC-MSMBM-01,edge,MS-MBM-DN,,9.84,10.14,DN,routine,2026-08-26,12,minor,,false,disconnection,82,3,none,true,true,true,in_progress
SNT-2025-01216,SMMS,SMMS-01216,SNT,SNT-TRACK-CIRCUIT,TC-GISTM-04,edge,GI-STM-UP_SUB,,15.48,15.98,UP_SUB,overdue,2025-12-20,97,minor,2026-03-15,false,disconnection,106,3,none,true,true,true,done
TRD-2026-01580,TDMS,TDMS-01580,TRD,TRD-OHE-EARTHING,OHE-ENRMJR-08,edge,ENR-MJR-UP,,19.69,20.69,UP,routine,2026-01-06,219,minor,,false,power_block,50,3,none,true,false,true,done
TRD-2026-01581,TDMS,TDMS-01581,TRD,TRD-OHE-INSULATOR,INS-TITRL-02,edge,TI-TRL-DN,,38.79,38.89,DN,defect,2026-07-17,52,minor,,false,power_block,92,4,OHE_tower_car,true,true,true,pending
TRD-2026-01582,TDMS,TDMS-01582,TRD,TRD-OHE-WIRE-RENEW,CW-TRLAJJ-09,edge,TRL-AJJ-DN_SUB,,44.08,45.08,DN_SUB,defect,2026-02-22,122,minor,2026-04-18,false,power_block,291,8,OHE_tower_car,true,true,true,done
TRD-2026-01583,TDMS,TDMS-01583,TRD,TRD-OHE-INSULATOR,INS-TRLAJJ-19,edge,TRL-AJJ-UP_SUB,,54.41,54.51,UP_SUB,emergency_followup,2026-05-20,75,major,,false,power_block,75,5,OHE_tower_car,true,true,true,done
ENG-2025-05379,TMS,TMS-05379,ENG,ENG-RAIL-WELD,RL-TRLAJJ-37,edge,TRL-AJJ-UP,,57.36,58.36,UP,defect,2025-11-25,168,2,,false,traffic_block,231,6,none,true,false,true,done
ENG-2026-05380,TMS,TMS-05380,ENG,ENG-SLEEPER-RENEWAL,SL-ENRMJR-07,edge,ENR-MJR-UP,,17.68,18.18,UP,defect,2026-02-23,111,minor,,false,traffic_block,260,16,none,true,true,true,done
ENG-2026-05381,TMS,TMS-05381,ENG,ENG-RAIL-GRIND,RL-STMPV-11,edge,STM-PV-UP,,22.82,23.10,UP,routine,2026-02-27,5,2,,false,traffic_block,257,4,rail_grinder,true,false,true,done
TRD-2026-01584,TDMS,TDMS-01584,TRD,TRD-OHE-DROPPER,CW-GISTM-02,edge,GI-STM-DN_SUB,,15.61,16.11,DN_SUB,proactive,2026-01-25,147,major,,false,power_block,109,4,OHE_tower_car,true,false,true,done
ENG-2026-05382,TMS,TMS-05382,ENG,ENG-YARD-PWAY,BL-MS-05,node,,MS,4.32,4.32,,overdue,2026-07-12,32,minor,,false,traffic_block,138,9,none,true,true,true,done
ENG-2026-05383,TMS,TMS-05383,ENG,ENG-SLEEPER-RENEWAL,SL-GISTM-04,edge,GI-STM-UP_SUB,,15.17,15.67,UP_SUB,defect,2026-05-22,107,major,,false,traffic_block,235,17,none,true,true,true,done
ENG-2025-05384,TMS,TMS-05384,ENG,ENG-SLEEPER-RENEWAL,SL-MSMBM-08,edge,MS-MBM-UP_SUB,,9.24,9.74,UP_SUB,defect,2025-11-16,251,minor,,false,traffic_block,230,17,none,true,true,true,done
SNT-2026-01217,SMMS,SMMS-01217,SNT,SNT-SIGNAL-REPLACE,SG-MSBMS-01,edge,MSB-MS-DN,,0.81,0.91,DN,proactive,2026-08-21,17,minor,,false,disconnection,138,5,none,true,true,true,pending
SNT-2026-01218,SMMS,SMMS-01218,SNT,SNT-SIGNAL-LAMP,SG-STMPV-08,edge,STM-PV-UP_SUB,,22.25,22.35,UP_SUB,overdue,2026-09-02,5,critical,2026-09-28,true,none,53,2,none,true,false,true,in_progress
ENG-2026-05385,TMS,TMS-05385,ENG,ENG-RAIL-GRIND,RL-CGLWJ-07,edge,CGL-WJ-SINGLE,,66.14,69.14,SINGLE,overdue,2026-05-23,106,IMDT,2026-05-26,true,traffic_block,218,4,rail_grinder,true,false,true,done
TRD-2026-01585,TDMS,TDMS-01585,TRD,TRD-OHE-MAST,MST-PERABU-15,edge,PER-ABU-UP_SUB,,13.38,13.58,UP_SUB,overdue,2026-05-15,70,major,,false,power_block,158,6,OHE_tower_car,true,true,true,done
TRD-2025-01586,TDMS,TDMS-01586,TRD,TRD-OHE-INSULATOR,INS-TRLAJJ-07,edge,TRL-AJJ-DN_SUB,,44.86,44.96,DN_SUB,defect,2025-12-21,131,minor,,false,power_block,89,4,OHE_tower_car,false,true,true,done
SNT-2025-01219,SMMS,SMMS-01219,SNT,SNT-SIGNAL-LAMP,SG-ENRMJR-05,edge,ENR-MJR-UP,,17.56,17.66,UP,emergency_followup,2025-10-09,67,major,,false,none,35,2,none,true,false,true,done
ENG-2026-05386,TMS,TMS-05386,ENG,ENG-RAIL-WELD,RL-CGLWJ-03,edge,CGL-WJ-SINGLE,,73.54,74.54,SINGLE,defect,2026-08-02,36,1,2026-08-20,true,traffic_block,208,6,none,true,false,true,in_progress
ENG-2026-05387,TMS,TMS-05387,ENG,ENG-SLEEPER-RENEWAL,SL-MSBMS-04,edge,MSB-MS-DN_SUB,,3.78,4.28,DN_SUB,defect,2026-02-28,157,minor,2026-06-15,false,traffic_block,424,19,none,true,true,true,done
TRD-2026-01587,TDMS,TDMS-01587,TRD,TRD-OHE-INSULATOR,INS-MBMGI-04,edge,MBM-GI-UP_SUB,,14.46,14.56,UP_SUB,defect,2026-06-12,59,minor,,false,power_block,114,5,OHE_tower_car,true,true,true,done
SNT-2026-01220,SMMS,SMMS-01220,SNT,SNT-LC-GATE,LC-TRLAJJ-01,edge,TRL-AJJ-DN,,48.36,48.46,DN,proactive,2026-09-02,5,minor,,false,disconnection,147,4,none,true,true,true,pending
TRD-2026-01588,TDMS,TDMS-01588,TRD,TRD-OHE-INSULATOR,INS-TITRL-02,edge,TI-TRL-DN,,38.79,38.89,DN,defect,2026-08-11,13,minor,,false,power_block,89,5,OHE_tower_car,true,true,true,done
TRD-2026-01589,TDMS,TDMS-01589,TRD,TRD-OHE-WIRE-RENEW,CW-TRLAJJ-22,edge,TRL-AJJ-UP_SUB,,47.82,48.82,UP_SUB,defect,2026-01-14,138,major,,false,power_block,355,9,OHE_tower_car,true,true,true,deferred
ENG-2026-05388,TMS,TMS-05388,ENG,ENG-SLEEPER-RENEWAL,SL-PONGPD-01,edge,PON-GPD-DN,,36.81,37.31,DN,defect,2026-07-02,37,critical,2026-07-16,true,traffic_block,426,20,none,false,true,true,done
SNT-2026-01221,SMMS,SMMS-01221,SNT,SNT-INTERLOCK-TEST,IL-TNP-01,node,,TNP,5.00,5.00,,defect,2026-08-17,21,minor,,false,disconnection,324,7,none,true,false,true,pending
ENG-2026-05389,TMS,TMS-05389,ENG,ENG-USFD-TEST,RL-TRLAJJ-10,edge,TRL-AJJ-DN,,66.02,68.50,DN,overdue,2026-02-08,12,3,,false,traffic_block,128,3,USFD_car,false,false,true,done
SNT-2025-01222,SMMS,SMMS-01222,SNT,SNT-TRACK-CIRCUIT,TC-MSMBM-08,edge,MS-MBM-UP,,6.49,6.99,UP,proactive,2025-09-17,163,minor,,false,disconnection,116,3,none,true,true,true,done
ENG-2026-05390,TMS,TMS-05390,ENG,ENG-SLEEPER-RENEWAL,SL-BBQPER-03,edge,BBQ-PER-UP,,4.12,4.62,UP,defect,2026-08-12,26,minor,,false,traffic_block,287,20,none,true,true,true,pending
ENG-2025-05391,TMS,TMS-05391,ENG,ENG-RAIL-RENEWAL,RL-TRLAJJ-45,edge,TRL-AJJ-UP,,52.47,52.97,UP,defect,2025-09-10,291,1,2025-09-24,true,traffic_block,353,20,none,true,true,true,done
ENG-2025-05392,TMS,TMS-05392,ENG,ENG-RAIL-WELD,RL-TRLAJJ-26,edge,TRL-AJJ-DN_SUB,,47.28,48.28,DN_SUB,defect,2025-09-23,17,3,,false,traffic_block,145,6,none,true,false,true,done
ENG-2026-05393,TMS,TMS-05393,ENG,ENG-TURNOUT-TAMP,TO-AJJ-08,node,,AJJ,69.00,69.00,,routine,2026-05-28,17,minor,,false,traffic_block,254,9,tamper,false,true,true,done
ENG-2026-05394,TMS,TMS-05394,ENG,ENG-RAIL-WELD,RL-TITRL-06,edge,TI-TRL-DN,,32.37,33.37,DN,defect,2026-02-28,81,3,,false,traffic_block,149,6,none,true,false,true,done
TRD-2026-01590,TDMS,TDMS-01590,TRD,TRD-OHE-WIRE-RENEW,CW-MSBMS-02,edge,MSB-MS-DN_SUB,,2.30,3.30,DN_SUB,defect,2026-01-17,216,minor,,false,power_block,263,8,OHE_tower_car,false,true,true,done
TRD-2026-01591,TDMS,TDMS-01591,TRD,TRD-OHE-INSULATOR,INS-ABUAVD-02,edge,ABU-AVD-DN_SUB,,19.18,19.28,DN_SUB,defect,2026-07-20,49,minor,,false,power_block,88,4,OHE_tower_car,true,true,true,pending
ENG-2026-05395,TMS,TMS-05395,ENG,ENG-BALLAST-REGULATE,BL-MJRPON-02,edge,MJR-PON-DN,,29.75,31.75,DN,routine,2026-07-24,26,major,,false,traffic_block,131,4,ballast_regulator,true,true,true,done
ENG-2025-05396,TMS,TMS-05396,ENG,ENG-DESTRESSING,RL-BBQPER-05,edge,BBQ-PER-UP,,2.64,3.64,UP,overdue,2025-12-05,139,2,,false,traffic_block,197,10,none,false,false,true,done
TRD-2026-01592,TDMS,TDMS-01592,TRD,TRD-OHE-INSP,OHE-TRLAJJ-04,edge,TRL-AJJ-DN,,60.36,64.36,DN,routine,2026-01-18,107,minor,,false,power_block,71,4,OHE_tower_car,true,false,true,done
TRD-2026-01593,TDMS,TDMS-01593,TRD,TRD-OHE-EARTHING,OHE-ENRMJR-01,edge,ENR-MJR-DN,,18.57,19.57,DN,proactive,2026-08-01,24,major,,false,power_block,48,3,none,true,false,true,done
ENG-2026-05397,TMS,TMS-05397,ENG,ENG-CURVE-REALIGN,BL-TITRL-15,edge,TI-TRL-UP,,37.63,38.43,UP,overdue,2026-06-09,3,major,,false,traffic_block,158,11,tamper,true,true,true,done
SNT-2026-01223,SMMS,SMMS-01223,SNT,SNT-AXLE-COUNTER,AC-MASBBQ-03,edge,MAS-BBQ-UP,,0.49,0.79,UP,proactive,2026-08-13,18,minor,,false,disconnection,114,3,none,true,true,true,done
ENG-2026-05398,TMS,TMS-05398,ENG,ENG-RAIL-RENEWAL,RL-TITRL-26,edge,TI-TRL-UP_SUB,,40.41,40.91,UP_SUB,defect,2026-06-11,88,1,2026-06-24,true,traffic_block,291,23,none,true,true,true,done
TRD-2026-01594,TDMS,TDMS-01594,TRD,TRD-OHE-MAST,MST-TITRL-18,edge,TI-TRL-UP_SUB,,37.26,37.46,UP_SUB,overdue,2026-02-24,66,critical,2026-03-20,true,power_block,118,7,OHE_tower_car,true,true,true,deferred
ENG-2026-05399,TMS,TMS-05399,ENG,ENG-RAIL-RENEWAL,RL-PVTBM-13,edge,PV-TBM-UP_SUB,,27.98,28.48,UP_SUB,emergency_followup,2026-06-28,57,2,,false,traffic_block,318,26,none,true,true,true,done
ENG-2025-05400,TMS,TMS-05400,ENG,ENG-DRAIN-CLEAR,,edge,PER-ABU-DN,,9.68,11.18,DN,overdue,2025-10-18,174,minor,,false,none,140,7,none,false,true,false,done
TRD-2026-01595,TDMS,TDMS-01595,TRD,TRD-OHE-DROPPER,CW-GISTM-02,edge,GI-STM-DN_SUB,,15.61,16.11,DN_SUB,overdue,2026-07-08,25,minor,2026-08-25,false,power_block,84,4,OHE_tower_car,true,false,true,done
SNT-2026-01224,SMMS,SMMS-01224,SNT,SNT-SIGNAL-REPLACE,SG-BBQTNP-02,edge,BBQ-TNP-UP,,2.76,2.86,UP,defect,2026-08-18,20,minor,,false,disconnection,212,5,none,true,true,true,pending
ENG-2025-05401,TMS,TMS-05401,ENG,ENG-SLEEPER-RENEWAL,SL-WJCJ-01,edge,WJ-CJ-SINGLE,,86.08,86.58,SINGLE,defect,2025-11-28,184,minor,,false,traffic_block,335,19,none,true,true,true,deferred
TRD-2025-01596,TDMS,TDMS-01596,TRD,TRD-OHE-MAST,MST-MSBMS-04,edge,MSB-MS-DN_SUB,,0.62,0.82,DN_SUB,overdue,2025-10-11,270,major,,false,power_block,148,6,OHE_tower_car,false,true,true,deferred
ENG-2026-05402,TMS,TMS-05402,ENG,ENG-DESTRESSING,RL-TRLAJJ-65,edge,TRL-AJJ-UP_SUB,,65.28,66.28,UP_SUB,routine,2026-02-13,78,3,,false,traffic_block,184,11,none,true,false,true,done
SNT-2026-01225,SMMS,SMMS-01225,SNT,SNT-TRACK-CIRCUIT,TC-BBQTNP-01,edge,BBQ-TNP-DN,,2.99,3.49,DN,routine,2026-08-14,24,minor,,false,disconnection,116,3,none,true,true,true,pending
ENG-2026-05403,TMS,TMS-05403,ENG,ENG-RAIL-RENEWAL,RL-TRLAJJ-46,edge,TRL-AJJ-UP,,67.45,67.95,UP,defect,2026-08-16,22,3,,false,traffic_block,314,23,none,true,true,true,pending
SNT-2026-01226,SMMS,SMMS-01226,SNT,SNT-CABLE-LAY,,edge,BBQ-PER-DN,,3.48,4.48,DN,defect,2026-03-06,38,major,,false,none,322,8,none,true,true,false,done
TRD-2025-01597,TDMS,TDMS-01597,TRD,TRD-OHE-MAST,MST-PERABU-02,edge,PER-ABU-DN,,11.86,12.06,DN,overdue,2025-11-03,161,minor,2026-01-02,false,power_block,145,6,OHE_tower_car,true,true,true,done
TRD-2025-01598,TDMS,TDMS-01598,TRD,TRD-OHE-INSP,OHE-MSBMS-07,edge,MSB-MS-UP_SUB,,2.48,4.30,UP_SUB,overdue,2025-10-14,137,major,,false,power_block,126,4,OHE_tower_car,true,false,true,done
TRD-2025-01599,TDMS,TDMS-01599,TRD,TRD-OHE-MAST,MST-TRLAJJ-30,edge,TRL-AJJ-UP,,46.41,46.61,UP,proactive,2025-09-18,318,minor,,false,power_block,177,7,OHE_tower_car,true,true,true,done
SNT-2026-01227,SMMS,SMMS-01227,SNT,SNT-TRACK-CIRCUIT,TC-MSMBM-06,edge,MS-MBM-DN_SUB,,8.12,8.62,DN_SUB,overdue,2026-04-09,145,major,,false,disconnection,109,3,none,true,true,true,done
SNT-2025-01228,SMMS,SMMS-01228,SNT,SNT-SIGNAL-LAMP,SG-PERABU-02,edge,PER-ABU-DN,,9.74,9.84,DN,overdue,2025-09-07,352,major,,false,none,57,2,none,false,false,true,done
TRD-2026-01600,TDMS,TDMS-01600,TRD,TRD-OHE-INSULATOR,INS-CGLWJ-04,edge,CGL-WJ-SINGLE,,72.44,72.54,SINGLE,defect,2026-02-14,173,major,,false,power_block,92,5,OHE_tower_car,false,true,true,done
ENG-2026-05404,TMS,TMS-05404,ENG,ENG-TURNOUT-OVERHAUL,TO-TBM-09,node,,TBM,29.14,29.14,,overdue,2026-07-18,35,major,,false,traffic_block,412,13,none,true,true,true,done
ENG-2026-05405,TMS,TMS-05405,ENG,ENG-RAIL-WELD,RL-AVDTI-14,edge,AVD-TI-UP,,26.70,27.70,UP,defect,2026-08-04,27,3,2026-10-22,false,traffic_block,237,7,none,true,false,true,done
SNT-2026-01229,SMMS,SMMS-01229,SNT,SNT-TRACK-CIRCUIT,TC-MSMBM-03,edge,MS-MBM-DN,,7.23,7.73,DN,overdue,2026-08-14,24,minor,,false,disconnection,122,3,none,true,true,true,scheduled
SNT-2026-01230,SMMS,SMMS-01230,SNT,SNT-TRACK-CIRCUIT,TC-ABUAVD-01,edge,ABU-AVD-DN,,15.51,16.01,DN,overdue,2026-08-05,22,minor,,false,disconnection,77,3,none,true,true,true,done
TRD-2025-01601,TDMS,TDMS-01601,TRD,TRD-OHE-FAULT,OHE-TITRL-20,edge,TI-TRL-UP_SUB,,39.52,39.82,UP_SUB,defect,2025-09-13,342,major,2025-10-19,false,power_block,120,6,OHE_tower_car,true,true,true,cancelled
SNT-2026-01231,SMMS,SMMS-01231,SNT,SNT-SIGNAL-REPLACE,SG-TKOAJJ-03,edge,TKO-AJJ-SINGLE,,117.90,118.00,SINGLE,defect,2026-04-11,109,major,2026-07-18,false,disconnection,231,5,none,false,true,true,deferred
SNT-2026-01232,SMMS,SMMS-01232,SNT,SNT-SIGNAL-REPLACE,SG-STMPV-07,edge,STM-PV-UP_SUB,,17.67,17.77,UP_SUB,defect,2026-09-03,4,major,,false,disconnection,229,5,none,true,true,true,in_progress
ENG-2025-05406,TMS,TMS-05406,ENG,ENG-SLEEPER-RENEWAL,SL-PERABU-11,edge,PER-ABU-UP,,14.43,14.93,UP,defect,2025-11-02,118,major,,false,traffic_block,275,16,none,true,true,true,done
TRD-2025-01602,TDMS,TDMS-01602,TRD,TRD-OHE-MAST,MST-TITRL-05,edge,TI-TRL-DN,,35.80,36.00,DN,routine,2025-11-27,27,minor,,false,power_block,205,7,OHE_tower_car,true,true,true,deferred
ENG-2026-05407,TMS,TMS-05407,ENG,ENG-TURNOUT-TAMP,TO-TBM-02,node,,TBM,29.14,29.14,,overdue,2026-04-06,134,critical,2026-04-16,true,traffic_block,259,9,tamper,true,true,true,deferred
TRD-2026-01603,TDMS,TDMS-01603,TRD,TRD-OHE-MAST,MST-PONGPD-07,edge,PON-GPD-UP,,41.43,41.63,UP,routine,2026-08-29,8,major,,false,power_block,178,6,OHE_tower_car,true,true,true,done
ENG-2025-05408,TMS,TMS-05408,ENG,ENG-TURNOUT-TAMP,TO-BBQ-11,node,,BBQ,2.00,2.00,,overdue,2025-09-16,15,critical,2025-10-11,true,traffic_block,189,9,tamper,true,true,true,deferred
TRD-2025-01604,TDMS,TDMS-01604,TRD,TRD-NEUTRAL-SECTION,OHE-TNPENR-10,edge,TNP-ENR-UP,,11.68,11.88,UP,overdue,2025-10-02,101,major,,false,power_block,138,6,OHE_tower_car,true,false,true,done
ENG-2026-05409,TMS,TMS-05409,ENG,ENG-SLEEPER-RENEWAL,SL-STMPV-03,edge,STM-PV-DN_SUB,,20.03,20.53,DN_SUB,defect,2026-02-07,50,minor,,false,traffic_block,323,17,none,true,true,true,done
TRD-2026-01605,TDMS,TDMS-01605,TRD,TRD-OHE-MAST,MST-ABUAVD-08,edge,ABU-AVD-UP_SUB,,16.09,16.29,UP_SUB,overdue,2026-03-22,133,minor,2026-06-28,false,power_block,146,6,OHE_tower_car,true,true,true,done
TRD-2026-01606,TDMS,TDMS-01606,TRD,TRD-NEUTRAL-SECTION,OHE-MSBMS-03,edge,MSB-MS-DN_SUB,,1.27,1.47,DN_SUB,overdue,2026-05-11,47,minor,2026-07-01,false,power_block,141,7,OHE_tower_car,true,false,true,done
SNT-2026-01233,SMMS,SMMS-01233,SNT,SNT-POINT-SERVICE,PT-MAS-10,node,,MAS,0.00,0.00,,routine,2026-03-02,114,critical,2026-03-20,true,disconnection,60,3,none,true,false,true,done
ENG-2026-05410,TMS,TMS-05410,ENG,ENG-TRACK-PATROL,,edge,TRL-AJJ-DN_SUB,,54.10,56.10,DN_SUB,overdue,2026-02-18,138,minor,,false,none,114,2,none,true,false,false,done
TRD-2025-01607,TDMS,TDMS-01607,TRD,TRD-OHE-WIRE-RENEW,CW-TRLAJJ-02,edge,TRL-AJJ-DN,,57.19,58.19,DN,defect,2025-11-29,69,minor,2026-01-30,false,power_block,291,8,OHE_tower_car,true,true,true,done
SNT-2025-01234,SMMS,SMMS-01234,SNT,SNT-AXLE-COUNTER,AC-TNPENR-03,edge,TNP-ENR-UP,,9.64,9.94,UP,overdue,2025-09-29,160,major,,false,disconnection,82,3,none,true,true,true,deferred
ENG-2025-05411,TMS,TMS-05411,ENG,ENG-DRAIN-CLEAR,,edge,AVD-TI-UP,,24.97,26.47,UP,overdue,2025-12-18,136,minor,2026-03-18,false,none,128,7,none,true,true,false,done
ENG-2025-05412,TMS,TMS-05412,ENG,ENG-DESTRESSING,RL-PVTBM-02,edge,PV-TBM-DN,,24.22,25.22,DN,overdue,2025-12-08,139,2,,false,traffic_block,347,12,none,true,false,true,done
SNT-2026-01235,SMMS,SMMS-01235,SNT,SNT-SIGNAL-REPLACE,SG-MBMGI-03,edge,MBM-GI-UP,,14.13,14.23,UP,defect,2026-01-03,190,critical,2026-01-13,true,disconnection,169,5,none,true,true,true,done
ENG-2025-05413,TMS,TMS-05413,ENG,ENG-USFD-TEST,RL-TRLAJJ-50,edge,TRL-AJJ-UP,,49.80,57.80,UP,routine,2025-10-16,68,2,,false,traffic_block,156,3,USFD_car,true,false,true,cancelled
ENG-2026-05414,TMS,TMS-05414,ENG,ENG-BALLAST-SCREEN,BL-TNPENR-04,edge,TNP-ENR-DN,,9.35,9.85,DN,routine,2026-07-10,59,minor,,false,traffic_block,356,16,BCM,true,true,true,scheduled
ENG-2025-05415,TMS,TMS-05415,ENG,ENG-DRAIN-CLEAR,,edge,MJR-PON-DN,,28.15,29.65,DN,overdue,2025-10-22,298,major,2026-02-16,false,none,185,7,none,true,true,false,done
SNT-2026-01236,SMMS,SMMS-01236,SNT,SNT-POINT-REPLACE,PT-AJJ-12,node,,AJJ,69.00,69.00,,defect,2026-08-18,20,critical,2026-09-06,true,disconnection,176,4,none,true,false,true,pending
ENG-2026-05416,TMS,TMS-05416,ENG,ENG-TURNOUT-OVERHAUL,TO-TBM-06,node,,TBM,29.14,29.14,,routine,2026-08-18,20,major,,false,traffic_block,410,15,none,true,true,true,scheduled
ENG-2025-05417,TMS,TMS-05417,ENG,ENG-TRACK-PATROL,,edge,MAS-BBQ-DN_SUB,,1.45,2.00,DN_SUB,proactive,2025-10-02,46,major,,false,none,122,2,none,true,false,false,done
TRD-2025-01608,TDMS,TDMS-01608,TRD,TRD-NEUTRAL-SECTION,OHE-MSMBM-12,edge,MS-MBM-UP,,9.62,9.82,UP,routine,2025-12-03,88,minor,2026-01-12,false,power_block,189,6,OHE_tower_car,true,false,true,done
TRD-2026-01609,TDMS,TDMS-01609,TRD,TRD-OHE-MAST,MST-MSMBM-09,edge,MS-MBM-UP,,4.47,4.67,UP,proactive,2026-08-31,7,major,,false,power_block,152,6,OHE_tower_car,true,true,true,in_progress
TRD-2026-01610,TDMS,TDMS-01610,TRD,TRD-OHE-MAST,MST-TRLAJJ-11,edge,TRL-AJJ-DN,,62.08,62.28,DN,routine,2026-06-08,18,minor,,false,power_block,185,6,OHE_tower_car,true,true,true,done
ENG-2026-05418,TMS,TMS-05418,ENG,ENG-BRIDGE-INSP,BR-TITRL-01,edge,TI-TRL-DN,,39.50,39.60,DN,overdue,2026-05-17,65,minor,2026-07-17,false,traffic_block,117,4,none,true,true,false,done
SNT-2026-01237,SMMS,SMMS-01237,SNT,SNT-POINT-REPLACE,PT-MSB-06,node,,MSB,0.00,0.00,,defect,2026-06-05,54,minor,,false,disconnection,181,4,none,true,false,true,done
SNT-2025-01238,SMMS,SMMS-01238,SNT,SNT-TRACK-CIRCUIT,TC-AVDTI-02,edge,AVD-TI-DN,,27.80,28.30,DN,overdue,2025-12-22,90,major,,false,disconnection,109,3,none,true,true,true,deferred
SNT-2026-01239,SMMS,SMMS-01239,SNT,SNT-POINT-REPLACE,PT-AJJ-03,node,,AJJ,69.00,69.00,,defect,2026-07-25,8,major,,false,disconnection,166,4,none,false,false,true,done
ENG-2025-05419,TMS,TMS-05419,ENG,ENG-RAIL-RENEWAL,RL-PVTBM-01,edge,PV-TBM-DN,,26.49,26.99,DN,defect,2025-09-15,82,2,,false,traffic_block,279,24,none,false,true,true,done
TRD-2026-01611,TDMS,TDMS-01611,TRD,TRD-NEUTRAL-SECTION,OHE-PERABU-12,edge,PER-ABU-UP,,13.95,14.15,UP,overdue,2026-03-05,70,minor,,false,power_block,185,6,OHE_tower_car,true,false,true,done
ENG-2026-05420,TMS,TMS-05420,ENG,ENG-BALLAST-SCREEN,BL-ABUAVD-01,edge,ABU-AVD-DN,,15.44,15.94,DN,emergency_followup,2026-04-05,127,major,,false,traffic_block,251,14,BCM,true,true,true,done
SNT-2026-01240,SMMS,SMMS-01240,SNT,SNT-SIGNAL-REPLACE,SG-TITRL-02,edge,TI-TRL-DN,,29.55,29.65,DN,defect,2026-07-13,56,minor,,false,disconnection,253,6,none,true,true,true,pending
ENG-2026-05421,TMS,TMS-05421,ENG,ENG-USFD-TEST,RL-CGLWJ-10,edge,CGL-WJ-SINGLE,,68.70,76.70,SINGLE,overdue,2026-02-05,185,3,,false,traffic_block,131,3,USFD_car,true,false,true,done
ENG-2026-05422,TMS,TMS-05422,ENG,ENG-DRAIN-CLEAR,,edge,BBQ-PER-UP,,3.15,4.65,UP,routine,2026-08-25,13,minor,,false,none,112,7,none,true,true,false,scheduled
TRD-2026-01612,TDMS,TDMS-01612,TRD,TRD-OHE-MAST,MST-TRLAJJ-37,edge,TRL-AJJ-UP_SUB,,58.13,58.33,UP_SUB,proactive,2026-08-28,10,major,2026-12-20,false,power_block,187,6,OHE_tower_car,true,true,true,scheduled
TRD-2026-01613,TDMS,TDMS-01613,TRD,TRD-OHE-INSP,OHE-MSBMS-05,edge,MSB-MS-UP,,1.23,4.30,UP,overdue,2026-07-10,59,major,,false,power_block,84,4,OHE_tower_car,false,false,true,pending
TRD-2026-01614,TDMS,TDMS-01614,TRD,TRD-OHE-INSULATOR,INS-TRLAJJ-06,edge,TRL-AJJ-DN,,47.58,47.68,DN,defect,2026-08-31,3,critical,2026-09-21,true,power_block,111,5,OHE_tower_car,false,true,true,done
ENG-2026-05423,TMS,TMS-05423,ENG,ENG-USFD-TEST,RL-TNPENR-03,edge,TNP-ENR-DN,,12.97,16.00,DN,overdue,2026-06-05,37,3,,false,traffic_block,130,3,USFD_car,false,false,true,done
SNT-2026-01241,SMMS,SMMS-01241,SNT,SNT-INTERLOCK-TEST,IL-AVD-01,node,,AVD,21.00,21.00,,defect,2026-08-09,29,minor,,false,disconnection,340,6,none,true,false,true,scheduled
ENG-2026-05424,TMS,TMS-05424,ENG,ENG-SLEEPER-RENEWAL,SL-TNPENR-01,edge,TNP-ENR-DN,,14.60,15.10,DN,defect,2026-05-30,32,major,,false,traffic_block,236,17,none,true,true,true,done
SNT-2026-01242,SMMS,SMMS-01242,SNT,SNT-AXLE-COUNTER,AC-ENRMJR-01,edge,ENR-MJR-DN,,21.16,21.46,DN,overdue,2026-08-30,8,major,,false,disconnection,77,3,none,true,true,true,pending
TRD-2025-01615,TDMS,TDMS-01615,TRD,TRD-OHE-MAST,MST-MSMBM-11,edge,MS-MBM-UP_SUB,,9.97,10.17,UP_SUB,overdue,2025-11-27,35,major,2026-02-04,false,power_block,149,7,OHE_tower_car,true,true,true,deferred
ENG-2025-05425,TMS,TMS-05425,ENG,ENG-TRACK-PATROL,,edge,PER-ABU-DN_SUB,,8.35,10.35,DN_SUB,proactive,2025-12-15,15,major,,false,none,95,2,none,true,false,false,done
TRD-2026-01616,TDMS,TDMS-01616,TRD,TRD-OHE-FAULT,OHE-BBQPER-07,edge,BBQ-PER-UP_SUB,,2.10,2.40,UP_SUB,defect,2026-05-03,51,minor,,false,power_block,115,6,OHE_tower_car,true,true,true,done
TRD-2025-01617,TDMS,TDMS-01617,TRD,TRD-NEUTRAL-SECTION,OHE-STMPV-04,edge,STM-PV-DN_SUB,,22.73,22.93,DN_SUB,routine,2025-11-20,41,major,,false,power_block,156,7,OHE_tower_car,true,false,true,done
ENG-2026-05426,TMS,TMS-05426,ENG,ENG-TURNOUT-OVERHAUL,TO-TBM-08,node,,TBM,29.14,29.14,,overdue,2026-09-01,5,critical,2026-09-22,true,traffic_block,290,12,none,true,true,true,done
ENG-2026-05427,TMS,TMS-05427,ENG,ENG-SLEEPER-RENEWAL,SL-PVTBM-04,edge,PV-TBM-DN_SUB,,24.48,24.98,DN_SUB,defect,2026-09-03,4,minor,2026-11-18,false,traffic_block,363,16,none,true,true,true,done
ENG-2026-05428,TMS,TMS-05428,ENG,ENG-TURNOUT-TAMP,TO-AJJ-11,node,,AJJ,69.00,69.00,,overdue,2026-08-22,5,minor,,false,traffic_block,137,9,tamper,true,true,true,done
SNT-2026-01243,SMMS,SMMS-01243,SNT,SNT-AXLE-COUNTER,AC-TITRL-10,edge,TI-TRL-UP_SUB,,31.09,31.39,UP_SUB,routine,2026-08-21,17,major,,false,disconnection,89,3,none,true,true,true,in_progress
SNT-2026-01244,SMMS,SMMS-01244,SNT,SNT-AXLE-COUNTER,AC-MSMBM-03,edge,MS-MBM-UP,,6.48,6.78,UP,routine,2026-07-30,38,major,,false,disconnection,82,3,none,false,true,true,done
TRD-2026-01618,TDMS,TDMS-01618,TRD,TRD-OHE-MAST,MST-MSMBM-11,edge,MS-MBM-UP_SUB,,9.97,10.17,UP_SUB,overdue,2026-08-27,11,major,,false,power_block,168,6,OHE_tower_car,true,true,true,in_progress
ENG-2026-05429,TMS,TMS-05429,ENG,ENG-TURNOUT-TAMP,TO-PER-08,node,,PER,5.00,5.00,,overdue,2026-01-07,215,minor,,false,traffic_block,209,9,tamper,true,true,true,done
TRD-2026-01619,TDMS,TDMS-01619,TRD,TRD-OHE-WIRE-RENEW,CW-TRLAJJ-11,edge,TRL-AJJ-DN_SUB,,67.68,68.50,DN_SUB,proactive,2026-04-21,70,major,,false,power_block,405,10,OHE_tower_car,true,true,true,cancelled
SNT-2025-01245,SMMS,SMMS-01245,SNT,SNT-TRACK-CIRCUIT,TC-TRLAJJ-23,edge,TRL-AJJ-UP,,43.74,44.24,UP,emergency_followup,2025-12-13,253,major,,false,disconnection,127,3,none,true,true,true,done
ENG-2025-05430,TMS,TMS-05430,ENG,ENG-RAIL-RENEWAL,RL-MJRPON-02,edge,MJR-PON-DN,,28.71,29.21,DN,defect,2025-10-18,223,1,2025-10-29,true,traffic_block,497,24,none,true,true,true,done
ENG-2026-05431,TMS,TMS-05431,ENG,ENG-SLEEPER-RENEWAL,SL-MSBMS-05,edge,MSB-MS-UP,,3.96,4.30,UP,proactive,2026-01-03,17,major,,false,traffic_block,342,21,none,true,true,true,done
TRD-2025-01620,TDMS,TDMS-01620,TRD,TRD-OHE-WIRE-RENEW,CW-TITRL-13,edge,TI-TRL-UP_SUB,,34.56,35.56,UP_SUB,defect,2025-12-31,75,minor,,false,power_block,270,9,OHE_tower_car,false,true,true,done
ENG-2026-05432,TMS,TMS-05432,ENG,ENG-SLEEPER-RENEWAL,SL-MSBMS-05,edge,MSB-MS-UP,,3.96,4.30,UP,defect,2026-07-19,1,major,,false,traffic_block,267,18,none,true,true,true,done
ENG-2026-05433,TMS,TMS-05433,ENG,ENG-SLEEPER-RENEWAL,SL-MASBBQ-03,edge,MAS-BBQ-UP,,0.76,1.26,UP,defect,2026-01-12,14,major,,false,traffic_block,424,21,none,true,true,true,done
SNT-2025-01246,SMMS,SMMS-01246,SNT,SNT-TRACK-CIRCUIT,TC-MSBMS-08,edge,MSB-MS-UP_SUB,,3.99,4.30,UP_SUB,overdue,2025-09-12,10,minor,,false,disconnection,89,3,none,true,true,true,done
ENG-2025-05434,TMS,TMS-05434,ENG,ENG-SLEEPER-RENEWAL,SL-GISTM-01,edge,GI-STM-DN,,17.04,17.10,DN,defect,2025-12-19,159,minor,,false,traffic_block,262,17,none,true,true,true,done
ENG-2026-05435,TMS,TMS-05435,ENG,ENG-TAMPING,BL-PERABU-13,edge,PER-ABU-UP_SUB,,11.10,13.10,UP_SUB,routine,2026-04-30,61,minor,,false,traffic_block,293,9,tamper,true,true,true,done
SNT-2025-01247,SMMS,SMMS-01247,SNT,SNT-SIGNAL-LAMP,SG-TRLAJJ-27,edge,TRL-AJJ-UP,,60.01,60.11,UP,overdue,2025-11-06,178,critical,2025-11-21,true,none,53,2,none,true,false,true,done
SNT-2026-01248,SMMS,SMMS-01248,SNT,SNT-TRACK-CIRCUIT,TC-TRLAJJ-30,edge,TRL-AJJ-UP,,64.21,64.71,UP,overdue,2026-04-29,105,minor,2026-06-24,false,disconnection,127,3,none,true,true,true,deferred
SNT-2026-01249,SMMS,SMMS-01249,SNT,SNT-TRACK-CIRCUIT,TC-TRLAJJ-26,edge,TRL-AJJ-UP,,44.17,44.67,UP,proactive,2026-07-09,60,major,2026-09-09,false,disconnection,92,4,none,true,true,true,pending
ENG-2026-05436,TMS,TMS-05436,ENG,ENG-TURNOUT-TAMP,TO-BBQ-01,node,,BBQ,2.00,2.00,,routine,2026-08-08,1,minor,2026-09-07,false,traffic_block,253,8,tamper,true,true,true,done
ENG-2026-05437,TMS,TMS-05437,ENG,ENG-RAIL-WELD,RL-TRLAJJ-22,edge,TRL-AJJ-DN_SUB,,67.68,68.50,DN_SUB,proactive,2026-08-09,29,2,,false,traffic_block,220,7,none,true,false,true,scheduled
SNT-2026-01250,SMMS,SMMS-01250,SNT,SNT-AXLE-COUNTER,AC-AVDTI-08,edge,AVD-TI-UP_SUB,,26.87,27.17,UP_SUB,overdue,2026-07-28,16,minor,,false,disconnection,93,3,none,true,true,true,done
ENG-2025-05438,TMS,TMS-05438,ENG,ENG-BALLAST-REGULATE,BL-GISTM-03,edge,GI-STM-UP,,15.25,17.10,UP,routine,2025-12-20,92,major,,false,traffic_block,93,4,ballast_regulator,true,true,true,done
TRD-2025-01621,TDMS,TDMS-01621,TRD,TRD-OHE-DROPPER,CW-PERABU-09,edge,PER-ABU-UP,,13.75,14.25,UP,routine,2025-12-24,179,critical,2026-01-10,true,power_block,98,4,OHE_tower_car,true,false,true,done
ENG-2025-05439,TMS,TMS-05439,ENG,ENG-TURNOUT-TAMP,TO-GPD-05,node,,GPD,47.00,47.00,,overdue,2025-12-30,226,critical,2026-01-26,true,traffic_block,177,9,tamper,true,true,true,done
ENG-2026-05440,TMS,TMS-05440,ENG,ENG-TURNOUT-OVERHAUL,TO-MSB-07,node,,MSB,0.00,0.00,,overdue,2026-01-13,133,minor,,false,traffic_block,290,15,none,true,true,true,done
SNT-2025-01251,SMMS,SMMS-01251,SNT,SNT-AXLE-COUNTER,AC-GISTM-03,edge,GI-STM-UP,,15.68,15.98,UP,overdue,2025-12-15,30,major,,false,disconnection,113,3,none,true,true,true,deferred
ENG-2026-05441,TMS,TMS-05441,ENG,ENG-DRAIN-CLEAR,,edge,WJ-CJ-SINGLE,,95.07,95.80,SINGLE,routine,2026-03-30,93,major,,false,none,178,6,none,true,true,false,done
SNT-2026-01252,SMMS,SMMS-01252,SNT,SNT-TRACK-CIRCUIT,TC-ABUAVD-04,edge,ABU-AVD-DN_SUB,,19.18,19.68,DN_SUB,overdue,2026-07-18,30,minor,,false,disconnection,99,3,none,true,true,true,done
SNT-2025-01253,SMMS,SMMS-01253,SNT,SNT-AXLE-COUNTER,AC-PERABU-07,edge,PER-ABU-UP_SUB,,12.39,12.69,UP_SUB,overdue,2025-11-17,234,critical,2025-12-04,true,disconnection,88,3,none,true,true,true,done
ENG-2025-05442,TMS,TMS-05442,ENG,ENG-TURNOUT-TAMP,TO-MAS-17,node,,MAS,0.00,0.00,,routine,2025-12-06,181,major,,false,traffic_block,228,8,tamper,true,true,true,done
ENG-2026-05443,TMS,TMS-05443,ENG,ENG-USFD-TEST,RL-TITRL-24,edge,TI-TRL-UP,,32.06,40.06,UP,overdue,2026-09-07,0,1,2026-09-24,true,traffic_block,115,3,USFD_car,true,false,true,pending
ENG-2026-05444,TMS,TMS-05444,ENG,ENG-SLEEPER-RENEWAL,SL-TMLPTKO-01,edge,TMLP-TKO-SINGLE,,109.84,110.34,SINGLE,defect,2026-07-27,42,critical,2026-08-14,true,traffic_block,252,19,none,true,true,true,pending
ENG-2026-05445,TMS,TMS-05445,ENG,ENG-TURNOUT-TAMP,TO-MAS-01,node,,MAS,0.00,0.00,,routine,2026-08-24,14,major,,false,traffic_block,209,8,tamper,true,true,true,scheduled
ENG-2026-05446,TMS,TMS-05446,ENG,ENG-SLEEPER-RENEWAL,SL-TNPENR-08,edge,TNP-ENR-UP,,6.01,6.51,UP,defect,2026-01-31,85,major,,false,traffic_block,231,19,none,false,true,true,done
SNT-2026-01254,SMMS,SMMS-01254,SNT,SNT-AXLE-COUNTER,AC-CJTMLP-02,edge,CJ-TMLP-SINGLE,,107.05,107.35,SINGLE,overdue,2026-05-22,43,major,,false,disconnection,84,3,none,true,true,true,done
TRD-2025-01622,TDMS,TDMS-01622,TRD,TRD-OHE-INSULATOR,INS-MSBMS-01,edge,MSB-MS-DN,,1.60,1.70,DN,defect,2025-10-11,232,major,2026-02-02,false,power_block,78,4,OHE_tower_car,true,true,true,done
ENG-2025-05447,TMS,TMS-05447,ENG,ENG-DESTRESSING,RL-TRLAJJ-42,edge,TRL-AJJ-UP,,43.73,44.73,UP,overdue,2025-11-18,83,IMDT,2025-11-19,true,traffic_block,221,10,none,true,false,true,done
ENG-2026-05448,TMS,TMS-05448,ENG,ENG-DRAIN-CLEAR,,edge,PER-ABU-UP_SUB,,12.32,13.82,UP_SUB,routine,2026-08-12,26,major,,false,none,143,6,none,true,true,false,in_progress
ENG-2026-05449,TMS,TMS-05449,ENG,ENG-SLEEPER-RENEWAL,SL-TITRL-09,edge,TI-TRL-DN_SUB,,40.11,40.61,DN_SUB,defect,2026-08-30,8,major,,false,traffic_block,315,19,none,true,true,true,pending
SNT-2026-01255,SMMS,SMMS-01255,SNT,SNT-CABLE-LAY,,edge,MBM-GI-UP_SUB,,12.57,13.57,UP_SUB,defect,2026-07-21,22,critical,2026-08-12,true,none,276,9,none,true,true,false,done
ENG-2026-05450,TMS,TMS-05450,ENG,ENG-CURVE-REALIGN,BL-PONGPD-04,edge,PON-GPD-DN,,38.02,38.82,DN,overdue,2026-05-12,87,minor,,false,traffic_block,146,10,tamper,true,true,true,done
ENG-2025-05451,TMS,TMS-05451,ENG,ENG-SLEEPER-RENEWAL,SL-MBMGI-02,edge,MBM-GI-DN_SUB,,11.41,11.91,DN_SUB,emergency_followup,2025-10-19,152,major,2025-12-13,false,traffic_block,373,19,none,true,true,true,done
TRD-2026-01623,TDMS,TDMS-01623,TRD,TRD-OHE-WIRE-RENEW,CW-GISTM-01,edge,GI-STM-DN,,16.42,17.10,DN,defect,2026-01-05,127,minor,2026-04-03,false,power_block,284,8,OHE_tower_car,true,true,true,done
ENG-2026-05452,TMS,TMS-05452,ENG,ENG-TURNOUT-OVERHAUL,TO-MS-01,node,,MS,4.32,4.32,,overdue,2026-02-25,31,minor,,false,traffic_block,404,13,none,false,true,true,done
ENG-2026-05453,TMS,TMS-05453,ENG,ENG-USFD-TEST,RL-MSBMS-05,edge,MSB-MS-DN_SUB,,2.34,4.30,DN_SUB,overdue,2026-02-20,89,1,2026-02-27,true,traffic_block,159,3,USFD_car,true,false,true,done
SNT-2025-01256,SMMS,SMMS-01256,SNT,SNT-AXLE-COUNTER,AC-MSMBM-03,edge,MS-MBM-UP,,6.48,6.78,UP,overdue,2025-11-30,260,minor,2026-01-24,false,disconnection,71,3,none,true,true,true,done
ENG-2025-05454,TMS,TMS-05454,ENG,ENG-CURVE-REALIGN,BL-PERABU-10,edge,PER-ABU-UP,,12.83,13.63,UP,overdue,2025-12-29,122,critical,2026-01-24,true,traffic_block,242,11,tamper,true,true,true,cancelled
ENG-2026-05455,TMS,TMS-05455,ENG,ENG-TURNOUT-OVERHAUL,TO-AJJ-08,node,,AJJ,69.00,69.00,,overdue,2026-08-29,9,minor,,false,traffic_block,272,13,none,true,true,true,scheduled
ENG-2026-05456,TMS,TMS-05456,ENG,ENG-RAIL-WELD,RL-TRLAJJ-12,edge,TRL-AJJ-DN,,48.42,49.42,DN,defect,2026-08-17,21,3,,false,traffic_block,231,7,none,true,false,true,pending
ENG-2026-05457,TMS,TMS-05457,ENG,ENG-TURNOUT-OVERHAUL,TO-MSB-12,node,,MSB,0.00,0.00,,emergency_followup,2026-08-31,7,major,2026-12-22,false,traffic_block,432,13,none,false,true,true,pending
SNT-2026-01257,SMMS,SMMS-01257,SNT,SNT-AXLE-COUNTER,AC-TRLAJJ-15,edge,TRL-AJJ-UP,,64.40,64.70,UP,overdue,2026-03-19,118,minor,,false,disconnection,90,3,none,true,true,true,done
ENG-2026-05458,TMS,TMS-05458,ENG,ENG-TRACK-PATROL,,edge,MBM-GI-UP_SUB,,14.07,15.00,UP_SUB,proactive,2026-01-28,64,major,,false,none,85,2,none,true,false,false,cancelled
ENG-2026-05459,TMS,TMS-05459,ENG,ENG-SLEEPER-RENEWAL,SL-TKOAJJ-05,edge,TKO-AJJ-SINGLE,,115.30,115.80,SINGLE,defect,2026-07-21,48,major,,false,traffic_block,349,18,none,true,true,true,in_progress
ENG-2025-05460,TMS,TMS-05460,ENG,ENG-RAIL-WELD,RL-TRLAJJ-03,edge,TRL-AJJ-DN,,50.61,51.61,DN,defect,2025-11-27,78,2,2026-02-08,false,traffic_block,190,6,none,true,false,true,done
ENG-2026-05461,TMS,TMS-05461,ENG,ENG-TRACK-PATROL,,edge,AVD-TI-UP,,25.52,27.52,UP,routine,2026-07-21,9,critical,2026-08-06,true,none,105,2,none,true,false,false,done
ENG-2025-05462,TMS,TMS-05462,ENG,ENG-RAIL-WELD,RL-TKOAJJ-06,edge,TKO-AJJ-SINGLE,,120.19,121.19,SINGLE,defect,2025-12-30,157,1,2026-01-18,true,traffic_block,219,8,none,true,false,true,done
ENG-2025-05463,TMS,TMS-05463,ENG,ENG-BALLAST-REGULATE,BL-BBQTNP-02,edge,BBQ-TNP-UP,,3.39,5.00,UP,routine,2025-10-31,117,major,2026-01-16,false,traffic_block,146,5,ballast_regulator,true,true,true,cancelled
ENG-2025-05464,TMS,TMS-05464,ENG,ENG-USFD-TEST,RL-TNPENR-04,edge,TNP-ENR-DN,,8.51,16.00,DN,overdue,2025-10-27,50,1,2025-11-11,true,traffic_block,131,3,USFD_car,true,false,true,done
SNT-2025-01258,SMMS,SMMS-01258,SNT,SNT-TRACK-CIRCUIT,TC-MSMBM-03,edge,MS-MBM-DN,,7.23,7.73,DN,routine,2025-10-03,49,minor,,false,disconnection,72,3,none,true,true,true,done
TRD-2026-01624,TDMS,TDMS-01624,TRD,TRD-OHE-INSULATOR,INS-TRLAJJ-18,edge,TRL-AJJ-UP,,58.20,58.30,UP,defect,2026-04-08,26,minor,,false,power_block,122,4,OHE_tower_car,true,true,true,cancelled
ENG-2026-05465,TMS,TMS-05465,ENG,ENG-SLEEPER-RENEWAL,SL-MSMBM-05,edge,MS-MBM-UP,,9.13,9.63,UP,defect,2026-02-19,169,major,2026-04-27,false,traffic_block,338,17,none,true,true,true,done
ENG-2025-05466,TMS,TMS-05466,ENG,ENG-DESTRESSING,RL-PERABU-24,edge,PER-ABU-UP_SUB,,7.05,8.05,UP_SUB,proactive,2025-11-03,288,2,,false,traffic_block,324,11,none,false,false,true,done
ENG-2026-05467,TMS,TMS-05467,ENG,ENG-BALLAST-REGULATE,BL-ENRMJR-08,edge,ENR-MJR-UP,,23.46,25.46,UP,routine,2026-04-16,70,minor,2026-06-09,false,traffic_block,165,4,ballast_regulator,true,true,true,done
ENG-2026-05468,TMS,TMS-05468,ENG,ENG-TAMPING,BL-TRLAJJ-02,edge,TRL-AJJ-DN,,67.10,68.50,DN,overdue,2026-09-06,1,critical,2026-09-17,true,traffic_block,325,9,tamper,true,true,true,pending
ENG-2025-05469,TMS,TMS-05469,ENG,ENG-SLEEPER-RENEWAL,SL-PERABU-03,edge,PER-ABU-DN,,11.45,11.95,DN,defect,2025-10-12,298,major,2025-12-10,false,traffic_block,252,16,none,true,true,true,done
ENG-2025-05470,TMS,TMS-05470,ENG,ENG-TRACK-PATROL,,edge,TI-TRL-DN_SUB,,41.17,42.00,DN_SUB,overdue,2025-12-15,114,minor,,false,none,93,2,none,true,false,false,done
SNT-2026-01259,SMMS,SMMS-01259,SNT,SNT-POINT-REPLACE,PT-MAS-08,node,,MAS,0.00,0.00,,emergency_followup,2026-09-04,3,major,2026-12-08,false,disconnection,197,4,none,true,false,true,done
ENG-2026-05471,TMS,TMS-05471,ENG,ENG-BALLAST-SCREEN,BL-BBQTNP-02,edge,BBQ-TNP-UP,,3.39,3.89,UP,routine,2026-06-11,26,major,,false,traffic_block,320,14,BCM,true,true,true,done
SNT-2026-01260,SMMS,SMMS-01260,SNT,SNT-POINT-REPLACE,PT-TNP-05,node,,TNP,5.00,5.00,,defect,2026-08-21,11,major,,false,disconnection,195,5,none,true,false,true,done
TRD-2026-01625,TDMS,TDMS-01625,TRD,TRD-OHE-DROPPER,CW-PERABU-09,edge,PER-ABU-UP,,13.75,14.25,UP,routine,2026-07-20,37,major,,false,power_block,83,4,OHE_tower_car,true,false,true,done
SNT-2026-01261,SMMS,SMMS-01261,SNT,SNT-SIGNAL-REPLACE,SG-ABUAVD-04,edge,ABU-AVD-DN_SUB,,20.51,20.61,DN_SUB,defect,2026-01-23,142,minor,,false,disconnection,157,6,none,false,true,true,done
ENG-2025-05472,TMS,TMS-05472,ENG,ENG-RAIL-GRIND,RL-TRLAJJ-11,edge,TRL-AJJ-DN,,42.84,45.84,DN,overdue,2025-10-25,125,2,,false,traffic_block,201,4,rail_grinder,true,false,true,done
ENG-2026-05473,TMS,TMS-05473,ENG,ENG-RAIL-WELD,RL-BBQPER-02,edge,BBQ-PER-DN,,2.86,3.86,DN,defect,2026-08-16,4,1,2026-08-23,true,traffic_block,212,7,none,true,false,true,cancelled
ENG-2025-05474,TMS,TMS-05474,ENG,ENG-RAIL-RENEWAL,RL-PVTBM-08,edge,PV-TBM-DN_SUB,,25.42,25.92,DN_SUB,defect,2025-10-26,152,2,,false,traffic_block,384,26,none,true,true,true,deferred
ENG-2026-05475,TMS,TMS-05475,ENG,ENG-TURNOUT-TAMP,TO-MAS-01,node,,MAS,0.00,0.00,,routine,2026-04-07,100,minor,,false,traffic_block,246,8,tamper,true,true,true,done
ENG-2025-05476,TMS,TMS-05476,ENG,ENG-SLEEPER-RENEWAL,SL-AVDTI-01,edge,AVD-TI-DN,,23.79,24.29,DN,defect,2025-10-29,198,minor,,false,traffic_block,306,18,none,true,true,true,done
SNT-2025-01262,SMMS,SMMS-01262,SNT,SNT-AXLE-COUNTER,AC-BBQPER-02,edge,BBQ-PER-DN_SUB,,3.54,3.84,DN_SUB,routine,2025-11-14,207,minor,,false,disconnection,86,3,none,true,true,true,done
ENG-2026-05477,TMS,TMS-05477,ENG,ENG-DESTRESSING,RL-BBQPER-08,edge,BBQ-PER-UP_SUB,,4.11,5.00,UP_SUB,overdue,2026-03-24,99,1,2026-04-01,true,traffic_block,311,12,none,true,false,true,done
SNT-2026-01263,SMMS,SMMS-01263,SNT,SNT-AXLE-COUNTER,AC-TKOAJJ-02,edge,TKO-AJJ-SINGLE,,116.72,117.02,SINGLE,routine,2026-06-11,7,minor,,false,disconnection,88,3,none,true,true,true,done
ENG-2026-05478,TMS,TMS-05478,ENG,ENG-RAIL-WELD,RL-PERABU-17,edge,PER-ABU-UP,,10.36,11.36,UP,defect,2026-01-08,153,3,,false,traffic_block,154,6,none,true,false,true,done
TRD-2026-01626,TDMS,TDMS-01626,TRD,TRD-OHE-DROPPER,CW-CGLWJ-03,edge,CGL-WJ-SINGLE,,61.62,62.12,SINGLE,overdue,2026-05-25,51,minor,2026-07-21,false,power_block,91,4,OHE_tower_car,true,false,true,done
SNT-2025-01264,SMMS,SMMS-01264,SNT,SNT-TRACK-CIRCUIT,TC-TITRL-05,edge,TI-TRL-DN,,31.02,31.52,DN,routine,2025-12-09,109,minor,,false,disconnection,100,3,none,true,true,true,deferred
ENG-2026-05479,TMS,TMS-05479,ENG,ENG-TRACK-PATROL,,edge,STM-PV-DN,,22.77,23.10,DN,emergency_followup,2026-04-02,47,major,,false,none,101,2,none,false,false,false,done
ENG-2025-05480,TMS,TMS-05480,ENG,ENG-RAIL-RENEWAL,RL-BBQPER-06,edge,BBQ-PER-UP,,3.12,3.62,UP,defect,2025-12-31,244,2,,false,traffic_block,279,21,none,true,true,true,done
TRD-2026-01627,TDMS,TDMS-01627,TRD,TRD-OHE-TENSION,OHE-MSMBM-16,edge,MS-MBM-UP_SUB,,7.64,7.94,UP_SUB,routine,2026-02-18,39,major,2026-05-13,false,power_block,172,4,OHE_tower_car,true,false,true,done
ENG-2025-05481,TMS,TMS-05481,ENG,ENG-TURNOUT-TAMP,TO-BBQ-01,node,,BBQ,2.00,2.00,,routine,2025-09-26,87,critical,2025-10-22,true,traffic_block,175,10,tamper,false,true,true,done
TRD-2026-01628,TDMS,TDMS-01628,TRD,TRD-OHE-INSULATOR,INS-STMPV-02,edge,STM-PV-DN_SUB,,19.92,20.02,DN_SUB,defect,2026-04-12,102,minor,,false,power_block,95,4,OHE_tower_car,true,true,true,done
ENG-2026-05482,TMS,TMS-05482,ENG,ENG-SLEEPER-RENEWAL,SL-TNPENR-02,edge,TNP-ENR-DN,,6.00,6.50,DN,defect,2026-02-14,170,minor,,false,traffic_block,259,21,none,true,true,true,cancelled
TRD-2025-01629,TDMS,TDMS-01629,TRD,TRD-OHE-WIRE-RENEW,CW-TRLAJJ-10,edge,TRL-AJJ-DN_SUB,,52.86,53.86,DN_SUB,proactive,2025-10-28,55,minor,,false,power_block,318,10,OHE_tower_car,false,true,true,done
ENG-2025-05483,TMS,TMS-05483,ENG,ENG-RAIL-RENEWAL,RL-BBQPER-04,edge,BBQ-PER-DN_SUB,,3.32,3.82,DN_SUB,proactive,2025-12-22,101,3,,false,traffic_block,519,21,none,true,true,true,done
ENG-2026-05484,TMS,TMS-05484,ENG,ENG-TRACK-PATROL,,edge,MAS-BBQ-UP,,0.89,2.00,UP,overdue,2026-05-10,70,minor,,false,none,100,2,none,true,false,false,done
ENG-2025-05485,TMS,TMS-05485,ENG,ENG-USFD-TEST,RL-TNPENR-11,edge,TNP-ENR-UP,,7.41,15.41,UP,overdue,2025-12-02,233,3,,false,traffic_block,154,3,USFD_car,true,false,true,done
ENG-2026-05486,TMS,TMS-05486,ENG,ENG-TURNOUT-OVERHAUL,TO-PER-06,node,,PER,5.00,5.00,,routine,2026-08-21,16,major,2026-12-19,false,traffic_block,418,15,none,false,true,true,done
ENG-2025-05487,TMS,TMS-05487,ENG,ENG-CURVE-REALIGN,BL-TNPENR-01,edge,TNP-ENR-DN,,15.75,16.00,DN,overdue,2025-11-10,231,major,,false,traffic_block,216,11,tamper,false,true,true,done
ENG-2026-05488,TMS,TMS-05488,ENG,ENG-SLEEPER-RENEWAL,SL-TITRL-04,edge,TI-TRL-DN,,33.08,33.58,DN,defect,2026-06-16,51,major,,false,traffic_block,259,19,none,true,true,true,done
ENG-2026-05489,TMS,TMS-05489,ENG,ENG-TURNOUT-OVERHAUL,TO-MS-07,node,,MS,4.32,4.32,,overdue,2026-01-31,169,minor,,false,traffic_block,294,15,none,true,true,true,done
SNT-2026-01265,SMMS,SMMS-01265,SNT,SNT-TRACK-CIRCUIT,TC-MSBMS-01,edge,MSB-MS-DN,,0.81,1.31,DN,overdue,2026-01-24,85,critical,2026-02-05,true,disconnection,76,3,none,true,true,true,done
SNT-2026-01266,SMMS,SMMS-01266,SNT,SNT-TRACK-CIRCUIT,TC-STMPV-08,edge,STM-PV-UP_SUB,,22.28,22.78,UP_SUB,proactive,2026-05-05,89,minor,2026-07-09,false,disconnection,96,3,none,true,true,true,done
ENG-2026-05490,TMS,TMS-05490,ENG,ENG-TURNOUT-TAMP,TO-PER-03,node,,PER,5.00,5.00,,routine,2026-08-25,13,minor,,false,traffic_block,216,8,tamper,false,true,true,in_progress
SNT-2026-01267,SMMS,SMMS-01267,SNT,SNT-SIGNAL-LAMP,SG-TRLAJJ-03,edge,TRL-AJJ-DN,,46.83,46.93,DN,overdue,2026-06-24,75,minor,,false,none,36,2,none,true,false,true,in_progress
ENG-2025-05491,TMS,TMS-05491,ENG,ENG-USFD-TEST,RL-MJRPON-10,edge,MJR-PON-UP,,30.00,35.00,UP,overdue,2025-11-27,53,3,,false,traffic_block,169,3,USFD_car,true,false,true,done
SNT-2025-01268,SMMS,SMMS-01268,SNT,SNT-TRACK-CIRCUIT,TC-PERABU-12,edge,PER-ABU-UP,,10.02,10.52,UP,proactive,2025-09-27,179,minor,,false,disconnection,73,3,none,true,true,true,done
ENG-2025-05492,TMS,TMS-05492,ENG,ENG-BALLAST-SCREEN,BL-MBMGI-04,edge,MBM-GI-UP_SUB,,12.52,13.02,UP_SUB,overdue,2025-10-25,28,critical,2025-11-06,true,traffic_block,370,12,BCM,true,true,true,done
SNT-2026-01269,SMMS,SMMS-01269,SNT,SNT-POINT-SERVICE,PT-TNP-03,node,,TNP,5.00,5.00,,overdue,2026-02-07,63,major,,false,disconnection,58,3,none,true,false,true,done
SNT-2026-01270,SMMS,SMMS-01270,SNT,SNT-TRACK-CIRCUIT,TC-MSBMS-01,edge,MSB-MS-DN,,0.81,1.31,DN,overdue,2026-03-01,36,major,2026-04-06,false,disconnection,104,3,none,true,true,true,done
ENG-2026-05493,TMS,TMS-05493,ENG,ENG-TURNOUT-TAMP,TO-ENR-06,node,,ENR,16.00,16.00,,overdue,2026-07-28,7,minor,,false,traffic_block,247,10,tamper,true,true,true,cancelled
SNT-2025-01271,SMMS,SMMS-01271,SNT,SNT-TRACK-CIRCUIT,TC-PVTBM-08,edge,PV-TBM-UP_SUB,,28.94,29.10,UP_SUB,routine,2025-10-16,170,minor,,false,disconnection,100,3,none,true,true,true,cancelled
ENG-2025-05494,TMS,TMS-05494,ENG,ENG-BALLAST-REGULATE,BL-MASBBQ-03,edge,MAS-BBQ-UP,,1.88,2.00,UP,routine,2025-10-23,140,critical,2025-11-02,true,traffic_block,164,5,ballast_regulator,true,true,true,done
ENG-2026-05495,TMS,TMS-05495,ENG,ENG-SLEEPER-RENEWAL,SL-AVDTI-11,edge,AVD-TI-UP_SUB,,27.92,28.42,UP_SUB,defect,2026-05-09,115,minor,,false,traffic_block,383,19,none,false,true,true,done
TRD-2026-01630,TDMS,TDMS-01630,TRD,TRD-OHE-EARTHING,OHE-STMPV-07,edge,STM-PV-UP,,22.95,23.10,UP,routine,2026-08-14,9,major,2026-09-19,false,power_block,85,3,none,true,false,true,done
ENG-2026-05496,TMS,TMS-05496,ENG,ENG-DESTRESSING,RL-TRLAJJ-22,edge,TRL-AJJ-DN_SUB,,67.68,68.50,DN_SUB,routine,2026-08-10,15,2,,false,traffic_block,300,11,none,true,false,true,done
SNT-2026-01272,SMMS,SMMS-01272,SNT,SNT-SIGNAL-LAMP,SG-TRLAJJ-06,edge,TRL-AJJ-DN,,49.01,49.11,DN,overdue,2026-04-28,93,major,2026-08-04,false,none,34,2,none,true,false,true,done
SNT-2026-01273,SMMS,SMMS-01273,SNT,SNT-POINT-REPLACE,PT-GPD-03,node,,GPD,47.00,47.00,,defect,2026-08-11,27,minor,,false,disconnection,164,4,none,true,false,true,pending
TRD-2026-01631,TDMS,TDMS-01631,TRD,TRD-OHE-EARTHING,OHE-BBQPER-06,edge,BBQ-PER-UP,,4.30,5.00,UP,routine,2026-02-28,143,major,,false,power_block,65,3,none,false,false,true,done
TRD-2025-01632,TDMS,TDMS-01632,TRD,TRD-OHE-MAST,MST-PERABU-03,edge,PER-ABU-DN,,8.60,8.80,DN,overdue,2025-10-24,153,minor,,false,power_block,142,7,OHE_tower_car,true,true,true,done
TRD-2026-01633,TDMS,TDMS-01633,TRD,TRD-OHE-TENSION,OHE-TRLAJJ-42,edge,TRL-AJJ-UP_SUB,,46.06,46.36,UP_SUB,proactive,2026-07-11,37,major,,false,power_block,130,4,OHE_tower_car,true,false,true,done
SNT-2025-01274,SMMS,SMMS-01274,SNT,SNT-SIGNAL-LAMP,SG-GISTM-04,edge,GI-STM-UP_SUB,,16.82,16.92,UP_SUB,overdue,2025-10-08,260,minor,,false,none,54,2,none,false,false,true,deferred
SNT-2026-01275,SMMS,SMMS-01275,SNT,SNT-TRACK-CIRCUIT,TC-PERABU-03,edge,PER-ABU-DN,,10.53,11.03,DN,overdue,2026-01-30,106,minor,,false,disconnection,93,3,none,true,true,true,done
ENG-2026-05497,TMS,TMS-05497,ENG,ENG-USFD-TEST,RL-PONGPD-08,edge,PON-GPD-DN,,43.72,47.00,DN,routine,2026-08-08,30,1,2026-08-17,true,traffic_block,162,3,USFD_car,true,false,true,pending
SNT-2025-01276,SMMS,SMMS-01276,SNT,SNT-TRACK-CIRCUIT,TC-TRLAJJ-43,edge,TRL-AJJ-UP_SUB,,53.25,53.75,UP_SUB,overdue,2025-11-20,207,major,,false,disconnection,77,3,none,true,true,true,done
SNT-2026-01277,SMMS,SMMS-01277,SNT,SNT-POINT-REPLACE,PT-AJJ-09,node,,AJJ,69.00,69.00,,proactive,2026-08-17,21,major,,false,disconnection,234,4,none,true,false,true,in_progress
ENG-2026-05498,TMS,TMS-05498,ENG,ENG-YARD-PWAY,BL-MSB-01,node,,MSB,0.00,0.00,,routine,2026-08-27,11,minor,,false,traffic_block,215,9,none,true,true,true,pending
TRD-2026-01634,TDMS,TDMS-01634,TRD,TRD-OHE-FAULT,OHE-CGLWJ-09,edge,CGL-WJ-SINGLE,,74.35,74.65,SINGLE,defect,2026-01-17,198,minor,,false,power_block,139,6,OHE_tower_car,true,true,true,cancelled
SNT-2025-01278,SMMS,SMMS-01278,SNT,SNT-TRACK-CIRCUIT,TC-TITRL-02,edge,TI-TRL-DN,,36.95,37.45,DN,routine,2025-12-04,242,minor,,false,disconnection,102,3,none,true,true,true,deferred
ENG-2026-05499,TMS,TMS-05499,ENG,ENG-SLEEPER-RENEWAL,SL-PERABU-12,edge,PER-ABU-UP,,14.09,14.59,UP,proactive,2026-08-20,18,minor,,false,traffic_block,330,17,none,true,true,true,scheduled
TRD-2026-01635,TDMS,TDMS-01635,TRD,TRD-OHE-WIRE-RENEW,CW-PERABU-03,edge,PER-ABU-DN,,13.48,14.48,DN,defect,2026-01-09,163,critical,2026-02-02,true,power_block,396,9,OHE_tower_car,true,true,true,done
SNT-2026-01279,SMMS,SMMS-01279,SNT,SNT-TRACK-CIRCUIT,TC-MSMBM-04,edge,MS-MBM-DN_SUB,,6.58,7.08,DN_SUB,routine,2026-06-13,5,major,,false,disconnection,103,3,none,true,true,true,done
ENG-2026-05500,TMS,TMS-05500,ENG,ENG-SLEEPER-RENEWAL,SL-TNPENR-01,edge,TNP-ENR-DN,,14.60,15.10,DN,defect,2026-07-02,57,minor,,false,traffic_block,413,17,none,true,true,true,done
SNT-2026-01280,SMMS,SMMS-01280,SNT,SNT-SIGNAL-REPLACE,SG-PERABU-08,edge,PER-ABU-DN_SUB,,14.05,14.15,DN_SUB,defect,2026-04-01,107,minor,,false,disconnection,176,5,none,true,true,true,done
SNT-2026-01281,SMMS,SMMS-01281,SNT,SNT-POINT-REPLACE,PT-AJJ-07,node,,AJJ,69.00,69.00,,proactive,2026-08-28,10,minor,,false,disconnection,252,4,none,true,false,true,pending
ENG-2025-05501,TMS,TMS-05501,ENG,ENG-RAIL-WELD,RL-TRLAJJ-32,edge,TRL-AJJ-DN_SUB,,47.09,48.09,DN_SUB,defect,2025-10-08,161,3,,false,traffic_block,232,6,none,true,false,true,done
ENG-2025-05502,TMS,TMS-05502,ENG,ENG-BALLAST-REGULATE,BL-ABUAVD-07,edge,ABU-AVD-UP_SUB,,20.29,21.00,UP_SUB,routine,2025-09-30,115,minor,,false,traffic_block,151,4,ballast_regulator,true,true,true,done
SNT-2026-01282,SMMS,SMMS-01282,SNT,SNT-POINT-SERVICE,PT-AJJ-12,node,,AJJ,69.00,69.00,,routine,2026-07-09,52,major,,false,disconnection,74,3,none,true,false,true,done
SNT-2025-01283,SMMS,SMMS-01283,SNT,SNT-AXLE-COUNTER,AC-PERABU-03,edge,PER-ABU-DN_SUB,,5.34,5.64,DN_SUB,overdue,2025-11-05,169,minor,,false,disconnection,109,3,none,true,true,true,done
SNT-2026-01284,SMMS,SMMS-01284,SNT,SNT-AXLE-COUNTER,AC-ENRMJR-04,edge,ENR-MJR-UP,,18.63,18.93,UP,overdue,2026-07-06,24,major,,false,disconnection,91,4,none,true,true,true,done
ENG-2026-05503,TMS,TMS-05503,ENG,ENG-TRACK-PATROL,,edge,TI-TRL-UP,,31.78,33.78,UP,routine,2026-08-08,30,major,2026-10-28,false,none,99,2,none,true,false,false,pending
ENG-2025-05504,TMS,TMS-05504,ENG,ENG-TURNOUT-TAMP,TO-MSB-12,node,,MSB,0.00,0.00,,routine,2025-12-04,115,major,,false,traffic_block,170,8,tamper,true,true,true,done
TRD-2026-01636,TDMS,TDMS-01636,TRD,TRD-OHE-MAST,MST-ENRMJR-05,edge,ENR-MJR-UP,,16.74,16.94,UP,routine,2026-07-22,27,major,,false,power_block,113,7,OHE_tower_car,false,true,true,done
SNT-2026-01285,SMMS,SMMS-01285,SNT,SNT-BLOCK-INSTRUMENT,IL-CJ-01,node,,CJ,95.82,95.82,,routine,2026-06-24,21,minor,,false,disconnection,76,3,none,true,false,true,done
TRD-2026-01637,TDMS,TDMS-01637,TRD,TRD-OHE-EARTHING,OHE-TNPENR-01,edge,TNP-ENR-DN,,14.92,15.92,DN,overdue,2026-07-30,39,minor,,false,power_block,45,3,none,true,false,true,in_progress
TRD-2025-01638,TDMS,TDMS-01638,TRD,TRD-OHE-EARTHING,OHE-PERABU-19,edge,PER-ABU-UP_SUB,,6.21,7.21,UP_SUB,routine,2025-11-02,292,major,2025-12-30,false,power_block,55,4,none,true,false,true,done
ENG-2026-05505,TMS,TMS-05505,ENG,ENG-RAIL-RENEWAL,RL-TRLAJJ-45,edge,TRL-AJJ-UP,,52.47,52.97,UP,defect,2026-01-20,174,2,,false,traffic_block,344,22,none,true,true,true,deferred
SNT-2026-01286,SMMS,SMMS-01286,SNT,SNT-TRACK-CIRCUIT,TC-BBQPER-03,edge,BBQ-PER-UP,,3.43,3.93,UP,routine,2026-08-24,11,critical,2026-09-04,true,disconnection,89,3,none,true,true,true,done
ENG-2026-05506,TMS,TMS-05506,ENG,ENG-TURNOUT-OVERHAUL,TO-TBM-09,node,,TBM,29.14,29.14,,routine,2026-08-13,6,critical,2026-09-02,true,traffic_block,395,15,none,true,true,true,done
ENG-2026-05507,TMS,TMS-05507,ENG,ENG-BALLAST-REGULATE,BL-PVTBM-07,edge,PV-TBM-UP_SUB,,24.57,26.57,UP_SUB,routine,2026-08-16,18,minor,,false,traffic_block,140,4,ballast_regulator,false,true,true,done
ENG-2026-05508,TMS,TMS-05508,ENG,ENG-SLEEPER-RENEWAL,SL-TNPENR-07,edge,TNP-ENR-UP,,14.63,15.13,UP,defect,2026-08-30,8,minor,,false,traffic_block,333,16,none,true,true,true,pending
ENG-2025-05509,TMS,TMS-05509,ENG,ENG-RAIL-WELD,RL-CGLWJ-12,edge,CGL-WJ-SINGLE,,69.17,70.17,SINGLE,defect,2025-12-28,185,2,,false,traffic_block,171,6,none,true,false,true,done
ENG-2026-05510,TMS,TMS-05510,ENG,ENG-BALLAST-REGULATE,BL-CJTMLP-02,edge,CJ-TMLP-SINGLE,,104.09,106.09,SINGLE,overdue,2026-03-07,127,major,2026-06-21,false,traffic_block,147,4,ballast_regulator,true,true,true,done
SNT-2025-01287,SMMS,SMMS-01287,SNT,SNT-POINT-REPLACE,PT-AVD-03,node,,AVD,21.00,21.00,,proactive,2025-10-14,127,major,,false,disconnection,187,4,none,true,false,true,done
ENG-2025-05511,TMS,TMS-05511,ENG,ENG-BRIDGE-INSP,BR-WJCJ-01,edge,WJ-CJ-SINGLE,,88.71,88.81,SINGLE,routine,2025-12-01,132,minor,2026-01-03,false,traffic_block,77,4,none,true,true,false,done
TRD-2025-01639,TDMS,TDMS-01639,TRD,TRD-OHE-DROPPER,CW-PERABU-03,edge,PER-ABU-DN,,13.48,13.98,DN,routine,2025-11-02,220,minor,,false,power_block,97,4,OHE_tower_car,true,false,true,done
TRD-2026-01640,TDMS,TDMS-01640,TRD,TRD-OHE-MAST,MST-MSMBM-10,edge,MS-MBM-UP_SUB,,10.25,10.45,UP_SUB,overdue,2026-08-10,24,minor,,false,power_block,177,6,OHE_tower_car,true,true,true,cancelled
ENG-2026-05512,TMS,TMS-05512,ENG,ENG-SLEEPER-RENEWAL,SL-PVTBM-07,edge,PV-TBM-UP_SUB,,25.09,25.59,UP_SUB,defect,2026-07-21,48,major,,false,traffic_block,351,17,none,true,true,true,pending
ENG-2025-05513,TMS,TMS-05513,ENG,ENG-SLEEPER-RENEWAL,SL-GISTM-04,edge,GI-STM-UP_SUB,,15.17,15.67,UP_SUB,defect,2025-09-18,317,minor,,false,traffic_block,402,20,none,true,true,true,done
ENG-2025-05514,TMS,TMS-05514,ENG,ENG-TAMPING,BL-TRLAJJ-12,edge,TRL-AJJ-DN_SUB,,45.24,47.24,DN_SUB,emergency_followup,2025-10-28,198,major,2026-01-11,false,traffic_block,309,10,tamper,false,true,true,done
ENG-2026-05515,TMS,TMS-05515,ENG,ENG-SLEEPER-RENEWAL,SL-PONGPD-02,edge,PON-GPD-DN,,40.11,40.61,DN,defect,2026-01-07,60,critical,2026-01-31,true,traffic_block,317,16,none,false,true,true,done
ENG-2026-05516,TMS,TMS-05516,ENG,ENG-TURNOUT-TAMP,TO-TRL-06,node,,TRL,42.00,42.00,,overdue,2026-02-04,93,major,,false,traffic_block,177,10,tamper,true,true,true,done
ENG-2026-05517,TMS,TMS-05517,ENG,ENG-BRIDGE-INSP,BR-TITRL-01,edge,TI-TRL-DN,,39.50,39.60,DN,overdue,2026-07-17,52,minor,2026-11-04,false,traffic_block,87,4,none,true,true,false,pending
ENG-2026-05518,TMS,TMS-05518,ENG,ENG-RAIL-RENEWAL,RL-CGLWJ-10,edge,CGL-WJ-SINGLE,,68.70,69.20,SINGLE,emergency_followup,2026-06-20,79,2,,false,traffic_block,401,20,none,true,true,true,scheduled
SNT-2026-01288,SMMS,SMMS-01288,SNT,SNT-TRACK-CIRCUIT,TC-TRLAJJ-42,edge,TRL-AJJ-UP_SUB,,51.75,52.25,UP_SUB,overdue,2026-08-03,35,minor,,false,disconnection,108,3,none,true,true,true,pending
ENG-2026-05519,TMS,TMS-05519,ENG,ENG-RAIL-WELD,RL-CGLWJ-02,edge,CGL-WJ-SINGLE,,68.37,69.37,SINGLE,defect,2026-08-12,19,3,,false,traffic_block,210,7,none,true,false,true,done
TRD-2026-01641,TDMS,TDMS-01641,TRD,TRD-OHE-INSULATOR,INS-MASBBQ-01,edge,MAS-BBQ-DN,,0.49,0.59,DN,defect,2026-06-15,84,minor,2026-07-29,false,power_block,108,4,OHE_tower_car,true,true,true,in_progress
ENG-2026-05520,TMS,TMS-05520,ENG,ENG-SLEEPER-RENEWAL,SL-TITRL-03,edge,TI-TRL-DN,,31.53,32.03,DN,defect,2026-08-12,1,minor,2026-10-05,false,traffic_block,370,17,none,true,true,true,done
ENG-2025-05521,TMS,TMS-05521,ENG,ENG-RAIL-RENEWAL,RL-TRLAJJ-01,edge,TRL-AJJ-DN,,49.36,49.86,DN,defect,2025-10-19,253,1,2025-11-05,true,traffic_block,417,21,none,false,true,true,done
ENG-2026-05522,TMS,TMS-05522,ENG,ENG-TURNOUT-OVERHAUL,TO-GPD-03,node,,GPD,47.00,47.00,,overdue,2026-03-07,149,critical,2026-03-22,true,traffic_block,407,13,none,true,true,true,done
ENG-2025-05523,TMS,TMS-05523,ENG,ENG-SLEEPER-RENEWAL,SL-MASBBQ-03,edge,MAS-BBQ-UP,,0.76,1.26,UP,defect,2025-11-17,103,minor,,false,traffic_block,400,18,none,true,true,true,done
TRD-2026-01642,TDMS,TDMS-01642,TRD,TRD-OHE-MAST,MST-PERABU-07,edge,PER-ABU-DN_SUB,,8.80,9.00,DN_SUB,overdue,2026-02-04,106,minor,,false,power_block,215,7,OHE_tower_car,true,true,true,done
SNT-2026-01289,SMMS,SMMS-01289,SNT,SNT-AXLE-COUNTER,AC-MSMBM-04,edge,MS-MBM-UP_SUB,,5.14,5.44,UP_SUB,routine,2026-08-16,22,minor,2026-09-20,false,disconnection,73,3,none,true,true,true,pending
SNT-2026-01290,SMMS,SMMS-01290,SNT,SNT-AXLE-COUNTER,AC-TRLAJJ-01,edge,TRL-AJJ-DN,,54.82,55.12,DN,overdue,2026-08-16,19,minor,,false,disconnection,99,3,none,true,true,true,done
ENG-2026-05524,TMS,TMS-05524,ENG,ENG-CURVE-REALIGN,BL-GISTM-04,edge,GI-STM-UP_SUB,,16.54,17.10,UP_SUB,routine,2026-02-25,146,major,,false,traffic_block,174,10,tamper,true,true,true,done
ENG-2025-05525,TMS,TMS-05525,ENG,ENG-RAIL-WELD,RL-STMPV-15,edge,STM-PV-UP_SUB,,19.88,20.88,UP_SUB,defect,2025-10-21,26,2,,false,traffic_block,176,7,none,true,false,true,done
ENG-2026-05526,TMS,TMS-05526,ENG,ENG-RAIL-GRIND,RL-TRLAJJ-14,edge,TRL-AJJ-DN,,46.45,49.45,DN,proactive,2026-01-25,218,3,2026-04-02,false,traffic_block,218,4,rail_grinder,true,false,true,done
ENG-2025-05527,TMS,TMS-05527,ENG,ENG-SLEEPER-RENEWAL,SL-TITRL-19,edge,TI-TRL-UP_SUB,,31.73,32.23,UP_SUB,defect,2025-12-09,243,major,,false,traffic_block,390,19,none,true,true,true,done
ENG-2026-05528,TMS,TMS-05528,ENG,ENG-RAIL-RENEWAL,RL-MSMBM-10,edge,MS-MBM-DN_SUB,,6.44,6.94,DN_SUB,defect,2026-07-07,16,2,2026-09-21,false,traffic_block,454,25,none,true,true,true,done
ENG-2025-05529,TMS,TMS-05529,ENG,ENG-USFD-TEST,RL-TRLAJJ-55,edge,TRL-AJJ-UP_SUB,,66.73,68.50,UP_SUB,proactive,2025-09-21,87,3,,false,traffic_block,163,3,USFD_car,true,false,true,done
TRD-2026-01643,TDMS,TDMS-01643,TRD,TRD-OHE-FAULT,OHE-AVDTI-13,edge,AVD-TI-UP_SUB,,27.34,27.64,UP_SUB,defect,2026-03-16,167,minor,,false,power_block,144,5,OHE_tower_car,true,true,true,done
ENG-2025-05530,TMS,TMS-05530,ENG,ENG-SLEEPER-RENEWAL,SL-MSBMS-02,edge,MSB-MS-DN,,2.67,3.17,DN,defect,2025-12-26,53,minor,,false,traffic_block,296,20,none,true,true,true,cancelled
ENG-2025-05531,TMS,TMS-05531,ENG,ENG-BALLAST-REGULATE,BL-TRLAJJ-23,edge,TRL-AJJ-UP,,59.96,61.96,UP,overdue,2025-11-21,254,minor,,false,traffic_block,127,4,ballast_regulator,false,true,true,done
ENG-2026-05532,TMS,TMS-05532,ENG,ENG-BALLAST-REGULATE,BL-ENRMJR-02,edge,ENR-MJR-DN,,19.44,21.44,DN,routine,2026-06-04,14,minor,2026-09-21,false,traffic_block,115,5,ballast_regulator,true,true,true,done
ENG-2026-05533,TMS,TMS-05533,ENG,ENG-RAIL-RENEWAL,RL-PERABU-17,edge,PER-ABU-UP,,10.36,10.86,UP,defect,2026-08-02,36,3,2026-10-26,false,traffic_block,342,22,none,true,true,true,in_progress
SNT-2026-01291,SMMS,SMMS-01291,SNT,SNT-AXLE-COUNTER,AC-TITRL-11,edge,TI-TRL-UP_SUB,,40.70,41.00,UP_SUB,routine,2026-08-03,21,major,2026-11-18,false,disconnection,123,3,none,true,true,true,done
SNT-2026-01292,SMMS,SMMS-01292,SNT,SNT-SIGNAL-LAMP,SG-TNPENR-02,edge,TNP-ENR-DN,,14.08,14.18,DN,routine,2026-05-10,96,minor,2026-07-29,false,none,41,2,none,true,false,true,done
ENG-2026-05534,TMS,TMS-05534,ENG,ENG-SLEEPER-RENEWAL,SL-TRLAJJ-32,edge,TRL-AJJ-UP_SUB,,66.21,66.71,UP_SUB,proactive,2026-08-31,7,minor,,false,traffic_block,235,20,none,true,true,true,pending
TRD-2025-01644,TDMS,TDMS-01644,TRD,TRD-OHE-INSULATOR,INS-PERABU-04,edge,PER-ABU-DN_SUB,,10.67,10.77,DN_SUB,defect,2025-09-30,195,major,,false,power_block,113,5,OHE_tower_car,true,true,true,done
SNT-2026-01293,SMMS,SMMS-01293,SNT,SNT-SIGNAL-REPLACE,SG-TNPENR-06,edge,TNP-ENR-UP,,5.43,5.53,UP,defect,2026-05-03,97,minor,2026-08-26,false,disconnection,162,6,none,true,true,true,done
ENG-2026-05535,TMS,TMS-05535,ENG,ENG-RAIL-GRIND,RL-CJTMLP-05,edge,CJ-TMLP-SINGLE,,106.45,107.80,SINGLE,proactive,2026-02-26,113,2,,false,traffic_block,195,4,rail_grinder,true,false,true,done
SNT-2026-01294,SMMS,SMMS-01294,SNT,SNT-POINT-REPLACE,PT-MSB-08,node,,MSB,0.00,0.00,,defect,2026-02-27,117,minor,,false,disconnection,200,4,none,true,false,true,done
ENG-2025-05536,TMS,TMS-05536,ENG,ENG-BALLAST-REGULATE,BL-AVDTI-11,edge,AVD-TI-UP_SUB,,25.43,27.43,UP_SUB,overdue,2025-12-21,175,minor,,false,traffic_block,150,5,ballast_regulator,true,true,true,done
ENG-2025-05537,TMS,TMS-05537,ENG,ENG-RAIL-RENEWAL,RL-TITRL-03,edge,TI-TRL-DN,,36.43,36.93,DN,defect,2025-12-13,203,3,,false,traffic_block,298,25,none,true,true,true,done
SNT-2026-01295,SMMS,SMMS-01295,SNT,SNT-SIGNAL-REPLACE,SG-STMPV-07,edge,STM-PV-UP_SUB,,17.67,17.77,UP_SUB,defect,2026-01-27,198,major,,false,disconnection,178,6,none,true,true,true,done
ENG-2026-05538,TMS,TMS-05538,ENG,ENG-RAIL-GRIND,RL-TITRL-22,edge,TI-TRL-UP,,40.06,42.00,UP,overdue,2026-07-28,41,1,2026-08-13,true,traffic_block,173,4,rail_grinder,false,false,true,scheduled
TRD-2026-01645,TDMS,TDMS-01645,TRD,TRD-OHE-DROPPER,CW-MSMBM-03,edge,MS-MBM-DN_SUB,,8.48,8.98,DN_SUB,routine,2026-06-25,74,minor,,false,power_block,85,5,OHE_tower_car,true,false,true,scheduled
SNT-2025-01296,SMMS,SMMS-01296,SNT,SNT-SIGNAL-LAMP,SG-TRLAJJ-29,edge,TRL-AJJ-UP_SUB,,59.49,59.59,UP_SUB,proactive,2025-09-09,302,minor,2025-11-06,false,none,41,2,none,false,false,true,deferred
TRD-2026-01646,TDMS,TDMS-01646,TRD,TRD-OHE-DROPPER,CW-GISTM-03,edge,GI-STM-UP,,15.27,15.77,UP,routine,2026-07-27,41,minor,,false,power_block,110,4,OHE_tower_car,true,false,true,done
SNT-2026-01297,SMMS,SMMS-01297,SNT,SNT-TRACK-CIRCUIT,TC-PERABU-15,edge,PER-ABU-UP_SUB,,13.50,14.00,UP_SUB,routine,2026-03-16,101,minor,,false,disconnection,105,3,none,true,true,true,done
SNT-2025-01298,SMMS,SMMS-01298,SNT,SNT-AXLE-COUNTER,AC-PERABU-03,edge,PER-ABU-DN_SUB,,5.34,5.64,DN_SUB,overdue,2025-10-11,37,critical,2025-10-26,true,disconnection,112,3,none,true,true,true,done
SNT-2026-01299,SMMS,SMMS-01299,SNT,SNT-TRACK-CIRCUIT,TC-PERABU-12,edge,PER-ABU-UP,,10.02,10.52,UP,overdue,2026-08-09,29,critical,2026-08-20,true,disconnection,129,3,none,true,true,true,pending
TRD-2025-01647,TDMS,TDMS-01647,TRD,TRD-OHE-DROPPER,CW-PERABU-12,edge,PER-ABU-UP_SUB,,13.84,14.34,UP_SUB,overdue,2025-09-19,329,minor,,false,power_block,76,5,OHE_tower_car,true,false,true,done
TRD-2026-01648,TDMS,TDMS-01648,TRD,TRD-OHE-MAST,MST-TITRL-07,edge,TI-TRL-DN_SUB,,37.46,37.66,DN_SUB,overdue,2026-05-19,18,critical,2026-05-30,true,power_block,115,8,OHE_tower_car,true,true,true,done
ENG-2026-05539,TMS,TMS-05539,ENG,ENG-RAIL-WELD,RL-TRLAJJ-26,edge,TRL-AJJ-DN_SUB,,47.28,48.28,DN_SUB,defect,2026-02-11,67,3,,false,traffic_block,186,6,none,true,false,true,done
ENG-2025-05540,TMS,TMS-05540,ENG,ENG-TURNOUT-TAMP,TO-ENR-05,node,,ENR,16.00,16.00,,routine,2025-11-02,42,major,,false,traffic_block,228,8,tamper,true,true,true,done
SNT-2026-01300,SMMS,SMMS-01300,SNT,SNT-TRACK-CIRCUIT,TC-STMPV-04,edge,STM-PV-DN_SUB,,19.41,19.91,DN_SUB,overdue,2026-03-12,76,major,,false,disconnection,114,3,none,true,true,true,done
SNT-2026-01301,SMMS,SMMS-01301,SNT,SNT-TRACK-CIRCUIT,TC-MSMBM-08,edge,MS-MBM-UP,,6.49,6.99,UP,proactive,2026-04-10,115,minor,,false,disconnection,116,3,none,true,true,true,done
TRD-2025-01649,TDMS,TDMS-01649,TRD,TRD-OHE-FAULT,OHE-TRLAJJ-0402,edge,TRL-AJJ-UP,,42.00,42.30,UP,defect,2025-09-30,104,minor,,false,power_block,126,5,OHE_tower_car,false,true,true,done
SNT-2026-01302,SMMS,SMMS-01302,SNT,SNT-TRACK-CIRCUIT,TC-ABUAVD-01,edge,ABU-AVD-DN,,15.51,16.01,DN,overdue,2026-01-02,107,minor,,false,disconnection,121,3,none,true,true,true,done
ENG-2025-05541,TMS,TMS-05541,ENG,ENG-TRACK-PATROL,,edge,TMLP-TKO-SINGLE,,113.98,114.80,SINGLE,routine,2025-11-15,282,major,2026-01-06,false,none,91,2,none,true,false,false,done
ENG-2026-05542,TMS,TMS-05542,ENG,ENG-CURVE-REALIGN,BL-ENRMJR-07,edge,ENR-MJR-UP,,21.80,22.60,UP,overdue,2026-03-07,163,critical,2026-03-23,true,traffic_block,212,12,tamper,true,true,true,done
ENG-2026-05543,TMS,TMS-05543,ENG,ENG-DRAIN-CLEAR,,edge,TNP-ENR-UP,,12.84,14.34,UP,routine,2026-01-17,68,critical,2026-02-16,true,none,135,7,none,true,true,false,done
ENG-2026-05544,TMS,TMS-05544,ENG,ENG-USFD-TEST,RL-MJRPON-07,edge,MJR-PON-UP,,31.64,35.00,UP,proactive,2026-07-16,15,2,,false,traffic_block,156,3,USFD_car,true,false,true,done
ENG-2026-05545,TMS,TMS-05545,ENG,ENG-TURNOUT-OVERHAUL,TO-MSB-09,node,,MSB,0.00,0.00,,overdue,2026-05-14,29,major,2026-08-08,false,traffic_block,397,13,none,true,true,true,done
TRD-2025-01650,TDMS,TDMS-01650,TRD,TRD-OHE-MAST,MST-TRLAJJ-27,edge,TRL-AJJ-UP,,56.07,56.27,UP,overdue,2025-09-26,341,major,,false,power_block,185,7,OHE_tower_car,true,true,true,done
ENG-2026-05546,TMS,TMS-05546,ENG,ENG-SLEEPER-RENEWAL,SL-TRLAJJ-27,edge,TRL-AJJ-UP,,64.41,64.91,UP,defect,2026-07-22,31,minor,2026-11-09,false,traffic_block,275,18,none,true,true,true,done
SNT-2025-01303,SMMS,SMMS-01303,SNT,SNT-AXLE-COUNTER,AC-WJCJ-02,edge,WJ-CJ-SINGLE,,83.31,83.61,SINGLE,emergency_followup,2025-11-01,273,major,,false,disconnection,122,3,none,true,true,true,done
ENG-2026-05547,TMS,TMS-05547,ENG,ENG-SLEEPER-RENEWAL,SL-TRLAJJ-04,edge,TRL-AJJ-DN,,58.94,59.44,DN,defect,2026-08-24,13,major,,false,traffic_block,285,19,none,true,true,true,done
TRD-2026-01651,TDMS,TDMS-01651,TRD,TRD-OHE-MAST,MST-MSMBM-10,edge,MS-MBM-UP_SUB,,10.25,10.45,UP_SUB,overdue,2026-08-21,15,major,2026-12-09,false,power_block,149,6,OHE_tower_car,true,true,true,done
TRD-2025-01652,TDMS,TDMS-01652,TRD,TRD-OHE-INSULATOR,INS-WJCJ-03,edge,WJ-CJ-SINGLE,,92.73,92.83,SINGLE,proactive,2025-12-08,247,minor,,false,power_block,95,4,OHE_tower_car,true,true,true,done
ENG-2025-05548,TMS,TMS-05548,ENG,ENG-BALLAST-SCREEN,BL-MJRPON-04,edge,MJR-PON-UP,,33.79,34.29,UP,proactive,2025-10-26,49,minor,,false,traffic_block,345,13,BCM,true,true,true,done
ENG-2026-05549,TMS,TMS-05549,ENG,ENG-TURNOUT-OVERHAUL,TO-GPD-01,node,,GPD,47.00,47.00,,routine,2026-03-08,10,minor,,false,traffic_block,376,12,none,true,true,true,done
ENG-2026-05550,TMS,TMS-05550,ENG,ENG-SLEEPER-RENEWAL,SL-PVTBM-05,edge,PV-TBM-UP,,25.86,26.36,UP,proactive,2026-08-20,15,major,,false,traffic_block,356,21,none,true,true,true,done
ENG-2026-05551,TMS,TMS-05551,ENG,ENG-SLEEPER-RENEWAL,SL-MASBBQ-01,edge,MAS-BBQ-DN,,1.36,1.86,DN,proactive,2026-07-13,4,major,,false,traffic_block,257,18,none,true,true,true,done
SNT-2026-01304,SMMS,SMMS-01304,SNT,SNT-LC-GATE,LC-TNPENR-01,edge,TNP-ENR-DN,,14.00,14.10,DN,routine,2026-07-15,54,major,,false,disconnection,141,4,none,true,true,true,scheduled
ENG-2025-05552,TMS,TMS-05552,ENG,ENG-RAIL-RENEWAL,RL-TRLAJJ-43,edge,TRL-AJJ-UP,,62.46,62.96,UP,proactive,2025-12-31,166,3,,false,traffic_block,405,20,none,true,true,true,done
TRD-2026-01653,TDMS,TDMS-01653,TRD,TRD-OHE-MAST,MST-PERABU-01,edge,PER-ABU-DN,,5.83,6.03,DN,routine,2026-06-03,31,minor,,false,power_block,148,6,OHE_tower_car,true,true,true,done
TRD-2026-01654,TDMS,TDMS-01654,TRD,TRD-OHE-FAULT,OHE-PVTBM-08,edge,PV-TBM-UP,,28.72,29.02,UP,defect,2026-07-27,42,major,,false,power_block,148,5,OHE_tower_car,true,true,true,scheduled
ENG-2026-05553,TMS,TMS-05553,ENG,ENG-RAIL-GRIND,RL-MSMBM-10,edge,MS-MBM-DN_SUB,,6.44,9.44,DN_SUB,overdue,2026-07-13,4,3,2026-10-15,false,traffic_block,145,5,rail_grinder,false,false,true,done
TRD-2025-01655,TDMS,TDMS-01655,TRD,TRD-OHE-FAULT,OHE-ABUAVD-02,edge,ABU-AVD-DN,,20.79,21.00,DN,emergency_followup,2025-09-28,29,major,,false,power_block,140,6,OHE_tower_car,true,true,true,done
SNT-2026-01305,SMMS,SMMS-01305,SNT,SNT-POINT-SERVICE,PT-MS-09,node,,MS,4.32,4.32,,overdue,2026-07-08,25,minor,,false,disconnection,59,3,none,false,false,true,done
TRD-2026-01656,TDMS,TDMS-01656,TRD,TRD-OHE-MAST,MST-ENRMJR-08,edge,ENR-MJR-UP,,18.32,18.52,UP,overdue,2026-01-05,223,major,,false,power_block,185,6,OHE_tower_car,true,true,true,done
ENG-2026-05554,TMS,TMS-05554,ENG,ENG-TURNOUT-OVERHAUL,TO-TBM-09,node,,TBM,29.14,29.14,,overdue,2026-01-31,21,minor,,false,traffic_block,280,15,none,true,true,true,done
SNT-2026-01306,SMMS,SMMS-01306,SNT,SNT-TRACK-CIRCUIT,TC-TRLAJJ-09,edge,TRL-AJJ-DN,,65.31,65.81,DN,overdue,2026-05-26,17,critical,2026-06-18,true,disconnection,128,3,none,true,true,true,deferred
ENG-2025-05555,TMS,TMS-05555,ENG,ENG-TURNOUT-TAMP,TO-TBM-09,node,,TBM,29.14,29.14,,overdue,2025-12-29,112,minor,,false,traffic_block,198,8,tamper,true,true,true,done
ENG-2025-05556,TMS,TMS-05556,ENG,ENG-USFD-TEST,RL-STMPV-01,edge,STM-PV-DN,,20.38,23.10,DN,routine,2025-12-19,238,2,,false,traffic_block,109,3,USFD_car,true,false,true,done
ENG-2026-05557,TMS,TMS-05557,ENG,ENG-RAIL-RENEWAL,RL-TITRL-22,edge,TI-TRL-UP,,40.06,40.56,UP,proactive,2026-07-23,46,3,,false,traffic_block,498,24,none,true,true,true,in_progress
ENG-2025-05558,TMS,TMS-05558,ENG,ENG-TURNOUT-TAMP,TO-MAS-17,node,,MAS,0.00,0.00,,overdue,2025-12-30,221,major,,false,traffic_block,223,9,tamper,true,true,true,done
ENG-2026-05559,TMS,TMS-05559,ENG,ENG-CURVE-REALIGN,BL-ABUAVD-07,edge,ABU-AVD-UP_SUB,,20.29,21.00,UP_SUB,routine,2026-08-13,9,minor,,false,traffic_block,227,13,tamper,false,true,true,done
ENG-2026-05560,TMS,TMS-05560,ENG,ENG-SLEEPER-RENEWAL,SL-TITRL-05,edge,TI-TRL-DN,,31.23,31.73,DN,defect,2026-06-23,76,major,,false,traffic_block,296,17,none,false,true,true,scheduled
SNT-2025-01307,SMMS,SMMS-01307,SNT,SNT-TRACK-CIRCUIT,TC-PERABU-10,edge,PER-ABU-UP,,10.20,10.70,UP,proactive,2025-12-19,207,minor,,false,disconnection,89,3,none,false,true,true,done
TRD-2026-01657,TDMS,TDMS-01657,TRD,TRD-OHE-INSP,OHE-PERABU-02,edge,PER-ABU-DN,,10.31,14.31,DN,routine,2026-06-15,84,major,2026-10-08,false,power_block,85,4,OHE_tower_car,true,false,true,pending
ENG-2026-05561,TMS,TMS-05561,ENG,ENG-DRAIN-CLEAR,,edge,MAS-BBQ-UP,,1.52,2.00,UP,routine,2026-02-09,89,minor,,false,none,191,7,none,true,true,false,done
TRD-2026-01658,TDMS,TDMS-01658,TRD,TRD-OHE-INSULATOR,INS-MASBBQ-04,edge,MAS-BBQ-UP_SUB,,1.08,1.18,UP_SUB,proactive,2026-08-08,20,minor,,false,power_block,78,4,OHE_tower_car,true,true,true,done
TRD-2026-01659,TDMS,TDMS-01659,TRD,TRD-OHE-INSP,OHE-MSMBM-14,edge,MS-MBM-UP_SUB,,10.95,11.30,UP_SUB,overdue,2026-07-30,14,major,,false,power_block,84,4,OHE_tower_car,true,false,true,done
TRD-2026-01660,TDMS,TDMS-01660,TRD,TRD-OHE-MAST,MST-PERABU-05,edge,PER-ABU-DN_SUB,,8.56,8.76,DN_SUB,emergency_followup,2026-09-03,4,major,,false,power_block,182,7,OHE_tower_car,true,true,true,in_progress
SNT-2026-01308,SMMS,SMMS-01308,SNT,SNT-RELAY-ROOM,IL-AVD-01,node,,AVD,21.00,21.00,,overdue,2026-07-12,48,minor,,false,none,211,3,none,true,false,true,done
ENG-2026-05562,TMS,TMS-05562,ENG,ENG-RAIL-RENEWAL,RL-TITRL-13,edge,TI-TRL-DN_SUB,,31.54,32.04,DN_SUB,defect,2026-08-06,32,2,,false,traffic_block,325,26,none,false,true,true,scheduled
TRD-2026-01661,TDMS,TDMS-01661,TRD,TRD-OHE-EARTHING,OHE-PVTBM-05,edge,PV-TBM-DN_SUB,,24.96,25.96,DN_SUB,emergency_followup,2026-06-18,68,major,,false,power_block,50,3,none,true,false,true,done
ENG-2026-05563,TMS,TMS-05563,ENG,ENG-TURNOUT-TAMP,TO-MS-08,node,,MS,4.32,4.32,,routine,2026-09-03,4,minor,,false,traffic_block,176,8,tamper,true,true,true,done
ENG-2025-05564,TMS,TMS-05564,ENG,ENG-RAIL-GRIND,RL-TRLAJJ-43,edge,TRL-AJJ-UP,,62.46,65.46,UP,overdue,2025-12-27,240,2,2026-04-07,false,traffic_block,232,4,rail_grinder,true,false,true,done
SNT-2025-01309,SMMS,SMMS-01309,SNT,SNT-TRACK-CIRCUIT,TC-BBQPER-02,edge,BBQ-PER-DN_SUB,,4.26,4.76,DN_SUB,proactive,2025-11-16,155,major,,false,disconnection,101,3,none,true,true,true,done
ENG-2026-05565,TMS,TMS-05565,ENG,ENG-CURVE-REALIGN,BL-TITRL-17,edge,TI-TRL-UP_SUB,,34.63,35.43,UP_SUB,overdue,2026-08-19,19,minor,,false,traffic_block,231,12,tamper,true,true,true,scheduled
TRD-2026-01662,TDMS,TDMS-01662,TRD,TRD-OHE-INSULATOR,INS-TNPENR-04,edge,TNP-ENR-UP,,9.38,9.48,UP,defect,2026-08-10,28,minor,,false,power_block,78,4,OHE_tower_car,true,true,true,scheduled
ENG-2026-05566,TMS,TMS-05566,ENG,ENG-RAIL-RENEWAL,RL-ABUAVD-05,edge,ABU-AVD-DN_SUB,,19.64,20.14,DN_SUB,defect,2026-02-08,137,1,2026-02-19,true,traffic_block,494,22,none,true,true,true,done
SNT-2026-01310,SMMS,SMMS-01310,SNT,SNT-SIGNAL-REPLACE,SG-MSBMS-02,edge,MSB-MS-DN,,2.84,2.94,DN,defect,2026-08-15,6,minor,2026-10-19,false,disconnection,257,6,none,true,true,true,done
ENG-2026-05567,TMS,TMS-05567,ENG,ENG-USFD-TEST,RL-PVTBM-04,edge,PV-TBM-DN,,25.67,29.10,DN,routine,2026-06-06,37,3,2026-08-04,false,traffic_block,117,3,USFD_car,true,false,true,done
ENG-2025-05568,TMS,TMS-05568,ENG,ENG-RAIL-RENEWAL,RL-CJTMLP-06,edge,CJ-TMLP-SINGLE,,101.57,102.07,SINGLE,proactive,2025-09-27,20,2,,false,traffic_block,446,23,none,true,true,true,done
ENG-2025-05569,TMS,TMS-05569,ENG,ENG-CURVE-REALIGN,BL-ENRMJR-06,edge,ENR-MJR-UP,,23.13,23.93,UP,overdue,2025-10-15,261,minor,,false,traffic_block,247,11,tamper,true,true,true,cancelled
ENG-2026-05570,TMS,TMS-05570,ENG,ENG-RAIL-RENEWAL,RL-PONGPD-15,edge,PON-GPD-UP,,39.32,39.82,UP,defect,2026-05-07,79,2,,false,traffic_block,420,25,none,true,true,true,done
ENG-2025-05571,TMS,TMS-05571,ENG,ENG-SLEEPER-RENEWAL,SL-PONGPD-01,edge,PON-GPD-DN,,36.81,37.31,DN,defect,2025-12-13,109,major,,false,traffic_block,362,17,none,true,true,true,done
ENG-2025-05572,TMS,TMS-05572,ENG,ENG-SLEEPER-RENEWAL,SL-STMPV-05,edge,STM-PV-UP,,17.89,18.39,UP,defect,2025-10-20,320,minor,,false,traffic_block,313,17,none,true,true,true,done
ENG-2026-05573,TMS,TMS-05573,ENG,ENG-SLEEPER-RENEWAL,SL-PERABU-10,edge,PER-ABU-UP,,7.15,7.65,UP,defect,2026-03-14,113,minor,,false,traffic_block,304,16,none,true,true,true,cancelled
ENG-2026-05574,TMS,TMS-05574,ENG,ENG-TAMPING,BL-TRLAJJ-10,edge,TRL-AJJ-DN_SUB,,58.05,60.05,DN_SUB,routine,2026-06-15,48,minor,2026-10-11,false,traffic_block,293,9,tamper,true,true,true,done
SNT-2026-01311,SMMS,SMMS-01311,SNT,SNT-SIGNAL-REPLACE,SG-STMPV-03,edge,STM-PV-DN_SUB,,17.51,17.61,DN_SUB,defect,2026-01-28,43,minor,2026-04-05,false,disconnection,226,6,none,true,true,true,done
SNT-2026-01312,SMMS,SMMS-01312,SNT,SNT-AXLE-COUNTER,AC-BBQPER-03,edge,BBQ-PER-UP,,3.23,3.53,UP,routine,2026-06-29,70,major,,false,disconnection,115,3,none,true,true,true,scheduled
ENG-2026-05575,TMS,TMS-05575,ENG,ENG-RAIL-GRIND,RL-AVDTI-02,edge,AVD-TI-DN,,27.65,29.00,DN,overdue,2026-02-03,84,3,,false,traffic_block,138,4,rail_grinder,true,false,true,done
SNT-2026-01313,SMMS,SMMS-01313,SNT,SNT-TRACK-CIRCUIT,TC-ENRMJR-07,edge,ENR-MJR-UP,,17.21,17.71,UP,overdue,2026-03-25,111,major,2026-05-17,false,disconnection,107,3,none,false,true,true,done
ENG-2026-05576,TMS,TMS-05576,ENG,ENG-USFD-TEST,RL-GISTM-01,edge,GI-STM-DN,,16.47,17.10,DN,routine,2026-08-26,12,2,2026-12-11,false,traffic_block,146,3,USFD_car,true,false,true,in_progress
SNT-2026-01314,SMMS,SMMS-01314,SNT,SNT-SIGNAL-REPLACE,SG-TRLAJJ-07,edge,TRL-AJJ-DN,,53.50,53.60,DN,defect,2026-06-05,82,major,2026-07-13,false,disconnection,257,6,none,true,true,true,cancelled
TRD-2025-01663,TDMS,TDMS-01663,TRD,TRD-OHE-WIRE-RENEW,CW-TRLAJJ-14,edge,TRL-AJJ-DN_SUB,,62.19,63.19,DN_SUB,defect,2025-12-20,56,minor,2026-04-19,false,power_block,407,8,OHE_tower_car,true,true,true,done
ENG-2026-05577,TMS,TMS-05577,ENG,ENG-DESTRESSING,RL-TNPENR-10,edge,TNP-ENR-UP,,14.74,15.74,UP,routine,2026-07-12,45,3,,false,traffic_block,260,13,none,true,false,true,done
ENG-2025-05578,TMS,TMS-05578,ENG,ENG-BRIDGE-INSP,BR-PONGPD-01,edge,PON-GPD-DN,,44.85,44.95,DN,routine,2025-10-25,33,minor,,false,traffic_block,87,4,none,false,true,false,done
ENG-2026-05579,TMS,TMS-05579,ENG,ENG-RAIL-RENEWAL,RL-TNPENR-11,edge,TNP-ENR-UP,,7.41,7.91,UP,defect,2026-06-24,54,3,,false,traffic_block,350,22,none,true,true,true,done
TRD-2026-01664,TDMS,TDMS-01664,TRD,TRD-OHE-MAST,MST-MSMBM-06,edge,MS-MBM-DN_SUB,,10.31,10.51,DN_SUB,overdue,2026-01-26,127,minor,,false,power_block,151,6,OHE_tower_car,true,true,true,done
ENG-2026-05580,TMS,TMS-05580,ENG,ENG-BRIDGE-INSP,BR-TRLAJJ-02,edge,TRL-AJJ-DN,,57.73,57.83,DN,overdue,2026-08-11,5,major,2026-10-11,false,traffic_block,103,4,none,true,true,false,done
ENG-2025-05581,TMS,TMS-05581,ENG,ENG-DESTRESSING,RL-TITRL-24,edge,TI-TRL-UP,,32.06,33.06,UP,proactive,2025-11-20,265,3,,false,traffic_block,334,10,none,true,false,true,done
TRD-2025-01665,TDMS,TDMS-01665,TRD,TRD-OHE-TENSION,OHE-ENRMJR-04,edge,ENR-MJR-DN,,17.62,17.92,DN,routine,2025-11-01,307,minor,,false,power_block,165,4,OHE_tower_car,true,false,true,done
SNT-2026-01315,SMMS,SMMS-01315,SNT,SNT-POINT-REPLACE,PT-AVD-01,node,,AVD,21.00,21.00,,defect,2026-04-28,66,critical,2026-05-08,true,disconnection,231,5,none,false,false,true,done
ENG-2026-05582,TMS,TMS-05582,ENG,ENG-BALLAST-SCREEN,BL-ABUAVD-03,edge,ABU-AVD-DN_SUB,,15.55,16.05,DN_SUB,overdue,2026-03-05,85,minor,2026-06-13,false,traffic_block,262,14,BCM,true,true,true,deferred
TRD-2026-01666,TDMS,TDMS-01666,TRD,TRD-OHE-WIRE-RENEW,CW-TRLAJJ-08,edge,TRL-AJJ-DN_SUB,,62.89,63.89,DN_SUB,defect,2026-04-03,99,minor,2026-05-25,false,power_block,275,9,OHE_tower_car,true,true,true,done
SNT-2026-01316,SMMS,SMMS-01316,SNT,SNT-TRACK-CIRCUIT,TC-TRLAJJ-11,edge,TRL-AJJ-DN,,49.97,50.47,DN,overdue,2026-08-28,10,minor,,false,disconnection,104,3,none,true,true,true,pending
SNT-2026-01317,SMMS,SMMS-01317,SNT,SNT-AXLE-COUNTER,AC-STMPV-02,edge,STM-PV-DN_SUB,,18.40,18.70,DN_SUB,proactive,2026-03-30,7,minor,,false,disconnection,89,3,none,false,true,true,done
SNT-2026-01318,SMMS,SMMS-01318,SNT,SNT-POINT-REPLACE,PT-ENR-06,node,,ENR,16.00,16.00,,emergency_followup,2026-08-09,29,major,,false,disconnection,260,4,none,true,false,true,in_progress
ENG-2025-05583,TMS,TMS-05583,ENG,ENG-TAMPING,BL-TRLAJJ-26,edge,TRL-AJJ-UP,,47.57,49.57,UP,overdue,2025-09-30,160,minor,,false,traffic_block,261,9,tamper,true,true,true,done
ENG-2026-05584,TMS,TMS-05584,ENG,ENG-TAMPING,BL-ENRMJR-02,edge,ENR-MJR-DN,,19.44,21.44,DN,overdue,2026-03-02,25,minor,,false,traffic_block,180,10,tamper,true,true,true,done
SNT-2026-01319,SMMS,SMMS-01319,SNT,SNT-TRACK-CIRCUIT,TC-AVDTI-07,edge,AVD-TI-UP,,27.59,28.09,UP,routine,2026-07-18,46,major,,false,disconnection,99,3,none,true,true,true,done
SNT-2026-01320,SMMS,SMMS-01320,SNT,SNT-POINT-REPLACE,PT-PER-07,node,,PER,5.00,5.00,,defect,2026-08-08,30,minor,,false,disconnection,201,4,none,true,false,true,pending
ENG-2026-05585,TMS,TMS-05585,ENG,ENG-TAMPING,BL-AVDTI-05,edge,AVD-TI-DN_SUB,,24.65,26.65,DN_SUB,emergency_followup,2026-03-18,59,critical,2026-04-10,true,traffic_block,325,10,tamper,true,true,true,done
SNT-2026-01321,SMMS,SMMS-01321,SNT,SNT-AXLE-COUNTER,AC-TITRL-11,edge,TI-TRL-UP_SUB,,40.70,41.00,UP_SUB,routine,2026-05-07,50,minor,2026-06-24,false,disconnection,123,3,none,false,true,true,done
ENG-2026-05586,TMS,TMS-05586,ENG,ENG-SLEEPER-RENEWAL,SL-MSBMS-08,edge,MSB-MS-UP_SUB,,1.09,1.59,UP_SUB,defect,2026-08-08,28,minor,,false,traffic_block,399,20,none,false,true,true,done
ENG-2026-05587,TMS,TMS-05587,ENG,ENG-DESTRESSING,RL-AVDTI-02,edge,AVD-TI-DN,,27.65,28.65,DN,overdue,2026-02-13,94,2,2026-05-05,false,traffic_block,329,11,none,false,false,true,done
SNT-2026-01322,SMMS,SMMS-01322,SNT,SNT-TRACK-CIRCUIT,TC-TITRL-09,edge,TI-TRL-DN_SUB,,39.32,39.82,DN_SUB,routine,2026-02-17,165,minor,,false,disconnection,73,3,none,true,true,true,done
ENG-2025-05588,TMS,TMS-05588,ENG,ENG-USFD-TEST,RL-TRLAJJ-20,edge,TRL-AJJ-DN_SUB,,64.46,68.50,DN_SUB,overdue,2025-10-15,138,3,,false,traffic_block,114,3,USFD_car,true,false,true,done
ENG-2026-05589,TMS,TMS-05589,ENG,ENG-SLEEPER-RENEWAL,SL-ABUAVD-02,edge,ABU-AVD-DN,,19.48,19.98,DN,defect,2026-04-26,90,major,2026-07-20,false,traffic_block,260,17,none,true,true,true,done
ENG-2026-05590,TMS,TMS-05590,ENG,ENG-DESTRESSING,RL-PONGPD-08,edge,PON-GPD-DN,,43.72,44.72,DN,proactive,2026-06-10,89,3,,false,traffic_block,309,11,none,true,false,true,pending
TRD-2026-01667,TDMS,TDMS-01667,TRD,TRD-OHE-FAULT,OHE-TRLAJJ-26,edge,TRL-AJJ-DN_SUB,,58.83,59.13,DN_SUB,defect,2026-08-04,34,major,,false,power_block,94,6,OHE_tower_car,false,true,true,scheduled
TRD-2026-01668,TDMS,TDMS-01668,TRD,TRD-OHE-EARTHING,OHE-TRLAJJ-25,edge,TRL-AJJ-DN_SUB,,51.05,52.05,DN_SUB,overdue,2026-04-19,37,major,,false,power_block,83,3,none,false,false,true,done
ENG-2025-05591,TMS,TMS-05591,ENG,ENG-TRACK-PATROL,,edge,MS-MBM-DN,,9.99,11.30,DN,overdue,2025-11-14,99,critical,2025-12-14,true,none,76,2,none,true,false,false,done
TRD-2026-01669,TDMS,TDMS-01669,TRD,TRD-OHE-MAST,MST-TRLAJJ-34,edge,TRL-AJJ-UP_SUB,,59.48,59.68,UP_SUB,routine,2026-08-23,15,minor,,false,power_block,155,7,OHE_tower_car,true,true,true,scheduled
ENG-2026-05592,TMS,TMS-05592,ENG,ENG-RAIL-RENEWAL,RL-ABUAVD-12,edge,ABU-AVD-UP,,19.36,19.86,UP,defect,2026-01-16,170,3,,false,traffic_block,324,24,none,true,true,true,done
ENG-2026-05593,TMS,TMS-05593,ENG,ENG-SLEEPER-RENEWAL,SL-PVTBM-08,edge,PV-TBM-UP_SUB,,24.29,24.79,UP_SUB,defect,2026-01-16,207,minor,,false,traffic_block,407,21,none,true,true,true,done
ENG-2025-05594,TMS,TMS-05594,ENG,ENG-SLEEPER-RENEWAL,SL-PERABU-03,edge,PER-ABU-DN,,11.45,11.95,DN,proactive,2025-09-19,79,major,,false,traffic_block,225,16,none,true,true,true,done
ENG-2026-05595,TMS,TMS-05595,ENG,ENG-CURVE-REALIGN,BL-ABUAVD-08,edge,ABU-AVD-UP_SUB,,15.54,16.34,UP_SUB,overdue,2026-01-11,118,minor,,false,traffic_block,237,12,tamper,true,true,true,done
SNT-2026-01323,SMMS,SMMS-01323,SNT,SNT-SIGNAL-LAMP,SG-ENRMJR-08,edge,ENR-MJR-UP,,23.76,23.86,UP,routine,2026-02-02,191,major,2026-05-17,false,none,35,2,none,true,false,true,done
ENG-2026-05596,TMS,TMS-05596,ENG,ENG-BALLAST-REGULATE,BL-BBQPER-03,edge,BBQ-PER-UP,,4.11,5.00,UP,routine,2026-01-17,207,major,,false,traffic_block,133,5,ballast_regulator,true,true,true,done
SNT-2026-01324,SMMS,SMMS-01324,SNT,SNT-INTERLOCK-TEST,IL-MS-01,node,,MS,4.32,4.32,,defect,2026-02-26,56,minor,,false,disconnection,313,6,none,true,false,true,done
SNT-2026-01325,SMMS,SMMS-01325,SNT,SNT-AXLE-COUNTER,AC-AVDTI-08,edge,AVD-TI-UP_SUB,,26.87,27.17,UP_SUB,routine,2026-07-27,42,critical,2026-08-21,true,disconnection,105,3,none,false,true,true,pending
ENG-2026-05597,TMS,TMS-05597,ENG,ENG-TURNOUT-OVERHAUL,TO-GPD-02,node,,GPD,47.00,47.00,,routine,2026-01-13,234,major,,false,traffic_block,343,15,none,true,true,true,done
SNT-2026-01326,SMMS,SMMS-01326,SNT,SNT-POINT-REPLACE,PT-MS-01,node,,MS,4.32,4.32,,defect,2026-08-07,31,minor,,false,disconnection,185,4,none,true,false,true,in_progress
SNT-2025-01327,SMMS,SMMS-01327,SNT,SNT-AXLE-COUNTER,AC-PERABU-01,edge,PER-ABU-DN,,8.61,8.91,DN,overdue,2025-10-03,195,major,,false,disconnection,127,3,none,true,true,true,done
ENG-2025-05598,TMS,TMS-05598,ENG,ENG-DRAIN-CLEAR,,edge,PON-GPD-DN,,35.78,37.28,DN,overdue,2025-10-03,182,major,2026-01-23,false,none,116,7,none,true,true,false,done
SNT-2026-01328,SMMS,SMMS-01328,SNT,SNT-TRACK-CIRCUIT,TC-TRLAJJ-25,edge,TRL-AJJ-UP,,43.06,43.56,UP,routine,2026-01-23,205,major,,false,disconnection,122,3,none,true,true,true,done
ENG-2026-05599,TMS,TMS-05599,ENG,ENG-RAIL-GRIND,RL-MSMBM-07,edge,MS-MBM-DN_SUB,,8.90,11.30,DN_SUB,proactive,2026-07-08,22,3,2026-08-15,false,traffic_block,180,4,rail_grinder,true,false,true,done
SNT-2026-01329,SMMS,SMMS-01329,SNT,SNT-SIGNAL-REPLACE,SG-AVDTI-05,edge,AVD-TI-DN_SUB,,22.34,22.44,DN_SUB,defect,2026-03-09,61,minor,,false,disconnection,241,6,none,true,true,true,done
ENG-2026-05600,TMS,TMS-05600,ENG,ENG-SLEEPER-RENEWAL,SL-TRLAJJ-24,edge,TRL-AJJ-UP,,60.67,61.17,UP,defect,2026-07-13,9,major,,false,traffic_block,277,19,none,true,true,true,done
SNT-2025-01330,SMMS,SMMS-01330,SNT,SNT-AXLE-COUNTER,AC-ABUAVD-04,edge,ABU-AVD-UP_SUB,,17.14,17.44,UP_SUB,proactive,2025-12-12,67,minor,,false,disconnection,83,3,none,false,true,true,done
SNT-2026-01331,SMMS,SMMS-01331,SNT,SNT-TRACK-CIRCUIT,TC-MSBMS-03,edge,MSB-MS-DN_SUB,,2.50,3.00,DN_SUB,overdue,2026-07-17,7,major,,false,disconnection,78,3,none,true,true,true,done
ENG-2025-05601,TMS,TMS-05601,ENG,ENG-SLEEPER-RENEWAL,SL-BBQPER-03,edge,BBQ-PER-UP,,4.12,4.62,UP,defect,2025-09-08,99,critical,2025-09-29,true,traffic_block,367,19,none,true,true,true,done
SNT-2025-01332,SMMS,SMMS-01332,SNT,SNT-AXLE-COUNTER,AC-PERABU-05,edge,PER-ABU-UP,,14.36,14.66,UP,overdue,2025-09-19,192,minor,2025-12-23,false,disconnection,130,3,none,true,true,true,done
TRD-2026-01670,TDMS,TDMS-01670,TRD,TRD-OHE-MAST,MST-AVDTI-08,edge,AVD-TI-UP,,21.95,22.15,UP,emergency_followup,2026-08-17,21,major,,false,power_block,211,7,OHE_tower_car,true,true,true,pending
ENG-2025-05602,TMS,TMS-05602,ENG,ENG-USFD-TEST,RL-TRLAJJ-40,edge,TRL-AJJ-UP,,66.04,68.50,UP,overdue,2025-10-15,250,1,2025-10-23,true,traffic_block,162,3,USFD_car,true,false,true,cancelled
ENG-2026-05603,TMS,TMS-05603,ENG,ENG-SLEEPER-RENEWAL,SL-MBMGI-04,edge,MBM-GI-UP_SUB,,11.80,12.30,UP_SUB,defect,2026-09-02,5,minor,2026-12-29,false,traffic_block,345,19,none,false,true,true,pending
ENG-2026-05604,TMS,TMS-05604,ENG,ENG-RAIL-WELD,RL-TMLPTKO-04,edge,TMLP-TKO-SINGLE,,112.03,113.03,SINGLE,defect,2026-02-19,65,3,,false,traffic_block,202,7,none,false,false,true,deferred
SNT-2026-01333,SMMS,SMMS-01333,SNT,SNT-AXLE-COUNTER,AC-TITRL-08,edge,TI-TRL-UP,,41.37,41.67,UP,overdue,2026-08-30,8,major,,false,disconnection,127,3,none,true,true,true,in_progress
TRD-2026-01671,TDMS,TDMS-01671,TRD,TRD-OHE-WIRE-RENEW,CW-STMPV-08,edge,STM-PV-UP_SUB,,17.74,18.74,UP_SUB,defect,2026-07-14,55,minor,2026-10-20,false,power_block,364,8,OHE_tower_car,true,true,true,scheduled
ENG-2026-05605,TMS,TMS-05605,ENG,ENG-SLEEPER-RENEWAL,SL-TITRL-06,edge,TI-TRL-DN_SUB,,30.78,31.28,DN_SUB,defect,2026-01-24,40,major,,false,traffic_block,347,19,none,true,true,true,done
ENG-2026-05606,TMS,TMS-05606,ENG,ENG-TURNOUT-OVERHAUL,TO-BBQ-04,node,,BBQ,2.00,2.00,,overdue,2026-08-05,7,major,,false,traffic_block,338,14,none,true,true,true,done
ENG-2026-05607,TMS,TMS-05607,ENG,ENG-USFD-TEST,RL-BBQTNP-02,edge,BBQ-TNP-DN,,3.73,5.00,DN,routine,2026-08-14,11,3,2026-11-14,false,traffic_block,110,3,USFD_car,true,false,true,cancelled
TRD-2026-01672,TDMS,TDMS-01672,TRD,TRD-OHE-TENSION,OHE-TRLAJJ-34,edge,TRL-AJJ-UP,,51.26,51.56,UP,overdue,2026-07-08,61,major,,false,power_block,135,4,OHE_tower_car,true,false,true,scheduled
ENG-2026-05608,TMS,TMS-05608,ENG,ENG-SLEEPER-RENEWAL,SL-PVTBM-05,edge,PV-TBM-UP,,25.86,26.36,UP,defect,2026-05-05,109,minor,,false,traffic_block,408,17,none,true,true,true,done
ENG-2025-05609,TMS,TMS-05609,ENG,ENG-TURNOUT-TAMP,TO-MS-10,node,,MS,4.32,4.32,,emergency_followup,2025-12-19,210,major,2026-03-27,false,traffic_block,211,9,tamper,true,true,true,done
ENG-2026-05610,TMS,TMS-05610,ENG,ENG-BRIDGE-INSP,BR-MJRPON-01,edge,MJR-PON-DN,,31.63,31.73,DN,routine,2026-01-01,211,critical,2026-01-27,true,traffic_block,125,4,none,true,true,false,done
SNT-2026-01334,SMMS,SMMS-01334,SNT,SNT-SIGNAL-LAMP,SG-AVDTI-09,edge,AVD-TI-UP,,21.53,21.63,UP,routine,2026-09-03,4,minor,2026-12-25,false,none,43,2,none,true,false,true,done
TRD-2026-01673,TDMS,TDMS-01673,TRD,TRD-OHE-DROPPER,CW-TRLAJJ-07,edge,TRL-AJJ-DN,,59.13,59.63,DN,routine,2026-08-04,34,major,,false,power_block,128,4,OHE_tower_car,true,false,true,pending
SNT-2026-01335,SMMS,SMMS-01335,SNT,SNT-AXLE-COUNTER,AC-AVDTI-04,edge,AVD-TI-DN_SUB,,27.32,27.62,DN_SUB,routine,2026-05-21,98,minor,,false,disconnection,78,3,none,true,true,true,done
ENG-2026-05611,TMS,TMS-05611,ENG,ENG-USFD-TEST,RL-TITRL-09,edge,TI-TRL-DN_SUB,,31.38,39.38,DN_SUB,overdue,2026-07-01,63,2,,false,traffic_block,145,3,USFD_car,true,false,true,done
SNT-2025-01336,SMMS,SMMS-01336,SNT,SNT-SIGNAL-LAMP,SG-PERABU-11,edge,PER-ABU-UP,,6.82,6.92,UP,routine,2025-11-20,45,critical,2025-12-03,true,none,43,2,none,false,false,true,done
SNT-2026-01337,SMMS,SMMS-01337,SNT,SNT-POINT-REPLACE,PT-MAS-01,node,,MAS,0.00,0.00,,defect,2026-05-13,117,minor,,false,disconnection,250,5,none,true,false,true,done
ENG-2026-05612,TMS,TMS-05612,ENG,ENG-SLEEPER-RENEWAL,SL-MSMBM-04,edge,MS-MBM-DN_SUB,,8.94,9.44,DN_SUB,defect,2026-06-26,38,minor,,false,traffic_block,297,18,none,true,true,true,done
ENG-2025-05613,TMS,TMS-05613,ENG,ENG-BRIDGE-REPAIR,BR-CGLWJ-01,edge,CGL-WJ-SINGLE,,77.81,77.91,SINGLE,defect,2025-11-01,138,minor,,false,traffic_block,432,10,none,true,true,false,done
ENG-2026-05614,TMS,TMS-05614,ENG,ENG-RAIL-RENEWAL,RL-TRLAJJ-39,edge,TRL-AJJ-UP,,49.08,49.58,UP,defect,2026-05-01,106,3,,false,traffic_block,477,24,none,true,true,true,cancelled
ENG-2025-05615,TMS,TMS-05615,ENG,ENG-DESTRESSING,RL-TNPENR-01,edge,TNP-ENR-DN,,12.53,13.53,DN,overdue,2025-12-18,184,3,,false,traffic_block,287,11,none,true,false,true,done
ENG-2026-05616,TMS,TMS-05616,ENG,ENG-TURNOUT-OVERHAUL,TO-MAS-04,node,,MAS,0.00,0.00,,overdue,2026-05-16,54,major,2026-08-23,false,traffic_block,393,15,none,true,true,true,done
ENG-2026-05617,TMS,TMS-05617,ENG,ENG-USFD-TEST,RL-STMPV-06,edge,STM-PV-DN_SUB,,20.95,23.10,DN_SUB,routine,2026-01-20,46,1,2026-02-08,true,traffic_block,91,3,USFD_car,true,false,true,done
ENG-2025-05618,TMS,TMS-05618,ENG,ENG-TURNOUT-OVERHAUL,TO-BBQ-07,node,,BBQ,2.00,2.00,,overdue,2025-10-11,53,minor,,false,traffic_block,270,13,none,true,true,true,done
SNT-2026-01338,SMMS,SMMS-01338,SNT,SNT-AXLE-COUNTER,AC-PVTBM-02,edge,PV-TBM-DN_SUB,,25.45,25.75,DN_SUB,emergency_followup,2026-07-06,11,major,,false,disconnection,75,3,none,false,true,true,done
TRD-2026-01674,TDMS,TDMS-01674,TRD,TRD-OHE-EARTHING,OHE-ABUAVD-07,edge,ABU-AVD-UP,,16.40,17.40,UP,overdue,2026-08-22,13,minor,,false,power_block,57,3,none,true,false,true,done
ENG-2026-05619,TMS,TMS-05619,ENG,ENG-TURNOUT-OVERHAUL,TO-MAS-03,node,,MAS,0.00,0.00,,overdue,2026-05-12,65,major,2026-08-17,false,traffic_block,270,12,none,true,true,true,done
TRD-2025-01675,TDMS,TDMS-01675,TRD,TRD-OHE-MAST,MST-MJRPON-03,edge,MJR-PON-DN,,28.47,28.67,DN,routine,2025-10-18,314,minor,,false,power_block,165,6,OHE_tower_car,true,true,true,done
SNT-2026-01339,SMMS,SMMS-01339,SNT,SNT-SIGNAL-LAMP,SG-TITRL-10,edge,TI-TRL-DN_SUB,,35.35,35.45,DN_SUB,overdue,2026-05-17,51,major,,false,none,64,2,none,true,false,true,done
SNT-2026-01340,SMMS,SMMS-01340,SNT,SNT-POINT-SERVICE,PT-CGL-01,node,,CGL,59.84,59.84,,routine,2026-08-15,23,major,2026-10-07,false,disconnection,47,3,none,true,false,true,pending
ENG-2026-05620,TMS,TMS-05620,ENG,ENG-TURNOUT-TAMP,TO-AVD-05,node,,AVD,21.00,21.00,,routine,2026-04-24,95,minor,,false,traffic_block,139,9,tamper,true,true,true,done
ENG-2026-05621,TMS,TMS-05621,ENG,ENG-TURNOUT-OVERHAUL,TO-PER-07,node,,PER,5.00,5.00,,proactive,2026-08-24,2,major,,false,traffic_block,348,14,none,true,true,true,done
ENG-2026-05622,TMS,TMS-05622,ENG,ENG-BALLAST-SCREEN,BL-TRLAJJ-13,edge,TRL-AJJ-DN_SUB,,63.91,64.41,DN_SUB,routine,2026-02-12,109,major,,false,traffic_block,417,14,BCM,true,true,true,done
TRD-2026-01676,TDMS,TDMS-01676,TRD,TRD-OHE-MAST,MST-CGLWJ-09,edge,CGL-WJ-SINGLE,,81.05,81.25,SINGLE,overdue,2026-07-14,37,major,2026-11-04,false,power_block,152,6,OHE_tower_car,true,true,true,done
TRD-2026-01677,TDMS,TDMS-01677,TRD,TRD-OHE-MAST,MST-MSMBM-02,edge,MS-MBM-DN,,6.96,7.16,DN,routine,2026-06-27,47,major,,false,power_block,166,6,OHE_tower_car,true,true,true,deferred
TRD-2026-01678,TDMS,TDMS-01678,TRD,TRD-OHE-INSULATOR,INS-TITRL-05,edge,TI-TRL-DN_SUB,,34.98,35.08,DN_SUB,proactive,2026-08-12,26,minor,,false,power_block,83,5,OHE_tower_car,false,true,true,scheduled
ENG-2026-05623,TMS,TMS-05623,ENG,ENG-TURNOUT-OVERHAUL,TO-MAS-11,node,,MAS,0.00,0.00,,overdue,2026-03-18,114,minor,2026-05-19,false,traffic_block,350,14,none,false,true,true,done
SNT-2026-01341,SMMS,SMMS-01341,SNT,SNT-SIGNAL-REPLACE,SG-AVDTI-03,edge,AVD-TI-DN,,22.99,23.09,DN,defect,2026-08-23,9,minor,2026-12-04,false,disconnection,215,5,none,true,true,true,done
TRD-2025-01679,TDMS,TDMS-01679,TRD,TRD-OHE-MAST,MST-MASBBQ-02,edge,MAS-BBQ-DN_SUB,,0.63,0.83,DN_SUB,overdue,2025-09-10,105,minor,,false,power_block,115,6,OHE_tower_car,true,true,true,done
SNT-2026-01342,SMMS,SMMS-01342,SNT,SNT-POINT-REPLACE,PT-ENR-06,node,,ENR,16.00,16.00,,defect,2026-05-29,78,minor,,false,disconnection,177,4,none,true,false,true,done
TRD-2025-01680,TDMS,TDMS-01680,TRD,TRD-OHE-DROPPER,CW-GISTM-04,edge,GI-STM-UP_SUB,,16.85,17.10,UP_SUB,overdue,2025-10-20,152,minor,2026-02-12,false,power_block,90,4,OHE_tower_car,true,false,true,done
TRD-2025-01681,TDMS,TDMS-01681,TRD,TRD-OHE-MAST,MST-ABUAVD-06,edge,ABU-AVD-UP,,17.52,17.72,UP,proactive,2025-10-14,127,minor,2026-01-03,false,power_block,146,8,OHE_tower_car,true,true,true,done
SNT-2026-01343,SMMS,SMMS-01343,SNT,SNT-TRACK-CIRCUIT,TC-TRLAJJ-44,edge,TRL-AJJ-UP_SUB,,60.03,60.53,UP_SUB,overdue,2026-08-10,10,minor,,false,disconnection,106,3,none,false,true,true,done
ENG-2026-05624,TMS,TMS-05624,ENG,ENG-DESTRESSING,RL-TRLAJJ-38,edge,TRL-AJJ-UP,,60.96,61.96,UP,proactive,2026-08-26,12,2,,false,traffic_block,271,12,none,true,false,true,pending
ENG-2026-05625,TMS,TMS-05625,ENG,ENG-RAIL-GRIND,RL-PERABU-24,edge,PER-ABU-UP_SUB,,7.05,10.05,UP_SUB,routine,2026-07-04,63,3,,false,traffic_block,243,5,rail_grinder,false,false,true,done
TRD-2025-01682,TDMS,TDMS-01682,TRD,TRD-OHE-MAST,MST-TRLAJJ-19,edge,TRL-AJJ-DN_SUB,,54.52,54.72,DN_SUB,overdue,2025-12-23,123,minor,2026-02-15,false,power_block,201,6,OHE_tower_car,true,true,true,done
TRD-2026-01683,TDMS,TDMS-01683,TRD,TRD-OHE-INSULATOR,INS-GISTM-04,edge,GI-STM-UP_SUB,,15.10,15.20,UP_SUB,defect,2026-04-15,57,minor,2026-07-13,false,power_block,114,5,OHE_tower_car,true,true,true,deferred
ENG-2026-05626,TMS,TMS-05626,ENG,ENG-SLEEPER-RENEWAL,SL-ABUAVD-06,edge,ABU-AVD-UP,,20.75,21.00,UP,defect,2026-02-23,133,major,,false,traffic_block,340,19,none,true,true,true,done
ENG-2026-05627,TMS,TMS-05627,ENG,ENG-BALLAST-SCREEN,BL-STMPV-06,edge,STM-PV-UP,,17.35,17.85,UP,overdue,2026-07-28,34,minor,2026-10-23,false,traffic_block,357,13,BCM,true,true,true,done
TRD-2026-01684,TDMS,TDMS-01684,TRD,TRD-OHE-INSULATOR,INS-ABUAVD-04,edge,ABU-AVD-UP_SUB,,15.32,15.42,UP_SUB,defect,2026-07-10,57,minor,,false,power_block,124,4,OHE_tower_car,false,true,true,cancelled
ENG-2026-05628,TMS,TMS-05628,ENG,ENG-TAMPING,BL-WJCJ-04,edge,WJ-CJ-SINGLE,,89.45,91.45,SINGLE,routine,2026-01-28,5,minor,,false,traffic_block,205,8,tamper,true,true,true,done
ENG-2025-05629,TMS,TMS-05629,ENG,ENG-TAMPING,BL-TITRL-01,edge,TI-TRL-DN,,31.95,33.95,DN,overdue,2025-11-29,248,major,2026-01-22,false,traffic_block,240,8,tamper,true,true,true,done
TRD-2026-01685,TDMS,TDMS-01685,TRD,TRD-OHE-DROPPER,CW-TITRL-04,edge,TI-TRL-DN,,33.56,34.06,DN,overdue,2026-03-10,180,major,,false,power_block,114,4,OHE_tower_car,true,false,true,done
SNT-2026-01344,SMMS,SMMS-01344,SNT,SNT-SIGNAL-REPLACE,SG-MJRPON-04,edge,MJR-PON-UP,,26.20,26.30,UP,defect,2026-07-20,49,major,,false,disconnection,233,6,none,true,true,true,pending
TRD-2026-01686,TDMS,TDMS-01686,TRD,TRD-OHE-WIRE-RENEW,CW-BBQTNP-02,edge,BBQ-TNP-UP,,2.46,3.46,UP,defect,2026-09-01,6,minor,,false,power_block,312,9,OHE_tower_car,true,true,true,scheduled
ENG-2025-05630,TMS,TMS-05630,ENG,ENG-SLEEPER-RENEWAL,SL-PERABU-16,edge,PER-ABU-UP_SUB,,12.40,12.90,UP_SUB,defect,2025-12-06,10,major,,false,traffic_block,380,20,none,false,true,true,deferred
SNT-2026-01345,SMMS,SMMS-01345,SNT,SNT-POINT-SERVICE,PT-TNP-04,node,,TNP,5.00,5.00,,emergency_followup,2026-07-25,37,major,,false,disconnection,56,3,none,true,false,true,done
ENG-2026-05631,TMS,TMS-05631,ENG,ENG-USFD-TEST,RL-CJTMLP-02,edge,CJ-TMLP-SINGLE,,106.11,107.80,SINGLE,overdue,2026-08-03,35,2,2026-11-17,false,traffic_block,95,3,USFD_car,true,false,true,pending
ENG-2025-05632,TMS,TMS-05632,ENG,ENG-SLEEPER-RENEWAL,SL-WJCJ-04,edge,WJ-CJ-SINGLE,,88.24,88.74,SINGLE,defect,2025-11-12,142,minor,,false,traffic_block,278,20,none,true,true,true,cancelled
SNT-2025-01346,SMMS,SMMS-01346,SNT,SNT-TRACK-CIRCUIT,TC-TNPENR-03,edge,TNP-ENR-DN,,10.39,10.89,DN,routine,2025-10-27,43,minor,2026-01-26,false,disconnection,69,3,none,true,true,true,done
SNT-2026-01347,SMMS,SMMS-01347,SNT,SNT-CABLE-LAY,,edge,BBQ-TNP-DN,,3.52,4.52,DN,proactive,2026-03-10,12,minor,,false,none,207,9,none,true,true,false,done
ENG-2025-05633,TMS,TMS-05633,ENG,ENG-TURNOUT-TAMP,TO-GPD-02,node,,GPD,47.00,47.00,,routine,2025-11-20,241,minor,,false,traffic_block,213,8,tamper,true,true,true,done
ENG-2026-05634,TMS,TMS-05634,ENG,ENG-SLEEPER-RENEWAL,SL-ABUAVD-02,edge,ABU-AVD-DN,,19.48,19.98,DN,defect,2026-07-17,22,minor,2026-11-01,false,traffic_block,260,17,none,true,true,true,done
ENG-2026-05635,TMS,TMS-05635,ENG,ENG-SLEEPER-RENEWAL,SL-MASBBQ-03,edge,MAS-BBQ-UP,,0.76,1.26,UP,defect,2026-01-10,33,major,,false,traffic_block,232,20,none,true,true,true,done
TRD-2025-01687,TDMS,TDMS-01687,TRD,TRD-OHE-MAST,MST-ABUAVD-03,edge,ABU-AVD-DN_SUB,,16.09,16.29,DN_SUB,overdue,2025-10-08,317,minor,,false,power_block,212,6,OHE_tower_car,true,true,true,done
SNT-2026-01348,SMMS,SMMS-01348,SNT,SNT-TRACK-CIRCUIT,TC-WJCJ-02,edge,WJ-CJ-SINGLE,,85.51,86.01,SINGLE,routine,2026-06-18,66,critical,2026-06-30,true,disconnection,110,3,none,true,true,true,done
ENG-2026-05636,TMS,TMS-05636,ENG,ENG-TURNOUT-TAMP,TO-MSB-04,node,,MSB,0.00,0.00,,overdue,2026-03-12,8,minor,,false,traffic_block,170,9,tamper,true,true,true,done
SNT-2026-01349,SMMS,SMMS-01349,SNT,SNT-POINT-SERVICE,PT-TRL-04,node,,TRL,42.00,42.00,,overdue,2026-08-21,14,minor,,false,disconnection,56,3,none,false,false,true,done
ENG-2026-05637,TMS,TMS-05637,ENG,ENG-DESTRESSING,RL-MSMBM-17,edge,MS-MBM-UP_SUB,,7.75,8.75,UP_SUB,overdue,2026-02-12,8,2,,false,traffic_block,184,12,none,true,false,true,done
SNT-2025-01350,SMMS,SMMS-01350,SNT,SNT-TRACK-CIRCUIT,TC-TMLPTKO-03,edge,TMLP-TKO-SINGLE,,109.39,109.89,SINGLE,overdue,2025-12-14,94,minor,2026-03-18,false,disconnection,91,3,none,true,true,true,done
SNT-2025-01351,SMMS,SMMS-01351,SNT,SNT-AXLE-COUNTER,AC-PONGPD-04,edge,PON-GPD-UP,,38.27,38.57,UP,overdue,2025-10-05,308,major,,false,disconnection,109,3,none,true,true,true,done
TRD-2026-01688,TDMS,TDMS-01688,TRD,TRD-OHE-INSULATOR,INS-TRLAJJ-06,edge,TRL-AJJ-DN,,47.58,47.68,DN,defect,2026-08-12,26,minor,,false,power_block,100,4,OHE_tower_car,true,true,true,scheduled
ENG-2026-05638,TMS,TMS-05638,ENG,ENG-BRIDGE-REPAIR,BR-TITRL-01,edge,TI-TRL-DN,,39.50,39.60,DN,defect,2026-03-17,30,critical,2026-04-13,true,traffic_block,386,11,none,true,true,false,deferred
ENG-2026-05639,TMS,TMS-05639,ENG,ENG-TAMPING,BL-STMPV-08,edge,STM-PV-UP_SUB,,19.31,21.31,UP_SUB,routine,2026-06-09,9,minor,,false,traffic_block,211,8,tamper,true,true,true,done
SNT-2026-01352,SMMS,SMMS-01352,SNT,SNT-POINT-REPLACE,PT-TBM-06,node,,TBM,29.14,29.14,,defect,2026-07-04,42,minor,,false,disconnection,218,4,none,true,false,true,done
TRD-2025-01689,TDMS,TDMS-01689,TRD,TRD-OHE-INSULATOR,INS-TRLAJJ-06,edge,TRL-AJJ-DN,,47.58,47.68,DN,defect,2025-12-08,106,major,,false,power_block,71,4,OHE_tower_car,true,true,true,done
ENG-2026-05640,TMS,TMS-05640,ENG,ENG-RAIL-GRIND,RL-TRLAJJ-07,edge,TRL-AJJ-DN,,59.49,62.49,DN,overdue,2026-07-15,30,3,,false,traffic_block,223,4,rail_grinder,true,false,true,done
ENG-2026-05641,TMS,TMS-05641,ENG,ENG-TURNOUT-OVERHAUL,TO-PER-07,node,,PER,5.00,5.00,,proactive,2026-04-23,104,major,,false,traffic_block,379,12,none,true,true,true,deferred
ENG-2026-05642,TMS,TMS-05642,ENG,ENG-CURVE-REALIGN,BL-GISTM-04,edge,GI-STM-UP_SUB,,16.54,17.10,UP_SUB,overdue,2026-09-02,5,major,,false,traffic_block,256,11,tamper,false,true,true,done
ENG-2026-05643,TMS,TMS-05643,ENG,ENG-TAMPING,BL-TITRL-04,edge,TI-TRL-DN,,34.24,36.24,DN,routine,2026-01-30,63,major,,false,traffic_block,337,8,tamper,true,true,true,done
ENG-2026-05644,TMS,TMS-05644,ENG,ENG-TURNOUT-TAMP,TO-BBQ-04,node,,BBQ,2.00,2.00,,emergency_followup,2026-01-03,35,major,,false,traffic_block,249,10,tamper,true,true,true,done
SNT-2026-01353,SMMS,SMMS-01353,SNT,SNT-POINT-REPLACE,PT-TNP-04,node,,TNP,5.00,5.00,,defect,2026-03-27,155,minor,,false,disconnection,204,4,none,true,false,true,done
ENG-2026-05645,TMS,TMS-05645,ENG,ENG-DRAIN-CLEAR,,edge,TRL-AJJ-DN,,54.77,56.27,DN,overdue,2026-02-23,19,major,2026-04-29,false,none,189,8,none,true,true,false,done
ENG-2026-05646,TMS,TMS-05646,ENG,ENG-TURNOUT-OVERHAUL,TO-MAS-18,node,,MAS,0.00,0.00,,routine,2026-04-20,42,major,,false,traffic_block,292,12,none,true,true,true,done
SNT-2026-01354,SMMS,SMMS-01354,SNT,SNT-SIGNAL-LAMP,SG-PERABU-06,edge,PER-ABU-DN_SUB,,11.64,11.74,DN_SUB,overdue,2026-08-05,33,minor,,false,none,59,2,none,false,false,true,pending
TRD-2026-01690,TDMS,TDMS-01690,TRD,TRD-OHE-EARTHING,OHE-MJRPON-05,edge,MJR-PON-UP,,32.51,33.51,UP,overdue,2026-08-25,13,minor,,false,power_block,45,3,none,true,false,true,pending
SNT-2026-01355,SMMS,SMMS-01355,SNT,SNT-TRACK-CIRCUIT,TC-TRLAJJ-19,edge,TRL-AJJ-DN_SUB,,58.30,58.80,DN_SUB,routine,2026-07-14,49,minor,2026-08-27,false,disconnection,94,3,none,true,true,true,done
SNT-2025-01356,SMMS,SMMS-01356,SNT,SNT-POINT-SERVICE,PT-MS-02,node,,MS,4.32,4.32,,routine,2025-12-06,260,major,,false,disconnection,55,3,none,true,false,true,done
TRD-2026-01691,TDMS,TDMS-01691,TRD,TRD-OHE-MAST,MST-TRLAJJ-44,edge,TRL-AJJ-UP_SUB,,61.00,61.20,UP_SUB,proactive,2026-01-04,225,minor,,false,power_block,188,7,OHE_tower_car,true,true,true,done
SNT-2026-01357,SMMS,SMMS-01357,SNT,SNT-TRACK-CIRCUIT,TC-PERABU-10,edge,PER-ABU-UP,,10.20,10.70,UP,routine,2026-08-26,8,minor,,false,disconnection,90,3,none,true,true,true,done
ENG-2026-05647,TMS,TMS-05647,ENG,ENG-SLEEPER-RENEWAL,SL-TRLAJJ-33,edge,TRL-AJJ-UP_SUB,,54.80,55.30,UP_SUB,proactive,2026-04-25,130,minor,2026-07-01,false,traffic_block,349,20,none,true,true,true,done
SNT-2025-01358,SMMS,SMMS-01358,SNT,SNT-AXLE-COUNTER,AC-CGLWJ-01,edge,CGL-WJ-SINGLE,,78.06,78.36,SINGLE,emergency_followup,2025-09-21,2,major,,false,disconnection,96,3,none,true,true,true,deferred
ENG-2025-05648,TMS,TMS-05648,ENG,ENG-TRACK-PATROL,,edge,TRL-AJJ-DN_SUB,,64.08,66.08,DN_SUB,overdue,2025-11-05,35,minor,,false,none,129,2,none,true,false,false,done
TRD-2026-01692,TDMS,TDMS-01692,TRD,TRD-OHE-MAST,MST-TRLAJJ-43,edge,TRL-AJJ-UP_SUB,,46.68,46.88,UP_SUB,routine,2026-06-02,65,major,,false,power_block,162,6,OHE_tower_car,true,true,true,done
TRD-2025-01693,TDMS,TDMS-01693,TRD,TRD-OHE-TENSION,OHE-ENRMJR-07,edge,ENR-MJR-UP,,18.84,19.14,UP,proactive,2025-12-11,83,major,2026-03-25,false,power_block,157,4,OHE_tower_car,true,false,true,done
SNT-2026-01359,SMMS,SMMS-01359,SNT,SNT-SIGNAL-REPLACE,SG-PVTBM-07,edge,PV-TBM-UP_SUB,,26.30,26.40,UP_SUB,defect,2026-02-02,55,major,2026-03-10,false,disconnection,207,6,none,true,true,true,done
SNT-2025-01360,SMMS,SMMS-01360,SNT,SNT-AXLE-COUNTER,AC-PERABU-08,edge,PER-ABU-UP_SUB,,11.49,11.79,UP_SUB,overdue,2025-09-27,142,major,2026-01-25,false,disconnection,104,3,none,true,true,true,done
ENG-2026-05649,TMS,TMS-05649,ENG,ENG-SLEEPER-RENEWAL,SL-MASBBQ-01,edge,MAS-BBQ-DN,,1.36,1.86,DN,defect,2026-04-02,36,major,,false,traffic_block,393,17,none,true,true,true,done
SNT-2026-01361,SMMS,SMMS-01361,SNT,SNT-SIGNAL-REPLACE,SG-TRLAJJ-26,edge,TRL-AJJ-UP,,47.14,47.24,UP,defect,2026-03-03,129,minor,,false,disconnection,202,5,none,true,true,true,cancelled
ENG-2026-05650,TMS,TMS-05650,ENG,ENG-RAIL-RENEWAL,RL-TRLAJJ-02,edge,TRL-AJJ-DN,,49.43,49.93,DN,defect,2026-07-26,14,1,2026-08-14,true,traffic_block,463,24,none,true,true,true,done
SNT-2026-01362,SMMS,SMMS-01362,SNT,SNT-TRACK-CIRCUIT,TC-TITRL-03,edge,TI-TRL-DN,,36.07,36.57,DN,routine,2026-05-05,4,critical,2026-06-01,true,disconnection,113,3,none,false,true,true,done
ENG-2026-05651,TMS,TMS-05651,ENG,ENG-BALLAST-REGULATE,BL-AVDTI-09,edge,AVD-TI-UP,,26.53,28.53,UP,overdue,2026-03-20,22,major,,false,traffic_block,142,4,ballast_regulator,true,true,true,done
ENG-2026-05652,TMS,TMS-05652,ENG,ENG-TRACK-PATROL,,edge,GI-STM-UP_SUB,,16.61,17.10,UP_SUB,overdue,2026-01-03,93,major,,false,none,77,2,none,false,false,false,deferred
ENG-2026-05653,TMS,TMS-05653,ENG,ENG-TURNOUT-TAMP,TO-MSB-05,node,,MSB,0.00,0.00,,overdue,2026-09-06,1,minor,,false,traffic_block,154,8,tamper,true,true,true,in_progress
SNT-2025-01363,SMMS,SMMS-01363,SNT,SNT-POINT-REPLACE,PT-MAS-09,node,,MAS,0.00,0.00,,proactive,2025-12-11,250,minor,,false,disconnection,224,4,none,false,false,true,done
SNT-2026-01364,SMMS,SMMS-01364,SNT,SNT-AXLE-COUNTER,AC-MSBMS-04,edge,MSB-MS-UP_SUB,,1.46,1.76,UP_SUB,routine,2026-05-14,55,minor,2026-08-31,false,disconnection,119,3,none,true,true,true,done
ENG-2026-05654,TMS,TMS-05654,ENG,ENG-RAIL-WELD,RL-PONGPD-08,edge,PON-GPD-DN,,43.72,44.72,DN,defect,2026-08-25,13,2,,false,traffic_block,165,8,none,true,false,true,pending
ENG-2026-05655,TMS,TMS-05655,ENG,ENG-SLEEPER-RENEWAL,SL-MASBBQ-03,edge,MAS-BBQ-UP,,0.76,1.26,UP,defect,2026-04-06,134,minor,,false,traffic_block,391,18,none,true,true,true,done
ENG-2026-05656,TMS,TMS-05656,ENG,ENG-YARD-PWAY,BL-MS-06,node,,MS,4.32,4.32,,proactive,2026-04-22,9,minor,2026-06-30,false,traffic_block,214,8,none,true,true,true,done
TRD-2026-01694,TDMS,TDMS-01694,TRD,TRD-OHE-INSULATOR,INS-MJRPON-02,edge,MJR-PON-DN,,27.69,27.79,DN,defect,2026-06-11,67,minor,2026-09-21,false,power_block,115,4,OHE_tower_car,false,true,true,done
SNT-2025-01365,SMMS,SMMS-01365,SNT,SNT-POINT-REPLACE,PT-PER-03,node,,PER,5.00,5.00,,defect,2025-10-27,48,minor,,false,disconnection,180,5,none,true,false,true,done
SNT-2025-01366,SMMS,SMMS-01366,SNT,SNT-AXLE-COUNTER,AC-ABUAVD-04,edge,ABU-AVD-UP_SUB,,17.14,17.44,UP_SUB,routine,2025-12-04,14,minor,2026-02-06,false,disconnection,87,3,none,true,true,true,done
TRD-2026-01695,TDMS,TDMS-01695,TRD,TRD-OHE-INSULATOR,INS-TNPENR-04,edge,TNP-ENR-UP,,9.38,9.48,UP,proactive,2026-03-07,125,major,,false,power_block,98,5,OHE_tower_car,true,true,true,done
SNT-2026-01367,SMMS,SMMS-01367,SNT,SNT-SIGNAL-LAMP,SG-PVTBM-03,edge,PV-TBM-DN_SUB,,24.50,24.60,DN_SUB,proactive,2026-04-16,31,major,,false,none,54,2,none,true,false,true,done
SNT-2026-01368,SMMS,SMMS-01368,SNT,SNT-TRACK-CIRCUIT,TC-WJCJ-03,edge,WJ-CJ-SINGLE,,94.73,95.23,SINGLE,overdue,2026-08-02,36,major,,false,disconnection,128,3,none,true,true,true,pending
ENG-2026-05657,TMS,TMS-05657,ENG,ENG-USFD-TEST,RL-GISTM-01,edge,GI-STM-DN,,16.47,17.10,DN,proactive,2026-07-14,55,3,,false,traffic_block,143,3,USFD_car,true,false,true,in_progress
ENG-2025-05658,TMS,TMS-05658,ENG,ENG-TURNOUT-OVERHAUL,TO-TNP-03,node,,TNP,5.00,5.00,,overdue,2025-09-16,172,minor,,false,traffic_block,380,15,none,true,true,true,done
ENG-2025-05659,TMS,TMS-05659,ENG,ENG-RAIL-GRIND,RL-CGLWJ-02,edge,CGL-WJ-SINGLE,,68.37,71.37,SINGLE,routine,2025-12-24,227,3,,false,traffic_block,216,4,rail_grinder,true,false,true,done
ENG-2025-05660,TMS,TMS-05660,ENG,ENG-TURNOUT-TAMP,TO-AJJ-01,node,,AJJ,69.00,69.00,,routine,2025-09-19,140,minor,,false,traffic_block,221,9,tamper,true,true,true,deferred
TRD-2026-01696,TDMS,TDMS-01696,TRD,TRD-OHE-WIRE-RENEW,CW-STMPV-07,edge,STM-PV-UP_SUB,,19.94,20.94,UP_SUB,defect,2026-08-04,34,minor,,false,power_block,234,9,OHE_tower_car,true,true,true,in_progress
ENG-2026-05661,TMS,TMS-05661,ENG,ENG-TURNOUT-OVERHAUL,TO-BBQ-12,node,,BBQ,2.00,2.00,,overdue,2026-01-12,76,minor,,false,traffic_block,326,12,none,true,true,true,done
SNT-2026-01369,SMMS,SMMS-01369,SNT,SNT-POINT-SERVICE,PT-ENR-03,node,,ENR,16.00,16.00,,overdue,2026-03-06,181,minor,,false,disconnection,78,3,none,true,false,true,deferred
TRD-2026-01697,TDMS,TDMS-01697,TRD,TRD-OHE-WIRE-RENEW,CW-TITRL-12,edge,TI-TRL-UP,,39.36,40.36,UP,proactive,2026-06-16,9,minor,2026-08-26,false,power_block,249,9,OHE_tower_car,true,true,true,deferred
SNT-2026-01370,SMMS,SMMS-01370,SNT,SNT-CABLE-LAY,,edge,ENR-MJR-UP,,23.38,24.38,UP,defect,2026-08-04,8,minor,,false,none,253,8,none,true,true,false,done
TRD-2025-01698,TDMS,TDMS-01698,TRD,TRD-OHE-WIRE-RENEW,CW-TITRL-13,edge,TI-TRL-UP_SUB,,34.56,35.56,UP_SUB,emergency_followup,2025-09-17,153,major,,false,power_block,279,8,OHE_tower_car,true,true,true,done
ENG-2026-05662,TMS,TMS-05662,ENG,ENG-TURNOUT-OVERHAUL,TO-ENR-01,node,,ENR,16.00,16.00,,overdue,2026-04-28,87,minor,,false,traffic_block,272,14,none,true,true,true,done
SNT-2026-01371,SMMS,SMMS-01371,SNT,SNT-AXLE-COUNTER,AC-GISTM-01,edge,GI-STM-DN,,15.96,16.26,DN,routine,2026-02-23,35,minor,,false,disconnection,78,3,none,true,true,true,done
ENG-2026-05663,TMS,TMS-05663,ENG,ENG-USFD-TEST,RL-PERABU-06,edge,PER-ABU-DN,,11.08,15.00,DN,overdue,2026-08-17,21,2,,false,traffic_block,116,3,USFD_car,true,false,true,in_progress
SNT-2026-01372,SMMS,SMMS-01372,SNT,SNT-SIGNAL-REPLACE,SG-STMPV-08,edge,STM-PV-UP_SUB,,22.25,22.35,UP_SUB,defect,2026-08-31,7,minor,,false,disconnection,176,5,none,true,true,true,pending
ENG-2026-05664,TMS,TMS-05664,ENG,ENG-SLEEPER-RENEWAL,SL-PERABU-13,edge,PER-ABU-UP_SUB,,12.86,13.36,UP_SUB,proactive,2026-07-02,67,major,,false,traffic_block,232,21,none,true,true,true,pending
ENG-2026-05665,TMS,TMS-05665,ENG,ENG-TURNOUT-OVERHAUL,TO-AJJ-06,node,,AJJ,69.00,69.00,,emergency_followup,2026-08-16,22,major,,false,traffic_block,299,12,none,true,true,true,in_progress
TRD-2026-01699,TDMS,TDMS-01699,TRD,TRD-OHE-MAST,MST-AVDTI-05,edge,AVD-TI-DN_SUB,,22.37,22.57,DN_SUB,routine,2026-04-28,76,minor,,false,power_block,120,7,OHE_tower_car,true,true,true,done
ENG-2026-05666,TMS,TMS-05666,ENG,ENG-USFD-TEST,RL-AVDTI-19,edge,AVD-TI-UP_SUB,,27.02,29.00,UP_SUB,overdue,2026-08-11,27,3,,false,traffic_block,134,3,USFD_car,true,false,true,pending
ENG-2026-05667,TMS,TMS-05667,ENG,ENG-RAIL-WELD,RL-STMPV-14,edge,STM-PV-UP_SUB,,22.79,23.10,UP_SUB,defect,2026-07-21,48,1,2026-07-28,true,traffic_block,157,7,none,true,false,true,scheduled
TRD-2026-01700,TDMS,TDMS-01700,TRD,TRD-OHE-MAST,MST-PERABU-13,edge,PER-ABU-UP_SUB,,5.35,5.55,UP_SUB,overdue,2026-08-09,29,major,,false,power_block,134,6,OHE_tower_car,true,true,true,pending
SNT-2025-01373,SMMS,SMMS-01373,SNT,SNT-SIGNAL-LAMP,SG-MSBMS-07,edge,MSB-MS-UP_SUB,,0.91,1.01,UP_SUB,routine,2025-10-19,192,major,,false,none,52,2,none,true,false,true,done
ENG-2026-05668,TMS,TMS-05668,ENG,ENG-SLEEPER-RENEWAL,SL-STMPV-04,edge,STM-PV-DN_SUB,,17.23,17.73,DN_SUB,defect,2026-08-23,15,minor,,false,traffic_block,390,20,none,true,true,true,scheduled
SNT-2026-01374,SMMS,SMMS-01374,SNT,SNT-POINT-REPLACE,PT-PER-09,node,,PER,5.00,5.00,,defect,2026-03-24,110,major,,false,disconnection,250,5,none,true,false,true,done
SNT-2025-01375,SMMS,SMMS-01375,SNT,SNT-AXLE-COUNTER,AC-TRLAJJ-02,edge,TRL-AJJ-DN,,47.10,47.40,DN,routine,2025-12-11,152,minor,2026-01-28,false,disconnection,80,3,none,true,true,true,cancelled
SNT-2026-01376,SMMS,SMMS-01376,SNT,SNT-CABLE-LAY,,edge,MAS-BBQ-UP,,1.62,2.00,UP,emergency_followup,2026-08-05,33,major,,false,none,182,9,none,true,true,false,in_progress
ENG-2025-05669,TMS,TMS-05669,ENG,ENG-DESTRESSING,RL-PONGPD-06,edge,PON-GPD-DN,,36.13,37.13,DN,routine,2025-10-12,303,2,,false,traffic_block,344,11,none,true,false,true,done
ENG-2026-05670,TMS,TMS-05670,ENG,ENG-TAMPING,BL-MBMGI-02,edge,MBM-GI-DN_SUB,,11.69,13.69,DN_SUB,proactive,2026-07-26,15,minor,2026-09-24,false,traffic_block,320,9,tamper,true,true,true,done
ENG-2026-05671,TMS,TMS-05671,ENG,ENG-USFD-TEST,RL-PERABU-16,edge,PER-ABU-UP,,10.32,15.00,UP,overdue,2026-01-16,76,2,,false,traffic_block,96,3,USFD_car,true,false,true,done
ENG-2026-05672,TMS,TMS-05672,ENG,ENG-SLEEPER-RENEWAL,SL-STMPV-04,edge,STM-PV-DN_SUB,,17.23,17.73,DN_SUB,defect,2026-07-01,37,minor,,false,traffic_block,394,21,none,false,true,true,done
ENG-2025-05673,TMS,TMS-05673,ENG,ENG-TURNOUT-TAMP,TO-MAS-04,node,,MAS,0.00,0.00,,overdue,2025-12-06,125,minor,,false,traffic_block,196,10,tamper,true,true,true,done
ENG-2026-05674,TMS,TMS-05674,ENG,ENG-DESTRESSING,RL-TRLAJJ-51,edge,TRL-AJJ-UP,,53.01,54.01,UP,overdue,2026-01-01,147,1,2026-01-08,true,traffic_block,213,11,none,true,false,true,done
TRD-2026-01701,TDMS,TDMS-01701,TRD,TRD-OHE-DROPPER,CW-CGLWJ-02,edge,CGL-WJ-SINGLE,,61.63,62.13,SINGLE,routine,2026-06-20,48,major,,false,power_block,90,4,OHE_tower_car,false,false,true,done
ENG-2025-05675,TMS,TMS-05675,ENG,ENG-TURNOUT-OVERHAUL,TO-TRL-08,node,,TRL,42.00,42.00,,overdue,2025-11-07,154,minor,,false,traffic_block,410,13,none,true,true,true,done
ENG-2025-05676,TMS,TMS-05676,ENG,ENG-YARD-PWAY,BL-PER-02,node,,PER,5.00,5.00,,routine,2025-10-26,205,major,,false,traffic_block,137,9,none,true,true,true,done
TRD-2025-01702,TDMS,TDMS-01702,TRD,TRD-OHE-WIRE-RENEW,CW-TRLAJJ-07,edge,TRL-AJJ-DN,,59.13,60.13,DN,defect,2025-10-09,133,major,2026-01-26,false,power_block,294,8,OHE_tower_car,true,true,true,done
TRD-2026-01703,TDMS,TDMS-01703,TRD,TRD-OHE-TENSION,OHE-MSMBM-13,edge,MS-MBM-UP_SUB,,10.66,10.96,UP_SUB,overdue,2026-05-26,27,minor,,false,power_block,113,4,OHE_tower_car,true,false,true,done
SNT-2026-01377,SMMS,SMMS-01377,SNT,SNT-AXLE-COUNTER,AC-MSMBM-04,edge,MS-MBM-UP_SUB,,5.14,5.44,UP_SUB,overdue,2026-03-11,89,minor,,false,disconnection,107,3,none,true,true,true,done
SNT-2026-01378,SMMS,SMMS-01378,SNT,SNT-SIGNAL-LAMP,SG-PVTBM-04,edge,PV-TBM-DN_SUB,,25.44,25.54,DN_SUB,overdue,2026-07-25,44,major,,false,none,52,2,none,true,false,true,in_progress
TRD-2026-01704,TDMS,TDMS-01704,TRD,TRD-OHE-MAST,MST-TRLAJJ-34,edge,TRL-AJJ-UP_SUB,,59.48,59.68,UP_SUB,proactive,2026-08-17,21,minor,,false,power_block,180,7,OHE_tower_car,false,true,true,scheduled
SNT-2025-01379,SMMS,SMMS-01379,SNT,SNT-CABLE-LAY,,edge,PV-TBM-DN_SUB,,28.06,29.06,DN_SUB,defect,2025-11-26,187,minor,2026-03-13,false,none,213,8,none,true,true,false,done
ENG-2025-05677,TMS,TMS-05677,ENG,ENG-TURNOUT-OVERHAUL,TO-MSB-10,node,,MSB,0.00,0.00,,overdue,2025-10-04,241,critical,2025-10-26,true,traffic_block,394,14,none,false,true,true,done
TRD-2026-01705,TDMS,TDMS-01705,TRD,TRD-NEUTRAL-SECTION,OHE-TNPENR-08,edge,TNP-ENR-UP,,8.79,8.99,UP,routine,2026-04-24,10,minor,,false,power_block,177,7,OHE_tower_car,true,false,true,done
ENG-2026-05678,TMS,TMS-05678,ENG,ENG-RAIL-GRIND,RL-MSMBM-01,edge,MS-MBM-DN,,8.03,11.03,DN,routine,2026-07-09,36,3,,false,traffic_block,152,5,rail_grinder,true,false,true,done
TRD-2026-01706,TDMS,TDMS-01706,TRD,TRD-OHE-MAST,MST-TRLAJJ-21,edge,TRL-AJJ-DN_SUB,,48.34,48.54,DN_SUB,overdue,2026-03-03,151,minor,,false,power_block,172,7,OHE_tower_car,false,true,true,done
SNT-2025-01380,SMMS,SMMS-01380,SNT,SNT-SIGNAL-REPLACE,SG-MSBMS-01,edge,MSB-MS-DN,,0.81,0.91,DN,defect,2025-12-29,157,minor,2026-04-27,false,disconnection,160,5,none,true,true,true,deferred
ENG-2026-05679,TMS,TMS-05679,ENG,ENG-RAIL-WELD,RL-TKOAJJ-01,edge,TKO-AJJ-SINGLE,,120.68,121.68,SINGLE,defect,2026-02-27,57,3,,false,traffic_block,248,7,none,true,false,true,cancelled
ENG-2026-05680,TMS,TMS-05680,ENG,ENG-RAIL-GRIND,RL-TITRL-05,edge,TI-TRL-DN,,32.51,35.51,DN,routine,2026-06-12,64,2,2026-09-01,false,traffic_block,244,4,rail_grinder,true,false,true,done
ENG-2026-05681,TMS,TMS-05681,ENG,ENG-SLEEPER-RENEWAL,SL-PVTBM-04,edge,PV-TBM-DN_SUB,,24.48,24.98,DN_SUB,defect,2026-01-17,123,minor,,false,traffic_block,231,16,none,true,true,true,done
ENG-2026-05682,TMS,TMS-05682,ENG,ENG-SLEEPER-RENEWAL,SL-MSBMS-07,edge,MSB-MS-UP_SUB,,0.34,0.84,UP_SUB,defect,2026-08-23,8,major,2026-09-29,false,traffic_block,236,19,none,true,true,true,done
TRD-2025-01707,TDMS,TDMS-01707,TRD,TRD-OHE-MAST,MST-TITRL-02,edge,TI-TRL-DN,,34.53,34.73,DN,routine,2025-12-01,67,major,,false,power_block,129,7,OHE_tower_car,true,true,true,done
ENG-2025-05683,TMS,TMS-05683,ENG,ENG-SLEEPER-RENEWAL,SL-TRLAJJ-01,edge,TRL-AJJ-DN,,60.93,61.43,DN,defect,2025-11-25,9,minor,2026-03-10,false,traffic_block,425,20,none,false,true,true,done
TRD-2026-01708,TDMS,TDMS-01708,TRD,TRD-NEUTRAL-SECTION,OHE-MSBMS-05,edge,MSB-MS-UP,,1.23,1.43,UP,overdue,2026-07-18,21,major,,false,power_block,244,6,OHE_tower_car,true,false,true,done
TRD-2025-01709,TDMS,TDMS-01709,TRD,TRD-OHE-WIRE-RENEW,CW-STMPV-08,edge,STM-PV-UP_SUB,,17.74,18.74,UP_SUB,defect,2025-10-11,274,minor,,false,power_block,278,8,OHE_tower_car,true,true,true,done
SNT-2026-01381,SMMS,SMMS-01381,SNT,SNT-SIGNAL-LAMP,SG-TRLAJJ-29,edge,TRL-AJJ-UP_SUB,,59.49,59.59,UP_SUB,overdue,2026-07-01,57,major,,false,none,56,2,none,true,false,true,done
ENG-2026-05684,TMS,TMS-05684,ENG,ENG-RAIL-WELD,RL-MSMBM-16,edge,MS-MBM-UP_SUB,,6.20,7.20,UP_SUB,defect,2026-05-18,8,3,,false,traffic_block,210,7,none,true,false,true,deferred
TRD-2026-01710,TDMS,TDMS-01710,TRD,TRD-OHE-INSULATOR,INS-MJRPON-04,edge,MJR-PON-UP,,33.37,33.47,UP,defect,2026-05-29,101,minor,2026-08-09,false,power_block,80,4,OHE_tower_car,true,true,true,scheduled
SNT-2026-01382,SMMS,SMMS-01382,SNT,SNT-SIGNAL-LAMP,SG-TRLAJJ-26,edge,TRL-AJJ-UP,,47.14,47.24,UP,routine,2026-08-19,19,major,,false,none,55,2,none,true,false,true,pending
ENG-2026-05685,TMS,TMS-05685,ENG,ENG-SLEEPER-RENEWAL,SL-PVTBM-03,edge,PV-TBM-DN_SUB,,24.05,24.55,DN_SUB,defect,2026-08-02,6,major,,false,traffic_block,422,16,none,true,true,true,done
SNT-2025-01383,SMMS,SMMS-01383,SNT,SNT-CABLE-LAY,,edge,PER-ABU-UP,,10.50,11.50,UP,defect,2025-12-26,166,minor,2026-04-21,false,none,233,10,none,true,true,false,done
TRD-2025-01711,TDMS,TDMS-01711,TRD,TRD-OHE-WIRE-RENEW,CW-BBQPER-02,edge,BBQ-PER-DN_SUB,,4.44,5.00,DN_SUB,defect,2025-09-15,178,minor,2025-10-22,false,power_block,283,9,OHE_tower_car,true,true,true,done
TRD-2026-01712,TDMS,TDMS-01712,TRD,TRD-OHE-INSP,OHE-ENRMJR-10,edge,ENR-MJR-UP,,18.03,22.03,UP,routine,2026-06-23,44,minor,2026-10-21,false,power_block,116,4,OHE_tower_car,true,false,true,done
TRD-2026-01713,TDMS,TDMS-01713,TRD,TRD-NEUTRAL-SECTION,OHE-TRLAJJ-21,edge,TRL-AJJ-DN_SUB,,51.06,51.26,DN_SUB,routine,2026-04-23,83,minor,,false,power_block,260,6,OHE_tower_car,false,false,true,done
ENG-2026-05686,TMS,TMS-05686,ENG,ENG-TURNOUT-TAMP,TO-AVD-06,node,,AVD,21.00,21.00,,routine,2026-04-14,5,minor,,false,traffic_block,156,9,tamper,true,true,true,deferred
SNT-2026-01384,SMMS,SMMS-01384,SNT,SNT-RELAY-ROOM,IL-CGL-01,node,,CGL,59.84,59.84,,routine,2026-07-02,32,minor,2026-08-13,false,none,203,3,none,false,false,true,deferred
ENG-2026-05687,TMS,TMS-05687,ENG,ENG-BALLAST-SCREEN,BL-WJCJ-03,edge,WJ-CJ-SINGLE,,91.17,91.67,SINGLE,routine,2026-08-12,26,major,2026-12-10,false,traffic_block,420,12,BCM,false,true,true,pending
ENG-2026-05688,TMS,TMS-05688,ENG,ENG-RAIL-GRIND,RL-PONGPD-10,edge,PON-GPD-UP,,36.24,39.24,UP,routine,2026-01-18,187,2,2026-04-23,false,traffic_block,151,4,rail_grinder,false,false,true,done
TRD-2026-01714,TDMS,TDMS-01714,TRD,TRD-OHE-MAST,MST-ABUAVD-06,edge,ABU-AVD-UP,,17.52,17.72,UP,routine,2026-01-16,165,major,2026-04-04,false,power_block,187,7,OHE_tower_car,true,true,true,done
ENG-2026-05689,TMS,TMS-05689,ENG,ENG-TRACK-PATROL,,edge,TI-TRL-UP_SUB,,35.43,37.43,UP_SUB,overdue,2026-07-01,19,major,,false,none,75,2,none,false,false,false,done
SNT-2026-01385,SMMS,SMMS-01385,SNT,SNT-TRACK-CIRCUIT,TC-PVTBM-04,edge,PV-TBM-DN_SUB,,25.92,26.42,DN_SUB,routine,2026-02-19,72,major,2026-05-14,false,disconnection,78,3,none,true,true,true,done
TRD-2026-01715,TDMS,TDMS-01715,TRD,TRD-OHE-DROPPER,CW-TRLAJJ-07,edge,TRL-AJJ-DN,,59.13,59.63,DN,overdue,2026-08-20,2,critical,2026-09-19,true,power_block,119,4,OHE_tower_car,true,false,true,done
SNT-2026-01386,SMMS,SMMS-01386,SNT,SNT-TRACK-CIRCUIT,TC-TRLAJJ-33,edge,TRL-AJJ-UP,,54.29,54.79,UP,overdue,2026-03-11,54,minor,,false,disconnection,73,3,none,true,true,true,done
ENG-2026-05690,TMS,TMS-05690,ENG,ENG-SLEEPER-RENEWAL,SL-TRLAJJ-33,edge,TRL-AJJ-UP_SUB,,54.80,55.30,UP_SUB,proactive,2026-08-29,9,minor,,false,traffic_block,433,18,none,true,true,true,pending
ENG-2026-05691,TMS,TMS-05691,ENG,ENG-TURNOUT-TAMP,TO-MAS-06,node,,MAS,0.00,0.00,,routine,2026-05-07,73,critical,2026-06-02,true,traffic_block,155,8,tamper,true,true,true,done
ENG-2026-05692,TMS,TMS-05692,ENG,ENG-USFD-TEST,RL-PVTBM-14,edge,PV-TBM-UP_SUB,,24.15,29.10,UP_SUB,overdue,2026-03-18,15,2,,false,traffic_block,113,3,USFD_car,false,false,true,done
ENG-2025-05693,TMS,TMS-05693,ENG,ENG-TRACK-PATROL,,edge,BBQ-TNP-DN,,2.30,4.30,DN,overdue,2025-10-03,150,major,,false,none,92,2,none,true,false,false,done
ENG-2025-05694,TMS,TMS-05694,ENG,ENG-DESTRESSING,RL-ABUAVD-08,edge,ABU-AVD-DN_SUB,,20.41,21.00,DN_SUB,overdue,2025-11-15,259,3,,false,traffic_block,311,13,none,true,false,true,done
ENG-2026-05695,TMS,TMS-05695,ENG,ENG-BRIDGE-INSP,BR-CGLWJ-01,edge,CGL-WJ-SINGLE,,77.81,77.91,SINGLE,routine,2026-07-03,24,minor,,false,traffic_block,117,4,none,true,true,false,done
ENG-2026-05696,TMS,TMS-05696,ENG,ENG-RAIL-RENEWAL,RL-MSBMS-05,edge,MSB-MS-DN_SUB,,2.34,2.84,DN_SUB,proactive,2026-02-16,117,2,,false,traffic_block,482,25,none,true,true,true,done
ENG-2026-05697,TMS,TMS-05697,ENG,ENG-TURNOUT-TAMP,TO-MAS-15,node,,MAS,0.00,0.00,,routine,2026-07-31,38,minor,,false,traffic_block,172,10,tamper,true,true,true,scheduled
ENG-2026-05698,TMS,TMS-05698,ENG,ENG-TURNOUT-TAMP,TO-BBQ-09,node,,BBQ,2.00,2.00,,overdue,2026-04-02,112,minor,,false,traffic_block,189,9,tamper,true,true,true,done
ENG-2026-05699,TMS,TMS-05699,ENG,ENG-RAIL-GRIND,RL-PERABU-10,edge,PER-ABU-DN_SUB,,7.07,10.07,DN_SUB,routine,2026-08-21,4,2,,false,traffic_block,215,4,rail_grinder,false,false,true,done
ENG-2026-05700,TMS,TMS-05700,ENG,ENG-SLEEPER-RENEWAL,SL-WJCJ-03,edge,WJ-CJ-SINGLE,,87.82,88.32,SINGLE,defect,2026-08-07,31,minor,,false,traffic_block,419,18,none,true,true,true,pending
SNT-2026-01387,SMMS,SMMS-01387,SNT,SNT-SIGNAL-REPLACE,SG-PVTBM-05,edge,PV-TBM-UP,,28.51,28.61,UP,proactive,2026-08-16,22,major,,false,disconnection,153,5,none,true,true,true,in_progress
ENG-2026-05701,TMS,TMS-05701,ENG,ENG-SLEEPER-RENEWAL,SL-PERABU-03,edge,PER-ABU-DN,,11.45,11.95,DN,defect,2026-05-07,72,major,2026-06-18,false,traffic_block,284,17,none,true,true,true,done
ENG-2026-05702,TMS,TMS-05702,ENG,ENG-RAIL-WELD,RL-CGLWJ-02,edge,CGL-WJ-SINGLE,,68.37,69.37,SINGLE,defect,2026-06-07,92,2,2026-10-01,false,traffic_block,227,6,none,false,false,true,done
ENG-2026-05703,TMS,TMS-05703,ENG,ENG-SLEEPER-RENEWAL,SL-TRLAJJ-19,edge,TRL-AJJ-UP,,44.38,44.88,UP,defect,2026-03-23,82,critical,2026-04-04,true,traffic_block,338,16,none,true,true,true,done
SNT-2025-01388,SMMS,SMMS-01388,SNT,SNT-POINT-SERVICE,PT-TRL-04,node,,TRL,42.00,42.00,,proactive,2025-12-28,2,minor,,false,disconnection,50,3,none,true,false,true,deferred
SNT-2026-01389,SMMS,SMMS-01389,SNT,SNT-AXLE-COUNTER,AC-TRLAJJ-18,edge,TRL-AJJ-UP_SUB,,51.97,52.27,UP_SUB,emergency_followup,2026-06-06,45,major,2026-07-10,false,disconnection,84,3,none,true,true,true,done
SNT-2026-01390,SMMS,SMMS-01390,SNT,SNT-TRACK-CIRCUIT,TC-CGLWJ-03,edge,CGL-WJ-SINGLE,,76.95,77.45,SINGLE,overdue,2026-08-03,35,major,,false,disconnection,115,3,none,true,true,true,pending
ENG-2026-05704,TMS,TMS-05704,ENG,ENG-RAIL-WELD,RL-TNPENR-09,edge,TNP-ENR-UP,,5.57,6.57,UP,defect,2026-02-12,192,1,2026-02-26,true,traffic_block,245,6,none,true,false,true,done
SNT-2025-01391,SMMS,SMMS-01391,SNT,SNT-AXLE-COUNTER,AC-CGLWJ-02,edge,CGL-WJ-SINGLE,,80.17,80.47,SINGLE,overdue,2025-11-05,275,minor,,false,disconnection,115,3,none,false,true,true,done
SNT-2026-01392,SMMS,SMMS-01392,SNT,SNT-TRACK-CIRCUIT,TC-ABUAVD-04,edge,ABU-AVD-DN_SUB,,19.18,19.68,DN_SUB,overdue,2026-05-08,62,major,,false,disconnection,125,4,none,true,true,true,done
ENG-2026-05705,TMS,TMS-05705,ENG,ENG-RAIL-RENEWAL,RL-ABUAVD-05,edge,ABU-AVD-DN_SUB,,19.64,20.14,DN_SUB,defect,2026-01-13,192,3,,false,traffic_block,482,21,none,true,true,true,done
SNT-2026-01393,SMMS,SMMS-01393,SNT,SNT-AXLE-COUNTER,AC-TRLAJJ-13,edge,TRL-AJJ-UP,,47.48,47.78,UP,proactive,2026-05-19,25,minor,2026-07-14,false,disconnection,102,3,none,true,true,true,done
TRD-2026-01716,TDMS,TDMS-01716,TRD,TRD-OHE-MAST,MST-MSMBM-10,edge,MS-MBM-UP_SUB,,10.25,10.45,UP_SUB,proactive,2026-07-12,29,minor,,false,power_block,118,7,OHE_tower_car,true,true,true,done
SNT-2026-01394,SMMS,SMMS-01394,SNT,SNT-AXLE-COUNTER,AC-STMPV-03,edge,STM-PV-UP,,18.87,19.17,UP,proactive,2026-01-10,136,minor,2026-03-11,false,disconnection,110,3,none,true,true,true,done
ENG-2025-05706,TMS,TMS-05706,ENG,ENG-CURVE-REALIGN,BL-STMPV-01,edge,STM-PV-DN,,19.72,20.52,DN,routine,2025-12-12,144,minor,,false,traffic_block,220,11,tamper,true,true,true,done
SNT-2025-01395,SMMS,SMMS-01395,SNT,SNT-TRACK-CIRCUIT,TC-TRLAJJ-14,edge,TRL-AJJ-DN_SUB,,45.85,46.35,DN_SUB,overdue,2025-11-05,273,minor,,false,disconnection,100,3,none,true,true,true,deferred
ENG-2025-05707,TMS,TMS-05707,ENG,ENG-RAIL-WELD,RL-TRLAJJ-56,edge,TRL-AJJ-UP_SUB,,49.98,50.98,UP_SUB,defect,2025-09-20,61,3,,false,traffic_block,145,6,none,false,false,true,done
ENG-2026-05708,TMS,TMS-05708,ENG,ENG-BALLAST-SCREEN,BL-PERABU-09,edge,PER-ABU-UP,,5.53,6.03,UP,proactive,2026-07-02,48,major,2026-09-14,false,traffic_block,276,14,BCM,true,true,true,done
SNT-2026-01396,SMMS,SMMS-01396,SNT,SNT-SIGNAL-LAMP,SG-STMPV-03,edge,STM-PV-DN_SUB,,17.51,17.61,DN_SUB,overdue,2026-01-13,221,minor,,false,none,42,2,none,true,false,true,done
TRD-2025-01717,TDMS,TDMS-01717,TRD,TRD-OHE-MAST,MST-PERABU-15,edge,PER-ABU-UP_SUB,,13.38,13.58,UP_SUB,routine,2025-10-10,49,minor,,false,power_block,143,7,OHE_tower_car,true,true,true,done
SNT-2026-01397,SMMS,SMMS-01397,SNT,SNT-AXLE-COUNTER,AC-MJRPON-01,edge,MJR-PON-DN,,32.78,33.08,DN,proactive,2026-05-30,56,minor,2026-07-12,false,disconnection,102,3,none,true,true,true,done
ENG-2025-05709,TMS,TMS-05709,ENG,ENG-SLEEPER-RENEWAL,SL-PVTBM-07,edge,PV-TBM-UP_SUB,,25.09,25.59,UP_SUB,proactive,2025-10-31,59,minor,,false,traffic_block,289,19,none,true,true,true,deferred
ENG-2026-05710,TMS,TMS-05710,ENG,ENG-SLEEPER-RENEWAL,SL-PONGPD-05,edge,PON-GPD-UP,,45.07,45.57,UP,proactive,2026-08-02,7,minor,,false,traffic_block,384,18,none,false,true,true,done
SNT-2026-01398,SMMS,SMMS-01398,SNT,SNT-POINT-REPLACE,PT-MS-04,node,,MS,4.32,4.32,,defect,2026-03-22,22,minor,,false,disconnection,191,4,none,true,false,true,done
SNT-2026-01399,SMMS,SMMS-01399,SNT,SNT-TRACK-CIRCUIT,TC-MJRPON-02,edge,MJR-PON-DN,,33.69,34.19,DN,routine,2026-06-02,3,critical,2026-06-26,true,disconnection,83,3,none,true,true,true,done
SNT-2026-01400,SMMS,SMMS-01400,SNT,SNT-POINT-REPLACE,PT-MSB-07,node,,MSB,0.00,0.00,,defect,2026-07-09,11,minor,2026-09-18,false,disconnection,176,4,none,true,false,true,done
ENG-2026-05711,TMS,TMS-05711,ENG,ENG-RAIL-RENEWAL,RL-STMPV-06,edge,STM-PV-DN_SUB,,20.95,21.45,DN_SUB,defect,2026-06-02,55,3,,false,traffic_block,328,24,none,true,true,true,done
TRD-2025-01718,TDMS,TDMS-01718,TRD,TRD-OHE-FAULT,OHE-TNPENR-10,edge,TNP-ENR-UP,,11.68,11.98,UP,defect,2025-12-02,100,critical,2025-12-21,true,power_block,158,5,OHE_tower_car,true,true,true,done
SNT-2026-01401,SMMS,SMMS-01401,SNT,SNT-TRACK-CIRCUIT,TC-MJRPON-07,edge,MJR-PON-UP,,31.57,32.07,UP,routine,2026-08-21,17,major,,false,disconnection,92,3,none,true,true,true,pending
ENG-2025-05712,TMS,TMS-05712,ENG,ENG-RAIL-WELD,RL-ABUAVD-16,edge,ABU-AVD-UP_SUB,,17.48,18.48,UP_SUB,defect,2025-12-08,263,1,2025-12-16,true,traffic_block,137,6,none,true,false,true,done
SNT-2026-01402,SMMS,SMMS-01402,SNT,SNT-TRACK-CIRCUIT,TC-CGLWJ-08,edge,CGL-WJ-SINGLE,,69.96,70.46,SINGLE,overdue,2026-05-26,49,minor,,false,disconnection,122,3,none,true,true,true,done
ENG-2026-05713,TMS,TMS-05713,ENG,ENG-SLEEPER-RENEWAL,SL-PVTBM-08,edge,PV-TBM-UP_SUB,,24.29,24.79,UP_SUB,defect,2026-08-23,15,minor,,false,traffic_block,295,19,none,false,true,true,pending
ENG-2025-05714,TMS,TMS-05714,ENG,ENG-RAIL-RENEWAL,RL-MJRPON-07,edge,MJR-PON-UP,,31.64,32.14,UP,proactive,2025-10-13,320,2,2026-01-18,false,traffic_block,458,20,none,true,true,true,done
TRD-2025-01719,TDMS,TDMS-01719,TRD,TRD-OHE-DROPPER,CW-TRLAJJ-07,edge,TRL-AJJ-DN,,59.13,59.63,DN,emergency_followup,2025-12-24,97,major,,false,power_block,101,4,OHE_tower_car,true,false,true,done
ENG-2025-05715,TMS,TMS-05715,ENG,ENG-RAIL-RENEWAL,RL-TRLAJJ-0421,edge,TRL-AJJ-UP,,42.10,42.60,UP,defect,2025-10-02,66,3,,false,traffic_block,278,20,none,true,true,true,done
TRD-2026-01720,TDMS,TDMS-01720,TRD,TRD-OHE-INSULATOR,INS-MASBBQ-04,edge,MAS-BBQ-UP_SUB,,1.08,1.18,UP_SUB,proactive,2026-05-18,44,minor,,false,power_block,77,4,OHE_tower_car,true,true,true,deferred
SNT-2026-01403,SMMS,SMMS-01403,SNT,SNT-SIGNAL-LAMP,SG-ENRMJR-07,edge,ENR-MJR-UP,,17.51,17.61,UP,overdue,2026-03-19,80,major,2026-07-07,false,none,53,2,none,true,false,true,done
ENG-2026-05716,TMS,TMS-05716,ENG,ENG-SLEEPER-RENEWAL,SL-TITRL-06,edge,TI-TRL-DN_SUB,,30.78,31.28,DN_SUB,defect,2026-06-21,42,minor,2026-07-30,false,traffic_block,429,18,none,false,true,true,done
ENG-2025-05717,TMS,TMS-05717,ENG,ENG-SLEEPER-RENEWAL,SL-PONGPD-03,edge,PON-GPD-DN,,36.67,37.17,DN,defect,2025-11-03,116,major,2025-12-11,false,traffic_block,249,16,none,true,true,true,done
ENG-2026-05718,TMS,TMS-05718,ENG,ENG-TAMPING,BL-MJRPON-02,edge,MJR-PON-DN,,29.75,31.75,DN,routine,2026-06-25,74,critical,2026-07-22,true,traffic_block,289,8,tamper,true,true,true,pending
ENG-2026-05719,TMS,TMS-05719,ENG,ENG-TAMPING,BL-ENRMJR-03,edge,ENR-MJR-DN,,24.02,26.00,DN,emergency_followup,2026-02-06,118,major,,false,traffic_block,247,8,tamper,true,true,true,done
ENG-2026-05720,TMS,TMS-05720,ENG,ENG-DESTRESSING,RL-AVDTI-01,edge,AVD-TI-DN,,23.44,24.44,DN,routine,2026-08-14,2,2,2026-11-24,false,traffic_block,346,10,none,true,false,true,done
ENG-2026-05721,TMS,TMS-05721,ENG,ENG-SLEEPER-RENEWAL,SL-TNPENR-03,edge,TNP-ENR-DN,,12.65,13.15,DN,defect,2026-03-08,126,major,,false,traffic_block,377,19,none,true,true,true,done
TRD-2026-01721,TDMS,TDMS-01721,TRD,TRD-OHE-MAST,MST-ENRMJR-04,edge,ENR-MJR-DN,,24.80,25.00,DN,routine,2026-08-17,20,major,,false,power_block,137,7,OHE_tower_car,true,true,true,done
TRD-2026-01722,TDMS,TDMS-01722,TRD,TRD-OHE-MAST,MST-AVDTI-05,edge,AVD-TI-DN_SUB,,22.37,22.57,DN_SUB,overdue,2026-06-05,11,minor,,false,power_block,147,6,OHE_tower_car,true,true,true,done
SNT-2026-01404,SMMS,SMMS-01404,SNT,SNT-POINT-SERVICE,PT-BBQ-03,node,,BBQ,2.00,2.00,,routine,2026-08-14,8,minor,,false,disconnection,69,3,none,false,false,true,done
ENG-2026-05722,TMS,TMS-05722,ENG,ENG-DESTRESSING,RL-TNPENR-01,edge,TNP-ENR-DN,,12.53,13.53,DN,overdue,2026-08-09,29,2,,false,traffic_block,183,13,none,true,false,true,pending
TRD-2025-01723,TDMS,TDMS-01723,TRD,TRD-OHE-DROPPER,CW-MBMGI-03,edge,MBM-GI-UP,,14.72,15.00,UP,overdue,2025-09-19,104,minor,,false,power_block,101,5,OHE_tower_car,true,false,true,done
SNT-2026-01405,SMMS,SMMS-01405,SNT,SNT-POINT-SERVICE,PT-AVD-02,node,,AVD,21.00,21.00,,routine,2026-07-27,10,major,,false,disconnection,84,3,none,false,false,true,done
SNT-2026-01406,SMMS,SMMS-01406,SNT,SNT-TRACK-CIRCUIT,TC-PERABU-13,edge,PER-ABU-UP_SUB,,10.72,11.22,UP_SUB,overdue,2026-03-14,145,major,2026-07-05,false,disconnection,94,3,none,true,true,true,done
ENG-2026-05723,TMS,TMS-05723,ENG,ENG-SLEEPER-RENEWAL,SL-AVDTI-10,edge,AVD-TI-UP_SUB,,27.72,28.22,UP_SUB,defect,2026-08-28,10,minor,,false,traffic_block,338,17,none,true,true,true,in_progress
ENG-2026-05724,TMS,TMS-05724,ENG,ENG-TURNOUT-OVERHAUL,TO-MSB-03,node,,MSB,0.00,0.00,,routine,2026-07-06,29,critical,2026-07-24,true,traffic_block,420,15,none,true,true,true,done
ENG-2026-05725,TMS,TMS-05725,ENG,ENG-DRAIN-CLEAR,,edge,MSB-MS-DN,,2.04,3.54,DN,overdue,2026-08-18,20,major,,false,none,127,6,none,true,true,false,pending
ENG-2026-05726,TMS,TMS-05726,ENG,ENG-BRIDGE-INSP,BR-MJRPON-01,edge,MJR-PON-DN,,31.63,31.73,DN,routine,2026-06-12,77,minor,2026-09-29,false,traffic_block,112,4,none,true,true,false,done
ENG-2025-05727,TMS,TMS-05727,ENG,ENG-DESTRESSING,RL-STMPV-10,edge,STM-PV-UP,,20.59,21.59,UP,overdue,2025-12-04,223,2,,false,traffic_block,308,11,none,true,false,true,done
TRD-2026-01724,TDMS,TDMS-01724,TRD,TRD-OHE-INSP,OHE-BBQTNP-04,edge,BBQ-TNP-UP,,3.48,5.00,UP,overdue,2026-08-05,33,minor,2026-11-06,false,power_block,113,4,OHE_tower_car,true,false,true,pending
ENG-2026-05728,TMS,TMS-05728,ENG,ENG-RAIL-WELD,RL-AVDTI-01,edge,AVD-TI-DN,,23.44,24.44,DN,defect,2026-04-02,135,3,,false,traffic_block,227,7,none,false,false,true,cancelled
TRD-2026-01725,TDMS,TDMS-01725,TRD,TRD-OHE-INSULATOR,INS-PONGPD-01,edge,PON-GPD-DN,,42.83,42.93,DN,defect,2026-07-18,51,major,2026-08-24,false,power_block,108,5,OHE_tower_car,true,true,true,pending
TRD-2026-01726,TDMS,TDMS-01726,TRD,TRD-SWITCHING-POST,SS-TBM-01,node,,TBM,29.14,29.14,,overdue,2026-01-30,62,minor,,false,power_block,108,4,none,true,false,true,done
ENG-2026-05729,TMS,TMS-05729,ENG,ENG-RAIL-GRIND,RL-ENRMJR-01,edge,ENR-MJR-DN,,18.77,21.77,DN,routine,2026-08-26,12,3,,false,traffic_block,231,4,rail_grinder,true,false,true,pending
TRD-2026-01727,TDMS,TDMS-01727,TRD,TRD-OHE-MAST,MST-MSMBM-11,edge,MS-MBM-UP_SUB,,9.97,10.17,UP_SUB,routine,2026-02-13,161,critical,2026-03-14,true,power_block,200,8,OHE_tower_car,true,true,true,done
TRD-2026-01728,TDMS,TDMS-01728,TRD,TRD-OHE-WIRE-RENEW,CW-TRLAJJ-11,edge,TRL-AJJ-DN_SUB,,67.68,68.50,DN_SUB,defect,2026-03-03,176,major,,false,power_block,372,10,OHE_tower_car,true,true,true,done
SNT-2025-01407,SMMS,SMMS-01407,SNT,SNT-SIGNAL-LAMP,SG-PVTBM-08,edge,PV-TBM-UP_SUB,,24.39,24.49,UP_SUB,proactive,2025-09-25,214,major,,false,none,44,2,none,false,false,true,done
ENG-2026-05730,TMS,TMS-05730,ENG,ENG-TURNOUT-TAMP,TO-BBQ-07,node,,BBQ,2.00,2.00,,overdue,2026-03-18,29,major,2026-06-29,false,traffic_block,218,10,tamper,false,true,true,done
TRD-2026-01729,TDMS,TDMS-01729,TRD,TRD-OHE-FAULT,OHE-TITRL-19,edge,TI-TRL-UP_SUB,,33.13,33.43,UP_SUB,defect,2026-07-21,44,minor,,false,power_block,167,6,OHE_tower_car,true,true,true,done
ENG-2026-05731,TMS,TMS-05731,ENG,ENG-SLEEPER-RENEWAL,SL-TITRL-03,edge,TI-TRL-DN,,31.53,32.03,DN,defect,2026-06-17,42,minor,,false,traffic_block,276,19,none,true,true,true,done
ENG-2026-05732,TMS,TMS-05732,ENG,ENG-SLEEPER-RENEWAL,SL-MBMGI-01,edge,MBM-GI-DN,,14.68,15.00,DN,defect,2026-07-03,15,major,2026-09-02,false,traffic_block,386,18,none,true,true,true,done
ENG-2026-05733,TMS,TMS-05733,ENG,ENG-TURNOUT-OVERHAUL,TO-TRL-04,node,,TRL,42.00,42.00,,overdue,2026-06-16,59,major,,false,traffic_block,406,12,none,true,true,true,cancelled
TRD-2026-01730,TDMS,TDMS-01730,TRD,TRD-OHE-INSULATOR,INS-MSBMS-03,edge,MSB-MS-UP,,3.33,3.43,UP,defect,2026-06-19,49,critical,2026-07-15,true,power_block,123,5,OHE_tower_car,true,true,true,done
SNT-2026-01408,SMMS,SMMS-01408,SNT,SNT-AXLE-COUNTER,AC-MASBBQ-03,edge,MAS-BBQ-UP,,0.49,0.79,UP,overdue,2026-08-30,8,minor,,false,disconnection,70,3,none,true,true,true,done
SNT-2026-01409,SMMS,SMMS-01409,SNT,SNT-CABLE-LAY,,edge,MAS-BBQ-UP_SUB,,0.92,1.92,UP_SUB,defect,2026-08-02,21,minor,2026-10-20,false,none,201,9,none,true,true,false,deferred
ENG-2026-05734,TMS,TMS-05734,ENG,ENG-SLEEPER-RENEWAL,SL-MBMGI-01,edge,MBM-GI-DN,,14.68,15.00,DN,defect,2026-08-30,8,major,,false,traffic_block,336,16,none,true,true,true,in_progress
ENG-2026-05735,TMS,TMS-05735,ENG,ENG-CURVE-REALIGN,BL-ENRMJR-01,edge,ENR-MJR-DN,,18.79,19.59,DN,routine,2026-05-30,47,major,,false,traffic_block,247,13,tamper,true,true,true,done
ENG-2025-05736,TMS,TMS-05736,ENG,ENG-RAIL-GRIND,RL-TITRL-05,edge,TI-TRL-DN,,32.51,35.51,DN,routine,2025-11-25,222,3,,false,traffic_block,149,5,rail_grinder,false,false,true,done
TRD-2026-01731,TDMS,TDMS-01731,TRD,TRD-OHE-MAST,MST-MSMBM-04,edge,MS-MBM-DN_SUB,,10.41,10.61,DN_SUB,emergency_followup,2026-09-04,3,major,,false,power_block,196,6,OHE_tower_car,true,true,true,done
SNT-2026-01410,SMMS,SMMS-01410,SNT,SNT-TRACK-CIRCUIT,TC-ENRMJR-05,edge,ENR-MJR-UP,,17.88,18.38,UP,proactive,2026-05-25,25,major,,false,disconnection,120,4,none,true,true,true,done
SNT-2025-01411,SMMS,SMMS-01411,SNT,SNT-CABLE-LAY,,edge,ABU-AVD-UP_SUB,,16.35,17.35,UP_SUB,defect,2025-12-21,83,major,2026-02-01,false,none,298,8,none,true,true,false,done
ENG-2026-05737,TMS,TMS-05737,ENG,ENG-TURNOUT-TAMP,TO-BBQ-09,node,,BBQ,2.00,2.00,,overdue,2026-02-21,88,major,2026-04-13,false,traffic_block,157,8,tamper,false,true,true,done
SNT-2026-01412,SMMS,SMMS-01412,SNT,SNT-TRACK-CIRCUIT,TC-PONGPD-10,edge,PON-GPD-UP,,38.73,39.23,UP,overdue,2026-01-11,200,minor,,false,disconnection,98,3,none,true,true,true,done
SNT-2026-01413,SMMS,SMMS-01413,SNT,SNT-SIGNAL-REPLACE,SG-PVTBM-07,edge,PV-TBM-UP_SUB,,26.30,26.40,UP_SUB,defect,2026-05-28,60,major,,false,disconnection,154,6,none,false,true,true,done
ENG-2025-05738,TMS,TMS-05738,ENG,ENG-TURNOUT-TAMP,TO-MSB-10,node,,MSB,0.00,0.00,,emergency_followup,2025-11-20,29,major,2026-01-06,false,traffic_block,159,9,tamper,true,true,true,deferred
TRD-2026-01732,TDMS,TDMS-01732,TRD,TRD-OHE-YARD,OHE-ENR-02,node,,ENR,16.00,16.00,,proactive,2026-07-31,38,minor,,false,power_block,163,5,OHE_tower_car,true,true,true,pending
ENG-2025-05739,TMS,TMS-05739,ENG,ENG-SLEEPER-RENEWAL,SL-TITRL-15,edge,TI-TRL-UP,,39.74,40.24,UP,defect,2025-09-19,10,minor,,false,traffic_block,309,16,none,true,true,true,done
TRD-2026-01733,TDMS,TDMS-01733,TRD,TRD-OHE-MAST,MST-PONGPD-02,edge,PON-GPD-DN,,44.61,44.81,DN,overdue,2026-07-06,1,major,,false,power_block,117,7,OHE_tower_car,true,true,true,cancelled
ENG-2026-05740,TMS,TMS-05740,ENG,ENG-SLEEPER-RENEWAL,SL-CJTMLP-02,edge,CJ-TMLP-SINGLE,,97.63,98.13,SINGLE,defect,2026-07-19,50,minor,,false,traffic_block,411,16,none,true,true,true,pending
SNT-2026-01414,SMMS,SMMS-01414,SNT,SNT-CABLE-LAY,,edge,AVD-TI-UP_SUB,,26.11,27.11,UP_SUB,proactive,2026-07-15,30,major,,false,none,203,8,none,true,true,false,done
SNT-2026-01415,SMMS,SMMS-01415,SNT,SNT-TRACK-CIRCUIT,TC-ABUAVD-01,edge,ABU-AVD-DN,,15.51,16.01,DN,overdue,2026-06-21,52,major,,false,disconnection,94,3,none,true,true,true,done
SNT-2026-01416,SMMS,SMMS-01416,SNT,SNT-SIGNAL-LAMP,SG-TRLAJJ-07,edge,TRL-AJJ-DN,,53.50,53.60,DN,proactive,2026-03-01,183,minor,,false,none,49,2,none,true,false,true,cancelled
ENG-2026-05741,TMS,TMS-05741,ENG,ENG-DRAIN-CLEAR,,edge,AVD-TI-DN,,25.17,26.67,DN,overdue,2026-06-06,26,minor,,false,none,194,7,none,true,true,false,done
ENG-2026-05742,TMS,TMS-05742,ENG,ENG-TURNOUT-TAMP,TO-MS-04,node,,MS,4.32,4.32,,emergency_followup,2026-03-25,113,major,,false,traffic_block,190,9,tamper,true,true,true,cancelled
ENG-2026-05743,TMS,TMS-05743,ENG,ENG-TRACK-PATROL,,edge,GI-STM-UP,,15.74,17.10,UP,routine,2026-08-26,9,minor,,false,none,82,2,none,true,false,false,done
TRD-2026-01734,TDMS,TDMS-01734,TRD,TRD-OHE-INSULATOR,INS-TRLAJJ-19,edge,TRL-AJJ-UP_SUB,,54.41,54.51,UP_SUB,proactive,2026-08-19,19,minor,,false,power_block,105,4,OHE_tower_car,true,true,true,scheduled
ENG-2026-05744,TMS,TMS-05744,ENG,ENG-SLEEPER-RENEWAL,SL-MBMGI-02,edge,MBM-GI-DN_SUB,,11.41,11.91,DN_SUB,defect,2026-07-12,19,minor,,false,traffic_block,327,18,none,true,true,true,done
ENG-2026-05745,TMS,TMS-05745,ENG,ENG-TURNOUT-TAMP,TO-TNP-05,node,,TNP,5.00,5.00,,overdue,2026-03-12,10,major,,false,traffic_block,158,8,tamper,true,true,true,done
ENG-2026-05746,TMS,TMS-05746,ENG,ENG-YARD-PWAY,BL-MSB-04,node,,MSB,0.00,0.00,,overdue,2026-04-17,28,minor,2026-06-30,false,traffic_block,189,10,none,true,true,true,deferred
ENG-2026-05747,TMS,TMS-05747,ENG,ENG-SLEEPER-RENEWAL,SL-PVTBM-01,edge,PV-TBM-DN,,28.69,29.10,DN,defect,2026-04-25,68,minor,,false,traffic_block,401,20,none,true,true,true,done
ENG-2026-05748,TMS,TMS-05748,ENG,ENG-SLEEPER-RENEWAL,SL-AVDTI-09,edge,AVD-TI-UP,,22.82,23.32,UP,defect,2026-03-10,39,minor,,false,traffic_block,280,18,none,true,true,true,done
TRD-2026-01735,TDMS,TDMS-01735,TRD,TRD-OHE-MAST,MST-AVDTI-10,edge,AVD-TI-UP_SUB,,28.53,28.73,UP_SUB,overdue,2026-05-30,32,major,2026-07-05,false,power_block,137,6,OHE_tower_car,true,true,true,done
ENG-2025-05749,TMS,TMS-05749,ENG,ENG-RAIL-GRIND,RL-TRLAJJ-62,edge,TRL-AJJ-UP_SUB,,63.57,66.57,UP_SUB,overdue,2025-11-06,24,1,2025-11-27,true,traffic_block,194,4,rail_grinder,true,false,true,done
ENG-2026-05750,TMS,TMS-05750,ENG,ENG-USFD-TEST,RL-PONGPD-06,edge,PON-GPD-DN,,36.13,44.13,DN,overdue,2026-04-02,69,2,2026-07-08,false,traffic_block,119,3,USFD_car,true,false,true,done
TRD-2025-01736,TDMS,TDMS-01736,TRD,TRD-OHE-DROPPER,CW-PONGPD-03,edge,PON-GPD-DN,,39.04,39.54,DN,overdue,2025-11-22,36,minor,,false,power_block,110,4,OHE_tower_car,true,false,true,done
TRD-2025-01737,TDMS,TDMS-01737,TRD,TRD-OHE-MAST,MST-ABUAVD-06,edge,ABU-AVD-UP,,17.52,17.72,UP,routine,2025-12-21,197,minor,,false,power_block,193,7,OHE_tower_car,true,true,true,done
TRD-2026-01738,TDMS,TDMS-01738,TRD,TRD-OHE-MAST,MST-TRLAJJ-34,edge,TRL-AJJ-UP_SUB,,59.48,59.68,UP_SUB,proactive,2026-03-29,144,major,2026-05-29,false,power_block,117,7,OHE_tower_car,true,true,true,done
ENG-2026-05751,TMS,TMS-05751,ENG,ENG-BRIDGE-REPAIR,BR-TNPENR-01,edge,TNP-ENR-DN,,8.69,8.79,DN,defect,2026-07-17,52,minor,,false,traffic_block,365,11,none,true,true,false,scheduled
TRD-2026-01739,TDMS,TDMS-01739,TRD,TRD-OHE-INSULATOR,INS-TNPENR-04,edge,TNP-ENR-UP,,9.38,9.48,UP,proactive,2026-07-15,45,minor,,false,power_block,126,5,OHE_tower_car,true,true,true,done
ENG-2026-05752,TMS,TMS-05752,ENG,ENG-SLEEPER-RENEWAL,SL-TITRL-11,edge,TI-TRL-UP,,36.40,36.90,UP,defect,2026-09-05,2,critical,2026-10-02,true,traffic_block,397,20,none,true,true,true,pending
ENG-2025-05753,TMS,TMS-05753,ENG,ENG-RAIL-GRIND,RL-STMPV-09,edge,STM-PV-UP,,22.44,23.10,UP,routine,2025-12-29,139,3,,false,traffic_block,220,4,rail_grinder,true,false,true,done
ENG-2026-05754,TMS,TMS-05754,ENG,ENG-USFD-TEST,RL-TRLAJJ-47,edge,TRL-AJJ-UP,,56.31,64.31,UP,routine,2026-03-17,58,2,,false,traffic_block,118,3,USFD_car,true,false,true,done
ENG-2026-05755,TMS,TMS-05755,ENG,ENG-DRAIN-CLEAR,,edge,MBM-GI-DN,,11.79,13.29,DN,routine,2026-02-28,52,major,2026-06-05,false,none,178,6,none,true,true,false,done
TRD-2026-01740,TDMS,TDMS-01740,TRD,TRD-OHE-DROPPER,CW-TITRL-07,edge,TI-TRL-DN_SUB,,41.06,41.56,DN_SUB,emergency_followup,2026-08-20,13,major,2026-11-25,false,power_block,117,5,OHE_tower_car,true,false,true,done
ENG-2025-05756,TMS,TMS-05756,ENG,ENG-CURVE-REALIGN,BL-TRLAJJ-25,edge,TRL-AJJ-UP,,61.31,62.11,UP,routine,2025-12-15,228,minor,,false,traffic_block,166,11,tamper,true,true,true,done
ENG-2025-05757,TMS,TMS-05757,ENG,ENG-RAIL-RENEWAL,RL-TRLAJJ-46,edge,TRL-AJJ-UP,,67.45,67.95,UP,defect,2025-12-13,176,3,,false,traffic_block,507,25,none,true,true,true,done
TRD-2026-01741,TDMS,TDMS-01741,TRD,TRD-OHE-MAST,MST-MSMBM-11,edge,MS-MBM-UP_SUB,,9.97,10.17,UP_SUB,overdue,2026-03-27,9,minor,,false,power_block,114,7,OHE_tower_car,true,true,true,done
TRD-2026-01742,TDMS,TDMS-01742,TRD,TRD-OHE-WIRE-RENEW,CW-PERABU-01,edge,PER-ABU-DN,,7.96,8.96,DN,emergency_followup,2026-06-24,51,major,2026-09-23,false,power_block,253,10,OHE_tower_car,true,true,true,done
ENG-2026-05758,TMS,TMS-05758,ENG,ENG-BALLAST-REGULATE,BL-TITRL-18,edge,TI-TRL-UP_SUB,,40.50,42.00,UP_SUB,overdue,2026-02-24,193,minor,,false,traffic_block,158,4,ballast_regulator,true,true,true,done
ENG-2026-05759,TMS,TMS-05759,ENG,ENG-TAMPING,BL-ENRMJR-03,edge,ENR-MJR-DN,,24.02,26.00,DN,overdue,2026-05-23,75,critical,2026-06-14,true,traffic_block,320,10,tamper,true,true,true,done
TRD-2026-01743,TDMS,TDMS-01743,TRD,TRD-OHE-INSULATOR,INS-MSBMS-02,edge,MSB-MS-DN_SUB,,2.83,2.93,DN_SUB,defect,2026-09-06,1,minor,,false,power_block,105,4,OHE_tower_car,true,true,true,pending
ENG-2025-05760,TMS,TMS-05760,ENG,ENG-TURNOUT-OVERHAUL,TO-TBM-01,node,,TBM,29.14,29.14,,overdue,2025-10-31,23,minor,,false,traffic_block,331,13,none,true,true,true,done
SNT-2026-01417,SMMS,SMMS-01417,SNT,SNT-SIGNAL-LAMP,SG-MSBMS-03,edge,MSB-MS-DN_SUB,,1.66,1.76,DN_SUB,overdue,2026-04-21,77,minor,2026-07-04,false,none,47,2,none,true,false,true,deferred
TRD-2026-01744,TDMS,TDMS-01744,TRD,TRD-OHE-WIRE-RENEW,CW-TRLAJJ-25,edge,TRL-AJJ-UP_SUB,,58.74,59.74,UP_SUB,defect,2026-04-18,29,major,2026-07-25,false,power_block,374,8,OHE_tower_car,true,true,true,done
SNT-2026-01418,SMMS,SMMS-01418,SNT,SNT-SIGNAL-LAMP,SG-TRLAJJ-08,edge,TRL-AJJ-DN,,66.16,66.26,DN,overdue,2026-07-26,9,minor,2026-09-28,false,none,40,2,none,true,false,true,deferred
ENG-2025-05761,TMS,TMS-05761,ENG,ENG-SLEEPER-RENEWAL,SL-AVDTI-03,edge,AVD-TI-DN,,23.65,24.15,DN,defect,2025-12-18,1,minor,,false,traffic_block,269,17,none,true,true,true,done
ENG-2025-05762,TMS,TMS-05762,ENG,ENG-USFD-TEST,RL-TRLAJJ-49,edge,TRL-AJJ-UP,,45.81,53.81,UP,routine,2025-12-11,169,1,2025-12-28,true,traffic_block,168,3,USFD_car,true,false,true,cancelled
SNT-2026-01419,SMMS,SMMS-01419,SNT,SNT-POINT-REPLACE,PT-PER-03,node,,PER,5.00,5.00,,defect,2026-06-05,94,major,,false,disconnection,138,4,none,true,false,true,in_progress
ENG-2026-05763,TMS,TMS-05763,ENG,ENG-SLEEPER-RENEWAL,SL-STMPV-03,edge,STM-PV-DN_SUB,,20.03,20.53,DN_SUB,defect,2026-08-17,9,major,,false,traffic_block,233,20,none,true,true,true,done
SNT-2026-01420,SMMS,SMMS-01420,SNT,SNT-AXLE-COUNTER,AC-AVDTI-05,edge,AVD-TI-UP,,24.97,25.27,UP,routine,2026-01-12,2,minor,,false,disconnection,125,3,none,true,true,true,done
TRD-2026-01745,TDMS,TDMS-01745,TRD,TRD-OHE-WIRE-RENEW,CW-WJCJ-02,edge,WJ-CJ-SINGLE,,92.44,93.44,SINGLE,defect,2026-05-25,7,minor,,false,power_block,258,8,OHE_tower_car,true,true,true,done
SNT-2026-01421,SMMS,SMMS-01421,SNT,SNT-POINT-SERVICE,PT-TBM-08,node,,TBM,29.14,29.14,,routine,2026-07-27,42,major,,false,disconnection,80,3,none,true,false,true,scheduled
ENG-2026-05764,TMS,TMS-05764,ENG,ENG-RAIL-GRIND,RL-BBQPER-05,edge,BBQ-PER-UP,,2.64,5.00,UP,routine,2026-06-16,18,3,,false,traffic_block,226,5,rail_grinder,true,false,true,done
ENG-2025-05765,TMS,TMS-05765,ENG,ENG-SLEEPER-RENEWAL,SL-MASBBQ-01,edge,MAS-BBQ-DN,,1.36,1.86,DN,defect,2025-11-17,86,minor,,false,traffic_block,257,17,none,true,true,true,deferred
ENG-2026-05766,TMS,TMS-05766,ENG,ENG-TURNOUT-OVERHAUL,TO-GPD-02,node,,GPD,47.00,47.00,,overdue,2026-02-08,48,major,,false,traffic_block,283,13,none,true,true,true,done
ENG-2025-05767,TMS,TMS-05767,ENG,ENG-TAMPING,BL-PONGPD-08,edge,PON-GPD-UP,,36.55,38.55,UP,overdue,2025-09-26,175,minor,,false,traffic_block,233,8,tamper,true,true,true,done
SNT-2025-01422,SMMS,SMMS-01422,SNT,SNT-AXLE-COUNTER,AC-MBMGI-03,edge,MBM-GI-UP,,11.65,11.95,UP,overdue,2025-09-11,276,minor,2025-11-28,false,disconnection,71,3,none,false,true,true,done
SNT-2026-01423,SMMS,SMMS-01423,SNT,SNT-TRACK-CIRCUIT,TC-PERABU-04,edge,PER-ABU-DN,,7.68,8.18,DN,overdue,2026-03-15,45,major,,false,disconnection,120,3,none,true,true,true,done
SNT-2026-01424,SMMS,SMMS-01424,SNT,SNT-TRACK-CIRCUIT,TC-TRLAJJ-19,edge,TRL-AJJ-DN_SUB,,58.30,58.80,DN_SUB,routine,2026-01-06,118,major,2026-03-08,false,disconnection,75,3,none,true,true,true,done
SNT-2026-01425,SMMS,SMMS-01425,SNT,SNT-TRACK-CIRCUIT,TC-MJRPON-05,edge,MJR-PON-UP,,33.08,33.58,UP,emergency_followup,2026-04-25,43,major,2026-08-03,false,disconnection,128,3,none,true,true,true,done
ENG-2026-05768,TMS,TMS-05768,ENG,ENG-TURNOUT-OVERHAUL,TO-BBQ-02,node,,BBQ,2.00,2.00,,overdue,2026-08-27,10,minor,,false,traffic_block,348,13,none,true,true,true,done
TRD-2025-01746,TDMS,TDMS-01746,TRD,TRD-OHE-EARTHING,OHE-AVDTI-04,edge,AVD-TI-DN,,21.94,22.94,DN,overdue,2025-10-06,239,minor,,false,power_block,63,3,none,true,false,true,done
ENG-2025-05769,TMS,TMS-05769,ENG,ENG-BALLAST-REGULATE,BL-WJCJ-03,edge,WJ-CJ-SINGLE,,91.17,93.17,SINGLE,overdue,2025-09-27,211,minor,,false,traffic_block,101,4,ballast_regulator,true,true,true,done
TRD-2026-01747,TDMS,TDMS-01747,TRD,TRD-OHE-INSULATOR,INS-BBQPER-02,edge,BBQ-PER-DN_SUB,,2.41,2.51,DN_SUB,proactive,2026-07-09,40,minor,2026-10-10,false,power_block,74,5,OHE_tower_car,true,true,true,done
TRD-2026-01748,TDMS,TDMS-01748,TRD,TRD-OHE-INSULATOR,INS-PERABU-04,edge,PER-ABU-DN_SUB,,10.67,10.77,DN_SUB,defect,2026-01-27,64,major,,false,power_block,83,4,OHE_tower_car,true,true,true,done
ENG-2026-05770,TMS,TMS-05770,ENG,ENG-SLEEPER-RENEWAL,SL-MSMBM-07,edge,MS-MBM-UP_SUB,,7.11,7.61,UP_SUB,defect,2026-03-03,37,minor,,false,traffic_block,234,21,none,true,true,true,done
ENG-2026-05771,TMS,TMS-05771,ENG,ENG-SLEEPER-RENEWAL,SL-ENRMJR-05,edge,ENR-MJR-UP,,23.86,24.36,UP,defect,2026-09-05,2,minor,,false,traffic_block,305,16,none,true,true,true,pending
ENG-2026-05772,TMS,TMS-05772,ENG,ENG-USFD-TEST,RL-AVDTI-15,edge,AVD-TI-UP,,26.42,29.00,UP,routine,2026-06-06,28,2,,false,traffic_block,110,3,USFD_car,true,false,true,done
ENG-2026-05773,TMS,TMS-05773,ENG,ENG-LC-ATTENTION,LC-MJRPON-01,edge,MJR-PON-DN,,33.29,33.39,DN,routine,2026-06-11,41,minor,2026-07-22,false,traffic_block,158,7,none,true,true,true,done
TRD-2026-01749,TDMS,TDMS-01749,TRD,TRD-OHE-INSULATOR,INS-PONGPD-03,edge,PON-GPD-DN,,38.98,39.08,DN,defect,2026-08-18,2,minor,,false,power_block,101,4,OHE_tower_car,true,true,true,done
SNT-2026-01426,SMMS,SMMS-01426,SNT,SNT-INTERLOCK-TEST,IL-ENR-01,node,,ENR,16.00,16.00,,defect,2026-08-14,24,major,,false,disconnection,196,7,none,false,false,true,pending
ENG-2026-05774,TMS,TMS-05774,ENG,ENG-TURNOUT-OVERHAUL,TO-TBM-03,node,,TBM,29.14,29.14,,overdue,2026-02-16,190,critical,2026-03-08,true,traffic_block,254,15,none,true,true,true,done
ENG-2025-05775,TMS,TMS-05775,ENG,ENG-SLEEPER-RENEWAL,SL-TRLAJJ-18,edge,TRL-AJJ-DN_SUB,,62.11,62.61,DN_SUB,proactive,2025-11-24,267,major,,false,traffic_block,245,17,none,true,true,true,done
SNT-2026-01427,SMMS,SMMS-01427,SNT,SNT-AXLE-COUNTER,AC-BBQPER-03,edge,BBQ-PER-UP,,3.23,3.53,UP,overdue,2026-02-25,33,minor,,false,disconnection,96,3,none,true,true,true,done
SNT-2025-01428,SMMS,SMMS-01428,SNT,SNT-TRACK-CIRCUIT,TC-TKOAJJ-05,edge,TKO-AJJ-SINGLE,,117.69,118.19,SINGLE,overdue,2025-09-27,118,minor,2025-12-20,false,disconnection,114,4,none,true,true,true,done
TRD-2025-01750,TDMS,TDMS-01750,TRD,TRD-OHE-INSULATOR,INS-WJCJ-03,edge,WJ-CJ-SINGLE,,92.73,92.83,SINGLE,defect,2025-12-08,103,major,,false,power_block,113,5,OHE_tower_car,true,true,true,cancelled
SNT-2025-01429,SMMS,SMMS-01429,SNT,SNT-TRACK-CIRCUIT,TC-PERABU-10,edge,PER-ABU-UP,,10.20,10.70,UP,overdue,2025-09-25,27,minor,2026-01-13,false,disconnection,70,3,none,true,true,true,done
ENG-2025-05776,TMS,TMS-05776,ENG,ENG-RAIL-GRIND,RL-TRLAJJ-52,edge,TRL-AJJ-UP_SUB,,61.60,64.60,UP_SUB,routine,2025-11-19,263,3,,false,traffic_block,144,4,rail_grinder,true,false,true,done
SNT-2026-01430,SMMS,SMMS-01430,SNT,SNT-POINT-SERVICE,PT-TBM-05,node,,TBM,29.14,29.14,,overdue,2026-02-04,42,major,,false,disconnection,55,3,none,true,false,true,done
SNT-2026-01431,SMMS,SMMS-01431,SNT,SNT-SIGNAL-REPLACE,SG-TRLAJJ-17,edge,TRL-AJJ-DN_SUB,,60.26,60.36,DN_SUB,defect,2026-08-23,15,minor,,false,disconnection,156,5,none,true,true,true,done
ENG-2025-05777,TMS,TMS-05777,ENG,ENG-RAIL-WELD,RL-TRLAJJ-40,edge,TRL-AJJ-UP,,66.04,67.04,UP,proactive,2025-10-24,32,3,,false,traffic_block,188,7,none,true,false,true,done
SNT-2025-01432,SMMS,SMMS-01432,SNT,SNT-POINT-SERVICE,PT-TRL-04,node,,TRL,42.00,42.00,,overdue,2025-11-21,131,minor,,false,disconnection,86,4,none,true,false,true,done
ENG-2025-05778,TMS,TMS-05778,ENG,ENG-TURNOUT-TAMP,TO-GPD-01,node,,GPD,47.00,47.00,,emergency_followup,2025-11-14,58,critical,2025-12-09,true,traffic_block,203,9,tamper,true,true,true,done
TRD-2025-01751,TDMS,TDMS-01751,TRD,TRD-NEUTRAL-SECTION,OHE-TNPENR-01,edge,TNP-ENR-DN,,14.92,15.12,DN,emergency_followup,2025-09-11,219,major,,false,power_block,257,7,OHE_tower_car,false,false,true,done
ENG-2026-05779,TMS,TMS-05779,ENG,ENG-SLEEPER-RENEWAL,SL-ABUAVD-05,edge,ABU-AVD-UP,,16.02,16.52,UP,defect,2026-02-23,92,minor,,false,traffic_block,273,21,none,true,true,true,done
SNT-2026-01433,SMMS,SMMS-01433,SNT,SNT-SIGNAL-LAMP,SG-AVDTI-09,edge,AVD-TI-UP,,21.53,21.63,UP,proactive,2026-06-12,29,minor,2026-08-21,false,none,37,2,none,true,false,true,done
TRD-2025-01752,TDMS,TDMS-01752,TRD,TRD-OHE-INSULATOR,INS-PVTBM-02,edge,PV-TBM-DN_SUB,,24.45,24.55,DN_SUB,defect,2025-10-22,28,minor,,false,power_block,86,4,OHE_tower_car,true,true,true,done
ENG-2025-05780,TMS,TMS-05780,ENG,ENG-RAIL-RENEWAL,RL-PONGPD-12,edge,PON-GPD-UP,,42.15,42.65,UP,defect,2025-09-09,96,3,,false,traffic_block,417,22,none,true,true,true,done
SNT-2026-01434,SMMS,SMMS-01434,SNT,SNT-LC-GATE,LC-TKOAJJ-01,edge,TKO-AJJ-SINGLE,,121.13,121.23,SINGLE,overdue,2026-04-28,90,major,,false,disconnection,121,5,none,true,true,true,done
TRD-2026-01753,TDMS,TDMS-01753,TRD,TRD-OHE-MAST,MST-PERABU-13,edge,PER-ABU-UP_SUB,,5.35,5.55,UP_SUB,routine,2026-02-16,153,major,,false,power_block,196,6,OHE_tower_car,true,true,true,done
ENG-2026-05781,TMS,TMS-05781,ENG,ENG-SLEEPER-RENEWAL,SL-BBQPER-03,edge,BBQ-PER-UP,,4.12,4.62,UP,defect,2026-06-24,58,minor,,false,traffic_block,383,16,none,true,true,true,done
TRD-2026-01754,TDMS,TDMS-01754,TRD,TRD-OHE-DROPPER,CW-TITRL-05,edge,TI-TRL-DN_SUB,,40.44,40.94,DN_SUB,routine,2026-07-31,38,minor,,false,power_block,129,4,OHE_tower_car,true,false,true,pending
SNT-2026-01435,SMMS,SMMS-01435,SNT,SNT-POINT-REPLACE,PT-BBQ-05,node,,BBQ,2.00,2.00,,defect,2026-04-13,101,minor,,false,disconnection,219,4,none,false,false,true,cancelled
SNT-2026-01436,SMMS,SMMS-01436,SNT,SNT-TRACK-CIRCUIT,TC-MSBMS-06,edge,MSB-MS-UP,,2.64,3.14,UP,routine,2026-05-19,59,major,,false,disconnection,76,3,none,false,true,true,done
SNT-2026-01437,SMMS,SMMS-01437,SNT,SNT-SIGNAL-REPLACE,SG-TITRL-18,edge,TI-TRL-UP_SUB,,31.03,31.13,UP_SUB,defect,2026-05-21,15,major,,false,disconnection,172,5,none,true,true,true,done
SNT-2026-01438,SMMS,SMMS-01438,SNT,SNT-TRACK-CIRCUIT,TC-PVTBM-03,edge,PV-TBM-DN_SUB,,28.94,29.10,DN_SUB,overdue,2026-04-27,64,minor,,false,disconnection,118,4,none,true,true,true,done
SNT-2026-01439,SMMS,SMMS-01439,SNT,SNT-TRACK-CIRCUIT,TC-TNPENR-05,edge,TNP-ENR-UP,,8.28,8.78,UP,overdue,2026-07-03,66,minor,2026-10-14,false,disconnection,107,3,none,true,true,true,pending
TRD-2025-01755,TDMS,TDMS-01755,TRD,TRD-SUBSTN-MAINT,SS-AVD-01,node,,AVD,21.00,21.00,,routine,2025-09-21,152,minor,2025-11-24,false,none,335,6,none,true,false,true,done
SNT-2026-01440,SMMS,SMMS-01440,SNT,SNT-TRACK-CIRCUIT,TC-MSBMS-05,edge,MSB-MS-UP,,1.00,1.50,UP,overdue,2026-01-01,239,major,,false,disconnection,94,3,none,true,true,true,done
ENG-2026-05782,TMS,TMS-05782,ENG,ENG-BRIDGE-REPAIR,BR-TITRL-01,edge,TI-TRL-DN,,39.50,39.60,DN,defect,2026-08-02,36,major,,false,traffic_block,231,12,none,true,true,false,scheduled
TRD-2026-01756,TDMS,TDMS-01756,TRD,TRD-OHE-INSULATOR,INS-TNPENR-04,edge,TNP-ENR-UP,,9.38,9.48,UP,defect,2026-05-03,14,minor,,false,power_block,114,4,OHE_tower_car,false,true,true,done
ENG-2026-05783,TMS,TMS-05783,ENG,ENG-SLEEPER-RENEWAL,SL-TRLAJJ-27,edge,TRL-AJJ-UP,,64.41,64.91,UP,defect,2026-01-04,192,minor,,false,traffic_block,327,16,none,true,true,true,done
ENG-2026-05784,TMS,TMS-05784,ENG,ENG-SLEEPER-RENEWAL,SL-TITRL-03,edge,TI-TRL-DN,,31.53,32.03,DN,defect,2026-08-13,24,major,2026-10-07,false,traffic_block,370,19,none,true,true,true,done
TRD-2026-01757,TDMS,TDMS-01757,TRD,TRD-OHE-INSULATOR,INS-MJRPON-03,edge,MJR-PON-UP,,28.33,28.43,UP,defect,2026-08-10,18,minor,,false,power_block,81,5,OHE_tower_car,false,true,true,done
ENG-2026-05785,TMS,TMS-05785,ENG,ENG-BALLAST-SCREEN,BL-MSMBM-07,edge,MS-MBM-UP_SUB,,5.67,6.17,UP_SUB,routine,2026-06-09,89,minor,,false,traffic_block,252,13,BCM,true,true,true,done
TRD-2026-01758,TDMS,TDMS-01758,TRD,TRD-OHE-MAST,MST-TNPENR-07,edge,TNP-ENR-UP,,11.23,11.43,UP,routine,2026-05-13,101,major,,false,power_block,184,7,OHE_tower_car,true,true,true,done
SNT-2025-01441,SMMS,SMMS-01441,SNT,SNT-CABLE-LAY,,edge,TRL-AJJ-DN_SUB,,50.91,51.91,DN_SUB,defect,2025-11-20,170,major,,false,none,333,10,none,true,true,false,done
ENG-2026-05786,TMS,TMS-05786,ENG,ENG-RAIL-WELD,RL-AVDTI-12,edge,AVD-TI-UP,,25.76,26.76,UP,defect,2026-04-25,110,1,2026-05-10,true,traffic_block,257,7,none,true,false,true,done
TRD-2026-01759,TDMS,TDMS-01759,TRD,TRD-OHE-WIRE-RENEW,CW-PERABU-08,edge,PER-ABU-UP,,7.01,8.01,UP,defect,2026-05-12,4,minor,,false,power_block,363,9,OHE_tower_car,true,true,true,done
ENG-2026-05787,TMS,TMS-05787,ENG,ENG-TURNOUT-TAMP,TO-MAS-03,node,,MAS,0.00,0.00,,overdue,2026-06-08,64,minor,,false,traffic_block,228,10,tamper,false,true,true,done
ENG-2025-05788,TMS,TMS-05788,ENG,ENG-USFD-TEST,RL-TRLAJJ-25,edge,TRL-AJJ-DN_SUB,,63.25,68.50,DN_SUB,routine,2025-11-03,24,1,2025-11-12,true,traffic_block,156,3,USFD_car,true,false,true,done
ENG-2025-05789,TMS,TMS-05789,ENG,ENG-DESTRESSING,RL-CJTMLP-03,edge,CJ-TMLP-SINGLE,,96.09,97.09,SINGLE,proactive,2025-09-07,15,2,,false,traffic_block,324,10,none,false,false,true,done
TRD-2026-01760,TDMS,TDMS-01760,TRD,TRD-OHE-MAST,MST-TITRL-14,edge,TI-TRL-UP,,35.01,35.21,UP,routine,2026-06-17,14,major,,false,power_block,152,6,OHE_tower_car,true,true,true,done
SNT-2026-01442,SMMS,SMMS-01442,SNT,SNT-SIGNAL-REPLACE,SG-MBMGI-02,edge,MBM-GI-DN_SUB,,13.14,13.24,DN_SUB,defect,2026-07-08,27,minor,,false,disconnection,145,5,none,false,true,true,done
ENG-2025-05790,TMS,TMS-05790,ENG,ENG-SLEEPER-RENEWAL,SL-PONGPD-03,edge,PON-GPD-DN,,36.67,37.17,DN,proactive,2025-09-21,140,major,2025-11-23,false,traffic_block,225,20,none,true,true,true,done
SNT-2026-01443,SMMS,SMMS-01443,SNT,SNT-SIGNAL-LAMP,SG-MBMGI-03,edge,MBM-GI-UP,,14.13,14.23,UP,routine,2026-06-24,75,minor,2026-09-25,false,none,45,2,none,true,false,true,pending
SNT-2026-01444,SMMS,SMMS-01444,SNT,SNT-POINT-REPLACE,PT-ENR-06,node,,ENR,16.00,16.00,,defect,2026-04-20,13,major,,false,disconnection,194,4,none,true,false,true,done
SNT-2026-01445,SMMS,SMMS-01445,SNT,SNT-POINT-REPLACE,PT-BBQ-12,node,,BBQ,2.00,2.00,,defect,2026-08-27,7,minor,2026-11-05,false,disconnection,213,4,none,true,false,true,cancelled
SNT-2026-01446,SMMS,SMMS-01446,SNT,SNT-TRACK-CIRCUIT,TC-MASBBQ-01,edge,MAS-BBQ-DN,,1.35,1.85,DN,routine,2026-07-12,35,major,2026-08-20,false,disconnection,109,3,none,true,true,true,done
ENG-2026-05791,TMS,TMS-05791,ENG,ENG-SLEEPER-RENEWAL,SL-ABUAVD-06,edge,ABU-AVD-UP,,20.75,21.00,UP,defect,2026-04-01,145,major,,false,traffic_block,414,21,none,true,true,true,done
SNT-2025-01447,SMMS,SMMS-01447,SNT,SNT-SIGNAL-REPLACE,SG-GISTM-04,edge,GI-STM-UP_SUB,,16.82,16.92,UP_SUB,defect,2025-11-18,110,major,,false,disconnection,202,5,none,true,true,true,done
ENG-2026-05792,TMS,TMS-05792,ENG,ENG-DESTRESSING,RL-PVTBM-09,edge,PV-TBM-UP,,26.81,27.81,UP,proactive,2026-01-08,126,3,,false,traffic_block,187,13,none,true,false,true,done
ENG-2026-05793,TMS,TMS-05793,ENG,ENG-SLEEPER-RENEWAL,SL-MBMGI-04,edge,MBM-GI-UP_SUB,,11.80,12.30,UP_SUB,defect,2026-08-11,11,minor,,false,traffic_block,391,20,none,false,true,true,done
SNT-2025-01448,SMMS,SMMS-01448,SNT,SNT-SIGNAL-REPLACE,SG-PERABU-01,edge,PER-ABU-DN,,10.14,10.24,DN,defect,2025-12-16,87,minor,,false,disconnection,229,5,none,true,true,true,done
ENG-2026-05794,TMS,TMS-05794,ENG,ENG-DRAIN-CLEAR,,edge,PON-GPD-DN,,42.07,43.57,DN,routine,2026-09-05,2,major,,false,none,120,6,none,false,true,false,pending
SNT-2026-01449,SMMS,SMMS-01449,SNT,SNT-TRACK-CIRCUIT,TC-TNPENR-07,edge,TNP-ENR-UP,,8.39,8.89,UP,overdue,2026-09-05,2,major,,false,disconnection,106,4,none,true,true,true,scheduled
ENG-2026-05795,TMS,TMS-05795,ENG,ENG-SLEEPER-RENEWAL,SL-MBMGI-04,edge,MBM-GI-UP_SUB,,11.80,12.30,UP_SUB,defect,2026-02-13,169,major,,false,traffic_block,327,20,none,true,true,true,done
ENG-2026-05796,TMS,TMS-05796,ENG,ENG-USFD-TEST,RL-BBQPER-08,edge,BBQ-PER-UP_SUB,,4.11,5.00,UP_SUB,overdue,2026-08-14,24,3,,false,traffic_block,171,3,USFD_car,true,false,true,scheduled
SNT-2025-01450,SMMS,SMMS-01450,SNT,SNT-TRACK-CIRCUIT,TC-PERABU-15,edge,PER-ABU-UP_SUB,,13.50,14.00,UP_SUB,routine,2025-11-08,77,major,,false,disconnection,127,3,none,true,true,true,done
SNT-2026-01451,SMMS,SMMS-01451,SNT,SNT-TRACK-CIRCUIT,TC-PONGPD-07,edge,PON-GPD-UP,,45.68,46.18,UP,overdue,2026-01-27,191,major,,false,disconnection,78,3,none,true,true,true,done
ENG-2026-05797,TMS,TMS-05797,ENG,ENG-RAIL-RENEWAL,RL-PERABU-20,edge,PER-ABU-UP_SUB,,13.11,13.61,UP_SUB,defect,2026-05-12,107,3,,false,traffic_block,349,24,none,true,true,true,deferred
TRD-2026-01761,TDMS,TDMS-01761,TRD,TRD-OHE-MAST,MST-MJRPON-04,edge,MJR-PON-DN,,26.53,26.73,DN,routine,2026-08-28,10,major,2026-09-27,false,power_block,153,7,OHE_tower_car,true,true,true,pending
ENG-2025-05798,TMS,TMS-05798,ENG,ENG-RAIL-WELD,RL-AVDTI-10,edge,AVD-TI-DN_SUB,,27.78,28.78,DN_SUB,emergency_followup,2025-10-01,9,IMDT,2025-10-02,true,traffic_block,216,7,none,true,false,true,done
ENG-2026-05799,TMS,TMS-05799,ENG,ENG-SLEEPER-RENEWAL,SL-AVDTI-04,edge,AVD-TI-DN_SUB,,27.56,28.06,DN_SUB,defect,2026-05-17,51,major,2026-08-17,false,traffic_block,269,16,none,true,true,true,done
TRD-2026-01762,TDMS,TDMS-01762,TRD,TRD-OHE-INSULATOR,INS-MSBMS-01,edge,MSB-MS-DN,,1.60,1.70,DN,defect,2026-02-11,121,major,2026-04-14,false,power_block,72,5,OHE_tower_car,true,true,true,done
TRD-2025-01763,TDMS,TDMS-01763,TRD,TRD-OHE-TENSION,OHE-TRLAJJ-47,edge,TRL-AJJ-UP_SUB,,64.92,65.22,UP_SUB,routine,2025-10-04,102,minor,,false,power_block,101,5,OHE_tower_car,true,false,true,done
TRD-2025-01764,TDMS,TDMS-01764,TRD,TRD-OHE-MAST,MST-STMPV-04,edge,STM-PV-DN_SUB,,19.62,19.82,DN_SUB,routine,2025-10-18,218,major,,false,power_block,203,7,OHE_tower_car,true,true,true,done
SNT-2026-01452,SMMS,SMMS-01452,SNT,SNT-TRACK-CIRCUIT,TC-ENRMJR-01,edge,ENR-MJR-DN,,24.01,24.51,DN,proactive,2026-01-18,51,major,2026-05-12,false,disconnection,96,3,none,true,true,true,deferred
ENG-2026-05800,TMS,TMS-05800,ENG,ENG-SLEEPER-RENEWAL,SL-GISTM-01,edge,GI-STM-DN,,17.04,17.10,DN,defect,2026-01-02,221,major,2026-03-13,false,traffic_block,243,18,none,true,true,true,done
SNT-2026-01453,SMMS,SMMS-01453,SNT,SNT-POINT-SERVICE,PT-MSB-10,node,,MSB,0.00,0.00,,overdue,2026-02-21,163,minor,,false,disconnection,47,3,none,true,false,true,done
TRD-2026-01765,TDMS,TDMS-01765,TRD,TRD-OHE-TENSION,OHE-MSMBM-02,edge,MS-MBM-DN,,6.31,6.61,DN,routine,2026-05-02,12,critical,2026-05-15,true,power_block,133,4,OHE_tower_car,true,false,true,done
ENG-2026-05801,TMS,TMS-05801,ENG,ENG-USFD-TEST,RL-TKOAJJ-08,edge,TKO-AJJ-SINGLE,,120.34,127.80,SINGLE,emergency_followup,2026-08-11,27,1,2026-08-24,true,traffic_block,135,3,USFD_car,true,false,true,pending
ENG-2026-05802,TMS,TMS-05802,ENG,ENG-DESTRESSING,RL-MSBMS-04,edge,MSB-MS-DN_SUB,,1.00,2.00,DN_SUB,overdue,2026-04-11,62,3,,false,traffic_block,209,10,none,false,false,true,done
SNT-2026-01454,SMMS,SMMS-01454,SNT,SNT-AXLE-COUNTER,AC-BBQPER-02,edge,BBQ-PER-DN_SUB,,3.54,3.84,DN_SUB,routine,2026-08-23,15,minor,,false,disconnection,107,3,none,true,true,true,pending
SNT-2025-01455,SMMS,SMMS-01455,SNT,SNT-AXLE-COUNTER,AC-TITRL-11,edge,TI-TRL-UP_SUB,,40.70,41.00,UP_SUB,routine,2025-10-03,121,minor,2025-12-08,false,disconnection,111,3,none,true,true,true,done
ENG-2026-05803,TMS,TMS-05803,ENG,ENG-RAIL-RENEWAL,RL-MSMBM-19,edge,MS-MBM-UP_SUB,,5.80,6.30,UP_SUB,defect,2026-08-29,2,3,2026-11-29,false,traffic_block,338,23,none,true,true,true,done
ENG-2026-05804,TMS,TMS-05804,ENG,ENG-USFD-TEST,RL-TNPENR-01,edge,TNP-ENR-DN,,12.53,16.00,DN,routine,2026-02-04,74,3,,false,traffic_block,110,3,USFD_car,true,false,true,done
ENG-2026-05805,TMS,TMS-05805,ENG,ENG-TRACK-PATROL,,edge,MSB-MS-UP_SUB,,2.11,4.11,UP_SUB,routine,2026-07-28,8,minor,2026-08-28,false,none,115,2,none,true,false,false,cancelled
ENG-2026-05806,TMS,TMS-05806,ENG,ENG-RAIL-RENEWAL,RL-TNPENR-11,edge,TNP-ENR-UP,,7.41,7.91,UP,defect,2026-08-02,36,3,2026-11-30,false,traffic_block,348,26,none,true,true,true,pending
ENG-2026-05807,TMS,TMS-05807,ENG,ENG-SLEEPER-RENEWAL,SL-CGLWJ-03,edge,CGL-WJ-SINGLE,,73.16,73.66,SINGLE,defect,2026-07-17,12,major,,false,traffic_block,282,18,none,true,true,true,done
TRD-2025-01766,TDMS,TDMS-01766,TRD,TRD-OHE-WIRE-RENEW,CW-ABUAVD-06,edge,ABU-AVD-UP,,17.26,18.26,UP,defect,2025-10-27,116,minor,,false,power_block,341,10,OHE_tower_car,true,true,true,done
TRD-2026-01767,TDMS,TDMS-01767,TRD,TRD-OHE-FAULT,OHE-ABUAVD-11,edge,ABU-AVD-UP_SUB,,17.27,17.57,UP_SUB,defect,2026-03-12,134,major,,false,power_block,137,5,OHE_tower_car,true,true,true,done
ENG-2025-05808,TMS,TMS-05808,ENG,ENG-RAIL-GRIND,RL-TITRL-24,edge,TI-TRL-UP,,32.06,35.06,UP,overdue,2025-11-09,179,3,,false,traffic_block,252,5,rail_grinder,true,false,true,done
SNT-2026-01456,SMMS,SMMS-01456,SNT,SNT-TRACK-CIRCUIT,TC-ENRMJR-02,edge,ENR-MJR-DN,,19.02,19.52,DN,overdue,2026-03-22,35,critical,2026-04-17,true,disconnection,68,3,none,true,true,true,done
TRD-2026-01768,TDMS,TDMS-01768,TRD,TRD-NEUTRAL-SECTION,OHE-MJRPON-08,edge,MJR-PON-UP,,28.45,28.65,UP,routine,2026-08-09,29,minor,,false,power_block,188,6,OHE_tower_car,true,false,true,in_progress
ENG-2026-05809,TMS,TMS-05809,ENG,ENG-SLEEPER-RENEWAL,SL-PVTBM-07,edge,PV-TBM-UP_SUB,,25.09,25.59,UP_SUB,defect,2026-06-29,50,critical,2026-07-15,true,traffic_block,318,20,none,true,true,true,done
ENG-2025-05810,TMS,TMS-05810,ENG,ENG-DESTRESSING,RL-MJRPON-08,edge,MJR-PON-UP,,33.38,34.38,UP,routine,2025-12-28,217,3,2026-04-04,false,traffic_block,202,11,none,true,false,true,done
ENG-2026-05811,TMS,TMS-05811,ENG,ENG-SLEEPER-RENEWAL,SL-TNPENR-06,edge,TNP-ENR-UP,,8.87,9.37,UP,defect,2026-01-05,180,minor,2026-03-12,false,traffic_block,228,16,none,true,true,true,done
SNT-2026-01457,SMMS,SMMS-01457,SNT,SNT-TRACK-CIRCUIT,TC-TRLAJJ-17,edge,TRL-AJJ-DN_SUB,,57.42,57.92,DN_SUB,routine,2026-01-29,117,major,,false,disconnection,118,3,none,false,true,true,done
SNT-2025-01458,SMMS,SMMS-01458,SNT,SNT-POINT-SERVICE,PT-BBQ-03,node,,BBQ,2.00,2.00,,overdue,2025-10-03,181,minor,,false,disconnection,64,3,none,true,false,true,done
SNT-2026-01459,SMMS,SMMS-01459,SNT,SNT-TRACK-CIRCUIT,TC-PONGPD-01,edge,PON-GPD-DN,,39.60,40.10,DN,proactive,2026-08-24,14,major,2026-12-11,false,disconnection,108,3,none,true,true,true,pending
SNT-2026-01460,SMMS,SMMS-01460,SNT,SNT-AXLE-COUNTER,AC-AVDTI-02,edge,AVD-TI-DN,,27.21,27.51,DN,routine,2026-05-19,45,minor,,false,disconnection,114,3,none,true,true,true,done
ENG-2026-05812,TMS,TMS-05812,ENG,ENG-DRAIN-CLEAR,,edge,ABU-AVD-UP,,17.72,19.22,UP,overdue,2026-01-19,4,minor,,false,none,153,6,none,true,true,false,done
SNT-2025-01461,SMMS,SMMS-01461,SNT,SNT-AXLE-COUNTER,AC-PERABU-01,edge,PER-ABU-DN,,8.61,8.91,DN,proactive,2025-09-27,100,minor,,false,disconnection,99,3,none,true,true,true,done
SNT-2026-01462,SMMS,SMMS-01462,SNT,SNT-SIGNAL-REPLACE,SG-TRLAJJ-20,edge,TRL-AJJ-UP,,53.58,53.68,UP,defect,2026-02-13,98,minor,,false,disconnection,229,6,none,true,true,true,done
ENG-2026-05813,TMS,TMS-05813,ENG,ENG-DESTRESSING,RL-TRLAJJ-05,edge,TRL-AJJ-DN,,47.96,48.96,DN,overdue,2026-06-20,79,2,,false,traffic_block,253,12,none,true,false,true,pending
ENG-2026-05814,TMS,TMS-05814,ENG,ENG-RAIL-GRIND,RL-MBMGI-01,edge,MBM-GI-DN,,11.91,14.91,DN,overdue,2026-03-21,17,3,,false,traffic_block,137,4,rail_grinder,true,false,true,done
ENG-2025-05815,TMS,TMS-05815,ENG,ENG-TURNOUT-OVERHAUL,TO-MS-09,node,,MS,4.32,4.32,,routine,2025-09-21,350,minor,2026-01-08,false,traffic_block,395,15,none,true,true,true,done
ENG-2026-05816,TMS,TMS-05816,ENG,ENG-RAIL-RENEWAL,RL-PONGPD-16,edge,PON-GPD-UP,,45.60,46.10,UP,emergency_followup,2026-08-24,14,2,,false,traffic_block,502,23,none,true,true,true,pending
ENG-2026-05817,TMS,TMS-05817,ENG,ENG-SLEEPER-RENEWAL,SL-ENRMJR-05,edge,ENR-MJR-UP,,23.86,24.36,UP,defect,2026-07-25,42,major,,false,traffic_block,346,20,none,true,true,true,cancelled
TRD-2025-01769,TDMS,TDMS-01769,TRD,TRD-OHE-TENSION,OHE-TITRL-07,edge,TI-TRL-DN_SUB,,31.56,31.86,DN_SUB,overdue,2025-12-31,21,minor,,false,power_block,166,4,OHE_tower_car,true,false,true,done
ENG-2025-05818,TMS,TMS-05818,ENG,ENG-TURNOUT-TAMP,TO-BBQ-12,node,,BBQ,2.00,2.00,,overdue,2025-10-15,216,major,,false,traffic_block,192,8,tamper,true,true,true,done
TRD-2026-01770,TDMS,TDMS-01770,TRD,TRD-OHE-WIRE-RENEW,CW-ABUAVD-06,edge,ABU-AVD-UP,,17.26,18.26,UP,defect,2026-04-21,99,major,2026-06-04,false,power_block,280,8,OHE_tower_car,true,true,true,done
TRD-2026-01771,TDMS,TDMS-01771,TRD,TRD-OHE-INSULATOR,INS-ABUAVD-04,edge,ABU-AVD-UP_SUB,,15.32,15.42,UP_SUB,defect,2026-06-20,37,major,2026-09-08,false,power_block,125,4,OHE_tower_car,true,true,true,done
ENG-2026-05819,TMS,TMS-05819,ENG,ENG-SLEEPER-RENEWAL,SL-PONGPD-08,edge,PON-GPD-UP,,45.31,45.81,UP,defect,2026-08-30,8,major,,false,traffic_block,411,20,none,false,true,true,in_progress
ENG-2026-05820,TMS,TMS-05820,ENG,ENG-TRACK-PATROL,,edge,TI-TRL-DN,,40.94,42.00,DN,overdue,2026-01-28,11,major,2026-03-17,false,none,73,2,none,false,false,false,done
SNT-2025-01463,SMMS,SMMS-01463,SNT,SNT-SIGNAL-REPLACE,SG-PERABU-11,edge,PER-ABU-UP,,6.82,6.92,UP,defect,2025-11-15,39,minor,,false,disconnection,152,6,none,true,true,true,done
SNT-2026-01464,SMMS,SMMS-01464,SNT,SNT-TRACK-CIRCUIT,TC-PERABU-02,edge,PER-ABU-DN,,5.23,5.73,DN,overdue,2026-08-26,12,minor,,false,disconnection,101,3,none,true,true,true,scheduled
ENG-2026-05821,TMS,TMS-05821,ENG,ENG-DESTRESSING,RL-MJRPON-09,edge,MJR-PON-UP,,32.18,33.18,UP,routine,2026-01-13,176,2,,false,traffic_block,184,11,none,true,false,true,done
ENG-2025-05822,TMS,TMS-05822,ENG,ENG-TURNOUT-TAMP,TO-MS-05,node,,MS,4.32,4.32,,overdue,2025-10-24,105,minor,2026-01-10,false,traffic_block,235,8,tamper,true,true,true,done
ENG-2026-05823,TMS,TMS-05823,ENG,ENG-SLEEPER-RENEWAL,SL-GISTM-04,edge,GI-STM-UP_SUB,,15.17,15.67,UP_SUB,emergency_followup,2026-04-14,98,critical,2026-05-10,true,traffic_block,420,16,none,true,true,true,done
SNT-2026-01465,SMMS,SMMS-01465,SNT,SNT-SIGNAL-LAMP,SG-MSBMS-06,edge,MSB-MS-UP,,0.16,0.26,UP,overdue,2026-04-14,89,minor,2026-06-19,false,none,41,2,none,false,false,true,done
ENG-2025-05824,TMS,TMS-05824,ENG,ENG-SLEEPER-RENEWAL,SL-TRLAJJ-11,edge,TRL-AJJ-DN_SUB,,48.60,49.10,DN_SUB,defect,2025-11-09,167,minor,2025-12-15,false,traffic_block,373,20,none,true,true,true,done
ENG-2026-05825,TMS,TMS-05825,ENG,ENG-BALLAST-REGULATE,BL-CJTMLP-01,edge,CJ-TMLP-SINGLE,,100.62,102.62,SINGLE,overdue,2026-03-13,156,major,2026-05-27,false,traffic_block,167,4,ballast_regulator,true,true,true,done
ENG-2026-05826,TMS,TMS-05826,ENG,ENG-SLEEPER-RENEWAL,SL-TITRL-14,edge,TI-TRL-UP,,30.58,31.08,UP,defect,2026-01-14,168,minor,,false,traffic_block,379,16,none,true,true,true,done
SNT-2026-01466,SMMS,SMMS-01466,SNT,SNT-CABLE-LAY,,edge,CJ-TMLP-SINGLE,,100.31,101.31,SINGLE,defect,2026-08-16,22,minor,,false,none,270,8,none,true,true,false,in_progress
ENG-2026-05827,TMS,TMS-05827,ENG,ENG-USFD-TEST,RL-STMPV-01,edge,STM-PV-DN,,20.38,23.10,DN,overdue,2026-03-11,160,2,,false,traffic_block,168,3,USFD_car,true,false,true,done
TRD-2026-01772,TDMS,TDMS-01772,TRD,TRD-OHE-INSULATOR,INS-MSMBM-05,edge,MS-MBM-UP,,7.23,7.33,UP,emergency_followup,2026-05-21,91,major,,false,power_block,103,5,OHE_tower_car,true,true,true,done
ENG-2026-05828,TMS,TMS-05828,ENG,ENG-TURNOUT-OVERHAUL,TO-AVD-07,node,,AVD,21.00,21.00,,overdue,2026-03-22,56,minor,,false,traffic_block,253,15,none,true,true,true,done
SNT-2026-01467,SMMS,SMMS-01467,SNT,SNT-POINT-SERVICE,PT-PER-06,node,,PER,5.00,5.00,,overdue,2026-07-01,68,major,,false,disconnection,51,3,none,true,false,true,deferred
ENG-2025-05829,TMS,TMS-05829,ENG,ENG-USFD-TEST,RL-MSBMS-10,edge,MSB-MS-UP_SUB,,2.67,4.30,UP_SUB,routine,2025-12-22,90,2,,false,traffic_block,113,3,USFD_car,true,false,true,done
TRD-2025-01773,TDMS,TDMS-01773,TRD,TRD-NEUTRAL-SECTION,OHE-BBQTNP-02,edge,BBQ-TNP-DN,,2.48,2.68,DN,routine,2025-11-27,204,critical,2025-12-16,true,power_block,243,7,OHE_tower_car,true,false,true,done
ENG-2026-05830,TMS,TMS-05830,ENG,ENG-USFD-TEST,RL-ABUAVD-11,edge,ABU-AVD-UP,,15.16,21.00,UP,overdue,2026-03-24,39,3,,false,traffic_block,105,3,USFD_car,false,false,true,done
ENG-2025-05831,TMS,TMS-05831,ENG,ENG-SLEEPER-RENEWAL,SL-STMPV-05,edge,STM-PV-UP,,17.89,18.39,UP,proactive,2025-11-02,132,minor,,false,traffic_block,264,21,none,true,true,true,done
ENG-2026-05832,TMS,TMS-05832,ENG,ENG-DRAIN-CLEAR,,edge,MS-MBM-UP,,5.94,7.44,UP,emergency_followup,2026-07-08,61,major,,false,none,142,6,none,false,true,false,pending
ENG-2026-05833,TMS,TMS-05833,ENG,ENG-TURNOUT-OVERHAUL,TO-MS-09,node,,MS,4.32,4.32,,routine,2026-05-16,12,minor,2026-09-01,false,traffic_block,227,15,none,true,true,true,done
TRD-2026-01774,TDMS,TDMS-01774,TRD,TRD-OHE-MAST,MST-MSMBM-06,edge,MS-MBM-DN_SUB,,10.31,10.51,DN_SUB,overdue,2026-03-05,54,minor,,false,power_block,174,6,OHE_tower_car,true,true,true,done
SNT-2026-01468,SMMS,SMMS-01468,SNT,SNT-SIGNAL-REPLACE,SG-STMPV-03,edge,STM-PV-DN_SUB,,17.51,17.61,DN_SUB,defect,2026-07-10,56,minor,2026-10-01,false,disconnection,155,5,none,true,true,true,done
SNT-2026-01469,SMMS,SMMS-01469,SNT,SNT-AXLE-COUNTER,AC-MBMGI-02,edge,MBM-GI-DN_SUB,,11.88,12.18,DN_SUB,routine,2026-03-20,47,minor,,false,disconnection,119,3,none,true,true,true,done
SNT-2026-01470,SMMS,SMMS-01470,SNT,SNT-TRACK-CIRCUIT,TC-MBMGI-04,edge,MBM-GI-UP_SUB,,14.36,14.86,UP_SUB,overdue,2026-06-05,20,major,2026-08-11,false,disconnection,102,3,none,true,true,true,done
ENG-2026-05834,TMS,TMS-05834,ENG,ENG-TURNOUT-TAMP,TO-BBQ-10,node,,BBQ,2.00,2.00,,overdue,2026-02-07,71,minor,,false,traffic_block,198,9,tamper,true,true,true,done
SNT-2026-01471,SMMS,SMMS-01471,SNT,SNT-POINT-REPLACE,PT-GPD-01,node,,GPD,47.00,47.00,,defect,2026-07-03,33,major,,false,disconnection,253,5,none,true,false,true,done
SNT-2026-01472,SMMS,SMMS-01472,SNT,SNT-TRACK-CIRCUIT,TC-MSMBM-06,edge,MS-MBM-DN_SUB,,8.12,8.62,DN_SUB,overdue,2026-07-26,43,minor,2026-09-20,false,disconnection,85,3,none,true,true,true,in_progress
ENG-2026-05835,TMS,TMS-05835,ENG,ENG-SLEEPER-RENEWAL,SL-STMPV-05,edge,STM-PV-UP,,17.89,18.39,UP,defect,2026-01-27,221,minor,,false,traffic_block,388,17,none,true,true,true,cancelled
ENG-2026-05836,TMS,TMS-05836,ENG,ENG-TURNOUT-TAMP,TO-TBM-01,node,,TBM,29.14,29.14,,overdue,2026-02-14,19,minor,,false,traffic_block,236,8,tamper,false,true,true,cancelled
SNT-2026-01473,SMMS,SMMS-01473,SNT,SNT-TRACK-CIRCUIT,TC-TRLAJJ-24,edge,TRL-AJJ-UP,,43.23,43.73,UP,overdue,2026-08-14,24,minor,2026-12-07,false,disconnection,71,3,none,true,true,true,pending
SNT-2025-01474,SMMS,SMMS-01474,SNT,SNT-SIGNAL-REPLACE,SG-STMPV-07,edge,STM-PV-UP_SUB,,17.67,17.77,UP_SUB,defect,2025-10-17,284,major,2025-11-28,false,disconnection,207,5,none,true,true,true,done
ENG-2026-05837,TMS,TMS-05837,ENG,ENG-USFD-TEST,RL-TRLAJJ-49,edge,TRL-AJJ-UP,,45.81,53.81,UP,routine,2026-07-04,59,3,2026-09-09,false,traffic_block,151,3,USFD_car,true,false,true,deferred
ENG-2025-05838,TMS,TMS-05838,ENG,ENG-SLEEPER-RENEWAL,SL-MSMBM-07,edge,MS-MBM-UP_SUB,,7.11,7.61,UP_SUB,defect,2025-10-15,296,minor,,false,traffic_block,287,20,none,true,true,true,done
TRD-2025-01775,TDMS,TDMS-01775,TRD,TRD-OHE-TENSION,OHE-TRLAJJ-06,edge,TRL-AJJ-DN,,62.43,62.73,DN,overdue,2025-10-08,44,minor,,false,power_block,138,4,OHE_tower_car,true,false,true,done
ENG-2026-05839,TMS,TMS-05839,ENG,ENG-SLEEPER-RENEWAL,SL-MSMBM-01,edge,MS-MBM-DN,,6.30,6.80,DN,proactive,2026-08-05,20,major,,false,traffic_block,256,16,none,true,true,true,done
TRD-2026-01776,TDMS,TDMS-01776,TRD,TRD-NEUTRAL-SECTION,OHE-ABUAVD-11,edge,ABU-AVD-UP_SUB,,17.27,17.47,UP_SUB,routine,2026-08-17,21,minor,,false,power_block,182,8,OHE_tower_car,true,false,true,pending
SNT-2026-01475,SMMS,SMMS-01475,SNT,SNT-POINT-REPLACE,PT-MAS-17,node,,MAS,0.00,0.00,,defect,2026-08-11,3,minor,,false,disconnection,252,5,none,true,false,true,done
SNT-2026-01476,SMMS,SMMS-01476,SNT,SNT-TRACK-CIRCUIT,TC-TRLAJJ-20,edge,TRL-AJJ-DN_SUB,,47.07,47.57,DN_SUB,routine,2026-06-28,27,minor,,false,disconnection,96,3,none,true,true,true,deferred
SNT-2025-01477,SMMS,SMMS-01477,SNT,SNT-POINT-REPLACE,PT-GPD-02,node,,GPD,47.00,47.00,,defect,2025-11-19,155,minor,,false,disconnection,245,4,none,true,false,true,done
ENG-2026-05840,TMS,TMS-05840,ENG,ENG-DESTRESSING,RL-ENRMJR-08,edge,ENR-MJR-UP,,23.41,24.41,UP,routine,2026-08-04,34,3,2026-10-08,false,traffic_block,315,10,none,true,false,true,pending
SNT-2025-01478,SMMS,SMMS-01478,SNT,SNT-TRACK-CIRCUIT,TC-MSMBM-03,edge,MS-MBM-DN,,7.23,7.73,DN,routine,2025-09-21,226,minor,,false,disconnection,120,3,none,true,true,true,done
ENG-2026-05841,TMS,TMS-05841,ENG,ENG-SLEEPER-RENEWAL,SL-MBMGI-02,edge,MBM-GI-DN_SUB,,11.41,11.91,DN_SUB,defect,2026-05-08,101,minor,,false,traffic_block,298,17,none,true,true,true,done
ENG-2025-05842,TMS,TMS-05842,ENG,ENG-RAIL-RENEWAL,RL-TRLAJJ-16,edge,TRL-AJJ-DN,,58.76,59.26,DN,defect,2025-09-17,263,2,,false,traffic_block,514,22,none,true,true,true,done
ENG-2025-05843,TMS,TMS-05843,ENG,ENG-TRACK-PATROL,,edge,MSB-MS-UP_SUB,,2.59,4.30,UP_SUB,emergency_followup,2025-11-18,262,major,,false,none,127,2,none,true,false,false,done
ENG-2026-05844,TMS,TMS-05844,ENG,ENG-DRAIN-CLEAR,,edge,TI-TRL-DN_SUB,,31.12,32.62,DN_SUB,overdue,2026-08-27,11,minor,,false,none,123,7,none,true,true,false,scheduled
SNT-2026-01479,SMMS,SMMS-01479,SNT,SNT-SIGNAL-REPLACE,SG-TITRL-08,edge,TI-TRL-DN_SUB,,36.89,36.99,DN_SUB,defect,2026-09-06,1,minor,,false,disconnection,176,6,none,true,true,true,scheduled
SNT-2026-01480,SMMS,SMMS-01480,SNT,SNT-POINT-SERVICE,PT-CGL-02,node,,CGL,59.84,59.84,,emergency_followup,2026-08-26,10,major,,false,disconnection,79,3,none,true,false,true,done
ENG-2026-05845,TMS,TMS-05845,ENG,ENG-TRACK-PATROL,,edge,TRL-AJJ-DN,,62.72,64.72,DN,proactive,2026-01-26,3,minor,,false,none,83,2,none,true,false,false,done
TRD-2026-01777,TDMS,TDMS-01777,TRD,TRD-OHE-MAST,MST-AVDTI-10,edge,AVD-TI-UP_SUB,,28.53,28.73,UP_SUB,proactive,2026-05-30,91,minor,,false,power_block,115,6,OHE_tower_car,true,true,true,deferred
ENG-2026-05846,TMS,TMS-05846,ENG,ENG-BALLAST-SCREEN,BL-ENRMJR-03,edge,ENR-MJR-DN,,24.02,24.52,DN,overdue,2026-06-29,58,minor,,false,traffic_block,240,12,BCM,false,true,true,deferred
SNT-2026-01481,SMMS,SMMS-01481,SNT,SNT-AXLE-COUNTER,AC-MASBBQ-04,edge,MAS-BBQ-UP_SUB,,0.33,0.63,UP_SUB,proactive,2026-09-01,6,minor,,false,disconnection,108,3,none,true,true,true,pending
ENG-2026-05847,TMS,TMS-05847,ENG,ENG-DESTRESSING,RL-ABUAVD-08,edge,ABU-AVD-DN_SUB,,20.41,21.00,DN_SUB,proactive,2026-08-17,5,2,,false,traffic_block,200,10,none,true,false,true,done
TRD-2025-01778,TDMS,TDMS-01778,TRD,TRD-OHE-DROPPER,CW-MASBBQ-03,edge,MAS-BBQ-UP,,1.53,2.00,UP,routine,2025-09-09,89,major,2025-11-12,false,power_block,91,4,OHE_tower_car,true,false,true,done
SNT-2026-01482,SMMS,SMMS-01482,SNT,SNT-SIGNAL-LAMP,SG-AVDTI-05,edge,AVD-TI-DN_SUB,,22.34,22.44,DN_SUB,routine,2026-08-02,36,minor,,false,none,50,2,none,true,false,true,in_progress
TRD-2026-01779,TDMS,TDMS-01779,TRD,TRD-OHE-INSULATOR,INS-PVTBM-04,edge,PV-TBM-UP_SUB,,28.96,29.06,UP_SUB,defect,2026-06-22,77,minor,,false,power_block,109,5,OHE_tower_car,true,true,true,scheduled
ENG-2026-05848,TMS,TMS-05848,ENG,ENG-SLEEPER-RENEWAL,SL-TRLAJJ-24,edge,TRL-AJJ-UP,,60.67,61.17,UP,proactive,2026-08-01,34,major,,false,traffic_block,390,18,none,false,true,true,done
ENG-2026-05849,TMS,TMS-05849,ENG,ENG-SLEEPER-RENEWAL,SL-MSMBM-08,edge,MS-MBM-UP_SUB,,9.24,9.74,UP_SUB,defect,2026-07-12,7,major,,false,traffic_block,302,19,none,true,true,true,done
SNT-2025-01483,SMMS,SMMS-01483,SNT,SNT-AXLE-COUNTER,AC-TKOAJJ-01,edge,TKO-AJJ-SINGLE,,125.34,125.64,SINGLE,emergency_followup,2025-10-10,170,major,,false,disconnection,84,3,none,true,true,true,done
SNT-2026-01484,SMMS,SMMS-01484,SNT,SNT-CABLE-LAY,,edge,CJ-TMLP-SINGLE,,99.63,100.63,SINGLE,defect,2026-08-24,12,minor,,false,none,242,10,none,false,true,false,done
TRD-2026-01780,TDMS,TDMS-01780,TRD,TRD-OHE-MAST,MST-PERABU-07,edge,PER-ABU-DN_SUB,,8.80,9.00,DN_SUB,routine,2026-05-05,58,minor,,false,power_block,151,7,OHE_tower_car,true,true,true,done
SNT-2025-01485,SMMS,SMMS-01485,SNT,SNT-AXLE-COUNTER,AC-MSMBM-04,edge,MS-MBM-UP_SUB,,5.14,5.44,UP_SUB,overdue,2025-11-17,285,critical,2025-12-03,true,disconnection,96,3,none,true,true,true,done
ENG-2025-05850,TMS,TMS-05850,ENG,ENG-DRAIN-CLEAR,,edge,MSB-MS-DN,,2.94,4.30,DN,overdue,2025-09-30,176,minor,,false,none,153,6,none,true,true,false,done
ENG-2026-05851,TMS,TMS-05851,ENG,ENG-LC-ATTENTION,LC-TMLPTKO-01,edge,TMLP-TKO-SINGLE,,113.54,113.64,SINGLE,overdue,2026-05-12,74,minor,,false,traffic_block,155,8,none,true,true,true,cancelled
SNT-2026-01486,SMMS,SMMS-01486,SNT,SNT-AXLE-COUNTER,AC-CGLWJ-04,edge,CGL-WJ-SINGLE,,65.95,66.25,SINGLE,overdue,2026-01-19,173,major,2026-04-06,false,disconnection,81,3,none,false,true,true,done
SNT-2026-01487,SMMS,SMMS-01487,SNT,SNT-POINT-REPLACE,PT-BBQ-09,node,,BBQ,2.00,2.00,,defect,2026-05-18,52,minor,2026-08-09,false,disconnection,223,4,none,true,false,true,done
TRD-2026-01781,TDMS,TDMS-01781,TRD,TRD-OHE-DROPPER,CW-STMPV-07,edge,STM-PV-UP_SUB,,19.94,20.44,UP_SUB,routine,2026-08-22,6,minor,,false,power_block,128,4,OHE_tower_car,true,false,true,done
SNT-2026-01488,SMMS,SMMS-01488,SNT,SNT-SIGNAL-LAMP,SG-STMPV-04,edge,STM-PV-DN_SUB,,19.12,19.22,DN_SUB,emergency_followup,2026-05-01,123,major,,false,none,41,2,none,true,false,true,cancelled
TRD-2025-01782,TDMS,TDMS-01782,TRD,TRD-OHE-DROPPER,CW-TRLAJJ-25,edge,TRL-AJJ-UP_SUB,,58.74,59.24,UP_SUB,routine,2025-11-21,102,major,2026-02-26,false,power_block,129,4,OHE_tower_car,true,false,true,done
SNT-2026-01489,SMMS,SMMS-01489,SNT,SNT-AXLE-COUNTER,AC-PERABU-03,edge,PER-ABU-DN_SUB,,5.34,5.64,DN_SUB,overdue,2026-09-01,6,minor,,false,disconnection,124,3,none,false,true,true,done
ENG-2026-05852,TMS,TMS-05852,ENG,ENG-TRACK-PATROL,,edge,MSB-MS-UP,,1.22,3.22,UP,overdue,2026-08-11,27,minor,,false,none,129,2,none,true,false,false,pending
ENG-2026-05853,TMS,TMS-05853,ENG,ENG-DESTRESSING,RL-TITRL-07,edge,TI-TRL-DN,,40.64,41.64,DN,routine,2026-06-20,69,3,,false,traffic_block,230,12,none,false,false,true,done
TRD-2025-01783,TDMS,TDMS-01783,TRD,TRD-OHE-INSULATOR,INS-MSBMS-04,edge,MSB-MS-UP_SUB,,3.60,3.70,UP_SUB,defect,2025-12-30,63,minor,,false,power_block,95,4,OHE_tower_car,true,true,true,deferred
ENG-2026-05854,TMS,TMS-05854,ENG,ENG-CURVE-REALIGN,BL-MJRPON-06,edge,MJR-PON-UP,,29.90,30.70,UP,overdue,2026-08-23,8,minor,2026-12-01,false,traffic_block,247,11,tamper,true,true,true,done
ENG-2026-05855,TMS,TMS-05855,ENG,ENG-RAIL-WELD,RL-PVTBM-15,edge,PV-TBM-UP_SUB,,27.82,28.82,UP_SUB,defect,2026-01-06,119,3,,false,traffic_block,168,6,none,true,false,true,done
TRD-2026-01784,TDMS,TDMS-01784,TRD,TRD-OHE-WIRE-RENEW,CW-MBMGI-02,edge,MBM-GI-DN_SUB,,13.93,14.93,DN_SUB,defect,2026-01-31,4,critical,2026-02-25,true,power_block,257,8,OHE_tower_car,true,true,true,done
ENG-2025-05856,TMS,TMS-05856,ENG,ENG-TURNOUT-TAMP,TO-PER-03,node,,PER,5.00,5.00,,overdue,2025-12-07,16,major,2026-04-06,false,traffic_block,207,9,tamper,true,true,true,done
TRD-2026-01785,TDMS,TDMS-01785,TRD,TRD-NEUTRAL-SECTION,OHE-TNPENR-01,edge,TNP-ENR-DN,,14.92,15.12,DN,overdue,2026-01-23,57,critical,2026-02-05,true,power_block,224,7,OHE_tower_car,true,false,true,done
SNT-2026-01490,SMMS,SMMS-01490,SNT,SNT-SIGNAL-REPLACE,SG-AVDTI-01,edge,AVD-TI-DN,,26.70,26.80,DN,defect,2026-06-16,55,minor,,false,disconnection,153,5,none,true,true,true,cancelled
SNT-2026-01491,SMMS,SMMS-01491,SNT,SNT-TRACK-CIRCUIT,TC-MJRPON-04,edge,MJR-PON-DN,,33.16,33.66,DN,routine,2026-02-20,106,minor,,false,disconnection,110,3,none,true,true,true,done
ENG-2026-05857,TMS,TMS-05857,ENG,ENG-SLEEPER-RENEWAL,SL-MASBBQ-02,edge,MAS-BBQ-DN_SUB,,0.33,0.83,DN_SUB,defect,2026-06-03,58,minor,,false,traffic_block,326,17,none,true,true,true,done
ENG-2026-05858,TMS,TMS-05858,ENG,ENG-TRACK-PATROL,,edge,PON-GPD-DN,,38.07,40.07,DN,routine,2026-08-06,32,critical,2026-08-23,true,none,116,2,none,true,false,false,scheduled
ENG-2026-05859,TMS,TMS-05859,ENG,ENG-TAMPING,BL-MASBBQ-03,edge,MAS-BBQ-UP,,1.88,2.00,UP,routine,2026-05-18,88,major,,false,traffic_block,294,10,tamper,true,true,true,done
SNT-2026-01492,SMMS,SMMS-01492,SNT,SNT-SIGNAL-LAMP,SG-MSBMS-02,edge,MSB-MS-DN,,2.84,2.94,DN,routine,2026-06-06,28,minor,,false,none,42,2,none,false,false,true,done
ENG-2026-05860,TMS,TMS-05860,ENG,ENG-RAIL-RENEWAL,RL-PONGPD-08,edge,PON-GPD-DN,,43.72,44.22,DN,defect,2026-08-22,16,2,,false,traffic_block,423,25,none,true,true,true,scheduled
TRD-2026-01786,TDMS,TDMS-01786,TRD,TRD-OHE-INSP,OHE-PVTBM-04,edge,PV-TBM-DN_SUB,,26.44,29.10,DN_SUB,overdue,2026-01-15,217,major,,false,power_block,74,4,OHE_tower_car,true,false,true,cancelled
ENG-2026-05861,TMS,TMS-05861,ENG,ENG-RAIL-GRIND,RL-PONGPD-04,edge,PON-GPD-DN,,36.03,39.03,DN,overdue,2026-06-30,69,2,,false,traffic_block,197,4,rail_grinder,true,false,true,in_progress
TRD-2026-01787,TDMS,TDMS-01787,TRD,TRD-OHE-INSULATOR,INS-TRLAJJ-16,edge,TRL-AJJ-UP,,43.53,43.63,UP,defect,2026-06-19,80,minor,,false,power_block,111,5,OHE_tower_car,true,true,true,pending
SNT-2026-01493,SMMS,SMMS-01493,SNT,SNT-AXLE-COUNTER,AC-GISTM-04,edge,GI-STM-UP_SUB,,16.70,17.00,UP_SUB,routine,2026-06-22,53,major,,false,disconnection,108,3,none,false,true,true,done
TRD-2025-01788,TDMS,TDMS-01788,TRD,TRD-OHE-INSULATOR,INS-GISTM-01,edge,GI-STM-DN,,16.22,16.32,DN,defect,2025-12-24,100,minor,,false,power_block,107,4,OHE_tower_car,true,true,true,done
TRD-2026-01789,TDMS,TDMS-01789,TRD,TRD-OHE-INSULATOR,INS-TRLAJJ-03,edge,TRL-AJJ-DN,,62.17,62.27,DN,defect,2026-08-21,17,minor,,false,power_block,125,5,OHE_tower_car,true,true,true,scheduled
TRD-2026-01790,TDMS,TDMS-01790,TRD,TRD-OHE-FAULT,OHE-PERABU-12,edge,PER-ABU-UP,,13.95,14.25,UP,defect,2026-05-20,59,minor,,false,power_block,100,5,OHE_tower_car,true,true,true,done
ENG-2026-05862,TMS,TMS-05862,ENG,ENG-TURNOUT-TAMP,TO-TBM-03,node,,TBM,29.14,29.14,,overdue,2026-05-08,41,major,,false,traffic_block,167,10,tamper,true,true,true,done
SNT-2026-01494,SMMS,SMMS-01494,SNT,SNT-SIGNAL-REPLACE,SG-PERABU-16,edge,PER-ABU-UP_SUB,,9.07,9.17,UP_SUB,emergency_followup,2026-01-21,63,major,,false,disconnection,218,5,none,true,true,true,done
ENG-2026-05863,TMS,TMS-05863,ENG,ENG-TURNOUT-TAMP,TO-PER-01,node,,PER,5.00,5.00,,routine,2026-02-28,121,minor,,false,traffic_block,232,8,tamper,true,true,true,deferred
TRD-2025-01791,TDMS,TDMS-01791,TRD,TRD-OHE-EARTHING,OHE-PERABU-15,edge,PER-ABU-UP,,10.94,11.94,UP,routine,2025-12-24,248,minor,,false,power_block,60,3,none,false,false,true,done
SNT-2026-01495,SMMS,SMMS-01495,SNT,SNT-AXLE-COUNTER,AC-MASBBQ-04,edge,MAS-BBQ-UP_SUB,,0.33,0.63,UP_SUB,routine,2026-03-14,42,major,2026-05-16,false,disconnection,87,3,none,true,true,true,done
ENG-2026-05864,TMS,TMS-05864,ENG,ENG-SLEEPER-RENEWAL,SL-PVTBM-05,edge,PV-TBM-UP,,25.86,26.36,UP,defect,2026-08-26,7,minor,2026-10-25,false,traffic_block,301,20,none,true,true,true,done
ENG-2026-05865,TMS,TMS-05865,ENG,ENG-USFD-TEST,RL-TRLAJJ-14,edge,TRL-AJJ-DN,,46.45,54.45,DN,overdue,2026-06-25,45,3,,false,traffic_block,152,3,USFD_car,true,false,true,done
ENG-2026-05866,TMS,TMS-05866,ENG,ENG-DESTRESSING,RL-MSBMS-05,edge,MSB-MS-DN_SUB,,2.34,3.34,DN_SUB,routine,2026-03-18,155,2,,false,traffic_block,244,12,none,true,false,true,done
ENG-2026-05867,TMS,TMS-05867,ENG,ENG-RAIL-GRIND,RL-AVDTI-03,edge,AVD-TI-DN,,23.39,26.39,DN,overdue,2026-07-20,17,1,2026-08-02,true,traffic_block,188,5,rail_grinder,true,false,true,done
TRD-2026-01792,TDMS,TDMS-01792,TRD,TRD-OHE-EARTHING,OHE-MBMGI-03,edge,MBM-GI-DN_SUB,,13.47,14.47,DN_SUB,routine,2026-09-02,3,minor,,false,power_block,84,3,none,true,false,true,done
ENG-2025-05868,TMS,TMS-05868,ENG,ENG-SLEEPER-RENEWAL,SL-PVTBM-03,edge,PV-TBM-DN_SUB,,24.05,24.55,DN_SUB,defect,2025-11-28,202,minor,,false,traffic_block,282,16,none,true,true,true,done
ENG-2025-05869,TMS,TMS-05869,ENG,ENG-BRIDGE-REPAIR,BR-CGLWJ-01,edge,CGL-WJ-SINGLE,,77.81,77.91,SINGLE,defect,2025-12-03,213,major,,false,traffic_block,264,11,none,true,true,false,done
ENG-2026-05870,TMS,TMS-05870,ENG,ENG-RAIL-WELD,RL-PVTBM-10,edge,PV-TBM-UP,,23.23,24.23,UP,defect,2026-08-16,1,2,2026-11-20,false,traffic_block,158,7,none,true,false,true,done
ENG-2026-05871,TMS,TMS-05871,ENG,ENG-TURNOUT-TAMP,TO-MSB-12,node,,MSB,0.00,0.00,,overdue,2026-03-12,41,critical,2026-04-08,true,traffic_block,143,9,tamper,false,true,true,done
ENG-2026-05872,TMS,TMS-05872,ENG,ENG-TURNOUT-OVERHAUL,TO-TBM-07,node,,TBM,29.14,29.14,,routine,2026-03-26,61,minor,,false,traffic_block,361,15,none,true,true,true,done
ENG-2026-05873,TMS,TMS-05873,ENG,ENG-SLEEPER-RENEWAL,SL-TITRL-01,edge,TI-TRL-DN,,37.78,38.28,DN,defect,2026-08-07,31,major,,false,traffic_block,351,17,none,false,true,true,in_progress
SNT-2026-01496,SMMS,SMMS-01496,SNT,SNT-RELAY-ROOM,IL-TBM-01,node,,TBM,29.14,29.14,,proactive,2026-03-01,78,major,2026-05-04,false,none,136,3,none,false,false,true,done
ENG-2025-05874,TMS,TMS-05874,ENG,ENG-BALLAST-REGULATE,BL-TITRL-07,edge,TI-TRL-DN_SUB,,37.91,39.91,DN_SUB,overdue,2025-09-12,220,minor,2026-01-07,false,traffic_block,108,4,ballast_regulator,true,true,true,done
TRD-2025-01793,TDMS,TDMS-01793,TRD,TRD-OHE-FAULT,OHE-TRLAJJ-18,edge,TRL-AJJ-DN_SUB,,64.26,64.56,DN_SUB,defect,2025-09-17,48,major,,false,power_block,168,6,OHE_tower_car,false,true,true,done
ENG-2026-05875,TMS,TMS-05875,ENG,ENG-TURNOUT-OVERHAUL,TO-TRL-05,node,,TRL,42.00,42.00,,overdue,2026-08-28,8,minor,,false,traffic_block,260,13,none,true,true,true,done
TRD-2026-01794,TDMS,TDMS-01794,TRD,TRD-OHE-INSP,OHE-STMPV-04,edge,STM-PV-DN_SUB,,22.73,23.10,DN_SUB,overdue,2026-06-22,77,minor,,false,power_block,87,4,OHE_tower_car,false,false,true,pending
ENG-2025-05876,TMS,TMS-05876,ENG,ENG-DESTRESSING,RL-CJTMLP-07,edge,CJ-TMLP-SINGLE,,101.03,102.03,SINGLE,proactive,2025-10-25,236,2,,false,traffic_block,187,11,none,true,false,true,deferred
SNT-2025-01497,SMMS,SMMS-01497,SNT,SNT-SIGNAL-LAMP,SG-TKOAJJ-02,edge,TKO-AJJ-SINGLE,,116.64,116.74,SINGLE,overdue,2025-11-22,83,major,,false,none,40,2,none,false,false,true,done
ENG-2026-05877,TMS,TMS-05877,ENG,ENG-TURNOUT-OVERHAUL,TO-MAS-18,node,,MAS,0.00,0.00,,overdue,2026-08-16,22,minor,,false,traffic_block,264,13,none,true,true,true,pending
ENG-2026-05878,TMS,TMS-05878,ENG,ENG-DESTRESSING,RL-STMPV-06,edge,STM-PV-DN_SUB,,20.95,21.95,DN_SUB,routine,2026-05-14,101,2,,false,traffic_block,311,12,none,true,false,true,deferred
TRD-2026-01795,TDMS,TDMS-01795,TRD,TRD-OHE-TENSION,OHE-PVTBM-05,edge,PV-TBM-DN_SUB,,24.96,25.26,DN_SUB,overdue,2026-04-02,99,critical,2026-04-29,true,power_block,144,4,OHE_tower_car,true,false,true,done
ENG-2026-05879,TMS,TMS-05879,ENG,ENG-TURNOUT-OVERHAUL,TO-MAS-07,node,,MAS,0.00,0.00,,overdue,2026-07-21,8,minor,2026-10-15,false,traffic_block,345,12,none,true,true,true,done
TRD-2026-01796,TDMS,TDMS-01796,TRD,TRD-OHE-DROPPER,CW-TNPENR-03,edge,TNP-ENR-DN,,14.11,14.61,DN,overdue,2026-08-04,21,minor,,false,power_block,99,4,OHE_tower_car,true,false,true,done
ENG-2026-05880,TMS,TMS-05880,ENG,ENG-DRAIN-CLEAR,,edge,PON-GPD-DN,,40.69,42.19,DN,overdue,2026-03-17,100,minor,,false,none,211,7,none,true,true,false,done
SNT-2026-01498,SMMS,SMMS-01498,SNT,SNT-AXLE-COUNTER,AC-MSMBM-02,edge,MS-MBM-DN_SUB,,7.59,7.89,DN_SUB,overdue,2026-07-11,6,major,,false,disconnection,76,3,none,false,true,true,done
SNT-2026-01499,SMMS,SMMS-01499,SNT,SNT-SIGNAL-LAMP,SG-CGLWJ-02,edge,CGL-WJ-SINGLE,,65.20,65.30,SINGLE,routine,2026-06-03,49,minor,,false,none,34,2,none,true,false,true,done
ENG-2026-05881,TMS,TMS-05881,ENG,ENG-TAMPING,BL-CGLWJ-02,edge,CGL-WJ-SINGLE,,68.66,70.66,SINGLE,overdue,2026-08-12,1,critical,2026-09-07,true,traffic_block,186,9,tamper,true,true,true,done
SNT-2026-01500,SMMS,SMMS-01500,SNT,SNT-POINT-SERVICE,PT-TBM-06,node,,TBM,29.14,29.14,,routine,2026-04-24,82,minor,,false,disconnection,68,3,none,true,false,true,deferred
ENG-2025-05882,TMS,TMS-05882,ENG,ENG-BALLAST-SCREEN,BL-BBQPER-02,edge,BBQ-PER-DN_SUB,,4.26,4.76,DN_SUB,routine,2025-09-26,233,major,,false,traffic_block,333,13,BCM,true,true,true,done
TRD-2026-01797,TDMS,TDMS-01797,TRD,TRD-OHE-TENSION,OHE-BBQTNP-03,edge,BBQ-TNP-UP,,4.20,4.50,UP,routine,2026-05-21,60,minor,,false,power_block,95,4,OHE_tower_car,true,false,true,done
ENG-2025-05883,TMS,TMS-05883,ENG,ENG-DESTRESSING,RL-TITRL-30,edge,TI-TRL-UP_SUB,,40.90,41.90,UP_SUB,routine,2025-10-09,13,3,,false,traffic_block,330,10,none,false,false,true,done
TRD-2025-01798,TDMS,TDMS-01798,TRD,TRD-OHE-MAST,MST-TRLAJJ-31,edge,TRL-AJJ-UP,,65.44,65.64,UP,overdue,2025-10-03,207,major,,false,power_block,183,7,OHE_tower_car,false,true,true,done
TRD-2026-01799,TDMS,TDMS-01799,TRD,TRD-OHE-FAULT,OHE-TITRL-14,edge,TI-TRL-UP,,33.31,33.61,UP,defect,2026-03-12,65,minor,,false,power_block,166,5,OHE_tower_car,true,true,true,done
TRD-2026-01800,TDMS,TDMS-01800,TRD,TRD-OHE-DROPPER,CW-PERABU-10,edge,PER-ABU-UP_SUB,,12.55,13.05,UP_SUB,routine,2026-07-12,3,minor,,false,power_block,90,4,OHE_tower_car,true,false,true,done
SNT-2026-01501,SMMS,SMMS-01501,SNT,SNT-TRACK-CIRCUIT,TC-PONGPD-09,edge,PON-GPD-UP,,39.46,39.96,UP,routine,2026-08-02,36,minor,2026-11-29,false,disconnection,82,3,none,true,true,true,scheduled
SNT-2026-01502,SMMS,SMMS-01502,SNT,SNT-AXLE-COUNTER,AC-MASBBQ-03,edge,MAS-BBQ-UP,,0.49,0.79,UP,routine,2026-07-20,3,major,,false,disconnection,95,3,none,false,true,true,done
ENG-2025-05884,TMS,TMS-05884,ENG,ENG-RAIL-WELD,RL-MSMBM-16,edge,MS-MBM-UP_SUB,,6.20,7.20,UP_SUB,defect,2025-10-05,36,2,,false,traffic_block,216,7,none,true,false,true,done
TRD-2026-01801,TDMS,TDMS-01801,TRD,TRD-OHE-EARTHING,OHE-MSMBM-15,edge,MS-MBM-UP_SUB,,9.11,10.11,UP_SUB,overdue,2026-07-06,63,major,2026-08-23,false,power_block,56,3,none,true,false,true,scheduled
ENG-2026-05885,TMS,TMS-05885,ENG,ENG-SLEEPER-RENEWAL,SL-BBQPER-02,edge,BBQ-PER-DN_SUB,,2.74,3.24,DN_SUB,defect,2026-04-29,104,critical,2026-05-24,true,traffic_block,282,17,none,false,true,true,done
ENG-2026-05886,TMS,TMS-05886,ENG,ENG-SLEEPER-RENEWAL,SL-PERABU-11,edge,PER-ABU-UP,,14.43,14.93,UP,proactive,2026-08-05,33,minor,2026-09-20,false,traffic_block,331,20,none,true,true,true,pending
ENG-2026-05887,TMS,TMS-05887,ENG,ENG-SLEEPER-RENEWAL,SL-PONGPD-08,edge,PON-GPD-UP,,45.31,45.81,UP,proactive,2026-08-28,10,major,,false,traffic_block,409,20,none,true,true,true,pending
ENG-2026-05888,TMS,TMS-05888,ENG,ENG-USFD-TEST,RL-WJCJ-09,edge,WJ-CJ-SINGLE,,87.38,95.38,SINGLE,overdue,2026-05-07,77,2,,false,traffic_block,151,3,USFD_car,true,false,true,cancelled
SNT-2026-01503,SMMS,SMMS-01503,SNT,SNT-TRACK-CIRCUIT,TC-ABUAVD-04,edge,ABU-AVD-DN_SUB,,19.18,19.68,DN_SUB,overdue,2026-01-20,203,major,2026-03-19,false,disconnection,94,3,none,true,true,true,cancelled
SNT-2026-01504,SMMS,SMMS-01504,SNT,SNT-POINT-REPLACE,PT-MAS-06,node,,MAS,0.00,0.00,,defect,2026-02-14,20,minor,,false,disconnection,136,4,none,true,false,true,done
SNT-2026-01505,SMMS,SMMS-01505,SNT,SNT-POINT-REPLACE,PT-TBM-05,node,,TBM,29.14,29.14,,defect,2026-07-24,37,minor,,false,disconnection,181,5,none,true,false,true,done
TRD-2026-01802,TDMS,TDMS-01802,TRD,TRD-OHE-MAST,MST-AVDTI-08,edge,AVD-TI-UP,,21.95,22.15,UP,overdue,2026-08-05,33,minor,,false,power_block,163,6,OHE_tower_car,true,true,true,pending
SNT-2025-01506,SMMS,SMMS-01506,SNT,SNT-AXLE-COUNTER,AC-PVTBM-02,edge,PV-TBM-DN_SUB,,25.45,25.75,DN_SUB,proactive,2025-12-28,21,minor,,false,disconnection,92,3,none,true,true,true,done
ENG-2025-05889,TMS,TMS-05889,ENG,ENG-TRACK-PATROL,,edge,MAS-BBQ-DN,,0.82,2.00,DN,routine,2025-11-28,270,minor,,false,none,75,2,none,true,false,false,cancelled
ENG-2025-05890,TMS,TMS-05890,ENG,ENG-DRAIN-CLEAR,,edge,MSB-MS-DN,,3.11,4.30,DN,routine,2025-09-23,249,major,2025-11-15,false,none,203,7,none,true,true,false,done
ENG-2026-05891,TMS,TMS-05891,ENG,ENG-USFD-TEST,RL-AVDTI-09,edge,AVD-TI-DN_SUB,,21.20,29.00,DN_SUB,overdue,2026-03-13,131,3,,false,traffic_block,154,3,USFD_car,true,false,true,done
TRD-2026-01803,TDMS,TDMS-01803,TRD,TRD-OHE-MAST,MST-MSBMS-05,edge,MSB-MS-UP,,1.33,1.53,UP,overdue,2026-01-18,129,major,,false,power_block,200,6,OHE_tower_car,true,true,true,cancelled
SNT-2026-01507,SMMS,SMMS-01507,SNT,SNT-TRACK-CIRCUIT,TC-MSMBM-11,edge,MS-MBM-UP_SUB,,8.15,8.65,UP_SUB,routine,2026-08-29,9,minor,,false,disconnection,68,3,none,false,true,true,pending
ENG-2025-05892,TMS,TMS-05892,ENG,ENG-RAIL-WELD,RL-BBQPER-01,edge,BBQ-PER-DN,,3.01,4.01,DN,defect,2025-10-26,10,2,,false,traffic_block,149,7,none,true,false,true,done
SNT-2025-01508,SMMS,SMMS-01508,SNT,SNT-BLOCK-INSTRUMENT,IL-MSB-01,node,,MSB,0.00,0.00,,routine,2025-12-13,75,minor,2026-02-23,false,disconnection,70,3,none,true,false,true,cancelled
ENG-2026-05893,TMS,TMS-05893,ENG,ENG-RAIL-RENEWAL,RL-PVTBM-09,edge,PV-TBM-UP,,26.81,27.31,UP,proactive,2026-02-14,51,3,,false,traffic_block,366,20,none,true,true,true,done
ENG-2026-05894,TMS,TMS-05894,ENG,ENG-USFD-TEST,RL-PVTBM-01,edge,PV-TBM-DN,,26.49,29.10,DN,routine,2026-07-07,13,2,,false,traffic_block,141,3,USFD_car,true,false,true,done
ENG-2026-05895,TMS,TMS-05895,ENG,ENG-RAIL-WELD,RL-MBMGI-08,edge,MBM-GI-UP_SUB,,13.89,14.89,UP_SUB,defect,2026-05-21,9,1,2026-06-05,true,traffic_block,198,6,none,true,false,true,done
TRD-2026-01804,TDMS,TDMS-01804,TRD,TRD-OHE-EARTHING,OHE-MJRPON-08,edge,MJR-PON-UP,,28.45,29.45,UP,overdue,2026-08-11,27,major,,false,power_block,57,3,none,false,false,true,in_progress
TRD-2025-01805,TDMS,TDMS-01805,TRD,TRD-OHE-MAST,MST-MASBBQ-02,edge,MAS-BBQ-DN_SUB,,0.63,0.83,DN_SUB,routine,2025-12-14,95,minor,,false,power_block,160,6,OHE_tower_car,true,true,true,done
ENG-2025-05896,TMS,TMS-05896,ENG,ENG-BRIDGE-REPAIR,BR-WJCJ-01,edge,WJ-CJ-SINGLE,,88.71,88.81,SINGLE,defect,2025-12-10,139,major,,false,traffic_block,288,11,none,true,true,false,done
TRD-2026-01806,TDMS,TDMS-01806,TRD,TRD-OHE-MAST,MST-PVTBM-04,edge,PV-TBM-DN_SUB,,24.62,24.82,DN_SUB,overdue,2026-01-07,153,minor,,false,power_block,137,6,OHE_tower_car,true,true,true,done
ENG-2026-05897,TMS,TMS-05897,ENG,ENG-TRACK-PATROL,,edge,TRL-AJJ-UP_SUB,,51.31,53.31,UP_SUB,routine,2026-06-29,69,minor,,false,none,115,2,none,true,false,false,done
ENG-2026-05898,TMS,TMS-05898,ENG,ENG-TAMPING,BL-TNPENR-07,edge,TNP-ENR-UP,,5.65,7.65,UP,overdue,2026-08-22,16,minor,,false,traffic_block,282,10,tamper,true,true,true,in_progress
ENG-2026-05899,TMS,TMS-05899,ENG,ENG-RAIL-GRIND,RL-AVDTI-05,edge,AVD-TI-DN,,23.03,26.03,DN,overdue,2026-05-21,106,2,,false,traffic_block,258,4,rail_grinder,false,false,true,done
ENG-2025-05900,TMS,TMS-05900,ENG,ENG-RAIL-RENEWAL,RL-TNPENR-10,edge,TNP-ENR-UP,,14.74,15.24,UP,defect,2025-10-18,126,1,2025-11-07,true,traffic_block,270,23,none,true,true,true,done
ENG-2025-05901,TMS,TMS-05901,ENG,ENG-BRIDGE-REPAIR,BR-MJRPON-01,edge,MJR-PON-DN,,31.63,31.73,DN,defect,2025-09-08,252,critical,2025-09-25,true,traffic_block,298,12,none,true,true,false,done
ENG-2026-05902,TMS,TMS-05902,ENG,ENG-RAIL-RENEWAL,RL-TNPENR-01,edge,TNP-ENR-DN,,12.53,13.03,DN,defect,2026-08-31,7,3,,false,traffic_block,475,23,none,true,true,true,done
SNT-2026-01509,SMMS,SMMS-01509,SNT,SNT-AXLE-COUNTER,AC-TMLPTKO-01,edge,TMLP-TKO-SINGLE,,111.81,112.11,SINGLE,emergency_followup,2026-08-30,8,major,,false,disconnection,113,4,none,true,true,true,scheduled
ENG-2026-05903,TMS,TMS-05903,ENG,ENG-BALLAST-SCREEN,BL-PERABU-05,edge,PER-ABU-DN_SUB,,10.51,11.01,DN_SUB,routine,2026-08-10,28,major,2026-12-02,false,traffic_block,328,12,BCM,false,true,true,pending
SNT-2026-01510,SMMS,SMMS-01510,SNT,SNT-POINT-REPLACE,PT-MAS-04,node,,MAS,0.00,0.00,,defect,2026-07-10,59,major,2026-10-10,false,disconnection,242,4,none,true,false,true,scheduled
ENG-2026-05904,TMS,TMS-05904,ENG,ENG-USFD-TEST,RL-TITRL-05,edge,TI-TRL-DN,,32.51,40.51,DN,overdue,2026-09-02,5,2,2026-12-27,false,traffic_block,134,3,USFD_car,true,false,true,scheduled
TRD-2026-01807,TDMS,TDMS-01807,TRD,TRD-OHE-MAST,MST-ENRMJR-02,edge,ENR-MJR-DN,,21.78,21.98,DN,routine,2026-08-15,23,major,,false,power_block,134,7,OHE_tower_car,true,true,true,in_progress
TRD-2026-01808,TDMS,TDMS-01808,TRD,TRD-SUBSTN-MAINT,SS-CGL-01,node,,CGL,59.84,59.84,,overdue,2026-03-09,148,minor,,false,none,184,6,none,true,false,true,done
ENG-2026-05905,TMS,TMS-05905,ENG,ENG-TURNOUT-OVERHAUL,TO-MS-03,node,,MS,4.32,4.32,,overdue,2026-06-10,62,minor,,false,traffic_block,243,13,none,true,true,true,done
ENG-2025-05906,TMS,TMS-05906,ENG,ENG-CURVE-REALIGN,BL-PERABU-15,edge,PER-ABU-UP_SUB,,7.40,8.20,UP_SUB,overdue,2025-10-24,171,major,2025-12-11,false,traffic_block,200,12,tamper,true,true,true,done
ENG-2026-05907,TMS,TMS-05907,ENG,ENG-RAIL-WELD,RL-TRLAJJ-37,edge,TRL-AJJ-UP,,57.36,58.36,UP,defect,2026-09-03,1,2,,false,traffic_block,260,8,none,true,false,true,done
ENG-2026-05908,TMS,TMS-05908,ENG,ENG-RAIL-RENEWAL,RL-PONGPD-01,edge,PON-GPD-DN,,38.84,39.34,DN,proactive,2026-01-05,113,2,,false,traffic_block,318,26,none,true,true,true,done
ENG-2025-05909,TMS,TMS-05909,ENG,ENG-RAIL-WELD,RL-TRLAJJ-51,edge,TRL-AJJ-UP,,53.01,54.01,UP,defect,2025-09-17,249,3,,false,traffic_block,260,6,none,true,false,true,done
SNT-2026-01511,SMMS,SMMS-01511,SNT,SNT-SIGNAL-REPLACE,SG-PERABU-03,edge,PER-ABU-DN,,10.83,10.93,DN,defect,2026-08-26,12,minor,,false,disconnection,173,5,none,true,true,true,pending
TRD-2026-01809,TDMS,TDMS-01809,TRD,TRD-OHE-MAST,MST-TITRL-13,edge,TI-TRL-UP,,33.76,33.96,UP,overdue,2026-08-15,10,minor,,false,power_block,212,6,OHE_tower_car,false,true,true,done
TRD-2026-01810,TDMS,TDMS-01810,TRD,TRD-OHE-MAST,MST-TRLAJJ-14,edge,TRL-AJJ-DN_SUB,,59.71,59.91,DN_SUB,overdue,2026-04-15,7,minor,,false,power_block,174,7,OHE_tower_car,false,true,true,done
SNT-2025-01512,SMMS,SMMS-01512,SNT,SNT-SIGNAL-REPLACE,SG-TRLAJJ-10,edge,TRL-AJJ-DN_SUB,,42.96,43.06,DN_SUB,defect,2025-10-18,50,minor,2025-12-27,false,disconnection,208,6,none,true,true,true,done
ENG-2026-05910,TMS,TMS-05910,ENG,ENG-SLEEPER-RENEWAL,SL-PVTBM-07,edge,PV-TBM-UP_SUB,,25.09,25.59,UP_SUB,defect,2026-06-16,83,major,2026-08-14,false,traffic_block,260,20,none,true,true,true,scheduled
ENG-2026-05911,TMS,TMS-05911,ENG,ENG-SLEEPER-RENEWAL,SL-MSBMS-01,edge,MSB-MS-DN,,1.02,1.52,DN,proactive,2026-01-24,119,major,,false,traffic_block,248,20,none,false,true,true,done
ENG-2026-05912,TMS,TMS-05912,ENG,ENG-RAIL-RENEWAL,RL-TRLAJJ-46,edge,TRL-AJJ-UP,,67.45,67.95,UP,defect,2026-01-10,163,2,,false,traffic_block,320,26,none,true,true,true,done
SNT-2026-01513,SMMS,SMMS-01513,SNT,SNT-POINT-REPLACE,PT-BBQ-11,node,,BBQ,2.00,2.00,,defect,2026-04-18,34,minor,,false,disconnection,180,4,none,true,false,true,done
TRD-2026-01811,TDMS,TDMS-01811,TRD,TRD-OHE-TENSION,OHE-TRLAJJ-0402,edge,TRL-AJJ-UP,,42.00,42.30,UP,routine,2026-05-09,53,major,,false,power_block,118,4,OHE_tower_car,true,false,true,done
ENG-2026-05913,TMS,TMS-05913,ENG,ENG-DESTRESSING,RL-TRLAJJ-50,edge,TRL-AJJ-UP,,49.80,50.80,UP,routine,2026-07-22,40,2,,false,traffic_block,205,12,none,true,false,true,done
TRD-2025-01812,TDMS,TDMS-01812,TRD,TRD-OHE-WIRE-RENEW,CW-TITRL-06,edge,TI-TRL-DN_SUB,,40.32,41.32,DN_SUB,defect,2025-11-22,58,major,2026-02-27,false,power_block,229,10,OHE_tower_car,true,true,true,done
ENG-2026-05914,TMS,TMS-05914,ENG,ENG-SLEEPER-RENEWAL,SL-TNPENR-04,edge,TNP-ENR-DN,,15.77,16.00,DN,defect,2026-04-30,38,minor,,false,traffic_block,422,19,none,true,true,true,done
SNT-2026-01514,SMMS,SMMS-01514,SNT,SNT-SIGNAL-LAMP,SG-ABUAVD-02,edge,ABU-AVD-DN,,20.46,20.56,DN,overdue,2026-07-27,42,critical,2026-08-22,true,none,59,2,none,true,false,true,in_progress
ENG-2026-05915,TMS,TMS-05915,ENG,ENG-DESTRESSING,RL-MSMBM-09,edge,MS-MBM-DN_SUB,,10.96,11.30,DN_SUB,routine,2026-08-03,35,1,2026-08-12,true,traffic_block,317,13,none,true,false,true,in_progress
ENG-2026-05916,TMS,TMS-05916,ENG,ENG-SLEEPER-RENEWAL,SL-TRLAJJ-20,edge,TRL-AJJ-UP,,43.47,43.97,UP,defect,2026-06-17,8,minor,,false,traffic_block,432,16,none,true,true,true,done
TRD-2026-01813,TDMS,TDMS-01813,TRD,TRD-OHE-MAST,MST-PERABU-05,edge,PER-ABU-DN_SUB,,8.56,8.76,DN_SUB,routine,2026-06-23,37,critical,2026-07-09,true,power_block,126,7,OHE_tower_car,true,true,true,done
TRD-2026-01814,TDMS,TDMS-01814,TRD,TRD-NEUTRAL-SECTION,OHE-TRLAJJ-21,edge,TRL-AJJ-DN_SUB,,51.06,51.26,DN_SUB,routine,2026-08-10,28,minor,,false,power_block,224,7,OHE_tower_car,true,false,true,scheduled
ENG-2026-05917,TMS,TMS-05917,ENG,ENG-TURNOUT-OVERHAUL,TO-TRL-04,node,,TRL,42.00,42.00,,overdue,2026-08-29,9,minor,,false,traffic_block,358,15,none,true,true,true,pending
ENG-2026-05918,TMS,TMS-05918,ENG,ENG-USFD-TEST,RL-TRLAJJ-26,edge,TRL-AJJ-DN_SUB,,47.28,55.28,DN_SUB,overdue,2026-07-27,42,1,2026-08-16,true,traffic_block,110,4,USFD_car,true,false,true,in_progress
ENG-2026-05919,TMS,TMS-05919,ENG,ENG-BALLAST-SCREEN,BL-TRLAJJ-10,edge,TRL-AJJ-DN_SUB,,58.05,58.55,DN_SUB,proactive,2026-08-08,30,major,,false,traffic_block,367,14,BCM,true,true,true,done
ENG-2025-05920,TMS,TMS-05920,ENG,ENG-SLEEPER-RENEWAL,SL-TNPENR-03,edge,TNP-ENR-DN,,12.65,13.15,DN,defect,2025-09-16,37,major,,false,traffic_block,300,20,none,true,true,true,deferred
TRD-2026-01815,TDMS,TDMS-01815,TRD,TRD-OHE-INSP,OHE-STMPV-07,edge,STM-PV-UP,,22.95,23.10,UP,overdue,2026-08-29,9,minor,,false,power_block,78,4,OHE_tower_car,true,false,true,scheduled
ENG-2026-05921,TMS,TMS-05921,ENG,ENG-SLEEPER-RENEWAL,SL-ENRMJR-07,edge,ENR-MJR-UP,,17.68,18.18,UP,defect,2026-02-02,111,major,2026-04-06,false,traffic_block,255,19,none,true,true,true,deferred
ENG-2026-05922,TMS,TMS-05922,ENG,ENG-TURNOUT-TAMP,TO-ENR-06,node,,ENR,16.00,16.00,,overdue,2026-02-16,32,major,,false,traffic_block,249,8,tamper,true,true,true,cancelled
ENG-2025-05923,TMS,TMS-05923,ENG,ENG-TURNOUT-TAMP,TO-MSB-01,node,,MSB,0.00,0.00,,proactive,2025-09-19,62,major,,false,traffic_block,244,8,tamper,true,true,true,done
ENG-2026-05924,TMS,TMS-05924,ENG,ENG-TURNOUT-TAMP,TO-AVD-06,node,,AVD,21.00,21.00,,proactive,2026-02-15,138,minor,,false,traffic_block,176,9,tamper,true,true,true,done
SNT-2025-01515,SMMS,SMMS-01515,SNT,SNT-SIGNAL-LAMP,SG-ENRMJR-06,edge,ENR-MJR-UP,,16.43,16.53,UP,overdue,2025-09-30,17,minor,,false,none,38,2,none,true,false,true,done
ENG-2026-05925,TMS,TMS-05925,ENG,ENG-SLEEPER-RENEWAL,SL-WJCJ-05,edge,WJ-CJ-SINGLE,,82.70,83.20,SINGLE,defect,2026-01-26,20,minor,,false,traffic_block,321,18,none,true,true,true,done
ENG-2026-05926,TMS,TMS-05926,ENG,ENG-RAIL-WELD,RL-PERABU-02,edge,PER-ABU-DN,,13.39,14.39,DN,defect,2026-01-27,80,2,2026-05-25,false,traffic_block,256,6,none,true,false,true,deferred
TRD-2025-01816,TDMS,TDMS-01816,TRD,TRD-OHE-MAST,MST-PERABU-13,edge,PER-ABU-UP_SUB,,5.35,5.55,UP_SUB,routine,2025-12-01,113,minor,2026-01-30,false,power_block,167,7,OHE_tower_car,true,true,true,done
ENG-2025-05927,TMS,TMS-05927,ENG,ENG-BRIDGE-INSP,BR-TKOAJJ-01,edge,TKO-AJJ-SINGLE,,123.48,123.58,SINGLE,proactive,2025-10-25,284,minor,,false,traffic_block,83,5,none,true,true,false,done
ENG-2026-05928,TMS,TMS-05928,ENG,ENG-SLEEPER-RENEWAL,SL-PERABU-16,edge,PER-ABU-UP_SUB,,12.40,12.90,UP_SUB,defect,2026-05-25,60,minor,2026-09-13,false,traffic_block,259,16,none,true,true,true,done
TRD-2025-01817,TDMS,TDMS-01817,TRD,TRD-OHE-MAST,MST-TRLAJJ-44,edge,TRL-AJJ-UP_SUB,,61.00,61.20,UP_SUB,routine,2025-10-16,40,minor,,false,power_block,182,7,OHE_tower_car,true,true,true,done
TRD-2026-01818,TDMS,TDMS-01818,TRD,TRD-OHE-WIRE-RENEW,CW-STMPV-04,edge,STM-PV-DN_SUB,,21.41,22.41,DN_SUB,defect,2026-02-13,199,minor,,false,power_block,283,8,OHE_tower_car,true,true,true,done
ENG-2026-05929,TMS,TMS-05929,ENG,ENG-USFD-TEST,RL-PVTBM-04,edge,PV-TBM-DN,,25.67,29.10,DN,overdue,2026-01-16,73,3,,false,traffic_block,165,3,USFD_car,true,false,true,done
ENG-2026-05930,TMS,TMS-05930,ENG,ENG-USFD-TEST,RL-AVDTI-19,edge,AVD-TI-UP_SUB,,27.02,29.00,UP_SUB,overdue,2026-08-16,20,1,2026-08-26,true,traffic_block,118,3,USFD_car,true,false,true,done
TRD-2026-01819,TDMS,TDMS-01819,TRD,TRD-OHE-INSULATOR,INS-MJRPON-03,edge,MJR-PON-UP,,28.33,28.43,UP,emergency_followup,2026-08-29,9,critical,2026-09-14,true,power_block,109,4,OHE_tower_car,true,true,true,scheduled
TRD-2026-01820,TDMS,TDMS-01820,TRD,TRD-OHE-MAST,MST-AVDTI-01,edge,AVD-TI-DN,,25.20,25.40,DN,overdue,2026-08-26,12,major,,false,power_block,203,7,OHE_tower_car,false,true,true,scheduled
SNT-2026-01516,SMMS,SMMS-01516,SNT,SNT-POINT-SERVICE,PT-MAS-08,node,,MAS,0.00,0.00,,overdue,2026-06-30,44,minor,,false,disconnection,69,3,none,true,false,true,done
TRD-2025-01821,TDMS,TDMS-01821,TRD,TRD-NEUTRAL-SECTION,OHE-TRLAJJ-24,edge,TRL-AJJ-DN_SUB,,45.26,45.46,DN_SUB,overdue,2025-10-29,8,major,,false,power_block,198,6,OHE_tower_car,true,false,true,done
TRD-2026-01822,TDMS,TDMS-01822,TRD,TRD-OHE-MAST,MST-PONGPD-05,edge,PON-GPD-DN,,40.21,40.41,DN,routine,2026-06-30,31,major,,false,power_block,195,7,OHE_tower_car,false,true,true,done
TRD-2026-01823,TDMS,TDMS-01823,TRD,TRD-OHE-TENSION,OHE-MSMBM-07,edge,MS-MBM-DN_SUB,,8.09,8.39,DN_SUB,routine,2026-08-01,37,major,,false,power_block,157,4,OHE_tower_car,true,false,true,done
ENG-2025-05931,TMS,TMS-05931,ENG,ENG-DESTRESSING,RL-MSMBM-08,edge,MS-MBM-DN_SUB,,6.08,7.08,DN_SUB,routine,2025-09-18,169,3,,false,traffic_block,226,12,none,true,false,true,done
SNT-2026-01517,SMMS,SMMS-01517,SNT,SNT-POINT-REPLACE,PT-GPD-03,node,,GPD,47.00,47.00,,defect,2026-02-26,84,minor,,false,disconnection,211,4,none,true,false,true,done
ENG-2026-05932,TMS,TMS-05932,ENG,ENG-TRACK-PATROL,,edge,MAS-BBQ-DN_SUB,,0.05,2.00,DN_SUB,overdue,2026-06-26,47,minor,,false,none,81,2,none,true,false,false,done
SNT-2025-01518,SMMS,SMMS-01518,SNT,SNT-POINT-SERVICE,PT-GPD-05,node,,GPD,47.00,47.00,,routine,2025-10-05,220,major,,false,disconnection,49,3,none,true,false,true,done
ENG-2025-05933,TMS,TMS-05933,ENG,ENG-TURNOUT-TAMP,TO-MSB-02,node,,MSB,0.00,0.00,,overdue,2025-12-11,220,major,,false,traffic_block,204,8,tamper,false,true,true,done
TRD-2025-01824,TDMS,TDMS-01824,TRD,TRD-OHE-WIRE-RENEW,CW-BBQPER-02,edge,BBQ-PER-DN_SUB,,4.44,5.00,DN_SUB,defect,2025-11-11,25,critical,2025-11-26,true,power_block,380,8,OHE_tower_car,true,true,true,done
TRD-2025-01825,TDMS,TDMS-01825,TRD,TRD-OHE-MAST,MST-PONGPD-01,edge,PON-GPD-DN,,42.07,42.27,DN,routine,2025-12-03,140,minor,2026-01-09,false,power_block,134,8,OHE_tower_car,true,true,true,done
SNT-2025-01519,SMMS,SMMS-01519,SNT,SNT-TRACK-CIRCUIT,TC-ABUAVD-05,edge,ABU-AVD-UP,,19.53,20.03,UP,routine,2025-09-21,226,critical,2025-10-09,true,disconnection,83,3,none,true,true,true,done
ENG-2026-05934,TMS,TMS-05934,ENG,ENG-CURVE-REALIGN,BL-TRLAJJ-10,edge,TRL-AJJ-DN_SUB,,58.05,58.85,DN_SUB,overdue,2026-08-14,6,minor,2026-10-26,false,traffic_block,243,10,tamper,true,true,true,done
TRD-2026-01826,TDMS,TDMS-01826,TRD,TRD-OHE-INSULATOR,INS-WJCJ-03,edge,WJ-CJ-SINGLE,,92.73,92.83,SINGLE,defect,2026-03-25,56,minor,,false,power_block,115,4,OHE_tower_car,true,true,true,done
ENG-2026-05935,TMS,TMS-05935,ENG,ENG-DESTRESSING,RL-PERABU-24,edge,PER-ABU-UP_SUB,,7.05,8.05,UP_SUB,overdue,2026-08-28,10,3,,false,traffic_block,239,13,none,true,false,true,scheduled
SNT-2026-01520,SMMS,SMMS-01520,SNT,SNT-SIGNAL-LAMP,SG-TRLAJJ-20,edge,TRL-AJJ-UP,,53.58,53.68,UP,routine,2026-08-13,24,minor,,false,none,51,2,none,true,false,true,done
TRD-2025-01827,TDMS,TDMS-01827,TRD,TRD-OHE-INSP,OHE-PERABU-19,edge,PER-ABU-UP_SUB,,6.21,10.21,UP_SUB,overdue,2025-11-11,251,minor,,false,power_block,124,4,OHE_tower_car,true,false,true,deferred
ENG-2025-05936,TMS,TMS-05936,ENG,ENG-USFD-TEST,RL-TRLAJJ-0421,edge,TRL-AJJ-UP,,42.10,50.10,UP,overdue,2025-12-24,197,3,,false,traffic_block,118,3,USFD_car,true,false,true,done
ENG-2025-05937,TMS,TMS-05937,ENG,ENG-TURNOUT-OVERHAUL,TO-PER-06,node,,PER,5.00,5.00,,overdue,2025-12-24,179,minor,2026-03-18,false,traffic_block,280,14,none,true,true,true,done
ENG-2026-05938,TMS,TMS-05938,ENG,ENG-SLEEPER-RENEWAL,SL-PVTBM-02,edge,PV-TBM-DN,,25.96,26.46,DN,defect,2026-07-06,46,minor,,false,traffic_block,296,19,none,true,true,true,done
ENG-2025-05939,TMS,TMS-05939,ENG,ENG-RAIL-WELD,RL-PVTBM-08,edge,PV-TBM-DN_SUB,,25.42,26.42,DN_SUB,defect,2025-09-11,212,3,,false,traffic_block,185,7,none,true,false,true,done
TRD-2026-01828,TDMS,TDMS-01828,TRD,TRD-OHE-WIRE-RENEW,CW-MSBMS-04,edge,MSB-MS-UP_SUB,,4.10,4.30,UP_SUB,defect,2026-04-13,7,major,,false,power_block,291,10,OHE_tower_car,true,true,true,done
ENG-2025-05940,TMS,TMS-05940,ENG,ENG-SLEEPER-RENEWAL,SL-BBQTNP-02,edge,BBQ-TNP-UP,,3.86,4.36,UP,defect,2025-09-19,22,minor,,false,traffic_block,228,16,none,true,true,true,done
ENG-2026-05941,TMS,TMS-05941,ENG,ENG-SLEEPER-RENEWAL,SL-STMPV-04,edge,STM-PV-DN_SUB,,17.23,17.73,DN_SUB,defect,2026-07-17,26,minor,,false,traffic_block,414,18,none,false,true,true,done
ENG-2026-05942,TMS,TMS-05942,ENG,ENG-SLEEPER-RENEWAL,SL-WJCJ-05,edge,WJ-CJ-SINGLE,,82.70,83.20,SINGLE,defect,2026-01-04,31,major,,false,traffic_block,371,19,none,true,true,true,done
ENG-2026-05943,TMS,TMS-05943,ENG,ENG-USFD-TEST,RL-PONGPD-02,edge,PON-GPD-DN,,41.60,47.00,DN,routine,2026-01-04,38,3,,false,traffic_block,131,3,USFD_car,true,false,true,done
SNT-2026-01521,SMMS,SMMS-01521,SNT,SNT-AXLE-COUNTER,AC-GISTM-04,edge,GI-STM-UP_SUB,,16.70,17.00,UP_SUB,overdue,2026-01-16,38,minor,,false,disconnection,94,3,none,false,true,true,cancelled
ENG-2026-05944,TMS,TMS-05944,ENG,ENG-TRACK-PATROL,,edge,MBM-GI-UP,,13.31,15.00,UP,overdue,2026-02-12,147,minor,,false,none,111,2,none,true,false,false,done
ENG-2025-05945,TMS,TMS-05945,ENG,ENG-USFD-TEST,RL-STMPV-05,edge,STM-PV-DN_SUB,,22.02,23.10,DN_SUB,routine,2025-11-12,257,3,,false,traffic_block,116,3,USFD_car,true,false,true,done
TRD-2025-01829,TDMS,TDMS-01829,TRD,TRD-OHE-INSP,OHE-MBMGI-08,edge,MBM-GI-UP_SUB,,14.49,15.00,UP_SUB,overdue,2025-09-30,62,major,,false,power_block,100,4,OHE_tower_car,true,false,true,done
SNT-2026-01522,SMMS,SMMS-01522,SNT,SNT-TRACK-CIRCUIT,TC-TRLAJJ-09,edge,TRL-AJJ-DN,,65.31,65.81,DN,routine,2026-07-08,5,minor,,false,disconnection,76,3,none,true,true,true,deferred
ENG-2025-05946,TMS,TMS-05946,ENG,ENG-RAIL-WELD,RL-MJRPON-12,edge,MJR-PON-UP,,33.16,34.16,UP,defect,2025-11-10,147,3,2026-02-27,false,traffic_block,214,6,none,true,false,true,done
TRD-2025-01830,TDMS,TDMS-01830,TRD,TRD-OHE-MAST,MST-MSMBM-06,edge,MS-MBM-DN_SUB,,10.31,10.51,DN_SUB,routine,2025-12-05,271,major,,false,power_block,131,6,OHE_tower_car,true,true,true,done
ENG-2025-05947,TMS,TMS-05947,ENG,ENG-CURVE-REALIGN,BL-ENRMJR-01,edge,ENR-MJR-DN,,18.79,19.59,DN,overdue,2025-11-03,188,minor,2026-01-01,false,traffic_block,154,13,tamper,true,true,true,done
ENG-2026-05948,TMS,TMS-05948,ENG,ENG-BALLAST-REGULATE,BL-TRLAJJ-03,edge,TRL-AJJ-DN,,59.65,61.65,DN,overdue,2026-07-05,2,critical,2026-07-24,true,traffic_block,151,4,ballast_regulator,true,true,true,done
ENG-2026-05949,TMS,TMS-05949,ENG,ENG-RAIL-RENEWAL,RL-GISTM-04,edge,GI-STM-UP_SUB,,16.07,16.57,UP_SUB,defect,2026-08-26,7,IMDT,2026-08-29,true,traffic_block,459,21,none,false,true,true,done
ENG-2026-05950,TMS,TMS-05950,ENG,ENG-DESTRESSING,RL-CJTMLP-04,edge,CJ-TMLP-SINGLE,,106.56,107.56,SINGLE,routine,2026-07-07,8,1,2026-07-14,true,traffic_block,344,10,none,true,false,true,done
TRD-2026-01831,TDMS,TDMS-01831,TRD,TRD-OHE-TENSION,OHE-PVTBM-05,edge,PV-TBM-DN_SUB,,24.96,25.26,DN_SUB,overdue,2026-04-11,19,major,,false,power_block,106,4,OHE_tower_car,false,false,true,done
ENG-2026-05951,TMS,TMS-05951,ENG,ENG-RAIL-GRIND,RL-TRLAJJ-02,edge,TRL-AJJ-DN,,49.43,52.43,DN,overdue,2026-03-03,104,2,,false,traffic_block,143,4,rail_grinder,true,false,true,done
TRD-2025-01832,TDMS,TDMS-01832,TRD,TRD-OHE-MAST,MST-PERABU-10,edge,PER-ABU-UP,,14.37,14.57,UP,routine,2025-09-19,114,critical,2025-10-10,true,power_block,157,6,OHE_tower_car,true,true,true,done
ENG-2025-05952,TMS,TMS-05952,ENG,ENG-SLEEPER-RENEWAL,SL-AVDTI-12,edge,AVD-TI-UP_SUB,,24.55,25.05,UP_SUB,proactive,2025-12-09,179,major,,false,traffic_block,386,21,none,true,true,true,done
SNT-2026-01523,SMMS,SMMS-01523,SNT,SNT-POINT-SERVICE,PT-MS-12,node,,MS,4.32,4.32,,overdue,2026-08-10,24,critical,2026-08-23,true,disconnection,85,3,none,true,false,true,done
ENG-2026-05953,TMS,TMS-05953,ENG,ENG-RAIL-GRIND,RL-TRLAJJ-50,edge,TRL-AJJ-UP,,49.80,52.80,UP,overdue,2026-07-14,10,3,2026-09-22,false,traffic_block,234,4,rail_grinder,true,false,true,done
ENG-2026-05954,TMS,TMS-05954,ENG,ENG-BALLAST-SCREEN,BL-TRLAJJ-13,edge,TRL-AJJ-DN_SUB,,63.91,64.41,DN_SUB,overdue,2026-01-11,15,major,,false,traffic_block,284,13,BCM,true,true,true,done
ENG-2026-05955,TMS,TMS-05955,ENG,ENG-DESTRESSING,RL-TRLAJJ-06,edge,TRL-AJJ-DN,,50.66,51.66,DN,overdue,2026-04-08,142,2,,false,traffic_block,206,11,none,true,false,true,deferred
SNT-2025-01524,SMMS,SMMS-01524,SNT,SNT-TRACK-CIRCUIT,TC-TRLAJJ-23,edge,TRL-AJJ-UP,,43.74,44.24,UP,overdue,2025-12-07,257,minor,,false,disconnection,89,3,none,true,true,true,done
ENG-2026-05956,TMS,TMS-05956,ENG,ENG-DESTRESSING,RL-TRLAJJ-61,edge,TRL-AJJ-UP_SUB,,64.22,65.22,UP_SUB,routine,2026-08-20,18,3,2026-12-14,false,traffic_block,197,10,none,true,false,true,in_progress
SNT-2025-01525,SMMS,SMMS-01525,SNT,SNT-TRACK-CIRCUIT,TC-CGLWJ-02,edge,CGL-WJ-SINGLE,,63.83,64.33,SINGLE,overdue,2025-09-25,304,minor,2026-01-12,false,disconnection,119,3,none,true,true,true,done
ENG-2026-05957,TMS,TMS-05957,ENG,ENG-RAIL-RENEWAL,RL-BBQPER-08,edge,BBQ-PER-UP_SUB,,4.11,4.61,UP_SUB,defect,2026-01-08,165,2,,false,traffic_block,358,25,none,true,true,true,done
ENG-2026-05958,TMS,TMS-05958,ENG,ENG-LC-ATTENTION,LC-CGLWJ-01,edge,CGL-WJ-SINGLE,,62.35,62.45,SINGLE,overdue,2026-07-06,22,minor,,false,traffic_block,110,7,none,true,true,true,done
ENG-2025-05959,TMS,TMS-05959,ENG,ENG-RAIL-RENEWAL,RL-PONGPD-09,edge,PON-GPD-UP,,37.25,37.75,UP,defect,2025-09-21,336,2,,false,traffic_block,434,24,none,true,true,true,done
ENG-2026-05960,TMS,TMS-05960,ENG,ENG-SLEEPER-RENEWAL,SL-TRLAJJ-17,edge,TRL-AJJ-DN_SUB,,60.72,61.22,DN_SUB,defect,2026-05-07,99,major,,false,traffic_block,367,18,none,true,true,true,done
ENG-2026-05961,TMS,TMS-05961,ENG,ENG-BRIDGE-REPAIR,BR-TNPENR-01,edge,TNP-ENR-DN,,8.69,8.79,DN,proactive,2026-05-18,66,major,2026-06-28,false,traffic_block,242,11,none,true,true,false,done
ENG-2026-05962,TMS,TMS-05962,ENG,ENG-SLEEPER-RENEWAL,SL-TITRL-03,edge,TI-TRL-DN,,31.53,32.03,DN,defect,2026-06-23,4,minor,,false,traffic_block,325,16,none,true,true,true,done
ENG-2026-05963,TMS,TMS-05963,ENG,ENG-SLEEPER-RENEWAL,SL-ABUAVD-05,edge,ABU-AVD-UP,,16.02,16.52,UP,proactive,2026-08-09,8,minor,,false,traffic_block,332,18,none,true,true,true,done
TRD-2026-01833,TDMS,TDMS-01833,TRD,TRD-OHE-DROPPER,CW-TRLAJJ-28,edge,TRL-AJJ-UP_SUB,,56.64,57.14,UP_SUB,overdue,2026-06-10,34,major,,false,power_block,68,4,OHE_tower_car,false,false,true,done
SNT-2026-01526,SMMS,SMMS-01526,SNT,SNT-POINT-SERVICE,PT-MSB-10,node,,MSB,0.00,0.00,,overdue,2026-05-17,49,minor,,false,disconnection,62,3,none,true,false,true,done
ENG-2026-05964,TMS,TMS-05964,ENG,ENG-RAIL-WELD,RL-PONGPD-10,edge,PON-GPD-UP,,36.24,37.24,UP,defect,2026-01-02,40,3,,false,traffic_block,221,7,none,true,false,true,done
TRD-2026-01834,TDMS,TDMS-01834,TRD,TRD-OHE-INSULATOR,INS-PERABU-05,edge,PER-ABU-UP,,5.69,5.79,UP,defect,2026-09-02,1,critical,2026-09-30,true,power_block,89,4,OHE_tower_car,true,true,true,done
ENG-2025-05965,TMS,TMS-05965,ENG,ENG-RAIL-WELD,RL-TITRL-05,edge,TI-TRL-DN,,32.51,33.51,DN,defect,2025-09-29,60,3,,false,traffic_block,160,7,none,true,false,true,done
TRD-2025-01835,TDMS,TDMS-01835,TRD,TRD-SWITCHING-POST,SS-AJJ-01,node,,AJJ,69.00,69.00,,routine,2025-12-01,240,minor,,false,power_block,160,5,none,true,false,true,done
ENG-2025-05966,TMS,TMS-05966,ENG,ENG-SLEEPER-RENEWAL,SL-PVTBM-06,edge,PV-TBM-UP,,26.47,26.97,UP,defect,2025-11-07,215,minor,2025-12-27,false,traffic_block,339,17,none,true,true,true,done
ENG-2026-05967,TMS,TMS-05967,ENG,ENG-TURNOUT-TAMP,TO-TBM-05,node,,TBM,29.14,29.14,,routine,2026-06-14,49,minor,,false,traffic_block,213,10,tamper,true,true,true,done
SNT-2025-01527,SMMS,SMMS-01527,SNT,SNT-TRACK-CIRCUIT,TC-STMPV-04,edge,STM-PV-DN_SUB,,19.41,19.91,DN_SUB,emergency_followup,2025-12-04,104,critical,2025-12-29,true,disconnection,127,3,none,true,true,true,done
ENG-2025-05968,TMS,TMS-05968,ENG,ENG-TURNOUT-TAMP,TO-AVD-07,node,,AVD,21.00,21.00,,routine,2025-09-27,240,critical,2025-10-15,true,traffic_block,159,9,tamper,true,true,true,done
ENG-2025-05969,TMS,TMS-05969,ENG,ENG-SLEEPER-RENEWAL,SL-PERABU-06,edge,PER-ABU-DN_SUB,,9.10,9.60,DN_SUB,defect,2025-10-13,248,critical,2025-10-30,true,traffic_block,374,19,none,true,true,true,done
SNT-2026-01528,SMMS,SMMS-01528,SNT,SNT-SIGNAL-LAMP,SG-TRLAJJ-11,edge,TRL-AJJ-DN_SUB,,63.88,63.98,DN_SUB,overdue,2026-02-02,103,minor,2026-05-10,false,none,56,2,none,true,false,true,done
SNT-2026-01529,SMMS,SMMS-01529,SNT,SNT-SIGNAL-LAMP,SG-BBQPER-03,edge,BBQ-PER-UP,,3.79,3.89,UP,proactive,2026-01-27,117,minor,,false,none,56,2,none,true,false,true,done
ENG-2025-05970,TMS,TMS-05970,ENG,ENG-BRIDGE-INSP,BR-CGLWJ-01,edge,CGL-WJ-SINGLE,,77.81,77.91,SINGLE,overdue,2025-12-27,174,minor,,false,traffic_block,76,5,none,true,true,false,done
SNT-2026-01530,SMMS,SMMS-01530,SNT,SNT-POINT-SERVICE,PT-GPD-01,node,,GPD,47.00,47.00,,overdue,2026-07-28,29,minor,2026-11-04,false,disconnection,85,3,none,true,false,true,done
ENG-2026-05971,TMS,TMS-05971,ENG,ENG-SLEEPER-RENEWAL,SL-TITRL-04,edge,TI-TRL-DN,,33.08,33.58,DN,defect,2026-02-21,157,major,2026-06-16,false,traffic_block,354,17,none,false,true,true,done
TRD-2025-01836,TDMS,TDMS-01836,TRD,TRD-OHE-TENSION,OHE-TRLAJJ-25,edge,TRL-AJJ-DN_SUB,,51.05,51.35,DN_SUB,proactive,2025-11-28,148,minor,,false,power_block,151,4,OHE_tower_car,false,false,true,done
ENG-2026-05972,TMS,TMS-05972,ENG,ENG-SLEEPER-RENEWAL,SL-MJRPON-03,edge,MJR-PON-DN,,26.51,27.01,DN,defect,2026-09-03,2,major,2026-10-23,false,traffic_block,251,17,none,true,true,true,done
SNT-2026-01531,SMMS,SMMS-01531,SNT,SNT-AXLE-COUNTER,AC-MJRPON-01,edge,MJR-PON-DN,,32.78,33.08,DN,routine,2026-02-14,110,critical,2026-03-01,true,disconnection,79,3,none,true,true,true,done
SNT-2026-01532,SMMS,SMMS-01532,SNT,SNT-SIGNAL-REPLACE,SG-TITRL-04,edge,TI-TRL-DN,,34.91,35.01,DN,defect,2026-07-25,24,major,,false,disconnection,220,6,none,false,true,true,done
TRD-2026-01837,TDMS,TDMS-01837,TRD,TRD-OHE-MAST,MST-TRLAJJ-27,edge,TRL-AJJ-UP,,56.07,56.27,UP,routine,2026-01-08,163,major,2026-02-21,false,power_block,144,7,OHE_tower_car,true,true,true,done
SNT-2025-01533,SMMS,SMMS-01533,SNT,SNT-TRACK-CIRCUIT,TC-TRLAJJ-02,edge,TRL-AJJ-DN,,58.21,58.71,DN,overdue,2025-10-13,33,minor,,false,disconnection,84,3,none,true,true,true,done
TRD-2026-01838,TDMS,TDMS-01838,TRD,TRD-OHE-TENSION,OHE-TITRL-13,edge,TI-TRL-UP,,37.07,37.37,UP,overdue,2026-05-18,4,minor,,false,power_block,144,5,OHE_tower_car,false,false,true,done
ENG-2026-05973,TMS,TMS-05973,ENG,ENG-USFD-TEST,RL-TRLAJJ-51,edge,TRL-AJJ-UP,,53.01,61.01,UP,overdue,2026-07-27,3,3,,false,traffic_block,135,3,USFD_car,true,false,true,done
TRD-2026-01839,TDMS,TDMS-01839,TRD,TRD-OHE-DROPPER,CW-TNPENR-06,edge,TNP-ENR-UP,,9.68,10.18,UP,routine,2026-03-31,93,major,,false,power_block,108,5,OHE_tower_car,true,false,true,done
ENG-2026-05974,TMS,TMS-05974,ENG,ENG-SLEEPER-RENEWAL,SL-AVDTI-12,edge,AVD-TI-UP_SUB,,24.55,25.05,UP_SUB,defect,2026-08-05,1,minor,2026-09-07,false,traffic_block,332,19,none,true,true,true,done
TRD-2025-01840,TDMS,TDMS-01840,TRD,TRD-OHE-MAST,MST-TITRL-12,edge,TI-TRL-UP,,41.49,41.69,UP,routine,2025-12-20,142,minor,,false,power_block,197,7,OHE_tower_car,true,true,true,done
ENG-2026-05975,TMS,TMS-05975,ENG,ENG-SLEEPER-RENEWAL,SL-CJTMLP-01,edge,CJ-TMLP-SINGLE,,101.36,101.86,SINGLE,defect,2026-01-29,143,minor,,false,traffic_block,384,16,none,true,true,true,done
TRD-2026-01841,TDMS,TDMS-01841,TRD,TRD-OHE-EARTHING,OHE-PONGPD-06,edge,PON-GPD-DN,,44.70,45.70,DN,overdue,2026-07-16,53,minor,2026-08-16,false,power_block,62,3,none,false,false,true,scheduled
ENG-2026-05976,TMS,TMS-05976,ENG,ENG-USFD-TEST,RL-ENRMJR-03,edge,ENR-MJR-DN,,23.92,26.00,DN,routine,2026-03-02,111,2,,false,traffic_block,99,3,USFD_car,true,false,true,done
ENG-2026-05977,TMS,TMS-05977,ENG,ENG-SLEEPER-RENEWAL,SL-CJTMLP-01,edge,CJ-TMLP-SINGLE,,101.36,101.86,SINGLE,defect,2026-03-24,153,major,,false,traffic_block,416,18,none,true,true,true,done
ENG-2026-05978,TMS,TMS-05978,ENG,ENG-RAIL-WELD,RL-MJRPON-05,edge,MJR-PON-DN,,32.43,33.43,DN,defect,2026-08-14,24,2,,false,traffic_block,194,7,none,true,false,true,in_progress
SNT-2026-01534,SMMS,SMMS-01534,SNT,SNT-POINT-REPLACE,PT-BBQ-09,node,,BBQ,2.00,2.00,,proactive,2026-01-23,169,major,2026-02-22,false,disconnection,171,5,none,true,false,true,done
TRD-2026-01842,TDMS,TDMS-01842,TRD,TRD-OHE-INSP,OHE-MSBMS-07,edge,MSB-MS-UP_SUB,,2.48,4.30,UP_SUB,routine,2026-04-10,130,minor,2026-06-01,false,power_block,117,4,OHE_tower_car,true,false,true,done
SNT-2025-01535,SMMS,SMMS-01535,SNT,SNT-TRACK-CIRCUIT,TC-PERABU-05,edge,PER-ABU-DN_SUB,,12.82,13.32,DN_SUB,routine,2025-10-17,198,minor,2025-12-21,false,disconnection,95,3,none,true,true,true,done
ENG-2025-05979,TMS,TMS-05979,ENG,ENG-TRACK-PATROL,,edge,MSB-MS-DN_SUB,,4.09,4.30,DN_SUB,routine,2025-11-11,141,major,,false,none,115,2,none,true,false,false,done
TRD-2026-01843,TDMS,TDMS-01843,TRD,TRD-OHE-MAST,MST-MSMBM-11,edge,MS-MBM-UP_SUB,,9.97,10.17,UP_SUB,overdue,2026-07-20,49,minor,2026-10-13,false,power_block,113,6,OHE_tower_car,true,true,true,in_progress
ENG-2025-05980,TMS,TMS-05980,ENG,ENG-SLEEPER-RENEWAL,SL-TRLAJJ-06,edge,TRL-AJJ-DN,,49.24,49.74,DN,emergency_followup,2025-09-13,166,major,,false,traffic_block,341,17,none,true,true,true,done
TRD-2026-01844,TDMS,TDMS-01844,TRD,TRD-OHE-INSP,OHE-TITRL-22,edge,TI-TRL-UP_SUB,,41.61,42.00,UP_SUB,emergency_followup,2026-07-17,52,major,,false,power_block,80,4,OHE_tower_car,true,false,true,in_progress
ENG-2026-05981,TMS,TMS-05981,ENG,ENG-RAIL-WELD,RL-PERABU-20,edge,PER-ABU-UP_SUB,,13.11,14.11,UP_SUB,defect,2026-06-20,24,2,,false,traffic_block,244,6,none,false,false,true,done
TRD-2025-01845,TDMS,TDMS-01845,TRD,TRD-OHE-EARTHING,OHE-MSMBM-05,edge,MS-MBM-DN_SUB,,6.37,7.37,DN_SUB,overdue,2025-12-24,40,minor,,false,power_block,53,3,none,true,false,true,done
SNT-2025-01536,SMMS,SMMS-01536,SNT,SNT-SIGNAL-REPLACE,SG-CJTMLP-01,edge,CJ-TMLP-SINGLE,,102.60,102.70,SINGLE,defect,2025-11-17,7,major,,false,disconnection,248,5,none,true,true,true,done
ENG-2025-05982,TMS,TMS-05982,ENG,ENG-CURVE-REALIGN,BL-MJRPON-02,edge,MJR-PON-DN,,29.75,30.55,DN,routine,2025-12-07,16,major,,false,traffic_block,253,10,tamper,true,true,true,done
SNT-2025-01537,SMMS,SMMS-01537,SNT,SNT-POINT-SERVICE,PT-MSB-11,node,,MSB,0.00,0.00,,routine,2025-09-11,192,minor,,false,disconnection,66,3,none,true,false,true,deferred
SNT-2026-01538,SMMS,SMMS-01538,SNT,SNT-CABLE-LAY,,edge,MAS-BBQ-DN,,0.00,1.00,DN,defect,2026-04-14,69,major,,false,none,227,8,none,true,true,false,done
SNT-2026-01539,SMMS,SMMS-01539,SNT,SNT-POINT-SERVICE,PT-TRL-03,node,,TRL,42.00,42.00,,overdue,2026-05-10,11,major,2026-07-06,false,disconnection,46,3,none,true,false,true,done
SNT-2026-01540,SMMS,SMMS-01540,SNT,SNT-POINT-REPLACE,PT-TBM-04,node,,TBM,29.14,29.14,,defect,2026-08-17,21,major,2026-11-09,false,disconnection,183,4,none,true,false,true,pending
SNT-2025-01541,SMMS,SMMS-01541,SNT,SNT-POINT-REPLACE,PT-TBM-02,node,,TBM,29.14,29.14,,defect,2025-11-18,211,minor,,false,disconnection,145,4,none,true,false,true,deferred
TRD-2026-01846,TDMS,TDMS-01846,TRD,TRD-OHE-MAST,MST-MSMBM-05,edge,MS-MBM-DN_SUB,,4.88,5.08,DN_SUB,routine,2026-08-02,36,minor,,false,power_block,125,7,OHE_tower_car,true,true,true,scheduled
SNT-2026-01542,SMMS,SMMS-01542,SNT,SNT-POINT-REPLACE,PT-MAS-04,node,,MAS,0.00,0.00,,defect,2026-08-25,13,minor,2026-12-22,false,disconnection,157,5,none,true,false,true,scheduled
ENG-2026-05983,TMS,TMS-05983,ENG,ENG-SLEEPER-RENEWAL,SL-MSMBM-03,edge,MS-MBM-DN_SUB,,8.14,8.64,DN_SUB,defect,2026-04-23,71,major,,false,traffic_block,344,21,none,true,true,true,done
SNT-2026-01543,SMMS,SMMS-01543,SNT,SNT-TRACK-CIRCUIT,TC-TRLAJJ-07,edge,TRL-AJJ-DN,,54.50,55.00,DN,routine,2026-07-22,22,minor,,false,disconnection,120,3,none,true,true,true,done
ENG-2026-05984,TMS,TMS-05984,ENG,ENG-SLEEPER-RENEWAL,SL-MSMBM-05,edge,MS-MBM-UP,,9.13,9.63,UP,defect,2026-07-08,61,major,,false,traffic_block,258,17,none,true,true,true,pending
TRD-2025-01847,TDMS,TDMS-01847,TRD,TRD-OHE-INSULATOR,INS-TITRL-12,edge,TI-TRL-UP_SUB,,30.66,30.76,UP_SUB,defect,2025-12-23,99,minor,2026-02-08,false,power_block,87,4,OHE_tower_car,true,true,true,done
TRD-2026-01848,TDMS,TDMS-01848,TRD,TRD-OHE-INSULATOR,INS-MASBBQ-04,edge,MAS-BBQ-UP_SUB,,1.08,1.18,UP_SUB,defect,2026-07-11,58,major,,false,power_block,86,4,OHE_tower_car,true,true,true,in_progress
ENG-2026-05985,TMS,TMS-05985,ENG,ENG-RAIL-RENEWAL,RL-PVTBM-01,edge,PV-TBM-DN,,26.49,26.99,DN,defect,2026-08-23,9,3,,false,traffic_block,345,23,none,true,true,true,done
TRD-2025-01849,TDMS,TDMS-01849,TRD,TRD-OHE-INSP,OHE-PERABU-18,edge,PER-ABU-UP_SUB,,9.09,13.09,UP_SUB,proactive,2025-09-07,111,minor,,false,power_block,91,4,OHE_tower_car,true,false,true,done
ENG-2026-05986,TMS,TMS-05986,ENG,ENG-SLEEPER-RENEWAL,SL-TITRL-11,edge,TI-TRL-UP,,36.40,36.90,UP,defect,2026-08-28,10,minor,2026-12-18,false,traffic_block,342,18,none,true,true,true,pending
ENG-2026-05987,TMS,TMS-05987,ENG,ENG-RAIL-WELD,RL-PERABU-10,edge,PER-ABU-DN_SUB,,7.07,8.07,DN_SUB,defect,2026-05-15,82,1,2026-05-30,true,traffic_block,160,7,none,true,false,true,done
ENG-2025-05988,TMS,TMS-05988,ENG,ENG-SLEEPER-RENEWAL,SL-GISTM-04,edge,GI-STM-UP_SUB,,15.17,15.67,UP_SUB,defect,2025-11-25,131,minor,,false,traffic_block,365,17,none,true,true,true,done
TRD-2025-01850,TDMS,TDMS-01850,TRD,TRD-OHE-INSP,OHE-MBMGI-08,edge,MBM-GI-UP_SUB,,14.49,15.00,UP_SUB,overdue,2025-12-10,104,major,,false,power_block,74,5,OHE_tower_car,true,false,true,done
SNT-2025-01544,SMMS,SMMS-01544,SNT,SNT-AXLE-COUNTER,AC-STMPV-04,edge,STM-PV-UP_SUB,,21.94,22.24,UP_SUB,overdue,2025-11-26,102,minor,2026-01-12,false,disconnection,129,3,none,true,true,true,done
SNT-2025-01545,SMMS,SMMS-01545,SNT,SNT-SIGNAL-REPLACE,SG-MSMBM-04,edge,MS-MBM-DN_SUB,,7.47,7.57,DN_SUB,defect,2025-09-14,176,minor,2025-10-23,false,disconnection,187,6,none,true,true,true,done
SNT-2026-01546,SMMS,SMMS-01546,SNT,SNT-SIGNAL-REPLACE,SG-TRLAJJ-06,edge,TRL-AJJ-DN,,49.01,49.11,DN,defect,2026-04-18,60,major,2026-05-26,false,disconnection,153,5,none,true,true,true,done
TRD-2026-01851,TDMS,TDMS-01851,TRD,TRD-OHE-MAST,MST-TRLAJJ-07,edge,TRL-AJJ-DN,,44.08,44.28,DN,overdue,2026-09-05,2,minor,2026-10-13,false,power_block,128,6,OHE_tower_car,true,true,true,in_progress
ENG-2026-05989,TMS,TMS-05989,ENG,ENG-TURNOUT-TAMP,TO-MSB-05,node,,MSB,0.00,0.00,,routine,2026-08-14,24,minor,2026-11-06,false,traffic_block,228,8,tamper,true,true,true,scheduled
TRD-2026-01852,TDMS,TDMS-01852,TRD,TRD-OHE-MAST,MST-TRLAJJ-44,edge,TRL-AJJ-UP_SUB,,61.00,61.20,UP_SUB,routine,2026-07-27,25,major,,false,power_block,165,7,OHE_tower_car,true,true,true,done
ENG-2026-05990,TMS,TMS-05990,ENG,ENG-TRACK-PATROL,,edge,PER-ABU-DN,,6.79,8.79,DN,routine,2026-07-15,54,critical,2026-08-10,true,none,68,2,none,true,false,false,pending
TRD-2025-01853,TDMS,TDMS-01853,TRD,TRD-OHE-INSULATOR,INS-MASBBQ-04,edge,MAS-BBQ-UP_SUB,,1.08,1.18,UP_SUB,defect,2025-09-26,275,major,2025-11-05,false,power_block,78,4,OHE_tower_car,true,true,true,done
SNT-2026-01547,SMMS,SMMS-01547,SNT,SNT-POINT-REPLACE,PT-MS-01,node,,MS,4.32,4.32,,defect,2026-01-24,169,minor,,false,disconnection,207,4,none,true,false,true,done
ENG-2025-05991,TMS,TMS-05991,ENG,ENG-TRACK-PATROL,,edge,MS-MBM-DN,,7.74,9.74,DN,overdue,2025-11-28,39,major,,false,none,73,2,none,true,false,false,done
ENG-2025-05992,TMS,TMS-05992,ENG,ENG-SLEEPER-RENEWAL,SL-TRLAJJ-13,edge,TRL-AJJ-DN_SUB,,56.14,56.64,DN_SUB,proactive,2025-12-25,151,minor,,false,traffic_block,260,17,none,true,true,true,done
ENG-2025-05993,TMS,TMS-05993,ENG,ENG-RAIL-GRIND,RL-PONGPD-07,edge,PON-GPD-DN,,35.88,38.88,DN,routine,2025-09-17,219,1,2025-09-30,true,traffic_block,221,4,rail_grinder,true,false,true,cancelled
TRD-2026-01854,TDMS,TDMS-01854,TRD,TRD-OHE-EARTHING,OHE-TRLAJJ-38,edge,TRL-AJJ-UP,,57.41,58.41,UP,overdue,2026-01-20,103,major,2026-05-18,false,power_block,78,3,none,true,false,true,done
ENG-2026-05994,TMS,TMS-05994,ENG,ENG-TURNOUT-TAMP,TO-MAS-01,node,,MAS,0.00,0.00,,routine,2026-06-17,82,minor,,false,traffic_block,184,9,tamper,true,true,true,pending
SNT-2026-01548,SMMS,SMMS-01548,SNT,SNT-TRACK-CIRCUIT,TC-TNPENR-08,edge,TNP-ENR-UP,,9.99,10.49,UP,overdue,2026-08-31,7,minor,,false,disconnection,79,3,none,true,true,true,pending
SNT-2025-01549,SMMS,SMMS-01549,SNT,SNT-BLOCK-INSTRUMENT,IL-AJJ-01,node,,AJJ,69.00,69.00,,overdue,2025-12-28,157,minor,2026-04-04,false,disconnection,77,3,none,true,false,true,cancelled
ENG-2026-05995,TMS,TMS-05995,ENG,ENG-DRAIN-CLEAR,,edge,PV-TBM-DN_SUB,,23.28,24.78,DN_SUB,overdue,2026-04-06,36,minor,,false,none,131,6,none,true,true,false,done
TRD-2026-01855,TDMS,TDMS-01855,TRD,TRD-OHE-MAST,MST-PERABU-16,edge,PER-ABU-UP_SUB,,9.72,9.92,UP_SUB,routine,2026-08-07,10,minor,,false,power_block,199,6,OHE_tower_car,true,true,true,cancelled
TRD-2026-01856,TDMS,TDMS-01856,TRD,TRD-OHE-INSP,OHE-MSMBM-10,edge,MS-MBM-UP,,5.71,9.71,UP,overdue,2026-06-01,17,minor,,false,power_block,104,5,OHE_tower_car,true,false,true,done
ENG-2026-05996,TMS,TMS-05996,ENG,ENG-DESTRESSING,RL-MSMBM-19,edge,MS-MBM-UP_SUB,,5.80,6.80,UP_SUB,overdue,2026-04-17,140,3,,false,traffic_block,214,13,none,true,false,true,deferred
SNT-2025-01550,SMMS,SMMS-01550,SNT,SNT-POINT-SERVICE,PT-MS-03,node,,MS,4.32,4.32,,overdue,2025-12-08,17,critical,2025-12-28,true,disconnection,74,3,none,true,false,true,done
ENG-2026-05997,TMS,TMS-05997,ENG,ENG-TURNOUT-TAMP,TO-MAS-03,node,,MAS,0.00,0.00,,overdue,2026-06-08,11,minor,,false,traffic_block,171,8,tamper,true,true,true,done
TRD-2025-01857,TDMS,TDMS-01857,TRD,TRD-OHE-MAST,MST-MASBBQ-03,edge,MAS-BBQ-UP,,0.82,1.02,UP,overdue,2025-10-06,254,major,,false,power_block,176,7,OHE_tower_car,true,true,true,done
SNT-2026-01551,SMMS,SMMS-01551,SNT,SNT-SIGNAL-LAMP,SG-TNPENR-04,edge,TNP-ENR-DN,,7.26,7.36,DN,overdue,2026-05-23,6,minor,,false,none,44,2,none,true,false,true,done
ENG-2026-05998,TMS,TMS-05998,ENG,ENG-SLEEPER-RENEWAL,SL-ENRMJR-01,edge,ENR-MJR-DN,,24.01,24.51,DN,defect,2026-07-23,8,major,,false,traffic_block,315,16,none,true,true,true,done
TRD-2026-01858,TDMS,TDMS-01858,TRD,TRD-OHE-DROPPER,CW-MASBBQ-03,edge,MAS-BBQ-UP,,1.53,2.00,UP,routine,2026-07-30,39,minor,,false,power_block,89,5,OHE_tower_car,true,false,true,in_progress
ENG-2026-05999,TMS,TMS-05999,ENG,ENG-TURNOUT-TAMP,TO-CJ-02,node,,CJ,95.82,95.82,,overdue,2026-04-27,127,major,2026-06-04,false,traffic_block,237,8,tamper,true,true,true,done
TRD-2026-01859,TDMS,TDMS-01859,TRD,TRD-NEUTRAL-SECTION,OHE-PVTBM-08,edge,PV-TBM-UP,,28.72,28.92,UP,routine,2026-09-03,4,major,,false,power_block,139,7,OHE_tower_car,true,false,true,done
ENG-2026-06000,TMS,TMS-06000,ENG,ENG-RAIL-GRIND,RL-MSMBM-09,edge,MS-MBM-DN_SUB,,10.96,11.30,DN_SUB,routine,2026-05-28,82,2,,false,traffic_block,175,5,rail_grinder,true,false,true,done
TRD-2026-01860,TDMS,TDMS-01860,TRD,TRD-OHE-DROPPER,CW-BBQPER-03,edge,BBQ-PER-UP,,2.09,2.59,UP,routine,2026-08-26,6,major,2026-10-16,false,power_block,75,4,OHE_tower_car,true,false,true,done
ENG-2026-06001,TMS,TMS-06001,ENG,ENG-RAIL-WELD,RL-TRLAJJ-05,edge,TRL-AJJ-DN,,47.96,48.96,DN,defect,2026-07-27,42,2,,false,traffic_block,221,6,none,true,false,true,pending
ENG-2026-06002,TMS,TMS-06002,ENG,ENG-SLEEPER-RENEWAL,SL-TRLAJJ-20,edge,TRL-AJJ-UP,,43.47,43.97,UP,defect,2026-08-05,16,major,,false,traffic_block,278,20,none,true,true,true,done
TRD-2026-01861,TDMS,TDMS-01861,TRD,TRD-OHE-DROPPER,CW-TRLAJJ-26,edge,TRL-AJJ-UP_SUB,,56.27,56.77,UP_SUB,overdue,2026-08-19,19,major,2026-11-16,false,power_block,85,5,OHE_tower_car,true,false,true,done
TRD-2026-01862,TDMS,TDMS-01862,TRD,TRD-OHE-MAST,MST-CGLWJ-06,edge,CGL-WJ-SINGLE,,66.65,66.85,SINGLE,proactive,2026-04-26,35,minor,,false,power_block,181,7,OHE_tower_car,true,true,true,deferred
ENG-2026-06003,TMS,TMS-06003,ENG,ENG-CURVE-REALIGN,BL-MSBMS-06,edge,MSB-MS-UP,,3.16,3.96,UP,emergency_followup,2026-07-02,34,major,,false,traffic_block,155,11,tamper,true,true,true,done
SNT-2025-01552,SMMS,SMMS-01552,SNT,SNT-CABLE-LAY,,edge,MAS-BBQ-UP,,0.77,1.77,UP,defect,2025-10-14,230,major,,false,none,262,10,none,true,true,false,done
SNT-2026-01553,SMMS,SMMS-01553,SNT,SNT-AXLE-COUNTER,AC-TRLAJJ-03,edge,TRL-AJJ-DN,,63.34,63.64,DN,routine,2026-04-11,129,minor,,false,disconnection,82,3,none,true,true,true,done
TRD-2026-01863,TDMS,TDMS-01863,TRD,TRD-OHE-MAST,MST-PVTBM-05,edge,PV-TBM-UP,,27.63,27.83,UP,routine,2026-08-08,13,minor,2026-11-08,false,power_block,194,7,OHE_tower_car,true,true,true,done
ENG-2026-06004,TMS,TMS-06004,ENG,ENG-DRAIN-CLEAR,,edge,TNP-ENR-DN,,6.78,8.28,DN,routine,2026-04-09,135,minor,,false,none,207,7,none,true,true,false,cancelled
SNT-2026-01554,SMMS,SMMS-01554,SNT,SNT-CABLE-LAY,,edge,ABU-AVD-DN,,16.09,17.09,DN,defect,2026-04-12,134,minor,,false,none,337,9,none,true,true,false,done
ENG-2026-06005,TMS,TMS-06005,ENG,ENG-TURNOUT-OVERHAUL,TO-PER-02,node,,PER,5.00,5.00,,routine,2026-07-31,38,major,2026-11-19,false,traffic_block,246,12,none,true,true,true,scheduled
SNT-2026-01555,SMMS,SMMS-01555,SNT,SNT-POINT-SERVICE,PT-PER-03,node,,PER,5.00,5.00,,proactive,2026-01-08,187,major,,false,disconnection,70,3,none,true,false,true,done
ENG-2026-06006,TMS,TMS-06006,ENG,ENG-RAIL-RENEWAL,RL-GISTM-04,edge,GI-STM-UP_SUB,,16.07,16.57,UP_SUB,defect,2026-04-19,88,2,,false,traffic_block,414,22,none,true,true,true,done
ENG-2025-06007,TMS,TMS-06007,ENG,ENG-TURNOUT-OVERHAUL,TO-MS-10,node,,MS,4.32,4.32,,proactive,2025-10-14,187,major,,false,traffic_block,398,14,none,true,true,true,done
SNT-2026-01556,SMMS,SMMS-01556,SNT,SNT-SIGNAL-REPLACE,SG-STMPV-02,edge,STM-PV-DN,,22.04,22.14,DN,defect,2026-08-21,17,minor,2026-10-11,false,disconnection,204,5,none,true,true,true,scheduled
ENG-2026-06008,TMS,TMS-06008,ENG,ENG-TURNOUT-TAMP,TO-AJJ-11,node,,AJJ,69.00,69.00,,overdue,2026-05-01,4,minor,,false,traffic_block,162,9,tamper,true,true,true,done
SNT-2026-01557,SMMS,SMMS-01557,SNT,SNT-SIGNAL-LAMP,SG-GISTM-02,edge,GI-STM-DN_SUB,,15.42,15.52,DN_SUB,routine,2026-04-27,62,major,2026-07-01,false,none,50,2,none,true,false,true,done
SNT-2026-01558,SMMS,SMMS-01558,SNT,SNT-CABLE-LAY,,edge,ABU-AVD-DN_SUB,,17.44,18.44,DN_SUB,defect,2026-08-07,14,minor,,false,none,252,9,none,true,true,false,done
ENG-2025-06009,TMS,TMS-06009,ENG,ENG-CURVE-REALIGN,BL-AVDTI-02,edge,AVD-TI-DN,,25.79,26.59,DN,routine,2025-11-14,188,minor,,false,traffic_block,164,11,tamper,true,true,true,done
ENG-2026-06010,TMS,TMS-06010,ENG,ENG-RAIL-RENEWAL,RL-TRLAJJ-28,edge,TRL-AJJ-DN_SUB,,48.82,49.32,DN_SUB,proactive,2026-08-19,19,2,,false,traffic_block,289,22,none,true,true,true,in_progress
ENG-2026-06011,TMS,TMS-06011,ENG,ENG-BALLAST-SCREEN,BL-PVTBM-01,edge,PV-TBM-DN,,27.97,28.47,DN,overdue,2026-08-30,8,major,,false,traffic_block,280,13,BCM,true,true,true,scheduled
TRD-2026-01864,TDMS,TDMS-01864,TRD,TRD-OHE-DROPPER,CW-TRLAJJ-07,edge,TRL-AJJ-DN,,59.13,59.63,DN,overdue,2026-02-12,19,major,,false,power_block,97,4,OHE_tower_car,true,false,true,deferred
ENG-2025-06012,TMS,TMS-06012,ENG,ENG-TURNOUT-TAMP,TO-TRL-07,node,,TRL,42.00,42.00,,proactive,2025-09-11,297,minor,,false,traffic_block,161,8,tamper,false,true,true,done
TRD-2026-01865,TDMS,TDMS-01865,TRD,TRD-OHE-TENSION,OHE-CGLWJ-10,edge,CGL-WJ-SINGLE,,76.99,77.29,SINGLE,routine,2026-01-14,195,major,,false,power_block,150,4,OHE_tower_car,true,false,true,done
SNT-2025-01559,SMMS,SMMS-01559,SNT,SNT-AXLE-COUNTER,AC-PERABU-03,edge,PER-ABU-DN_SUB,,5.34,5.64,DN_SUB,overdue,2025-11-29,8,major,,false,disconnection,81,3,none,true,true,true,done
ENG-2026-06013,TMS,TMS-06013,ENG,ENG-TRACK-PATROL,,edge,MSB-MS-DN_SUB,,2.79,4.30,DN_SUB,overdue,2026-01-16,95,minor,,false,none,75,2,none,true,false,false,done
SNT-2026-01560,SMMS,SMMS-01560,SNT,SNT-SIGNAL-REPLACE,SG-ENRMJR-07,edge,ENR-MJR-UP,,17.51,17.61,UP,defect,2026-08-17,21,critical,2026-08-30,true,disconnection,257,6,none,true,true,true,pending
TRD-2025-01866,TDMS,TDMS-01866,TRD,TRD-OHE-MAST,MST-CGLWJ-04,edge,CGL-WJ-SINGLE,,62.91,63.11,SINGLE,routine,2025-09-20,324,minor,2025-12-02,false,power_block,167,6,OHE_tower_car,true,true,true,done
ENG-2026-06014,TMS,TMS-06014,ENG,ENG-BRIDGE-INSP,BR-CJTMLP-01,edge,CJ-TMLP-SINGLE,,106.29,106.39,SINGLE,routine,2026-08-03,27,critical,2026-08-28,true,traffic_block,100,4,none,true,true,false,deferred
ENG-2026-06015,TMS,TMS-06015,ENG,ENG-BALLAST-SCREEN,BL-PERABU-11,edge,PER-ABU-UP,,5.59,6.09,UP,overdue,2026-08-05,33,minor,,false,traffic_block,427,13,BCM,true,true,true,pending
ENG-2026-06016,TMS,TMS-06016,ENG,ENG-TURNOUT-OVERHAUL,TO-BBQ-09,node,,BBQ,2.00,2.00,,routine,2026-08-15,23,minor,,false,traffic_block,365,12,none,true,true,true,scheduled
TRD-2025-01867,TDMS,TDMS-01867,TRD,TRD-OHE-INSULATOR,INS-BBQPER-01,edge,BBQ-PER-DN,,2.92,3.02,DN,defect,2025-10-23,14,critical,2025-11-13,true,power_block,97,5,OHE_tower_car,false,true,true,done
SNT-2026-01561,SMMS,SMMS-01561,SNT,SNT-BLOCK-INSTRUMENT,IL-AJJ-01,node,,AJJ,69.00,69.00,,overdue,2026-03-06,84,minor,,false,disconnection,82,3,none,true,false,true,done
ENG-2026-06017,TMS,TMS-06017,ENG,ENG-RAIL-RENEWAL,RL-GISTM-04,edge,GI-STM-UP_SUB,,16.07,16.57,UP_SUB,defect,2026-03-30,128,2,,false,traffic_block,308,26,none,true,true,true,done
TRD-2026-01868,TDMS,TDMS-01868,TRD,TRD-OHE-WIRE-RENEW,CW-BBQTNP-02,edge,BBQ-TNP-UP,,2.46,3.46,UP,defect,2026-03-12,175,minor,,false,power_block,353,9,OHE_tower_car,true,true,true,done
TRD-2026-01869,TDMS,TDMS-01869,TRD,TRD-OHE-MAST,MST-CGLWJ-08,edge,CGL-WJ-SINGLE,,67.62,67.82,SINGLE,routine,2026-04-26,33,critical,2026-05-11,true,power_block,138,6,OHE_tower_car,true,true,true,done
SNT-2026-01562,SMMS,SMMS-01562,SNT,SNT-SIGNAL-REPLACE,SG-STMPV-03,edge,STM-PV-DN_SUB,,17.51,17.61,DN_SUB,defect,2026-08-24,13,major,,false,disconnection,156,6,none,true,true,true,cancelled
SNT-2026-01563,SMMS,SMMS-01563,SNT,SNT-SIGNAL-LAMP,SG-AVDTI-09,edge,AVD-TI-UP,,21.53,21.63,UP,routine,2026-06-23,64,major,,false,none,56,2,none,false,false,true,done
ENG-2026-06018,TMS,TMS-06018,ENG,ENG-SLEEPER-RENEWAL,SL-PONGPD-05,edge,PON-GPD-UP,,45.07,45.57,UP,defect,2026-02-08,160,minor,,false,traffic_block,264,20,none,true,true,true,done
ENG-2026-06019,TMS,TMS-06019,ENG,ENG-USFD-TEST,RL-ABUAVD-06,edge,ABU-AVD-DN_SUB,,19.13,21.00,DN_SUB,overdue,2026-07-24,45,3,,false,traffic_block,148,3,USFD_car,true,false,true,pending
ENG-2026-06020,TMS,TMS-06020,ENG,ENG-DESTRESSING,RL-STMPV-10,edge,STM-PV-UP,,20.59,21.59,UP,proactive,2026-07-01,52,3,,false,traffic_block,305,13,none,true,false,true,done
ENG-2026-06021,TMS,TMS-06021,ENG,ENG-SLEEPER-RENEWAL,SL-PONGPD-02,edge,PON-GPD-DN,,40.11,40.61,DN,emergency_followup,2026-09-01,1,major,,false,traffic_block,404,16,none,true,true,true,done
ENG-2026-06022,TMS,TMS-06022,ENG,ENG-TURNOUT-TAMP,TO-BBQ-10,node,,BBQ,2.00,2.00,,routine,2026-02-15,203,minor,,false,traffic_block,174,9,tamper,true,true,true,done
ENG-2025-06023,TMS,TMS-06023,ENG,ENG-USFD-TEST,RL-STMPV-10,edge,STM-PV-UP,,20.59,23.10,UP,overdue,2025-09-14,129,3,,false,traffic_block,97,3,USFD_car,true,false,true,done
SNT-2026-01564,SMMS,SMMS-01564,SNT,SNT-POINT-SERVICE,PT-MAS-14,node,,MAS,0.00,0.00,,routine,2026-07-21,17,major,2026-10-23,false,disconnection,76,3,none,true,false,true,done
TRD-2026-01870,TDMS,TDMS-01870,TRD,TRD-OHE-EARTHING,OHE-TRLAJJ-36,edge,TRL-AJJ-UP,,59.34,60.34,UP,routine,2026-01-30,151,minor,,false,power_block,54,3,none,true,false,true,done
SNT-2025-01565,SMMS,SMMS-01565,SNT,SNT-TRACK-CIRCUIT,TC-TITRL-19,edge,TI-TRL-UP_SUB,,40.92,41.42,UP_SUB,routine,2025-09-20,227,major,,false,disconnection,125,3,none,true,true,true,deferred
ENG-2026-06024,TMS,TMS-06024,ENG,ENG-USFD-TEST,RL-TITRL-06,edge,TI-TRL-DN,,32.37,40.37,DN,overdue,2026-08-08,18,3,2026-11-16,false,traffic_block,91,3,USFD_car,true,false,true,done
SNT-2025-01566,SMMS,SMMS-01566,SNT,SNT-TRACK-CIRCUIT,TC-PERABU-01,edge,PER-ABU-DN,,8.59,9.09,DN,emergency_followup,2025-11-30,59,major,2025-12-31,false,disconnection,83,3,none,true,true,true,done
SNT-2026-01567,SMMS,SMMS-01567,SNT,SNT-AXLE-COUNTER,AC-TKOAJJ-01,edge,TKO-AJJ-SINGLE,,125.34,125.64,SINGLE,routine,2026-08-16,11,minor,,false,disconnection,94,3,none,true,true,true,done
ENG-2026-06025,TMS,TMS-06025,ENG,ENG-BALLAST-REGULATE,BL-ENRMJR-08,edge,ENR-MJR-UP,,23.46,25.46,UP,overdue,2026-02-02,197,critical,2026-02-25,true,traffic_block,144,4,ballast_regulator,true,true,true,done
SNT-2026-01568,SMMS,SMMS-01568,SNT,SNT-POINT-SERVICE,PT-MAS-05,node,,MAS,0.00,0.00,,routine,2026-07-06,63,major,,false,disconnection,55,3,none,true,false,true,pending
ENG-2026-06026,TMS,TMS-06026,ENG,ENG-BALLAST-REGULATE,BL-ENRMJR-08,edge,ENR-MJR-UP,,23.46,25.46,UP,overdue,2026-04-16,62,minor,,false,traffic_block,122,4,ballast_regulator,true,true,true,done
TRD-2026-01871,TDMS,TDMS-01871,TRD,TRD-OHE-MAST,MST-WJCJ-03,edge,WJ-CJ-SINGLE,,90.13,90.33,SINGLE,overdue,2026-07-29,40,major,2026-10-13,false,power_block,198,6,OHE_tower_car,true,true,true,pending
ENG-2026-06027,TMS,TMS-06027,ENG,ENG-TURNOUT-TAMP,TO-TNP-05,node,,TNP,5.00,5.00,,proactive,2026-04-13,76,minor,,false,traffic_block,180,9,tamper,true,true,true,done
ENG-2026-06028,TMS,TMS-06028,ENG,ENG-SLEEPER-RENEWAL,SL-MJRPON-01,edge,MJR-PON-DN,,27.59,28.09,DN,defect,2026-08-15,23,critical,2026-08-26,true,traffic_block,251,19,none,true,true,true,in_progress
SNT-2025-01569,SMMS,SMMS-01569,SNT,SNT-AXLE-COUNTER,AC-MSMBM-04,edge,MS-MBM-UP_SUB,,5.14,5.44,UP_SUB,routine,2025-10-14,278,major,,false,disconnection,87,3,none,true,true,true,deferred
SNT-2025-01570,SMMS,SMMS-01570,SNT,SNT-SIGNAL-REPLACE,SG-MSMBM-03,edge,MS-MBM-DN_SUB,,7.46,7.56,DN_SUB,proactive,2025-11-22,132,minor,,false,disconnection,176,5,none,true,true,true,done
TRD-2026-01872,TDMS,TDMS-01872,TRD,TRD-OHE-DROPPER,CW-TITRL-05,edge,TI-TRL-DN_SUB,,40.44,40.94,DN_SUB,overdue,2026-07-29,40,minor,,false,power_block,128,4,OHE_tower_car,true,false,true,in_progress
ENG-2026-06029,TMS,TMS-06029,ENG,ENG-TURNOUT-OVERHAUL,TO-BBQ-01,node,,BBQ,2.00,2.00,,overdue,2026-06-30,23,major,,false,traffic_block,357,12,none,true,true,true,done
TRD-2025-01873,TDMS,TDMS-01873,TRD,TRD-OHE-INSP,OHE-ENRMJR-09,edge,ENR-MJR-UP,,19.58,23.58,UP,overdue,2025-09-07,163,major,,false,power_block,114,4,OHE_tower_car,true,false,true,done
ENG-2026-06030,TMS,TMS-06030,ENG,ENG-SLEEPER-RENEWAL,SL-TNPENR-08,edge,TNP-ENR-UP,,6.01,6.51,UP,defect,2026-05-16,95,minor,,false,traffic_block,402,21,none,false,true,true,done
ENG-2026-06031,TMS,TMS-06031,ENG,ENG-DESTRESSING,RL-AVDTI-11,edge,AVD-TI-UP,,24.30,25.30,UP,routine,2026-06-11,12,2,,false,traffic_block,321,11,none,false,false,true,done
TRD-2025-01874,TDMS,TDMS-01874,TRD,TRD-OHE-MAST,MST-MJRPON-04,edge,MJR-PON-DN,,26.53,26.73,DN,overdue,2025-11-05,198,major,,false,power_block,183,6,OHE_tower_car,true,true,true,done
ENG-2026-06032,TMS,TMS-06032,ENG,ENG-TURNOUT-OVERHAUL,TO-MAS-09,node,,MAS,0.00,0.00,,overdue,2026-04-20,36,minor,2026-07-19,false,traffic_block,263,14,none,true,true,true,done
ENG-2026-06033,TMS,TMS-06033,ENG,ENG-SLEEPER-RENEWAL,SL-WJCJ-05,edge,WJ-CJ-SINGLE,,82.70,83.20,SINGLE,defect,2026-08-30,8,minor,,false,traffic_block,402,20,none,true,true,true,pending
SNT-2026-01571,SMMS,SMMS-01571,SNT,SNT-SIGNAL-LAMP,SG-AVDTI-10,edge,AVD-TI-UP_SUB,,22.12,22.22,UP_SUB,overdue,2026-08-14,3,minor,,false,none,35,2,none,true,false,true,done
ENG-2026-06034,TMS,TMS-06034,ENG,ENG-LC-ATTENTION,LC-MJRPON-01,edge,MJR-PON-DN,,33.29,33.39,DN,routine,2026-07-03,28,major,2026-10-21,false,traffic_block,103,7,none,true,true,true,done
ENG-2026-06035,TMS,TMS-06035,ENG,ENG-SLEEPER-RENEWAL,SL-AVDTI-03,edge,AVD-TI-DN,,23.65,24.15,DN,defect,2026-05-20,43,minor,,false,traffic_block,298,17,none,true,true,true,done
ENG-2026-06036,TMS,TMS-06036,ENG,ENG-TURNOUT-TAMP,TO-MSB-11,node,,MSB,0.00,0.00,,overdue,2026-07-10,6,major,,false,traffic_block,145,9,tamper,true,true,true,done
ENG-2025-06037,TMS,TMS-06037,ENG,ENG-SLEEPER-RENEWAL,SL-AVDTI-08,edge,AVD-TI-UP,,27.64,28.14,UP,defect,2025-09-13,29,minor,,false,traffic_block,336,21,none,true,true,true,done
ENG-2025-06038,TMS,TMS-06038,ENG,ENG-USFD-TEST,RL-CGLWJ-09,edge,CGL-WJ-SINGLE,,72.57,80.57,SINGLE,overdue,2025-12-11,209,3,2026-01-26,false,traffic_block,105,3,USFD_car,true,false,true,done
ENG-2025-06039,TMS,TMS-06039,ENG,ENG-RAIL-GRIND,RL-MASBBQ-03,edge,MAS-BBQ-UP,,0.56,2.00,UP,routine,2025-10-15,29,3,2026-01-23,false,traffic_block,192,5,rail_grinder,true,false,true,done
ENG-2026-06040,TMS,TMS-06040,ENG,ENG-SLEEPER-RENEWAL,SL-TRLAJJ-22,edge,TRL-AJJ-UP,,64.42,64.92,UP,defect,2026-01-12,194,minor,2026-03-20,false,traffic_block,303,17,none,true,true,true,deferred
TRD-2026-01875,TDMS,TDMS-01875,TRD,TRD-OHE-YARD,OHE-AVD-03,node,,AVD,21.00,21.00,,routine,2026-02-11,200,critical,2026-03-01,true,power_block,200,5,OHE_tower_car,false,true,true,done
ENG-2026-06041,TMS,TMS-06041,ENG,ENG-SLEEPER-RENEWAL,SL-TITRL-18,edge,TI-TRL-UP_SUB,,36.66,37.16,UP_SUB,defect,2026-06-17,39,critical,2026-07-06,true,traffic_block,269,16,none,false,true,true,done
ENG-2026-06042,TMS,TMS-06042,ENG,ENG-RAIL-GRIND,RL-MJRPON-04,edge,MJR-PON-DN,,33.86,35.00,DN,emergency_followup,2026-08-25,13,2,,false,traffic_block,160,5,rail_grinder,true,false,true,pending
ENG-2026-06043,TMS,TMS-06043,ENG,ENG-TURNOUT-OVERHAUL,TO-PER-07,node,,PER,5.00,5.00,,emergency_followup,2026-07-26,43,major,,false,traffic_block,368,13,none,true,true,true,pending
SNT-2025-01572,SMMS,SMMS-01572,SNT,SNT-SIGNAL-REPLACE,SG-TMLPTKO-02,edge,TMLP-TKO-SINGLE,,109.69,109.79,SINGLE,defect,2025-11-13,35,minor,,false,disconnection,193,5,none,true,true,true,done
ENG-2026-06044,TMS,TMS-06044,ENG,ENG-SLEEPER-RENEWAL,SL-PERABU-11,edge,PER-ABU-UP,,14.43,14.93,UP,defect,2026-06-14,85,minor,,false,traffic_block,339,16,none,true,true,true,done
ENG-2026-06045,TMS,TMS-06045,ENG,ENG-CURVE-REALIGN,BL-MSBMS-08,edge,MSB-MS-UP_SUB,,2.60,3.40,UP_SUB,overdue,2026-07-22,44,minor,,false,traffic_block,196,11,tamper,true,true,true,done
ENG-2026-06046,TMS,TMS-06046,ENG,ENG-SLEEPER-RENEWAL,SL-ABUAVD-07,edge,ABU-AVD-UP_SUB,,19.32,19.82,UP_SUB,defect,2026-05-08,10,minor,2026-09-04,false,traffic_block,305,17,none,true,true,true,done
ENG-2026-06047,TMS,TMS-06047,ENG,ENG-TURNOUT-OVERHAUL,TO-AVD-06,node,,AVD,21.00,21.00,,routine,2026-08-28,10,critical,2026-09-13,true,traffic_block,431,12,none,true,true,true,pending
TRD-2026-01876,TDMS,TDMS-01876,TRD,TRD-OHE-DROPPER,CW-WJCJ-04,edge,WJ-CJ-SINGLE,,87.02,87.52,SINGLE,emergency_followup,2026-08-09,24,major,,false,power_block,124,4,OHE_tower_car,true,false,true,done
SNT-2026-01573,SMMS,SMMS-01573,SNT,SNT-AXLE-COUNTER,AC-ABUAVD-02,edge,ABU-AVD-DN_SUB,,18.11,18.41,DN_SUB,overdue,2026-07-21,10,minor,,false,disconnection,97,3,none,true,true,true,done
TRD-2025-01877,TDMS,TDMS-01877,TRD,TRD-OHE-MAST,MST-TNPENR-03,edge,TNP-ENR-DN,,11.08,11.28,DN,overdue,2025-11-09,246,major,,false,power_block,155,7,OHE_tower_car,false,true,true,done
SNT-2026-01574,SMMS,SMMS-01574,SNT,SNT-AXLE-COUNTER,AC-BBQPER-02,edge,BBQ-PER-DN_SUB,,3.54,3.84,DN_SUB,routine,2026-08-28,10,minor,2026-09-30,false,disconnection,111,3,none,true,true,true,in_progress
ENG-2026-06048,TMS,TMS-06048,ENG,ENG-TRACK-PATROL,,edge,MS-MBM-UP,,6.35,8.35,UP,overdue,2026-06-13,9,major,,false,none,75,2,none,false,false,false,done
ENG-2026-04412,TMS,TMS-04412,ENG,ENG-RAIL-WELD,RL-TRLAJJ-0421,edge,TRL-AJJ-UP,,42.10,42.15,UP,defect,2026-09-03,4,1,2026-09-17,true,traffic_block,180,6,none,true,false,true,pending
TRD-2026-01188,TDMS,TDMS-01188,TRD,TRD-OHE-INSP,OHE-TRLAJJ-0402,edge,TRL-AJJ-UP,,40.00,44.00,UP,routine,2026-08-28,10,minor,,false,power_block,90,4,OHE_tower_car,true,false,true,pending
SNT-2026-00734,SMMS,SMMS-00734,SNT,SNT-POINT-SERVICE,PT-TRL-04,node,,TRL,42.10,42.10,,overdue,2026-08-27,11,major,2026-09-30,false,disconnection,60,3,none,true,false,true,pending
